Copyright 1986-2022 Xilinx, Inc. All Rights Reserved. Copyright 2022-2026 Advanced Micro Devices, Inc. All Rights Reserved.
------------------------------------------------------------------------------------------------------------------------------------------------------------------------------------------------------
| Tool Version : Vivado v.2025.2.1 (win64) Build 6403652 Thu Mar 19 19:48:24 GMT 2026
| Date         : Fri Jul 17 19:11:10 2026
| Host         : KuonjiAlice running 64-bit major release  (build 9200)
| Command      : report_timing_summary -max_paths 10 -report_unconstrained -file top_timing_summary_routed.rpt -pb top_timing_summary_routed.pb -rpx top_timing_summary_routed.rpx -warn_on_violation
| Design       : top
| Device       : 7k325t-ffg900
| Speed File   : -2  PRODUCTION 1.12 2017-02-17
| Design State : Routed
------------------------------------------------------------------------------------------------------------------------------------------------------------------------------------------------------

Timing Summary Report

------------------------------------------------------------------------------------------------
| Timer Settings
| --------------
------------------------------------------------------------------------------------------------

  Enable Multi Corner Analysis               :  Yes
  Enable Pessimism Removal                   :  Yes
  Pessimism Removal Resolution               :  Nearest Common Node
  Enable Input Delay Default Clock           :  No
  Enable Preset / Clear Arcs                 :  No
  Disable Flight Delays                      :  No
  Ignore I/O Paths                           :  No
  Timing Early Launch at Borrowing Latches   :  No
  Borrow Time for Max Delay Exceptions       :  Yes
  Merge Timing Exceptions                    :  Yes
  Inter-SLR Compensation                     :  Conservative

  Corner  Analyze    Analyze    
  Name    Max Paths  Min Paths  
  ------  ---------  ---------  
  Slow    Yes        Yes        
  Fast    Yes        Yes        


------------------------------------------------------------------------------------------------
| Report Methodology
| ------------------
------------------------------------------------------------------------------------------------

Rule       Severity  Description                                                                                            Violations  
---------  --------  -----------------------------------------------------------------------------------------------------  ----------  
SYNTH-5    Warning   Mapped onto distributed RAM because of timing constraints                                              4           
SYNTH-10   Warning   Wide multiplier                                                                                        4           
TIMING-9   Warning   Unknown CDC Logic                                                                                      1           
TIMING-10  Warning   Missing property on synchronizer                                                                       1           
TIMING-16  Warning   Large setup violation                                                                                  1000        
TIMING-28  Warning   Auto-derived clock referenced by a timing constraint                                                   2           
TIMING-47  Warning   False path, asynchronous clock group or max delay datapath only constraint between synchronous clocks  2           

Note: This report is based on the most recent report_methodology run and may not be up-to-date. Run report_methodology on the current design for the latest report.



check_timing report

Table of Contents
-----------------
1. checking no_clock (0)
2. checking constant_clock (0)
3. checking pulse_width_clock (0)
4. checking unconstrained_internal_endpoints (0)
5. checking no_input_delay (1)
6. checking no_output_delay (69)
7. checking multiple_clock (0)
8. checking generated_clocks (0)
9. checking loops (0)
10. checking partial_input_delay (0)
11. checking partial_output_delay (0)
12. checking latch_loops (0)

1. checking no_clock (0)
------------------------
 There are 0 register/latch pins with no clock.


2. checking constant_clock (0)
------------------------------
 There are 0 register/latch pins with constant_clock.


3. checking pulse_width_clock (0)
---------------------------------
 There are 0 register/latch pins which need pulse_width check


4. checking unconstrained_internal_endpoints (0)
------------------------------------------------
 There are 0 pins that are not constrained for maximum delay.

 There are 0 pins that are not constrained for maximum delay due to constant clock.


5. checking no_input_delay (1)
------------------------------
 There is 1 input port with no input delay specified. (HIGH)

 There are 0 input ports with no input delay but user has a false path constraint.


6. checking no_output_delay (69)
--------------------------------
 There are 69 ports with no output delay specified. (HIGH)

 There are 0 ports with no output delay but user has a false path constraint

 There are 0 ports with no output delay but with a timing clock defined on it or propagating through it


7. checking multiple_clock (0)
------------------------------
 There are 0 register/latch pins with multiple clocks.


8. checking generated_clocks (0)
--------------------------------
 There are 0 generated clocks that are not connected to a clock source.


9. checking loops (0)
---------------------
 There are 0 combinational loops in the design.


10. checking partial_input_delay (0)
------------------------------------
 There are 0 input ports with partial input delay specified.


11. checking partial_output_delay (0)
-------------------------------------
 There are 0 ports with partial output delay specified.


12. checking latch_loops (0)
----------------------------
 There are 0 combinational latch loops in the design through latch input



------------------------------------------------------------------------------------------------
| Design Timing Summary
| ---------------------
------------------------------------------------------------------------------------------------

    WNS(ns)      TNS(ns)  TNS Failing Endpoints  TNS Total Endpoints      WHS(ns)      THS(ns)  THS Failing Endpoints  THS Total Endpoints     WPWS(ns)     TPWS(ns)  TPWS Failing Endpoints  TPWS Total Endpoints  
    -------      -------  ---------------------  -------------------      -------      -------  ---------------------  -------------------     --------     --------  ----------------------  --------------------  
     -1.873    -2512.285                   2879                10138        0.106        0.000                      0                10138        1.100        0.000                       0                  3940  


Timing constraints are not met.


------------------------------------------------------------------------------------------------
| Clock Summary
| -------------
------------------------------------------------------------------------------------------------

Clock           Waveform(ns)         Period(ns)      Frequency(MHz)
-----           ------------         ----------      --------------
i_sys_clk_p     {0.000 2.500}        5.000           200.000         
  clk_out1_pll  {0.000 10.000}       20.000          50.000          
  clk_out2_pll  {0.000 2.000}        4.000           250.000         
  clkfbout_pll  {0.000 2.500}        5.000           200.000         


------------------------------------------------------------------------------------------------
| Intra Clock Table
| -----------------
------------------------------------------------------------------------------------------------

Clock               WNS(ns)      TNS(ns)  TNS Failing Endpoints  TNS Total Endpoints      WHS(ns)      THS(ns)  THS Failing Endpoints  THS Total Endpoints     WPWS(ns)     TPWS(ns)  TPWS Failing Endpoints  TPWS Total Endpoints  
-----               -------      -------  ---------------------  -------------------      -------      -------  ---------------------  -------------------     --------     --------  ----------------------  --------------------  
i_sys_clk_p                                                                                                                                                       1.100        0.000                       0                     2  
  clk_out1_pll       15.725        0.000                      0                  699        0.121        0.000                      0                  699        9.600        0.000                       0                   436  
  clk_out2_pll       -1.873    -2512.285                   2879                 9439        0.106        0.000                      0                 9439        1.228        0.000                       0                  3499  
  clkfbout_pll                                                                                                                                                    3.592        0.000                       0                     3  


------------------------------------------------------------------------------------------------
| Inter Clock Table
| -----------------
------------------------------------------------------------------------------------------------

From Clock    To Clock          WNS(ns)      TNS(ns)  TNS Failing Endpoints  TNS Total Endpoints      WHS(ns)      THS(ns)  THS Failing Endpoints  THS Total Endpoints  
----------    --------          -------      -------  ---------------------  -------------------      -------      -------  ---------------------  -------------------  


------------------------------------------------------------------------------------------------
| Other Path Groups Table
| -----------------------
------------------------------------------------------------------------------------------------

Path Group    From Clock    To Clock          WNS(ns)      TNS(ns)  TNS Failing Endpoints  TNS Total Endpoints      WHS(ns)      THS(ns)  THS Failing Endpoints  THS Total Endpoints  
----------    ----------    --------          -------      -------  ---------------------  -------------------      -------      -------  ---------------------  -------------------  


------------------------------------------------------------------------------------------------
| User Ignored Path Table
| -----------------------
------------------------------------------------------------------------------------------------

Path Group    From Clock    To Clock    
----------    ----------    --------    
(none)        clk_out2_pll  clk_out1_pll  
(none)        clk_out1_pll  clk_out2_pll  


------------------------------------------------------------------------------------------------
| Unconstrained Path Table
| ------------------------
------------------------------------------------------------------------------------------------

Path Group    From Clock    To Clock    
----------    ----------    --------    
(none)        clk_out1_pll                
(none)                      clk_out1_pll  


------------------------------------------------------------------------------------------------
| Timing Details
| --------------
------------------------------------------------------------------------------------------------


---------------------------------------------------------------------------------------------------
From Clock:  i_sys_clk_p
  To Clock:  i_sys_clk_p

Setup :           NA  Failing Endpoints,  Worst Slack           NA  ,  Total Violation           NA
Hold  :           NA  Failing Endpoints,  Worst Slack           NA  ,  Total Violation           NA
PW    :            0  Failing Endpoints,  Worst Slack        1.100ns,  Total Violation        0.000ns
---------------------------------------------------------------------------------------------------


Pulse Width Checks
--------------------------------------------------------------------------------------
Clock Name:         i_sys_clk_p
Waveform(ns):       { 0.000 2.500 }
Period(ns):         5.000
Sources:            { i_sys_clk_p }

Check Type        Corner  Lib Pin           Reference Pin  Required(ns)  Actual(ns)  Slack(ns)  Location        Pin
Min Period        n/a     BUFG/I            n/a            1.408         5.000       3.591      BUFGCTRL_X0Y3   pll_inst/inst/clkin1_bufg1/I
Min Period        n/a     PLLE2_ADV/CLKIN1  n/a            1.071         5.000       3.929      PLLE2_ADV_X1Y0  pll_inst/inst/plle2_adv_inst/CLKIN1
Max Period        n/a     PLLE2_ADV/CLKIN1  n/a            52.633        5.000       47.633     PLLE2_ADV_X1Y0  pll_inst/inst/plle2_adv_inst/CLKIN1
Low Pulse Width   Slow    PLLE2_ADV/CLKIN1  n/a            1.400         2.500       1.100      PLLE2_ADV_X1Y0  pll_inst/inst/plle2_adv_inst/CLKIN1
Low Pulse Width   Fast    PLLE2_ADV/CLKIN1  n/a            1.400         2.500       1.100      PLLE2_ADV_X1Y0  pll_inst/inst/plle2_adv_inst/CLKIN1
High Pulse Width  Slow    PLLE2_ADV/CLKIN1  n/a            1.400         2.500       1.100      PLLE2_ADV_X1Y0  pll_inst/inst/plle2_adv_inst/CLKIN1
High Pulse Width  Fast    PLLE2_ADV/CLKIN1  n/a            1.400         2.500       1.100      PLLE2_ADV_X1Y0  pll_inst/inst/plle2_adv_inst/CLKIN1



---------------------------------------------------------------------------------------------------
From Clock:  clk_out1_pll
  To Clock:  clk_out1_pll

Setup :            0  Failing Endpoints,  Worst Slack       15.725ns,  Total Violation        0.000ns
Hold  :            0  Failing Endpoints,  Worst Slack        0.121ns,  Total Violation        0.000ns
PW    :            0  Failing Endpoints,  Worst Slack        9.600ns,  Total Violation        0.000ns
---------------------------------------------------------------------------------------------------


Max Delay Paths
--------------------------------------------------------------------------------------
Slack (MET) :             15.725ns  (required time - arrival time)
  Source:                 student_top_inst/bridge_inst/counter_inst/cnt_1ms_reg[8]/C
                            (rising edge-triggered cell FDRE clocked by clk_out1_pll  {rise@0.000ns fall@10.000ns period=20.000ns})
  Destination:            student_top_inst/bridge_inst/counter_inst/cnt_ms_reg[0]/CE
                            (rising edge-triggered cell FDRE clocked by clk_out1_pll  {rise@0.000ns fall@10.000ns period=20.000ns})
  Path Group:             clk_out1_pll
  Path Type:              Setup (Max at Slow Process Corner)
  Requirement:            20.000ns  (clk_out1_pll rise@20.000ns - clk_out1_pll rise@0.000ns)
  Data Path Delay:        3.779ns  (logic 0.362ns (9.580%)  route 3.417ns (90.420%))
  Logic Levels:           3  (LUT2=1 LUT4=1 LUT6=1)
  Clock Path Skew:        -0.127ns (DCD - SCD + CPR)
    Destination Clock Delay (DCD):    4.486ns = ( 24.486 - 20.000 ) 
    Source Clock Delay      (SCD):    4.942ns
    Clock Pessimism Removal (CPR):    0.328ns
  Clock Uncertainty:      0.074ns  ((TSJ^2 + DJ^2)^1/2) / 2 + PE
    Total System Jitter     (TSJ):    0.071ns
    Discrete Jitter          (DJ):    0.129ns
    Phase Error              (PE):    0.000ns

    Location             Delay type                Incr(ns)  Path(ns)    Netlist Resource(s)
  -------------------------------------------------------------------    -------------------
                         (clock clk_out1_pll rise edge)
                                                      0.000     0.000 r  
    AD12                                              0.000     0.000 r  i_sys_clk_p (IN)
                         net (fo=0)                   0.000     0.000    pll_inst/inst/clk_in1_p
    AD12                 IBUFDS (Prop_ibufds_I_O)     0.906     0.906 r  pll_inst/inst/clkin1_ibufgds/O
                         net (fo=1, routed)           2.299     3.205    pll_inst/inst/clk_in1_pll_buf
    BUFGCTRL_X0Y3        BUFG (Prop_bufg_I_O)         0.093     3.298 r  pll_inst/inst/clkin1_bufg1/O
                         net (fo=1, routed)           1.959     5.257    pll_inst/inst/clk_in1_pll
    PLLE2_ADV_X1Y0       PLLE2_ADV (Prop_plle2_adv_CLKIN1_CLKOUT0)
                                                     -4.519     0.738 r  pll_inst/inst/plle2_adv_inst/CLKOUT0
                         net (fo=1, routed)           2.467     3.205    pll_inst/inst/clk_out1_pll
    BUFGCTRL_X0Y1        BUFG (Prop_bufg_I_O)         0.093     3.298 r  pll_inst/inst/clkout1_buf/O
                         net (fo=434, routed)         1.644     4.942    student_top_inst/bridge_inst/counter_inst/CLK
    SLICE_X13Y95         FDRE                                         r  student_top_inst/bridge_inst/counter_inst/cnt_1ms_reg[8]/C
  -------------------------------------------------------------------    -------------------
    SLICE_X13Y95         FDRE (Prop_fdre_C_Q)         0.223     5.165 r  student_top_inst/bridge_inst/counter_inst/cnt_1ms_reg[8]/Q
                         net (fo=2, routed)           0.455     5.620    student_top_inst/bridge_inst/counter_inst/cnt_1ms_reg[15]_0[7]
    SLICE_X12Y93         LUT4 (Prop_lut4_I2_O)        0.043     5.663 f  student_top_inst/bridge_inst/counter_inst/cnt_1ms[0]_i_3/O
                         net (fo=1, routed)           0.444     6.106    student_top_inst/bridge_inst/counter_inst/cnt_1ms[0]_i_3_n_0
    SLICE_X12Y94         LUT6 (Prop_lut6_I0_O)        0.043     6.149 r  student_top_inst/bridge_inst/counter_inst/cnt_1ms[0]_i_2/O
                         net (fo=2, routed)           0.567     6.716    student_top_inst/bridge_inst/counter_inst/cnt_1ms[0]_i_2_n_0
    SLICE_X18Y89         LUT2 (Prop_lut2_I1_O)        0.053     6.769 r  student_top_inst/bridge_inst/counter_inst/cnt_ms[0]_i_1/O
                         net (fo=32, routed)          1.951     8.720    student_top_inst/bridge_inst/counter_inst/cnt_ms[0]_i_1_n_0
    SLICE_X61Y62         FDRE                                         r  student_top_inst/bridge_inst/counter_inst/cnt_ms_reg[0]/CE
  -------------------------------------------------------------------    -------------------

                         (clock clk_out1_pll rise edge)
                                                     20.000    20.000 r  
    AD12                                              0.000    20.000 r  i_sys_clk_p (IN)
                         net (fo=0)                   0.000    20.000    pll_inst/inst/clk_in1_p
    AD12                 IBUFDS (Prop_ibufds_I_O)     0.803    20.803 r  pll_inst/inst/clkin1_ibufgds/O
                         net (fo=1, routed)           2.173    22.976    pll_inst/inst/clk_in1_pll_buf
    BUFGCTRL_X0Y3        BUFG (Prop_bufg_I_O)         0.083    23.059 r  pll_inst/inst/clkin1_bufg1/O
                         net (fo=1, routed)           1.796    24.855    pll_inst/inst/clk_in1_pll
    PLLE2_ADV_X1Y0       PLLE2_ADV (Prop_plle2_adv_CLKIN1_CLKOUT0)
                                                     -4.213    20.642 r  pll_inst/inst/plle2_adv_inst/CLKOUT0
                         net (fo=1, routed)           2.334    22.976    pll_inst/inst/clk_out1_pll
    BUFGCTRL_X0Y1        BUFG (Prop_bufg_I_O)         0.083    23.059 r  pll_inst/inst/clkout1_buf/O
                         net (fo=434, routed)         1.427    24.486    student_top_inst/bridge_inst/counter_inst/CLK
    SLICE_X61Y62         FDRE                                         r  student_top_inst/bridge_inst/counter_inst/cnt_ms_reg[0]/C
                         clock pessimism              0.328    24.815    
                         clock uncertainty           -0.074    24.741    
    SLICE_X61Y62         FDRE (Setup_fdre_C_CE)      -0.296    24.445    student_top_inst/bridge_inst/counter_inst/cnt_ms_reg[0]
  -------------------------------------------------------------------
                         required time                         24.445    
                         arrival time                          -8.720    
  -------------------------------------------------------------------
                         slack                                 15.725    

Slack (MET) :             15.725ns  (required time - arrival time)
  Source:                 student_top_inst/bridge_inst/counter_inst/cnt_1ms_reg[8]/C
                            (rising edge-triggered cell FDRE clocked by clk_out1_pll  {rise@0.000ns fall@10.000ns period=20.000ns})
  Destination:            student_top_inst/bridge_inst/counter_inst/cnt_ms_reg[1]/CE
                            (rising edge-triggered cell FDRE clocked by clk_out1_pll  {rise@0.000ns fall@10.000ns period=20.000ns})
  Path Group:             clk_out1_pll
  Path Type:              Setup (Max at Slow Process Corner)
  Requirement:            20.000ns  (clk_out1_pll rise@20.000ns - clk_out1_pll rise@0.000ns)
  Data Path Delay:        3.779ns  (logic 0.362ns (9.580%)  route 3.417ns (90.420%))
  Logic Levels:           3  (LUT2=1 LUT4=1 LUT6=1)
  Clock Path Skew:        -0.127ns (DCD - SCD + CPR)
    Destination Clock Delay (DCD):    4.486ns = ( 24.486 - 20.000 ) 
    Source Clock Delay      (SCD):    4.942ns
    Clock Pessimism Removal (CPR):    0.328ns
  Clock Uncertainty:      0.074ns  ((TSJ^2 + DJ^2)^1/2) / 2 + PE
    Total System Jitter     (TSJ):    0.071ns
    Discrete Jitter          (DJ):    0.129ns
    Phase Error              (PE):    0.000ns

    Location             Delay type                Incr(ns)  Path(ns)    Netlist Resource(s)
  -------------------------------------------------------------------    -------------------
                         (clock clk_out1_pll rise edge)
                                                      0.000     0.000 r  
    AD12                                              0.000     0.000 r  i_sys_clk_p (IN)
                         net (fo=0)                   0.000     0.000    pll_inst/inst/clk_in1_p
    AD12                 IBUFDS (Prop_ibufds_I_O)     0.906     0.906 r  pll_inst/inst/clkin1_ibufgds/O
                         net (fo=1, routed)           2.299     3.205    pll_inst/inst/clk_in1_pll_buf
    BUFGCTRL_X0Y3        BUFG (Prop_bufg_I_O)         0.093     3.298 r  pll_inst/inst/clkin1_bufg1/O
                         net (fo=1, routed)           1.959     5.257    pll_inst/inst/clk_in1_pll
    PLLE2_ADV_X1Y0       PLLE2_ADV (Prop_plle2_adv_CLKIN1_CLKOUT0)
                                                     -4.519     0.738 r  pll_inst/inst/plle2_adv_inst/CLKOUT0
                         net (fo=1, routed)           2.467     3.205    pll_inst/inst/clk_out1_pll
    BUFGCTRL_X0Y1        BUFG (Prop_bufg_I_O)         0.093     3.298 r  pll_inst/inst/clkout1_buf/O
                         net (fo=434, routed)         1.644     4.942    student_top_inst/bridge_inst/counter_inst/CLK
    SLICE_X13Y95         FDRE                                         r  student_top_inst/bridge_inst/counter_inst/cnt_1ms_reg[8]/C
  -------------------------------------------------------------------    -------------------
    SLICE_X13Y95         FDRE (Prop_fdre_C_Q)         0.223     5.165 r  student_top_inst/bridge_inst/counter_inst/cnt_1ms_reg[8]/Q
                         net (fo=2, routed)           0.455     5.620    student_top_inst/bridge_inst/counter_inst/cnt_1ms_reg[15]_0[7]
    SLICE_X12Y93         LUT4 (Prop_lut4_I2_O)        0.043     5.663 f  student_top_inst/bridge_inst/counter_inst/cnt_1ms[0]_i_3/O
                         net (fo=1, routed)           0.444     6.106    student_top_inst/bridge_inst/counter_inst/cnt_1ms[0]_i_3_n_0
    SLICE_X12Y94         LUT6 (Prop_lut6_I0_O)        0.043     6.149 r  student_top_inst/bridge_inst/counter_inst/cnt_1ms[0]_i_2/O
                         net (fo=2, routed)           0.567     6.716    student_top_inst/bridge_inst/counter_inst/cnt_1ms[0]_i_2_n_0
    SLICE_X18Y89         LUT2 (Prop_lut2_I1_O)        0.053     6.769 r  student_top_inst/bridge_inst/counter_inst/cnt_ms[0]_i_1/O
                         net (fo=32, routed)          1.951     8.720    student_top_inst/bridge_inst/counter_inst/cnt_ms[0]_i_1_n_0
    SLICE_X61Y62         FDRE                                         r  student_top_inst/bridge_inst/counter_inst/cnt_ms_reg[1]/CE
  -------------------------------------------------------------------    -------------------

                         (clock clk_out1_pll rise edge)
                                                     20.000    20.000 r  
    AD12                                              0.000    20.000 r  i_sys_clk_p (IN)
                         net (fo=0)                   0.000    20.000    pll_inst/inst/clk_in1_p
    AD12                 IBUFDS (Prop_ibufds_I_O)     0.803    20.803 r  pll_inst/inst/clkin1_ibufgds/O
                         net (fo=1, routed)           2.173    22.976    pll_inst/inst/clk_in1_pll_buf
    BUFGCTRL_X0Y3        BUFG (Prop_bufg_I_O)         0.083    23.059 r  pll_inst/inst/clkin1_bufg1/O
                         net (fo=1, routed)           1.796    24.855    pll_inst/inst/clk_in1_pll
    PLLE2_ADV_X1Y0       PLLE2_ADV (Prop_plle2_adv_CLKIN1_CLKOUT0)
                                                     -4.213    20.642 r  pll_inst/inst/plle2_adv_inst/CLKOUT0
                         net (fo=1, routed)           2.334    22.976    pll_inst/inst/clk_out1_pll
    BUFGCTRL_X0Y1        BUFG (Prop_bufg_I_O)         0.083    23.059 r  pll_inst/inst/clkout1_buf/O
                         net (fo=434, routed)         1.427    24.486    student_top_inst/bridge_inst/counter_inst/CLK
    SLICE_X61Y62         FDRE                                         r  student_top_inst/bridge_inst/counter_inst/cnt_ms_reg[1]/C
                         clock pessimism              0.328    24.815    
                         clock uncertainty           -0.074    24.741    
    SLICE_X61Y62         FDRE (Setup_fdre_C_CE)      -0.296    24.445    student_top_inst/bridge_inst/counter_inst/cnt_ms_reg[1]
  -------------------------------------------------------------------
                         required time                         24.445    
                         arrival time                          -8.720    
  -------------------------------------------------------------------
                         slack                                 15.725    

Slack (MET) :             15.725ns  (required time - arrival time)
  Source:                 student_top_inst/bridge_inst/counter_inst/cnt_1ms_reg[8]/C
                            (rising edge-triggered cell FDRE clocked by clk_out1_pll  {rise@0.000ns fall@10.000ns period=20.000ns})
  Destination:            student_top_inst/bridge_inst/counter_inst/cnt_ms_reg[2]/CE
                            (rising edge-triggered cell FDRE clocked by clk_out1_pll  {rise@0.000ns fall@10.000ns period=20.000ns})
  Path Group:             clk_out1_pll
  Path Type:              Setup (Max at Slow Process Corner)
  Requirement:            20.000ns  (clk_out1_pll rise@20.000ns - clk_out1_pll rise@0.000ns)
  Data Path Delay:        3.779ns  (logic 0.362ns (9.580%)  route 3.417ns (90.420%))
  Logic Levels:           3  (LUT2=1 LUT4=1 LUT6=1)
  Clock Path Skew:        -0.127ns (DCD - SCD + CPR)
    Destination Clock Delay (DCD):    4.486ns = ( 24.486 - 20.000 ) 
    Source Clock Delay      (SCD):    4.942ns
    Clock Pessimism Removal (CPR):    0.328ns
  Clock Uncertainty:      0.074ns  ((TSJ^2 + DJ^2)^1/2) / 2 + PE
    Total System Jitter     (TSJ):    0.071ns
    Discrete Jitter          (DJ):    0.129ns
    Phase Error              (PE):    0.000ns

    Location             Delay type                Incr(ns)  Path(ns)    Netlist Resource(s)
  -------------------------------------------------------------------    -------------------
                         (clock clk_out1_pll rise edge)
                                                      0.000     0.000 r  
    AD12                                              0.000     0.000 r  i_sys_clk_p (IN)
                         net (fo=0)                   0.000     0.000    pll_inst/inst/clk_in1_p
    AD12                 IBUFDS (Prop_ibufds_I_O)     0.906     0.906 r  pll_inst/inst/clkin1_ibufgds/O
                         net (fo=1, routed)           2.299     3.205    pll_inst/inst/clk_in1_pll_buf
    BUFGCTRL_X0Y3        BUFG (Prop_bufg_I_O)         0.093     3.298 r  pll_inst/inst/clkin1_bufg1/O
                         net (fo=1, routed)           1.959     5.257    pll_inst/inst/clk_in1_pll
    PLLE2_ADV_X1Y0       PLLE2_ADV (Prop_plle2_adv_CLKIN1_CLKOUT0)
                                                     -4.519     0.738 r  pll_inst/inst/plle2_adv_inst/CLKOUT0
                         net (fo=1, routed)           2.467     3.205    pll_inst/inst/clk_out1_pll
    BUFGCTRL_X0Y1        BUFG (Prop_bufg_I_O)         0.093     3.298 r  pll_inst/inst/clkout1_buf/O
                         net (fo=434, routed)         1.644     4.942    student_top_inst/bridge_inst/counter_inst/CLK
    SLICE_X13Y95         FDRE                                         r  student_top_inst/bridge_inst/counter_inst/cnt_1ms_reg[8]/C
  -------------------------------------------------------------------    -------------------
    SLICE_X13Y95         FDRE (Prop_fdre_C_Q)         0.223     5.165 r  student_top_inst/bridge_inst/counter_inst/cnt_1ms_reg[8]/Q
                         net (fo=2, routed)           0.455     5.620    student_top_inst/bridge_inst/counter_inst/cnt_1ms_reg[15]_0[7]
    SLICE_X12Y93         LUT4 (Prop_lut4_I2_O)        0.043     5.663 f  student_top_inst/bridge_inst/counter_inst/cnt_1ms[0]_i_3/O
                         net (fo=1, routed)           0.444     6.106    student_top_inst/bridge_inst/counter_inst/cnt_1ms[0]_i_3_n_0
    SLICE_X12Y94         LUT6 (Prop_lut6_I0_O)        0.043     6.149 r  student_top_inst/bridge_inst/counter_inst/cnt_1ms[0]_i_2/O
                         net (fo=2, routed)           0.567     6.716    student_top_inst/bridge_inst/counter_inst/cnt_1ms[0]_i_2_n_0
    SLICE_X18Y89         LUT2 (Prop_lut2_I1_O)        0.053     6.769 r  student_top_inst/bridge_inst/counter_inst/cnt_ms[0]_i_1/O
                         net (fo=32, routed)          1.951     8.720    student_top_inst/bridge_inst/counter_inst/cnt_ms[0]_i_1_n_0
    SLICE_X61Y62         FDRE                                         r  student_top_inst/bridge_inst/counter_inst/cnt_ms_reg[2]/CE
  -------------------------------------------------------------------    -------------------

                         (clock clk_out1_pll rise edge)
                                                     20.000    20.000 r  
    AD12                                              0.000    20.000 r  i_sys_clk_p (IN)
                         net (fo=0)                   0.000    20.000    pll_inst/inst/clk_in1_p
    AD12                 IBUFDS (Prop_ibufds_I_O)     0.803    20.803 r  pll_inst/inst/clkin1_ibufgds/O
                         net (fo=1, routed)           2.173    22.976    pll_inst/inst/clk_in1_pll_buf
    BUFGCTRL_X0Y3        BUFG (Prop_bufg_I_O)         0.083    23.059 r  pll_inst/inst/clkin1_bufg1/O
                         net (fo=1, routed)           1.796    24.855    pll_inst/inst/clk_in1_pll
    PLLE2_ADV_X1Y0       PLLE2_ADV (Prop_plle2_adv_CLKIN1_CLKOUT0)
                                                     -4.213    20.642 r  pll_inst/inst/plle2_adv_inst/CLKOUT0
                         net (fo=1, routed)           2.334    22.976    pll_inst/inst/clk_out1_pll
    BUFGCTRL_X0Y1        BUFG (Prop_bufg_I_O)         0.083    23.059 r  pll_inst/inst/clkout1_buf/O
                         net (fo=434, routed)         1.427    24.486    student_top_inst/bridge_inst/counter_inst/CLK
    SLICE_X61Y62         FDRE                                         r  student_top_inst/bridge_inst/counter_inst/cnt_ms_reg[2]/C
                         clock pessimism              0.328    24.815    
                         clock uncertainty           -0.074    24.741    
    SLICE_X61Y62         FDRE (Setup_fdre_C_CE)      -0.296    24.445    student_top_inst/bridge_inst/counter_inst/cnt_ms_reg[2]
  -------------------------------------------------------------------
                         required time                         24.445    
                         arrival time                          -8.720    
  -------------------------------------------------------------------
                         slack                                 15.725    

Slack (MET) :             15.725ns  (required time - arrival time)
  Source:                 student_top_inst/bridge_inst/counter_inst/cnt_1ms_reg[8]/C
                            (rising edge-triggered cell FDRE clocked by clk_out1_pll  {rise@0.000ns fall@10.000ns period=20.000ns})
  Destination:            student_top_inst/bridge_inst/counter_inst/cnt_ms_reg[3]/CE
                            (rising edge-triggered cell FDRE clocked by clk_out1_pll  {rise@0.000ns fall@10.000ns period=20.000ns})
  Path Group:             clk_out1_pll
  Path Type:              Setup (Max at Slow Process Corner)
  Requirement:            20.000ns  (clk_out1_pll rise@20.000ns - clk_out1_pll rise@0.000ns)
  Data Path Delay:        3.779ns  (logic 0.362ns (9.580%)  route 3.417ns (90.420%))
  Logic Levels:           3  (LUT2=1 LUT4=1 LUT6=1)
  Clock Path Skew:        -0.127ns (DCD - SCD + CPR)
    Destination Clock Delay (DCD):    4.486ns = ( 24.486 - 20.000 ) 
    Source Clock Delay      (SCD):    4.942ns
    Clock Pessimism Removal (CPR):    0.328ns
  Clock Uncertainty:      0.074ns  ((TSJ^2 + DJ^2)^1/2) / 2 + PE
    Total System Jitter     (TSJ):    0.071ns
    Discrete Jitter          (DJ):    0.129ns
    Phase Error              (PE):    0.000ns

    Location             Delay type                Incr(ns)  Path(ns)    Netlist Resource(s)
  -------------------------------------------------------------------    -------------------
                         (clock clk_out1_pll rise edge)
                                                      0.000     0.000 r  
    AD12                                              0.000     0.000 r  i_sys_clk_p (IN)
                         net (fo=0)                   0.000     0.000    pll_inst/inst/clk_in1_p
    AD12                 IBUFDS (Prop_ibufds_I_O)     0.906     0.906 r  pll_inst/inst/clkin1_ibufgds/O
                         net (fo=1, routed)           2.299     3.205    pll_inst/inst/clk_in1_pll_buf
    BUFGCTRL_X0Y3        BUFG (Prop_bufg_I_O)         0.093     3.298 r  pll_inst/inst/clkin1_bufg1/O
                         net (fo=1, routed)           1.959     5.257    pll_inst/inst/clk_in1_pll
    PLLE2_ADV_X1Y0       PLLE2_ADV (Prop_plle2_adv_CLKIN1_CLKOUT0)
                                                     -4.519     0.738 r  pll_inst/inst/plle2_adv_inst/CLKOUT0
                         net (fo=1, routed)           2.467     3.205    pll_inst/inst/clk_out1_pll
    BUFGCTRL_X0Y1        BUFG (Prop_bufg_I_O)         0.093     3.298 r  pll_inst/inst/clkout1_buf/O
                         net (fo=434, routed)         1.644     4.942    student_top_inst/bridge_inst/counter_inst/CLK
    SLICE_X13Y95         FDRE                                         r  student_top_inst/bridge_inst/counter_inst/cnt_1ms_reg[8]/C
  -------------------------------------------------------------------    -------------------
    SLICE_X13Y95         FDRE (Prop_fdre_C_Q)         0.223     5.165 r  student_top_inst/bridge_inst/counter_inst/cnt_1ms_reg[8]/Q
                         net (fo=2, routed)           0.455     5.620    student_top_inst/bridge_inst/counter_inst/cnt_1ms_reg[15]_0[7]
    SLICE_X12Y93         LUT4 (Prop_lut4_I2_O)        0.043     5.663 f  student_top_inst/bridge_inst/counter_inst/cnt_1ms[0]_i_3/O
                         net (fo=1, routed)           0.444     6.106    student_top_inst/bridge_inst/counter_inst/cnt_1ms[0]_i_3_n_0
    SLICE_X12Y94         LUT6 (Prop_lut6_I0_O)        0.043     6.149 r  student_top_inst/bridge_inst/counter_inst/cnt_1ms[0]_i_2/O
                         net (fo=2, routed)           0.567     6.716    student_top_inst/bridge_inst/counter_inst/cnt_1ms[0]_i_2_n_0
    SLICE_X18Y89         LUT2 (Prop_lut2_I1_O)        0.053     6.769 r  student_top_inst/bridge_inst/counter_inst/cnt_ms[0]_i_1/O
                         net (fo=32, routed)          1.951     8.720    student_top_inst/bridge_inst/counter_inst/cnt_ms[0]_i_1_n_0
    SLICE_X61Y62         FDRE                                         r  student_top_inst/bridge_inst/counter_inst/cnt_ms_reg[3]/CE
  -------------------------------------------------------------------    -------------------

                         (clock clk_out1_pll rise edge)
                                                     20.000    20.000 r  
    AD12                                              0.000    20.000 r  i_sys_clk_p (IN)
                         net (fo=0)                   0.000    20.000    pll_inst/inst/clk_in1_p
    AD12                 IBUFDS (Prop_ibufds_I_O)     0.803    20.803 r  pll_inst/inst/clkin1_ibufgds/O
                         net (fo=1, routed)           2.173    22.976    pll_inst/inst/clk_in1_pll_buf
    BUFGCTRL_X0Y3        BUFG (Prop_bufg_I_O)         0.083    23.059 r  pll_inst/inst/clkin1_bufg1/O
                         net (fo=1, routed)           1.796    24.855    pll_inst/inst/clk_in1_pll
    PLLE2_ADV_X1Y0       PLLE2_ADV (Prop_plle2_adv_CLKIN1_CLKOUT0)
                                                     -4.213    20.642 r  pll_inst/inst/plle2_adv_inst/CLKOUT0
                         net (fo=1, routed)           2.334    22.976    pll_inst/inst/clk_out1_pll
    BUFGCTRL_X0Y1        BUFG (Prop_bufg_I_O)         0.083    23.059 r  pll_inst/inst/clkout1_buf/O
                         net (fo=434, routed)         1.427    24.486    student_top_inst/bridge_inst/counter_inst/CLK
    SLICE_X61Y62         FDRE                                         r  student_top_inst/bridge_inst/counter_inst/cnt_ms_reg[3]/C
                         clock pessimism              0.328    24.815    
                         clock uncertainty           -0.074    24.741    
    SLICE_X61Y62         FDRE (Setup_fdre_C_CE)      -0.296    24.445    student_top_inst/bridge_inst/counter_inst/cnt_ms_reg[3]
  -------------------------------------------------------------------
                         required time                         24.445    
                         arrival time                          -8.720    
  -------------------------------------------------------------------
                         slack                                 15.725    

Slack (MET) :             15.736ns  (required time - arrival time)
  Source:                 student_top_inst/bridge_inst/counter_inst/cnt_1ms_reg[8]/C
                            (rising edge-triggered cell FDRE clocked by clk_out1_pll  {rise@0.000ns fall@10.000ns period=20.000ns})
  Destination:            student_top_inst/bridge_inst/counter_inst/cnt_ms_reg[4]/CE
                            (rising edge-triggered cell FDRE clocked by clk_out1_pll  {rise@0.000ns fall@10.000ns period=20.000ns})
  Path Group:             clk_out1_pll
  Path Type:              Setup (Max at Slow Process Corner)
  Requirement:            20.000ns  (clk_out1_pll rise@20.000ns - clk_out1_pll rise@0.000ns)
  Data Path Delay:        3.767ns  (logic 0.362ns (9.610%)  route 3.405ns (90.390%))
  Logic Levels:           3  (LUT2=1 LUT4=1 LUT6=1)
  Clock Path Skew:        -0.127ns (DCD - SCD + CPR)
    Destination Clock Delay (DCD):    4.486ns = ( 24.486 - 20.000 ) 
    Source Clock Delay      (SCD):    4.942ns
    Clock Pessimism Removal (CPR):    0.328ns
  Clock Uncertainty:      0.074ns  ((TSJ^2 + DJ^2)^1/2) / 2 + PE
    Total System Jitter     (TSJ):    0.071ns
    Discrete Jitter          (DJ):    0.129ns
    Phase Error              (PE):    0.000ns

    Location             Delay type                Incr(ns)  Path(ns)    Netlist Resource(s)
  -------------------------------------------------------------------    -------------------
                         (clock clk_out1_pll rise edge)
                                                      0.000     0.000 r  
    AD12                                              0.000     0.000 r  i_sys_clk_p (IN)
                         net (fo=0)                   0.000     0.000    pll_inst/inst/clk_in1_p
    AD12                 IBUFDS (Prop_ibufds_I_O)     0.906     0.906 r  pll_inst/inst/clkin1_ibufgds/O
                         net (fo=1, routed)           2.299     3.205    pll_inst/inst/clk_in1_pll_buf
    BUFGCTRL_X0Y3        BUFG (Prop_bufg_I_O)         0.093     3.298 r  pll_inst/inst/clkin1_bufg1/O
                         net (fo=1, routed)           1.959     5.257    pll_inst/inst/clk_in1_pll
    PLLE2_ADV_X1Y0       PLLE2_ADV (Prop_plle2_adv_CLKIN1_CLKOUT0)
                                                     -4.519     0.738 r  pll_inst/inst/plle2_adv_inst/CLKOUT0
                         net (fo=1, routed)           2.467     3.205    pll_inst/inst/clk_out1_pll
    BUFGCTRL_X0Y1        BUFG (Prop_bufg_I_O)         0.093     3.298 r  pll_inst/inst/clkout1_buf/O
                         net (fo=434, routed)         1.644     4.942    student_top_inst/bridge_inst/counter_inst/CLK
    SLICE_X13Y95         FDRE                                         r  student_top_inst/bridge_inst/counter_inst/cnt_1ms_reg[8]/C
  -------------------------------------------------------------------    -------------------
    SLICE_X13Y95         FDRE (Prop_fdre_C_Q)         0.223     5.165 r  student_top_inst/bridge_inst/counter_inst/cnt_1ms_reg[8]/Q
                         net (fo=2, routed)           0.455     5.620    student_top_inst/bridge_inst/counter_inst/cnt_1ms_reg[15]_0[7]
    SLICE_X12Y93         LUT4 (Prop_lut4_I2_O)        0.043     5.663 f  student_top_inst/bridge_inst/counter_inst/cnt_1ms[0]_i_3/O
                         net (fo=1, routed)           0.444     6.106    student_top_inst/bridge_inst/counter_inst/cnt_1ms[0]_i_3_n_0
    SLICE_X12Y94         LUT6 (Prop_lut6_I0_O)        0.043     6.149 r  student_top_inst/bridge_inst/counter_inst/cnt_1ms[0]_i_2/O
                         net (fo=2, routed)           0.567     6.716    student_top_inst/bridge_inst/counter_inst/cnt_1ms[0]_i_2_n_0
    SLICE_X18Y89         LUT2 (Prop_lut2_I1_O)        0.053     6.769 r  student_top_inst/bridge_inst/counter_inst/cnt_ms[0]_i_1/O
                         net (fo=32, routed)          1.940     8.709    student_top_inst/bridge_inst/counter_inst/cnt_ms[0]_i_1_n_0
    SLICE_X61Y63         FDRE                                         r  student_top_inst/bridge_inst/counter_inst/cnt_ms_reg[4]/CE
  -------------------------------------------------------------------    -------------------

                         (clock clk_out1_pll rise edge)
                                                     20.000    20.000 r  
    AD12                                              0.000    20.000 r  i_sys_clk_p (IN)
                         net (fo=0)                   0.000    20.000    pll_inst/inst/clk_in1_p
    AD12                 IBUFDS (Prop_ibufds_I_O)     0.803    20.803 r  pll_inst/inst/clkin1_ibufgds/O
                         net (fo=1, routed)           2.173    22.976    pll_inst/inst/clk_in1_pll_buf
    BUFGCTRL_X0Y3        BUFG (Prop_bufg_I_O)         0.083    23.059 r  pll_inst/inst/clkin1_bufg1/O
                         net (fo=1, routed)           1.796    24.855    pll_inst/inst/clk_in1_pll
    PLLE2_ADV_X1Y0       PLLE2_ADV (Prop_plle2_adv_CLKIN1_CLKOUT0)
                                                     -4.213    20.642 r  pll_inst/inst/plle2_adv_inst/CLKOUT0
                         net (fo=1, routed)           2.334    22.976    pll_inst/inst/clk_out1_pll
    BUFGCTRL_X0Y1        BUFG (Prop_bufg_I_O)         0.083    23.059 r  pll_inst/inst/clkout1_buf/O
                         net (fo=434, routed)         1.427    24.486    student_top_inst/bridge_inst/counter_inst/CLK
    SLICE_X61Y63         FDRE                                         r  student_top_inst/bridge_inst/counter_inst/cnt_ms_reg[4]/C
                         clock pessimism              0.328    24.815    
                         clock uncertainty           -0.074    24.741    
    SLICE_X61Y63         FDRE (Setup_fdre_C_CE)      -0.296    24.445    student_top_inst/bridge_inst/counter_inst/cnt_ms_reg[4]
  -------------------------------------------------------------------
                         required time                         24.445    
                         arrival time                          -8.709    
  -------------------------------------------------------------------
                         slack                                 15.736    

Slack (MET) :             15.736ns  (required time - arrival time)
  Source:                 student_top_inst/bridge_inst/counter_inst/cnt_1ms_reg[8]/C
                            (rising edge-triggered cell FDRE clocked by clk_out1_pll  {rise@0.000ns fall@10.000ns period=20.000ns})
  Destination:            student_top_inst/bridge_inst/counter_inst/cnt_ms_reg[5]/CE
                            (rising edge-triggered cell FDRE clocked by clk_out1_pll  {rise@0.000ns fall@10.000ns period=20.000ns})
  Path Group:             clk_out1_pll
  Path Type:              Setup (Max at Slow Process Corner)
  Requirement:            20.000ns  (clk_out1_pll rise@20.000ns - clk_out1_pll rise@0.000ns)
  Data Path Delay:        3.767ns  (logic 0.362ns (9.610%)  route 3.405ns (90.390%))
  Logic Levels:           3  (LUT2=1 LUT4=1 LUT6=1)
  Clock Path Skew:        -0.127ns (DCD - SCD + CPR)
    Destination Clock Delay (DCD):    4.486ns = ( 24.486 - 20.000 ) 
    Source Clock Delay      (SCD):    4.942ns
    Clock Pessimism Removal (CPR):    0.328ns
  Clock Uncertainty:      0.074ns  ((TSJ^2 + DJ^2)^1/2) / 2 + PE
    Total System Jitter     (TSJ):    0.071ns
    Discrete Jitter          (DJ):    0.129ns
    Phase Error              (PE):    0.000ns

    Location             Delay type                Incr(ns)  Path(ns)    Netlist Resource(s)
  -------------------------------------------------------------------    -------------------
                         (clock clk_out1_pll rise edge)
                                                      0.000     0.000 r  
    AD12                                              0.000     0.000 r  i_sys_clk_p (IN)
                         net (fo=0)                   0.000     0.000    pll_inst/inst/clk_in1_p
    AD12                 IBUFDS (Prop_ibufds_I_O)     0.906     0.906 r  pll_inst/inst/clkin1_ibufgds/O
                         net (fo=1, routed)           2.299     3.205    pll_inst/inst/clk_in1_pll_buf
    BUFGCTRL_X0Y3        BUFG (Prop_bufg_I_O)         0.093     3.298 r  pll_inst/inst/clkin1_bufg1/O
                         net (fo=1, routed)           1.959     5.257    pll_inst/inst/clk_in1_pll
    PLLE2_ADV_X1Y0       PLLE2_ADV (Prop_plle2_adv_CLKIN1_CLKOUT0)
                                                     -4.519     0.738 r  pll_inst/inst/plle2_adv_inst/CLKOUT0
                         net (fo=1, routed)           2.467     3.205    pll_inst/inst/clk_out1_pll
    BUFGCTRL_X0Y1        BUFG (Prop_bufg_I_O)         0.093     3.298 r  pll_inst/inst/clkout1_buf/O
                         net (fo=434, routed)         1.644     4.942    student_top_inst/bridge_inst/counter_inst/CLK
    SLICE_X13Y95         FDRE                                         r  student_top_inst/bridge_inst/counter_inst/cnt_1ms_reg[8]/C
  -------------------------------------------------------------------    -------------------
    SLICE_X13Y95         FDRE (Prop_fdre_C_Q)         0.223     5.165 r  student_top_inst/bridge_inst/counter_inst/cnt_1ms_reg[8]/Q
                         net (fo=2, routed)           0.455     5.620    student_top_inst/bridge_inst/counter_inst/cnt_1ms_reg[15]_0[7]
    SLICE_X12Y93         LUT4 (Prop_lut4_I2_O)        0.043     5.663 f  student_top_inst/bridge_inst/counter_inst/cnt_1ms[0]_i_3/O
                         net (fo=1, routed)           0.444     6.106    student_top_inst/bridge_inst/counter_inst/cnt_1ms[0]_i_3_n_0
    SLICE_X12Y94         LUT6 (Prop_lut6_I0_O)        0.043     6.149 r  student_top_inst/bridge_inst/counter_inst/cnt_1ms[0]_i_2/O
                         net (fo=2, routed)           0.567     6.716    student_top_inst/bridge_inst/counter_inst/cnt_1ms[0]_i_2_n_0
    SLICE_X18Y89         LUT2 (Prop_lut2_I1_O)        0.053     6.769 r  student_top_inst/bridge_inst/counter_inst/cnt_ms[0]_i_1/O
                         net (fo=32, routed)          1.940     8.709    student_top_inst/bridge_inst/counter_inst/cnt_ms[0]_i_1_n_0
    SLICE_X61Y63         FDRE                                         r  student_top_inst/bridge_inst/counter_inst/cnt_ms_reg[5]/CE
  -------------------------------------------------------------------    -------------------

                         (clock clk_out1_pll rise edge)
                                                     20.000    20.000 r  
    AD12                                              0.000    20.000 r  i_sys_clk_p (IN)
                         net (fo=0)                   0.000    20.000    pll_inst/inst/clk_in1_p
    AD12                 IBUFDS (Prop_ibufds_I_O)     0.803    20.803 r  pll_inst/inst/clkin1_ibufgds/O
                         net (fo=1, routed)           2.173    22.976    pll_inst/inst/clk_in1_pll_buf
    BUFGCTRL_X0Y3        BUFG (Prop_bufg_I_O)         0.083    23.059 r  pll_inst/inst/clkin1_bufg1/O
                         net (fo=1, routed)           1.796    24.855    pll_inst/inst/clk_in1_pll
    PLLE2_ADV_X1Y0       PLLE2_ADV (Prop_plle2_adv_CLKIN1_CLKOUT0)
                                                     -4.213    20.642 r  pll_inst/inst/plle2_adv_inst/CLKOUT0
                         net (fo=1, routed)           2.334    22.976    pll_inst/inst/clk_out1_pll
    BUFGCTRL_X0Y1        BUFG (Prop_bufg_I_O)         0.083    23.059 r  pll_inst/inst/clkout1_buf/O
                         net (fo=434, routed)         1.427    24.486    student_top_inst/bridge_inst/counter_inst/CLK
    SLICE_X61Y63         FDRE                                         r  student_top_inst/bridge_inst/counter_inst/cnt_ms_reg[5]/C
                         clock pessimism              0.328    24.815    
                         clock uncertainty           -0.074    24.741    
    SLICE_X61Y63         FDRE (Setup_fdre_C_CE)      -0.296    24.445    student_top_inst/bridge_inst/counter_inst/cnt_ms_reg[5]
  -------------------------------------------------------------------
                         required time                         24.445    
                         arrival time                          -8.709    
  -------------------------------------------------------------------
                         slack                                 15.736    

Slack (MET) :             15.736ns  (required time - arrival time)
  Source:                 student_top_inst/bridge_inst/counter_inst/cnt_1ms_reg[8]/C
                            (rising edge-triggered cell FDRE clocked by clk_out1_pll  {rise@0.000ns fall@10.000ns period=20.000ns})
  Destination:            student_top_inst/bridge_inst/counter_inst/cnt_ms_reg[6]/CE
                            (rising edge-triggered cell FDRE clocked by clk_out1_pll  {rise@0.000ns fall@10.000ns period=20.000ns})
  Path Group:             clk_out1_pll
  Path Type:              Setup (Max at Slow Process Corner)
  Requirement:            20.000ns  (clk_out1_pll rise@20.000ns - clk_out1_pll rise@0.000ns)
  Data Path Delay:        3.767ns  (logic 0.362ns (9.610%)  route 3.405ns (90.390%))
  Logic Levels:           3  (LUT2=1 LUT4=1 LUT6=1)
  Clock Path Skew:        -0.127ns (DCD - SCD + CPR)
    Destination Clock Delay (DCD):    4.486ns = ( 24.486 - 20.000 ) 
    Source Clock Delay      (SCD):    4.942ns
    Clock Pessimism Removal (CPR):    0.328ns
  Clock Uncertainty:      0.074ns  ((TSJ^2 + DJ^2)^1/2) / 2 + PE
    Total System Jitter     (TSJ):    0.071ns
    Discrete Jitter          (DJ):    0.129ns
    Phase Error              (PE):    0.000ns

    Location             Delay type                Incr(ns)  Path(ns)    Netlist Resource(s)
  -------------------------------------------------------------------    -------------------
                         (clock clk_out1_pll rise edge)
                                                      0.000     0.000 r  
    AD12                                              0.000     0.000 r  i_sys_clk_p (IN)
                         net (fo=0)                   0.000     0.000    pll_inst/inst/clk_in1_p
    AD12                 IBUFDS (Prop_ibufds_I_O)     0.906     0.906 r  pll_inst/inst/clkin1_ibufgds/O
                         net (fo=1, routed)           2.299     3.205    pll_inst/inst/clk_in1_pll_buf
    BUFGCTRL_X0Y3        BUFG (Prop_bufg_I_O)         0.093     3.298 r  pll_inst/inst/clkin1_bufg1/O
                         net (fo=1, routed)           1.959     5.257    pll_inst/inst/clk_in1_pll
    PLLE2_ADV_X1Y0       PLLE2_ADV (Prop_plle2_adv_CLKIN1_CLKOUT0)
                                                     -4.519     0.738 r  pll_inst/inst/plle2_adv_inst/CLKOUT0
                         net (fo=1, routed)           2.467     3.205    pll_inst/inst/clk_out1_pll
    BUFGCTRL_X0Y1        BUFG (Prop_bufg_I_O)         0.093     3.298 r  pll_inst/inst/clkout1_buf/O
                         net (fo=434, routed)         1.644     4.942    student_top_inst/bridge_inst/counter_inst/CLK
    SLICE_X13Y95         FDRE                                         r  student_top_inst/bridge_inst/counter_inst/cnt_1ms_reg[8]/C
  -------------------------------------------------------------------    -------------------
    SLICE_X13Y95         FDRE (Prop_fdre_C_Q)         0.223     5.165 r  student_top_inst/bridge_inst/counter_inst/cnt_1ms_reg[8]/Q
                         net (fo=2, routed)           0.455     5.620    student_top_inst/bridge_inst/counter_inst/cnt_1ms_reg[15]_0[7]
    SLICE_X12Y93         LUT4 (Prop_lut4_I2_O)        0.043     5.663 f  student_top_inst/bridge_inst/counter_inst/cnt_1ms[0]_i_3/O
                         net (fo=1, routed)           0.444     6.106    student_top_inst/bridge_inst/counter_inst/cnt_1ms[0]_i_3_n_0
    SLICE_X12Y94         LUT6 (Prop_lut6_I0_O)        0.043     6.149 r  student_top_inst/bridge_inst/counter_inst/cnt_1ms[0]_i_2/O
                         net (fo=2, routed)           0.567     6.716    student_top_inst/bridge_inst/counter_inst/cnt_1ms[0]_i_2_n_0
    SLICE_X18Y89         LUT2 (Prop_lut2_I1_O)        0.053     6.769 r  student_top_inst/bridge_inst/counter_inst/cnt_ms[0]_i_1/O
                         net (fo=32, routed)          1.940     8.709    student_top_inst/bridge_inst/counter_inst/cnt_ms[0]_i_1_n_0
    SLICE_X61Y63         FDRE                                         r  student_top_inst/bridge_inst/counter_inst/cnt_ms_reg[6]/CE
  -------------------------------------------------------------------    -------------------

                         (clock clk_out1_pll rise edge)
                                                     20.000    20.000 r  
    AD12                                              0.000    20.000 r  i_sys_clk_p (IN)
                         net (fo=0)                   0.000    20.000    pll_inst/inst/clk_in1_p
    AD12                 IBUFDS (Prop_ibufds_I_O)     0.803    20.803 r  pll_inst/inst/clkin1_ibufgds/O
                         net (fo=1, routed)           2.173    22.976    pll_inst/inst/clk_in1_pll_buf
    BUFGCTRL_X0Y3        BUFG (Prop_bufg_I_O)         0.083    23.059 r  pll_inst/inst/clkin1_bufg1/O
                         net (fo=1, routed)           1.796    24.855    pll_inst/inst/clk_in1_pll
    PLLE2_ADV_X1Y0       PLLE2_ADV (Prop_plle2_adv_CLKIN1_CLKOUT0)
                                                     -4.213    20.642 r  pll_inst/inst/plle2_adv_inst/CLKOUT0
                         net (fo=1, routed)           2.334    22.976    pll_inst/inst/clk_out1_pll
    BUFGCTRL_X0Y1        BUFG (Prop_bufg_I_O)         0.083    23.059 r  pll_inst/inst/clkout1_buf/O
                         net (fo=434, routed)         1.427    24.486    student_top_inst/bridge_inst/counter_inst/CLK
    SLICE_X61Y63         FDRE                                         r  student_top_inst/bridge_inst/counter_inst/cnt_ms_reg[6]/C
                         clock pessimism              0.328    24.815    
                         clock uncertainty           -0.074    24.741    
    SLICE_X61Y63         FDRE (Setup_fdre_C_CE)      -0.296    24.445    student_top_inst/bridge_inst/counter_inst/cnt_ms_reg[6]
  -------------------------------------------------------------------
                         required time                         24.445    
                         arrival time                          -8.709    
  -------------------------------------------------------------------
                         slack                                 15.736    

Slack (MET) :             15.736ns  (required time - arrival time)
  Source:                 student_top_inst/bridge_inst/counter_inst/cnt_1ms_reg[8]/C
                            (rising edge-triggered cell FDRE clocked by clk_out1_pll  {rise@0.000ns fall@10.000ns period=20.000ns})
  Destination:            student_top_inst/bridge_inst/counter_inst/cnt_ms_reg[7]/CE
                            (rising edge-triggered cell FDRE clocked by clk_out1_pll  {rise@0.000ns fall@10.000ns period=20.000ns})
  Path Group:             clk_out1_pll
  Path Type:              Setup (Max at Slow Process Corner)
  Requirement:            20.000ns  (clk_out1_pll rise@20.000ns - clk_out1_pll rise@0.000ns)
  Data Path Delay:        3.767ns  (logic 0.362ns (9.610%)  route 3.405ns (90.390%))
  Logic Levels:           3  (LUT2=1 LUT4=1 LUT6=1)
  Clock Path Skew:        -0.127ns (DCD - SCD + CPR)
    Destination Clock Delay (DCD):    4.486ns = ( 24.486 - 20.000 ) 
    Source Clock Delay      (SCD):    4.942ns
    Clock Pessimism Removal (CPR):    0.328ns
  Clock Uncertainty:      0.074ns  ((TSJ^2 + DJ^2)^1/2) / 2 + PE
    Total System Jitter     (TSJ):    0.071ns
    Discrete Jitter          (DJ):    0.129ns
    Phase Error              (PE):    0.000ns

    Location             Delay type                Incr(ns)  Path(ns)    Netlist Resource(s)
  -------------------------------------------------------------------    -------------------
                         (clock clk_out1_pll rise edge)
                                                      0.000     0.000 r  
    AD12                                              0.000     0.000 r  i_sys_clk_p (IN)
                         net (fo=0)                   0.000     0.000    pll_inst/inst/clk_in1_p
    AD12                 IBUFDS (Prop_ibufds_I_O)     0.906     0.906 r  pll_inst/inst/clkin1_ibufgds/O
                         net (fo=1, routed)           2.299     3.205    pll_inst/inst/clk_in1_pll_buf
    BUFGCTRL_X0Y3        BUFG (Prop_bufg_I_O)         0.093     3.298 r  pll_inst/inst/clkin1_bufg1/O
                         net (fo=1, routed)           1.959     5.257    pll_inst/inst/clk_in1_pll
    PLLE2_ADV_X1Y0       PLLE2_ADV (Prop_plle2_adv_CLKIN1_CLKOUT0)
                                                     -4.519     0.738 r  pll_inst/inst/plle2_adv_inst/CLKOUT0
                         net (fo=1, routed)           2.467     3.205    pll_inst/inst/clk_out1_pll
    BUFGCTRL_X0Y1        BUFG (Prop_bufg_I_O)         0.093     3.298 r  pll_inst/inst/clkout1_buf/O
                         net (fo=434, routed)         1.644     4.942    student_top_inst/bridge_inst/counter_inst/CLK
    SLICE_X13Y95         FDRE                                         r  student_top_inst/bridge_inst/counter_inst/cnt_1ms_reg[8]/C
  -------------------------------------------------------------------    -------------------
    SLICE_X13Y95         FDRE (Prop_fdre_C_Q)         0.223     5.165 r  student_top_inst/bridge_inst/counter_inst/cnt_1ms_reg[8]/Q
                         net (fo=2, routed)           0.455     5.620    student_top_inst/bridge_inst/counter_inst/cnt_1ms_reg[15]_0[7]
    SLICE_X12Y93         LUT4 (Prop_lut4_I2_O)        0.043     5.663 f  student_top_inst/bridge_inst/counter_inst/cnt_1ms[0]_i_3/O
                         net (fo=1, routed)           0.444     6.106    student_top_inst/bridge_inst/counter_inst/cnt_1ms[0]_i_3_n_0
    SLICE_X12Y94         LUT6 (Prop_lut6_I0_O)        0.043     6.149 r  student_top_inst/bridge_inst/counter_inst/cnt_1ms[0]_i_2/O
                         net (fo=2, routed)           0.567     6.716    student_top_inst/bridge_inst/counter_inst/cnt_1ms[0]_i_2_n_0
    SLICE_X18Y89         LUT2 (Prop_lut2_I1_O)        0.053     6.769 r  student_top_inst/bridge_inst/counter_inst/cnt_ms[0]_i_1/O
                         net (fo=32, routed)          1.940     8.709    student_top_inst/bridge_inst/counter_inst/cnt_ms[0]_i_1_n_0
    SLICE_X61Y63         FDRE                                         r  student_top_inst/bridge_inst/counter_inst/cnt_ms_reg[7]/CE
  -------------------------------------------------------------------    -------------------

                         (clock clk_out1_pll rise edge)
                                                     20.000    20.000 r  
    AD12                                              0.000    20.000 r  i_sys_clk_p (IN)
                         net (fo=0)                   0.000    20.000    pll_inst/inst/clk_in1_p
    AD12                 IBUFDS (Prop_ibufds_I_O)     0.803    20.803 r  pll_inst/inst/clkin1_ibufgds/O
                         net (fo=1, routed)           2.173    22.976    pll_inst/inst/clk_in1_pll_buf
    BUFGCTRL_X0Y3        BUFG (Prop_bufg_I_O)         0.083    23.059 r  pll_inst/inst/clkin1_bufg1/O
                         net (fo=1, routed)           1.796    24.855    pll_inst/inst/clk_in1_pll
    PLLE2_ADV_X1Y0       PLLE2_ADV (Prop_plle2_adv_CLKIN1_CLKOUT0)
                                                     -4.213    20.642 r  pll_inst/inst/plle2_adv_inst/CLKOUT0
                         net (fo=1, routed)           2.334    22.976    pll_inst/inst/clk_out1_pll
    BUFGCTRL_X0Y1        BUFG (Prop_bufg_I_O)         0.083    23.059 r  pll_inst/inst/clkout1_buf/O
                         net (fo=434, routed)         1.427    24.486    student_top_inst/bridge_inst/counter_inst/CLK
    SLICE_X61Y63         FDRE                                         r  student_top_inst/bridge_inst/counter_inst/cnt_ms_reg[7]/C
                         clock pessimism              0.328    24.815    
                         clock uncertainty           -0.074    24.741    
    SLICE_X61Y63         FDRE (Setup_fdre_C_CE)      -0.296    24.445    student_top_inst/bridge_inst/counter_inst/cnt_ms_reg[7]
  -------------------------------------------------------------------
                         required time                         24.445    
                         arrival time                          -8.709    
  -------------------------------------------------------------------
                         slack                                 15.736    

Slack (MET) :             15.818ns  (required time - arrival time)
  Source:                 student_top_inst/bridge_inst/counter_inst/cnt_1ms_reg[8]/C
                            (rising edge-triggered cell FDRE clocked by clk_out1_pll  {rise@0.000ns fall@10.000ns period=20.000ns})
  Destination:            student_top_inst/bridge_inst/counter_inst/cnt_ms_reg[10]/CE
                            (rising edge-triggered cell FDRE clocked by clk_out1_pll  {rise@0.000ns fall@10.000ns period=20.000ns})
  Path Group:             clk_out1_pll
  Path Type:              Setup (Max at Slow Process Corner)
  Requirement:            20.000ns  (clk_out1_pll rise@20.000ns - clk_out1_pll rise@0.000ns)
  Data Path Delay:        3.685ns  (logic 0.362ns (9.825%)  route 3.323ns (90.175%))
  Logic Levels:           3  (LUT2=1 LUT4=1 LUT6=1)
  Clock Path Skew:        -0.128ns (DCD - SCD + CPR)
    Destination Clock Delay (DCD):    4.485ns = ( 24.485 - 20.000 ) 
    Source Clock Delay      (SCD):    4.942ns
    Clock Pessimism Removal (CPR):    0.328ns
  Clock Uncertainty:      0.074ns  ((TSJ^2 + DJ^2)^1/2) / 2 + PE
    Total System Jitter     (TSJ):    0.071ns
    Discrete Jitter          (DJ):    0.129ns
    Phase Error              (PE):    0.000ns

    Location             Delay type                Incr(ns)  Path(ns)    Netlist Resource(s)
  -------------------------------------------------------------------    -------------------
                         (clock clk_out1_pll rise edge)
                                                      0.000     0.000 r  
    AD12                                              0.000     0.000 r  i_sys_clk_p (IN)
                         net (fo=0)                   0.000     0.000    pll_inst/inst/clk_in1_p
    AD12                 IBUFDS (Prop_ibufds_I_O)     0.906     0.906 r  pll_inst/inst/clkin1_ibufgds/O
                         net (fo=1, routed)           2.299     3.205    pll_inst/inst/clk_in1_pll_buf
    BUFGCTRL_X0Y3        BUFG (Prop_bufg_I_O)         0.093     3.298 r  pll_inst/inst/clkin1_bufg1/O
                         net (fo=1, routed)           1.959     5.257    pll_inst/inst/clk_in1_pll
    PLLE2_ADV_X1Y0       PLLE2_ADV (Prop_plle2_adv_CLKIN1_CLKOUT0)
                                                     -4.519     0.738 r  pll_inst/inst/plle2_adv_inst/CLKOUT0
                         net (fo=1, routed)           2.467     3.205    pll_inst/inst/clk_out1_pll
    BUFGCTRL_X0Y1        BUFG (Prop_bufg_I_O)         0.093     3.298 r  pll_inst/inst/clkout1_buf/O
                         net (fo=434, routed)         1.644     4.942    student_top_inst/bridge_inst/counter_inst/CLK
    SLICE_X13Y95         FDRE                                         r  student_top_inst/bridge_inst/counter_inst/cnt_1ms_reg[8]/C
  -------------------------------------------------------------------    -------------------
    SLICE_X13Y95         FDRE (Prop_fdre_C_Q)         0.223     5.165 r  student_top_inst/bridge_inst/counter_inst/cnt_1ms_reg[8]/Q
                         net (fo=2, routed)           0.455     5.620    student_top_inst/bridge_inst/counter_inst/cnt_1ms_reg[15]_0[7]
    SLICE_X12Y93         LUT4 (Prop_lut4_I2_O)        0.043     5.663 f  student_top_inst/bridge_inst/counter_inst/cnt_1ms[0]_i_3/O
                         net (fo=1, routed)           0.444     6.106    student_top_inst/bridge_inst/counter_inst/cnt_1ms[0]_i_3_n_0
    SLICE_X12Y94         LUT6 (Prop_lut6_I0_O)        0.043     6.149 r  student_top_inst/bridge_inst/counter_inst/cnt_1ms[0]_i_2/O
                         net (fo=2, routed)           0.567     6.716    student_top_inst/bridge_inst/counter_inst/cnt_1ms[0]_i_2_n_0
    SLICE_X18Y89         LUT2 (Prop_lut2_I1_O)        0.053     6.769 r  student_top_inst/bridge_inst/counter_inst/cnt_ms[0]_i_1/O
                         net (fo=32, routed)          1.857     8.626    student_top_inst/bridge_inst/counter_inst/cnt_ms[0]_i_1_n_0
    SLICE_X61Y64         FDRE                                         r  student_top_inst/bridge_inst/counter_inst/cnt_ms_reg[10]/CE
  -------------------------------------------------------------------    -------------------

                         (clock clk_out1_pll rise edge)
                                                     20.000    20.000 r  
    AD12                                              0.000    20.000 r  i_sys_clk_p (IN)
                         net (fo=0)                   0.000    20.000    pll_inst/inst/clk_in1_p
    AD12                 IBUFDS (Prop_ibufds_I_O)     0.803    20.803 r  pll_inst/inst/clkin1_ibufgds/O
                         net (fo=1, routed)           2.173    22.976    pll_inst/inst/clk_in1_pll_buf
    BUFGCTRL_X0Y3        BUFG (Prop_bufg_I_O)         0.083    23.059 r  pll_inst/inst/clkin1_bufg1/O
                         net (fo=1, routed)           1.796    24.855    pll_inst/inst/clk_in1_pll
    PLLE2_ADV_X1Y0       PLLE2_ADV (Prop_plle2_adv_CLKIN1_CLKOUT0)
                                                     -4.213    20.642 r  pll_inst/inst/plle2_adv_inst/CLKOUT0
                         net (fo=1, routed)           2.334    22.976    pll_inst/inst/clk_out1_pll
    BUFGCTRL_X0Y1        BUFG (Prop_bufg_I_O)         0.083    23.059 r  pll_inst/inst/clkout1_buf/O
                         net (fo=434, routed)         1.426    24.485    student_top_inst/bridge_inst/counter_inst/CLK
    SLICE_X61Y64         FDRE                                         r  student_top_inst/bridge_inst/counter_inst/cnt_ms_reg[10]/C
                         clock pessimism              0.328    24.814    
                         clock uncertainty           -0.074    24.740    
    SLICE_X61Y64         FDRE (Setup_fdre_C_CE)      -0.296    24.444    student_top_inst/bridge_inst/counter_inst/cnt_ms_reg[10]
  -------------------------------------------------------------------
                         required time                         24.444    
                         arrival time                          -8.626    
  -------------------------------------------------------------------
                         slack                                 15.818    

Slack (MET) :             15.818ns  (required time - arrival time)
  Source:                 student_top_inst/bridge_inst/counter_inst/cnt_1ms_reg[8]/C
                            (rising edge-triggered cell FDRE clocked by clk_out1_pll  {rise@0.000ns fall@10.000ns period=20.000ns})
  Destination:            student_top_inst/bridge_inst/counter_inst/cnt_ms_reg[11]/CE
                            (rising edge-triggered cell FDRE clocked by clk_out1_pll  {rise@0.000ns fall@10.000ns period=20.000ns})
  Path Group:             clk_out1_pll
  Path Type:              Setup (Max at Slow Process Corner)
  Requirement:            20.000ns  (clk_out1_pll rise@20.000ns - clk_out1_pll rise@0.000ns)
  Data Path Delay:        3.685ns  (logic 0.362ns (9.825%)  route 3.323ns (90.175%))
  Logic Levels:           3  (LUT2=1 LUT4=1 LUT6=1)
  Clock Path Skew:        -0.128ns (DCD - SCD + CPR)
    Destination Clock Delay (DCD):    4.485ns = ( 24.485 - 20.000 ) 
    Source Clock Delay      (SCD):    4.942ns
    Clock Pessimism Removal (CPR):    0.328ns
  Clock Uncertainty:      0.074ns  ((TSJ^2 + DJ^2)^1/2) / 2 + PE
    Total System Jitter     (TSJ):    0.071ns
    Discrete Jitter          (DJ):    0.129ns
    Phase Error              (PE):    0.000ns

    Location             Delay type                Incr(ns)  Path(ns)    Netlist Resource(s)
  -------------------------------------------------------------------    -------------------
                         (clock clk_out1_pll rise edge)
                                                      0.000     0.000 r  
    AD12                                              0.000     0.000 r  i_sys_clk_p (IN)
                         net (fo=0)                   0.000     0.000    pll_inst/inst/clk_in1_p
    AD12                 IBUFDS (Prop_ibufds_I_O)     0.906     0.906 r  pll_inst/inst/clkin1_ibufgds/O
                         net (fo=1, routed)           2.299     3.205    pll_inst/inst/clk_in1_pll_buf
    BUFGCTRL_X0Y3        BUFG (Prop_bufg_I_O)         0.093     3.298 r  pll_inst/inst/clkin1_bufg1/O
                         net (fo=1, routed)           1.959     5.257    pll_inst/inst/clk_in1_pll
    PLLE2_ADV_X1Y0       PLLE2_ADV (Prop_plle2_adv_CLKIN1_CLKOUT0)
                                                     -4.519     0.738 r  pll_inst/inst/plle2_adv_inst/CLKOUT0
                         net (fo=1, routed)           2.467     3.205    pll_inst/inst/clk_out1_pll
    BUFGCTRL_X0Y1        BUFG (Prop_bufg_I_O)         0.093     3.298 r  pll_inst/inst/clkout1_buf/O
                         net (fo=434, routed)         1.644     4.942    student_top_inst/bridge_inst/counter_inst/CLK
    SLICE_X13Y95         FDRE                                         r  student_top_inst/bridge_inst/counter_inst/cnt_1ms_reg[8]/C
  -------------------------------------------------------------------    -------------------
    SLICE_X13Y95         FDRE (Prop_fdre_C_Q)         0.223     5.165 r  student_top_inst/bridge_inst/counter_inst/cnt_1ms_reg[8]/Q
                         net (fo=2, routed)           0.455     5.620    student_top_inst/bridge_inst/counter_inst/cnt_1ms_reg[15]_0[7]
    SLICE_X12Y93         LUT4 (Prop_lut4_I2_O)        0.043     5.663 f  student_top_inst/bridge_inst/counter_inst/cnt_1ms[0]_i_3/O
                         net (fo=1, routed)           0.444     6.106    student_top_inst/bridge_inst/counter_inst/cnt_1ms[0]_i_3_n_0
    SLICE_X12Y94         LUT6 (Prop_lut6_I0_O)        0.043     6.149 r  student_top_inst/bridge_inst/counter_inst/cnt_1ms[0]_i_2/O
                         net (fo=2, routed)           0.567     6.716    student_top_inst/bridge_inst/counter_inst/cnt_1ms[0]_i_2_n_0
    SLICE_X18Y89         LUT2 (Prop_lut2_I1_O)        0.053     6.769 r  student_top_inst/bridge_inst/counter_inst/cnt_ms[0]_i_1/O
                         net (fo=32, routed)          1.857     8.626    student_top_inst/bridge_inst/counter_inst/cnt_ms[0]_i_1_n_0
    SLICE_X61Y64         FDRE                                         r  student_top_inst/bridge_inst/counter_inst/cnt_ms_reg[11]/CE
  -------------------------------------------------------------------    -------------------

                         (clock clk_out1_pll rise edge)
                                                     20.000    20.000 r  
    AD12                                              0.000    20.000 r  i_sys_clk_p (IN)
                         net (fo=0)                   0.000    20.000    pll_inst/inst/clk_in1_p
    AD12                 IBUFDS (Prop_ibufds_I_O)     0.803    20.803 r  pll_inst/inst/clkin1_ibufgds/O
                         net (fo=1, routed)           2.173    22.976    pll_inst/inst/clk_in1_pll_buf
    BUFGCTRL_X0Y3        BUFG (Prop_bufg_I_O)         0.083    23.059 r  pll_inst/inst/clkin1_bufg1/O
                         net (fo=1, routed)           1.796    24.855    pll_inst/inst/clk_in1_pll
    PLLE2_ADV_X1Y0       PLLE2_ADV (Prop_plle2_adv_CLKIN1_CLKOUT0)
                                                     -4.213    20.642 r  pll_inst/inst/plle2_adv_inst/CLKOUT0
                         net (fo=1, routed)           2.334    22.976    pll_inst/inst/clk_out1_pll
    BUFGCTRL_X0Y1        BUFG (Prop_bufg_I_O)         0.083    23.059 r  pll_inst/inst/clkout1_buf/O
                         net (fo=434, routed)         1.426    24.485    student_top_inst/bridge_inst/counter_inst/CLK
    SLICE_X61Y64         FDRE                                         r  student_top_inst/bridge_inst/counter_inst/cnt_ms_reg[11]/C
                         clock pessimism              0.328    24.814    
                         clock uncertainty           -0.074    24.740    
    SLICE_X61Y64         FDRE (Setup_fdre_C_CE)      -0.296    24.444    student_top_inst/bridge_inst/counter_inst/cnt_ms_reg[11]
  -------------------------------------------------------------------
                         required time                         24.444    
                         arrival time                          -8.626    
  -------------------------------------------------------------------
                         slack                                 15.818    





Min Delay Paths
--------------------------------------------------------------------------------------
Slack (MET) :             0.121ns  (arrival time - required time)
  Source:                 uart_inst/rx_ready_pulse_reg/C
                            (rising edge-triggered cell FDCE clocked by clk_out1_pll  {rise@0.000ns fall@10.000ns period=20.000ns})
  Destination:            uart_inst/rx_ready_cnt_reg[12]/D
                            (rising edge-triggered cell FDCE clocked by clk_out1_pll  {rise@0.000ns fall@10.000ns period=20.000ns})
  Path Group:             clk_out1_pll
  Path Type:              Hold (Min at Fast Process Corner)
  Requirement:            0.000ns  (clk_out1_pll rise@0.000ns - clk_out1_pll rise@0.000ns)
  Data Path Delay:        0.228ns  (logic 0.130ns (57.102%)  route 0.098ns (42.898%))
  Logic Levels:           1  (LUT2=1)
  Clock Path Skew:        0.011ns (DCD - SCD - CPR)
    Destination Clock Delay (DCD):    2.548ns
    Source Clock Delay      (SCD):    2.170ns
    Clock Pessimism Removal (CPR):    0.366ns

    Location             Delay type                Incr(ns)  Path(ns)    Netlist Resource(s)
  -------------------------------------------------------------------    -------------------
                         (clock clk_out1_pll rise edge)
                                                      0.000     0.000 r  
    AD12                                              0.000     0.000 r  i_sys_clk_p (IN)
                         net (fo=0)                   0.000     0.000    pll_inst/inst/clk_in1_p
    AD12                 IBUFDS (Prop_ibufds_I_O)     0.388     0.388 r  pll_inst/inst/clkin1_ibufgds/O
                         net (fo=1, routed)           1.083     1.471    pll_inst/inst/clk_in1_pll_buf
    BUFGCTRL_X0Y3        BUFG (Prop_bufg_I_O)         0.026     1.497 r  pll_inst/inst/clkin1_bufg1/O
                         net (fo=1, routed)           0.767     2.264    pll_inst/inst/clk_in1_pll
    PLLE2_ADV_X1Y0       PLLE2_ADV (Prop_plle2_adv_CLKIN1_CLKOUT0)
                                                     -1.938     0.326 r  pll_inst/inst/plle2_adv_inst/CLKOUT0
                         net (fo=1, routed)           1.145     1.471    pll_inst/inst/clk_out1_pll
    BUFGCTRL_X0Y1        BUFG (Prop_bufg_I_O)         0.026     1.497 r  pll_inst/inst/clkout1_buf/O
                         net (fo=434, routed)         0.673     2.170    uart_inst/clk_out1
    SLICE_X7Y108         FDCE                                         r  uart_inst/rx_ready_pulse_reg/C
  -------------------------------------------------------------------    -------------------
    SLICE_X7Y108         FDCE (Prop_fdce_C_Q)         0.100     2.270 f  uart_inst/rx_ready_pulse_reg/Q
                         net (fo=15, routed)          0.098     2.368    uart_inst/rx_ready_pulse_reg_n_0
    SLICE_X6Y108         LUT2 (Prop_lut2_I1_O)        0.030     2.398 r  uart_inst/rx_ready_cnt[12]_i_2/O
                         net (fo=1, routed)           0.000     2.398    uart_inst/p_1_in[12]
    SLICE_X6Y108         FDCE                                         r  uart_inst/rx_ready_cnt_reg[12]/D
  -------------------------------------------------------------------    -------------------

                         (clock clk_out1_pll rise edge)
                                                      0.000     0.000 r  
    AD12                                              0.000     0.000 r  i_sys_clk_p (IN)
                         net (fo=0)                   0.000     0.000    pll_inst/inst/clk_in1_p
    AD12                 IBUFDS (Prop_ibufds_I_O)     0.470     0.470 r  pll_inst/inst/clkin1_ibufgds/O
                         net (fo=1, routed)           1.154     1.624    pll_inst/inst/clk_in1_pll_buf
    BUFGCTRL_X0Y3        BUFG (Prop_bufg_I_O)         0.030     1.654 r  pll_inst/inst/clkin1_bufg1/O
                         net (fo=1, routed)           1.037     2.691    pll_inst/inst/clk_in1_pll
    PLLE2_ADV_X1Y0       PLLE2_ADV (Prop_plle2_adv_CLKIN1_CLKOUT0)
                                                     -2.283     0.408 r  pll_inst/inst/plle2_adv_inst/CLKOUT0
                         net (fo=1, routed)           1.216     1.624    pll_inst/inst/clk_out1_pll
    BUFGCTRL_X0Y1        BUFG (Prop_bufg_I_O)         0.030     1.654 r  pll_inst/inst/clkout1_buf/O
                         net (fo=434, routed)         0.894     2.548    uart_inst/clk_out1
    SLICE_X6Y108         FDCE                                         r  uart_inst/rx_ready_cnt_reg[12]/C
                         clock pessimism             -0.366     2.181    
    SLICE_X6Y108         FDCE (Hold_fdce_C_D)         0.096     2.277    uart_inst/rx_ready_cnt_reg[12]
  -------------------------------------------------------------------
                         required time                         -2.277    
                         arrival time                           2.398    
  -------------------------------------------------------------------
                         slack                                  0.121    

Slack (MET) :             0.123ns  (arrival time - required time)
  Source:                 student_top_inst/bridge_inst/LED_cnt_reg[13]/C
                            (rising edge-triggered cell FDCE clocked by clk_out1_pll  {rise@0.000ns fall@10.000ns period=20.000ns})
  Destination:            twin_controller_inst/status_buffer_reg[15][5]/D
                            (rising edge-triggered cell FDCE clocked by clk_out1_pll  {rise@0.000ns fall@10.000ns period=20.000ns})
  Path Group:             clk_out1_pll
  Path Type:              Hold (Min at Fast Process Corner)
  Requirement:            0.000ns  (clk_out1_pll rise@0.000ns - clk_out1_pll rise@0.000ns)
  Data Path Delay:        0.215ns  (logic 0.100ns (46.547%)  route 0.115ns (53.453%))
  Logic Levels:           0  
  Clock Path Skew:        0.033ns (DCD - SCD - CPR)
    Destination Clock Delay (DCD):    2.518ns
    Source Clock Delay      (SCD):    2.140ns
    Clock Pessimism Removal (CPR):    0.344ns

    Location             Delay type                Incr(ns)  Path(ns)    Netlist Resource(s)
  -------------------------------------------------------------------    -------------------
                         (clock clk_out1_pll rise edge)
                                                      0.000     0.000 r  
    AD12                                              0.000     0.000 r  i_sys_clk_p (IN)
                         net (fo=0)                   0.000     0.000    pll_inst/inst/clk_in1_p
    AD12                 IBUFDS (Prop_ibufds_I_O)     0.388     0.388 r  pll_inst/inst/clkin1_ibufgds/O
                         net (fo=1, routed)           1.083     1.471    pll_inst/inst/clk_in1_pll_buf
    BUFGCTRL_X0Y3        BUFG (Prop_bufg_I_O)         0.026     1.497 r  pll_inst/inst/clkin1_bufg1/O
                         net (fo=1, routed)           0.767     2.264    pll_inst/inst/clk_in1_pll
    PLLE2_ADV_X1Y0       PLLE2_ADV (Prop_plle2_adv_CLKIN1_CLKOUT0)
                                                     -1.938     0.326 r  pll_inst/inst/plle2_adv_inst/CLKOUT0
                         net (fo=1, routed)           1.145     1.471    pll_inst/inst/clk_out1_pll
    BUFGCTRL_X0Y1        BUFG (Prop_bufg_I_O)         0.026     1.497 r  pll_inst/inst/clkout1_buf/O
                         net (fo=434, routed)         0.643     2.140    student_top_inst/bridge_inst/CLK
    SLICE_X17Y100        FDCE                                         r  student_top_inst/bridge_inst/LED_cnt_reg[13]/C
  -------------------------------------------------------------------    -------------------
    SLICE_X17Y100        FDCE (Prop_fdce_C_Q)         0.100     2.240 r  student_top_inst/bridge_inst/LED_cnt_reg[13]/Q
                         net (fo=2, routed)           0.115     2.355    twin_controller_inst/status_buffer_reg[17][7]_0[13]
    SLICE_X14Y101        FDCE                                         r  twin_controller_inst/status_buffer_reg[15][5]/D
  -------------------------------------------------------------------    -------------------

                         (clock clk_out1_pll rise edge)
                                                      0.000     0.000 r  
    AD12                                              0.000     0.000 r  i_sys_clk_p (IN)
                         net (fo=0)                   0.000     0.000    pll_inst/inst/clk_in1_p
    AD12                 IBUFDS (Prop_ibufds_I_O)     0.470     0.470 r  pll_inst/inst/clkin1_ibufgds/O
                         net (fo=1, routed)           1.154     1.624    pll_inst/inst/clk_in1_pll_buf
    BUFGCTRL_X0Y3        BUFG (Prop_bufg_I_O)         0.030     1.654 r  pll_inst/inst/clkin1_bufg1/O
                         net (fo=1, routed)           1.037     2.691    pll_inst/inst/clk_in1_pll
    PLLE2_ADV_X1Y0       PLLE2_ADV (Prop_plle2_adv_CLKIN1_CLKOUT0)
                                                     -2.283     0.408 r  pll_inst/inst/plle2_adv_inst/CLKOUT0
                         net (fo=1, routed)           1.216     1.624    pll_inst/inst/clk_out1_pll
    BUFGCTRL_X0Y1        BUFG (Prop_bufg_I_O)         0.030     1.654 r  pll_inst/inst/clkout1_buf/O
                         net (fo=434, routed)         0.864     2.518    twin_controller_inst/CLK
    SLICE_X14Y101        FDCE                                         r  twin_controller_inst/status_buffer_reg[15][5]/C
                         clock pessimism             -0.344     2.173    
    SLICE_X14Y101        FDCE (Hold_fdce_C_D)         0.059     2.232    twin_controller_inst/status_buffer_reg[15][5]
  -------------------------------------------------------------------
                         required time                         -2.232    
                         arrival time                           2.355    
  -------------------------------------------------------------------
                         slack                                  0.123    

Slack (MET) :             0.124ns  (arrival time - required time)
  Source:                 twin_controller_inst/sw_reg[22]/C
                            (rising edge-triggered cell FDCE clocked by clk_out1_pll  {rise@0.000ns fall@10.000ns period=20.000ns})
  Destination:            twin_controller_inst/status_buffer_reg[8][6]/D
                            (rising edge-triggered cell FDCE clocked by clk_out1_pll  {rise@0.000ns fall@10.000ns period=20.000ns})
  Path Group:             clk_out1_pll
  Path Type:              Hold (Min at Fast Process Corner)
  Requirement:            0.000ns  (clk_out1_pll rise@0.000ns - clk_out1_pll rise@0.000ns)
  Data Path Delay:        0.309ns  (logic 0.100ns (32.344%)  route 0.209ns (67.656%))
  Logic Levels:           0  
  Clock Path Skew:        0.141ns (DCD - SCD - CPR)
    Destination Clock Delay (DCD):    2.519ns
    Source Clock Delay      (SCD):    2.193ns
    Clock Pessimism Removal (CPR):    0.184ns

    Location             Delay type                Incr(ns)  Path(ns)    Netlist Resource(s)
  -------------------------------------------------------------------    -------------------
                         (clock clk_out1_pll rise edge)
                                                      0.000     0.000 r  
    AD12                                              0.000     0.000 r  i_sys_clk_p (IN)
                         net (fo=0)                   0.000     0.000    pll_inst/inst/clk_in1_p
    AD12                 IBUFDS (Prop_ibufds_I_O)     0.388     0.388 r  pll_inst/inst/clkin1_ibufgds/O
                         net (fo=1, routed)           1.083     1.471    pll_inst/inst/clk_in1_pll_buf
    BUFGCTRL_X0Y3        BUFG (Prop_bufg_I_O)         0.026     1.497 r  pll_inst/inst/clkin1_bufg1/O
                         net (fo=1, routed)           0.767     2.264    pll_inst/inst/clk_in1_pll
    PLLE2_ADV_X1Y0       PLLE2_ADV (Prop_plle2_adv_CLKIN1_CLKOUT0)
                                                     -1.938     0.326 r  pll_inst/inst/plle2_adv_inst/CLKOUT0
                         net (fo=1, routed)           1.145     1.471    pll_inst/inst/clk_out1_pll
    BUFGCTRL_X0Y1        BUFG (Prop_bufg_I_O)         0.026     1.497 r  pll_inst/inst/clkout1_buf/O
                         net (fo=434, routed)         0.696     2.193    twin_controller_inst/CLK
    SLICE_X13Y98         FDCE                                         r  twin_controller_inst/sw_reg[22]/C
  -------------------------------------------------------------------    -------------------
    SLICE_X13Y98         FDCE (Prop_fdce_C_Q)         0.100     2.293 r  twin_controller_inst/sw_reg[22]/Q
                         net (fo=3, routed)           0.209     2.503    twin_controller_inst/sw_reg[63]_0[22]
    SLICE_X11Y100        FDCE                                         r  twin_controller_inst/status_buffer_reg[8][6]/D
  -------------------------------------------------------------------    -------------------

                         (clock clk_out1_pll rise edge)
                                                      0.000     0.000 r  
    AD12                                              0.000     0.000 r  i_sys_clk_p (IN)
                         net (fo=0)                   0.000     0.000    pll_inst/inst/clk_in1_p
    AD12                 IBUFDS (Prop_ibufds_I_O)     0.470     0.470 r  pll_inst/inst/clkin1_ibufgds/O
                         net (fo=1, routed)           1.154     1.624    pll_inst/inst/clk_in1_pll_buf
    BUFGCTRL_X0Y3        BUFG (Prop_bufg_I_O)         0.030     1.654 r  pll_inst/inst/clkin1_bufg1/O
                         net (fo=1, routed)           1.037     2.691    pll_inst/inst/clk_in1_pll
    PLLE2_ADV_X1Y0       PLLE2_ADV (Prop_plle2_adv_CLKIN1_CLKOUT0)
                                                     -2.283     0.408 r  pll_inst/inst/plle2_adv_inst/CLKOUT0
                         net (fo=1, routed)           1.216     1.624    pll_inst/inst/clk_out1_pll
    BUFGCTRL_X0Y1        BUFG (Prop_bufg_I_O)         0.030     1.654 r  pll_inst/inst/clkout1_buf/O
                         net (fo=434, routed)         0.865     2.519    twin_controller_inst/CLK
    SLICE_X11Y100        FDCE                                         r  twin_controller_inst/status_buffer_reg[8][6]/C
                         clock pessimism             -0.184     2.334    
    SLICE_X11Y100        FDCE (Hold_fdce_C_D)         0.044     2.378    twin_controller_inst/status_buffer_reg[8][6]
  -------------------------------------------------------------------
                         required time                         -2.378    
                         arrival time                           2.503    
  -------------------------------------------------------------------
                         slack                                  0.124    

Slack (MET) :             0.125ns  (arrival time - required time)
  Source:                 uart_inst/rx_ready_pulse_reg/C
                            (rising edge-triggered cell FDCE clocked by clk_out1_pll  {rise@0.000ns fall@10.000ns period=20.000ns})
  Destination:            uart_inst/rx_ready_cnt_reg[9]/D
                            (rising edge-triggered cell FDCE clocked by clk_out1_pll  {rise@0.000ns fall@10.000ns period=20.000ns})
  Path Group:             clk_out1_pll
  Path Type:              Hold (Min at Fast Process Corner)
  Requirement:            0.000ns  (clk_out1_pll rise@0.000ns - clk_out1_pll rise@0.000ns)
  Data Path Delay:        0.232ns  (logic 0.132ns (56.980%)  route 0.100ns (43.020%))
  Logic Levels:           1  (LUT2=1)
  Clock Path Skew:        0.011ns (DCD - SCD - CPR)
    Destination Clock Delay (DCD):    2.548ns
    Source Clock Delay      (SCD):    2.170ns
    Clock Pessimism Removal (CPR):    0.366ns

    Location             Delay type                Incr(ns)  Path(ns)    Netlist Resource(s)
  -------------------------------------------------------------------    -------------------
                         (clock clk_out1_pll rise edge)
                                                      0.000     0.000 r  
    AD12                                              0.000     0.000 r  i_sys_clk_p (IN)
                         net (fo=0)                   0.000     0.000    pll_inst/inst/clk_in1_p
    AD12                 IBUFDS (Prop_ibufds_I_O)     0.388     0.388 r  pll_inst/inst/clkin1_ibufgds/O
                         net (fo=1, routed)           1.083     1.471    pll_inst/inst/clk_in1_pll_buf
    BUFGCTRL_X0Y3        BUFG (Prop_bufg_I_O)         0.026     1.497 r  pll_inst/inst/clkin1_bufg1/O
                         net (fo=1, routed)           0.767     2.264    pll_inst/inst/clk_in1_pll
    PLLE2_ADV_X1Y0       PLLE2_ADV (Prop_plle2_adv_CLKIN1_CLKOUT0)
                                                     -1.938     0.326 r  pll_inst/inst/plle2_adv_inst/CLKOUT0
                         net (fo=1, routed)           1.145     1.471    pll_inst/inst/clk_out1_pll
    BUFGCTRL_X0Y1        BUFG (Prop_bufg_I_O)         0.026     1.497 r  pll_inst/inst/clkout1_buf/O
                         net (fo=434, routed)         0.673     2.170    uart_inst/clk_out1
    SLICE_X7Y108         FDCE                                         r  uart_inst/rx_ready_pulse_reg/C
  -------------------------------------------------------------------    -------------------
    SLICE_X7Y108         FDCE (Prop_fdce_C_Q)         0.100     2.270 f  uart_inst/rx_ready_pulse_reg/Q
                         net (fo=15, routed)          0.100     2.370    uart_inst/rx_ready_pulse_reg_n_0
    SLICE_X6Y108         LUT2 (Prop_lut2_I1_O)        0.032     2.402 r  uart_inst/rx_ready_cnt[9]_i_1/O
                         net (fo=1, routed)           0.000     2.402    uart_inst/p_1_in[9]
    SLICE_X6Y108         FDCE                                         r  uart_inst/rx_ready_cnt_reg[9]/D
  -------------------------------------------------------------------    -------------------

                         (clock clk_out1_pll rise edge)
                                                      0.000     0.000 r  
    AD12                                              0.000     0.000 r  i_sys_clk_p (IN)
                         net (fo=0)                   0.000     0.000    pll_inst/inst/clk_in1_p
    AD12                 IBUFDS (Prop_ibufds_I_O)     0.470     0.470 r  pll_inst/inst/clkin1_ibufgds/O
                         net (fo=1, routed)           1.154     1.624    pll_inst/inst/clk_in1_pll_buf
    BUFGCTRL_X0Y3        BUFG (Prop_bufg_I_O)         0.030     1.654 r  pll_inst/inst/clkin1_bufg1/O
                         net (fo=1, routed)           1.037     2.691    pll_inst/inst/clk_in1_pll
    PLLE2_ADV_X1Y0       PLLE2_ADV (Prop_plle2_adv_CLKIN1_CLKOUT0)
                                                     -2.283     0.408 r  pll_inst/inst/plle2_adv_inst/CLKOUT0
                         net (fo=1, routed)           1.216     1.624    pll_inst/inst/clk_out1_pll
    BUFGCTRL_X0Y1        BUFG (Prop_bufg_I_O)         0.030     1.654 r  pll_inst/inst/clkout1_buf/O
                         net (fo=434, routed)         0.894     2.548    uart_inst/clk_out1
    SLICE_X6Y108         FDCE                                         r  uart_inst/rx_ready_cnt_reg[9]/C
                         clock pessimism             -0.366     2.181    
    SLICE_X6Y108         FDCE (Hold_fdce_C_D)         0.096     2.277    uart_inst/rx_ready_cnt_reg[9]
  -------------------------------------------------------------------
                         required time                         -2.277    
                         arrival time                           2.402    
  -------------------------------------------------------------------
                         slack                                  0.125    

Slack (MET) :             0.125ns  (arrival time - required time)
  Source:                 twin_controller_inst/sw_reg[17]/C
                            (rising edge-triggered cell FDCE clocked by clk_out1_pll  {rise@0.000ns fall@10.000ns period=20.000ns})
  Destination:            twin_controller_inst/status_buffer_reg[8][1]/D
                            (rising edge-triggered cell FDCE clocked by clk_out1_pll  {rise@0.000ns fall@10.000ns period=20.000ns})
  Path Group:             clk_out1_pll
  Path Type:              Hold (Min at Fast Process Corner)
  Requirement:            0.000ns  (clk_out1_pll rise@0.000ns - clk_out1_pll rise@0.000ns)
  Data Path Delay:        0.309ns  (logic 0.118ns (38.138%)  route 0.191ns (61.862%))
  Logic Levels:           0  
  Clock Path Skew:        0.141ns (DCD - SCD - CPR)
    Destination Clock Delay (DCD):    2.519ns
    Source Clock Delay      (SCD):    2.193ns
    Clock Pessimism Removal (CPR):    0.184ns

    Location             Delay type                Incr(ns)  Path(ns)    Netlist Resource(s)
  -------------------------------------------------------------------    -------------------
                         (clock clk_out1_pll rise edge)
                                                      0.000     0.000 r  
    AD12                                              0.000     0.000 r  i_sys_clk_p (IN)
                         net (fo=0)                   0.000     0.000    pll_inst/inst/clk_in1_p
    AD12                 IBUFDS (Prop_ibufds_I_O)     0.388     0.388 r  pll_inst/inst/clkin1_ibufgds/O
                         net (fo=1, routed)           1.083     1.471    pll_inst/inst/clk_in1_pll_buf
    BUFGCTRL_X0Y3        BUFG (Prop_bufg_I_O)         0.026     1.497 r  pll_inst/inst/clkin1_bufg1/O
                         net (fo=1, routed)           0.767     2.264    pll_inst/inst/clk_in1_pll
    PLLE2_ADV_X1Y0       PLLE2_ADV (Prop_plle2_adv_CLKIN1_CLKOUT0)
                                                     -1.938     0.326 r  pll_inst/inst/plle2_adv_inst/CLKOUT0
                         net (fo=1, routed)           1.145     1.471    pll_inst/inst/clk_out1_pll
    BUFGCTRL_X0Y1        BUFG (Prop_bufg_I_O)         0.026     1.497 r  pll_inst/inst/clkout1_buf/O
                         net (fo=434, routed)         0.696     2.193    twin_controller_inst/CLK
    SLICE_X14Y99         FDCE                                         r  twin_controller_inst/sw_reg[17]/C
  -------------------------------------------------------------------    -------------------
    SLICE_X14Y99         FDCE (Prop_fdce_C_Q)         0.118     2.311 r  twin_controller_inst/sw_reg[17]/Q
                         net (fo=3, routed)           0.191     2.503    twin_controller_inst/sw_reg[63]_0[17]
    SLICE_X11Y101        FDCE                                         r  twin_controller_inst/status_buffer_reg[8][1]/D
  -------------------------------------------------------------------    -------------------

                         (clock clk_out1_pll rise edge)
                                                      0.000     0.000 r  
    AD12                                              0.000     0.000 r  i_sys_clk_p (IN)
                         net (fo=0)                   0.000     0.000    pll_inst/inst/clk_in1_p
    AD12                 IBUFDS (Prop_ibufds_I_O)     0.470     0.470 r  pll_inst/inst/clkin1_ibufgds/O
                         net (fo=1, routed)           1.154     1.624    pll_inst/inst/clk_in1_pll_buf
    BUFGCTRL_X0Y3        BUFG (Prop_bufg_I_O)         0.030     1.654 r  pll_inst/inst/clkin1_bufg1/O
                         net (fo=1, routed)           1.037     2.691    pll_inst/inst/clk_in1_pll
    PLLE2_ADV_X1Y0       PLLE2_ADV (Prop_plle2_adv_CLKIN1_CLKOUT0)
                                                     -2.283     0.408 r  pll_inst/inst/plle2_adv_inst/CLKOUT0
                         net (fo=1, routed)           1.216     1.624    pll_inst/inst/clk_out1_pll
    BUFGCTRL_X0Y1        BUFG (Prop_bufg_I_O)         0.030     1.654 r  pll_inst/inst/clkout1_buf/O
                         net (fo=434, routed)         0.865     2.519    twin_controller_inst/CLK
    SLICE_X11Y101        FDCE                                         r  twin_controller_inst/status_buffer_reg[8][1]/C
                         clock pessimism             -0.184     2.334    
    SLICE_X11Y101        FDCE (Hold_fdce_C_D)         0.043     2.377    twin_controller_inst/status_buffer_reg[8][1]
  -------------------------------------------------------------------
                         required time                         -2.377    
                         arrival time                           2.503    
  -------------------------------------------------------------------
                         slack                                  0.125    

Slack (MET) :             0.128ns  (arrival time - required time)
  Source:                 uart_inst/rx_ready_pulse_reg/C
                            (rising edge-triggered cell FDCE clocked by clk_out1_pll  {rise@0.000ns fall@10.000ns period=20.000ns})
  Destination:            uart_inst/rx_ready_cnt_reg[10]/D
                            (rising edge-triggered cell FDCE clocked by clk_out1_pll  {rise@0.000ns fall@10.000ns period=20.000ns})
  Path Group:             clk_out1_pll
  Path Type:              Hold (Min at Fast Process Corner)
  Requirement:            0.000ns  (clk_out1_pll rise@0.000ns - clk_out1_pll rise@0.000ns)
  Data Path Delay:        0.226ns  (logic 0.128ns (56.722%)  route 0.098ns (43.278%))
  Logic Levels:           1  (LUT2=1)
  Clock Path Skew:        0.011ns (DCD - SCD - CPR)
    Destination Clock Delay (DCD):    2.548ns
    Source Clock Delay      (SCD):    2.170ns
    Clock Pessimism Removal (CPR):    0.366ns

    Location             Delay type                Incr(ns)  Path(ns)    Netlist Resource(s)
  -------------------------------------------------------------------    -------------------
                         (clock clk_out1_pll rise edge)
                                                      0.000     0.000 r  
    AD12                                              0.000     0.000 r  i_sys_clk_p (IN)
                         net (fo=0)                   0.000     0.000    pll_inst/inst/clk_in1_p
    AD12                 IBUFDS (Prop_ibufds_I_O)     0.388     0.388 r  pll_inst/inst/clkin1_ibufgds/O
                         net (fo=1, routed)           1.083     1.471    pll_inst/inst/clk_in1_pll_buf
    BUFGCTRL_X0Y3        BUFG (Prop_bufg_I_O)         0.026     1.497 r  pll_inst/inst/clkin1_bufg1/O
                         net (fo=1, routed)           0.767     2.264    pll_inst/inst/clk_in1_pll
    PLLE2_ADV_X1Y0       PLLE2_ADV (Prop_plle2_adv_CLKIN1_CLKOUT0)
                                                     -1.938     0.326 r  pll_inst/inst/plle2_adv_inst/CLKOUT0
                         net (fo=1, routed)           1.145     1.471    pll_inst/inst/clk_out1_pll
    BUFGCTRL_X0Y1        BUFG (Prop_bufg_I_O)         0.026     1.497 r  pll_inst/inst/clkout1_buf/O
                         net (fo=434, routed)         0.673     2.170    uart_inst/clk_out1
    SLICE_X7Y108         FDCE                                         r  uart_inst/rx_ready_pulse_reg/C
  -------------------------------------------------------------------    -------------------
    SLICE_X7Y108         FDCE (Prop_fdce_C_Q)         0.100     2.270 f  uart_inst/rx_ready_pulse_reg/Q
                         net (fo=15, routed)          0.098     2.368    uart_inst/rx_ready_pulse_reg_n_0
    SLICE_X6Y108         LUT2 (Prop_lut2_I1_O)        0.028     2.396 r  uart_inst/rx_ready_cnt[10]_i_1/O
                         net (fo=1, routed)           0.000     2.396    uart_inst/p_1_in[10]
    SLICE_X6Y108         FDCE                                         r  uart_inst/rx_ready_cnt_reg[10]/D
  -------------------------------------------------------------------    -------------------

                         (clock clk_out1_pll rise edge)
                                                      0.000     0.000 r  
    AD12                                              0.000     0.000 r  i_sys_clk_p (IN)
                         net (fo=0)                   0.000     0.000    pll_inst/inst/clk_in1_p
    AD12                 IBUFDS (Prop_ibufds_I_O)     0.470     0.470 r  pll_inst/inst/clkin1_ibufgds/O
                         net (fo=1, routed)           1.154     1.624    pll_inst/inst/clk_in1_pll_buf
    BUFGCTRL_X0Y3        BUFG (Prop_bufg_I_O)         0.030     1.654 r  pll_inst/inst/clkin1_bufg1/O
                         net (fo=1, routed)           1.037     2.691    pll_inst/inst/clk_in1_pll
    PLLE2_ADV_X1Y0       PLLE2_ADV (Prop_plle2_adv_CLKIN1_CLKOUT0)
                                                     -2.283     0.408 r  pll_inst/inst/plle2_adv_inst/CLKOUT0
                         net (fo=1, routed)           1.216     1.624    pll_inst/inst/clk_out1_pll
    BUFGCTRL_X0Y1        BUFG (Prop_bufg_I_O)         0.030     1.654 r  pll_inst/inst/clkout1_buf/O
                         net (fo=434, routed)         0.894     2.548    uart_inst/clk_out1
    SLICE_X6Y108         FDCE                                         r  uart_inst/rx_ready_cnt_reg[10]/C
                         clock pessimism             -0.366     2.181    
    SLICE_X6Y108         FDCE (Hold_fdce_C_D)         0.087     2.268    uart_inst/rx_ready_cnt_reg[10]
  -------------------------------------------------------------------
                         required time                         -2.268    
                         arrival time                           2.396    
  -------------------------------------------------------------------
                         slack                                  0.128    

Slack (MET) :             0.130ns  (arrival time - required time)
  Source:                 uart_inst/rx_ready_pulse_reg/C
                            (rising edge-triggered cell FDCE clocked by clk_out1_pll  {rise@0.000ns fall@10.000ns period=20.000ns})
  Destination:            uart_inst/rx_ready_cnt_reg[8]/D
                            (rising edge-triggered cell FDCE clocked by clk_out1_pll  {rise@0.000ns fall@10.000ns period=20.000ns})
  Path Group:             clk_out1_pll
  Path Type:              Hold (Min at Fast Process Corner)
  Requirement:            0.000ns  (clk_out1_pll rise@0.000ns - clk_out1_pll rise@0.000ns)
  Data Path Delay:        0.228ns  (logic 0.128ns (56.224%)  route 0.100ns (43.776%))
  Logic Levels:           1  (LUT2=1)
  Clock Path Skew:        0.011ns (DCD - SCD - CPR)
    Destination Clock Delay (DCD):    2.548ns
    Source Clock Delay      (SCD):    2.170ns
    Clock Pessimism Removal (CPR):    0.366ns

    Location             Delay type                Incr(ns)  Path(ns)    Netlist Resource(s)
  -------------------------------------------------------------------    -------------------
                         (clock clk_out1_pll rise edge)
                                                      0.000     0.000 r  
    AD12                                              0.000     0.000 r  i_sys_clk_p (IN)
                         net (fo=0)                   0.000     0.000    pll_inst/inst/clk_in1_p
    AD12                 IBUFDS (Prop_ibufds_I_O)     0.388     0.388 r  pll_inst/inst/clkin1_ibufgds/O
                         net (fo=1, routed)           1.083     1.471    pll_inst/inst/clk_in1_pll_buf
    BUFGCTRL_X0Y3        BUFG (Prop_bufg_I_O)         0.026     1.497 r  pll_inst/inst/clkin1_bufg1/O
                         net (fo=1, routed)           0.767     2.264    pll_inst/inst/clk_in1_pll
    PLLE2_ADV_X1Y0       PLLE2_ADV (Prop_plle2_adv_CLKIN1_CLKOUT0)
                                                     -1.938     0.326 r  pll_inst/inst/plle2_adv_inst/CLKOUT0
                         net (fo=1, routed)           1.145     1.471    pll_inst/inst/clk_out1_pll
    BUFGCTRL_X0Y1        BUFG (Prop_bufg_I_O)         0.026     1.497 r  pll_inst/inst/clkout1_buf/O
                         net (fo=434, routed)         0.673     2.170    uart_inst/clk_out1
    SLICE_X7Y108         FDCE                                         r  uart_inst/rx_ready_pulse_reg/C
  -------------------------------------------------------------------    -------------------
    SLICE_X7Y108         FDCE (Prop_fdce_C_Q)         0.100     2.270 f  uart_inst/rx_ready_pulse_reg/Q
                         net (fo=15, routed)          0.100     2.370    uart_inst/rx_ready_pulse_reg_n_0
    SLICE_X6Y108         LUT2 (Prop_lut2_I1_O)        0.028     2.398 r  uart_inst/rx_ready_cnt[8]_i_1/O
                         net (fo=1, routed)           0.000     2.398    uart_inst/p_1_in[8]
    SLICE_X6Y108         FDCE                                         r  uart_inst/rx_ready_cnt_reg[8]/D
  -------------------------------------------------------------------    -------------------

                         (clock clk_out1_pll rise edge)
                                                      0.000     0.000 r  
    AD12                                              0.000     0.000 r  i_sys_clk_p (IN)
                         net (fo=0)                   0.000     0.000    pll_inst/inst/clk_in1_p
    AD12                 IBUFDS (Prop_ibufds_I_O)     0.470     0.470 r  pll_inst/inst/clkin1_ibufgds/O
                         net (fo=1, routed)           1.154     1.624    pll_inst/inst/clk_in1_pll_buf
    BUFGCTRL_X0Y3        BUFG (Prop_bufg_I_O)         0.030     1.654 r  pll_inst/inst/clkin1_bufg1/O
                         net (fo=1, routed)           1.037     2.691    pll_inst/inst/clk_in1_pll
    PLLE2_ADV_X1Y0       PLLE2_ADV (Prop_plle2_adv_CLKIN1_CLKOUT0)
                                                     -2.283     0.408 r  pll_inst/inst/plle2_adv_inst/CLKOUT0
                         net (fo=1, routed)           1.216     1.624    pll_inst/inst/clk_out1_pll
    BUFGCTRL_X0Y1        BUFG (Prop_bufg_I_O)         0.030     1.654 r  pll_inst/inst/clkout1_buf/O
                         net (fo=434, routed)         0.894     2.548    uart_inst/clk_out1
    SLICE_X6Y108         FDCE                                         r  uart_inst/rx_ready_cnt_reg[8]/C
                         clock pessimism             -0.366     2.181    
    SLICE_X6Y108         FDCE (Hold_fdce_C_D)         0.087     2.268    uart_inst/rx_ready_cnt_reg[8]
  -------------------------------------------------------------------
                         required time                         -2.268    
                         arrival time                           2.398    
  -------------------------------------------------------------------
                         slack                                  0.130    

Slack (MET) :             0.137ns  (arrival time - required time)
  Source:                 twin_controller_inst/sw_reg[13]/C
                            (rising edge-triggered cell FDCE clocked by clk_out1_pll  {rise@0.000ns fall@10.000ns period=20.000ns})
  Destination:            twin_controller_inst/status_buffer_reg[7][5]/D
                            (rising edge-triggered cell FDCE clocked by clk_out1_pll  {rise@0.000ns fall@10.000ns period=20.000ns})
  Path Group:             clk_out1_pll
  Path Type:              Hold (Min at Fast Process Corner)
  Requirement:            0.000ns  (clk_out1_pll rise@0.000ns - clk_out1_pll rise@0.000ns)
  Data Path Delay:        0.217ns  (logic 0.100ns (46.064%)  route 0.117ns (53.936%))
  Logic Levels:           0  
  Clock Path Skew:        0.033ns (DCD - SCD - CPR)
    Destination Clock Delay (DCD):    2.518ns
    Source Clock Delay      (SCD):    2.140ns
    Clock Pessimism Removal (CPR):    0.344ns

    Location             Delay type                Incr(ns)  Path(ns)    Netlist Resource(s)
  -------------------------------------------------------------------    -------------------
                         (clock clk_out1_pll rise edge)
                                                      0.000     0.000 r  
    AD12                                              0.000     0.000 r  i_sys_clk_p (IN)
                         net (fo=0)                   0.000     0.000    pll_inst/inst/clk_in1_p
    AD12                 IBUFDS (Prop_ibufds_I_O)     0.388     0.388 r  pll_inst/inst/clkin1_ibufgds/O
                         net (fo=1, routed)           1.083     1.471    pll_inst/inst/clk_in1_pll_buf
    BUFGCTRL_X0Y3        BUFG (Prop_bufg_I_O)         0.026     1.497 r  pll_inst/inst/clkin1_bufg1/O
                         net (fo=1, routed)           0.767     2.264    pll_inst/inst/clk_in1_pll
    PLLE2_ADV_X1Y0       PLLE2_ADV (Prop_plle2_adv_CLKIN1_CLKOUT0)
                                                     -1.938     0.326 r  pll_inst/inst/plle2_adv_inst/CLKOUT0
                         net (fo=1, routed)           1.145     1.471    pll_inst/inst/clk_out1_pll
    BUFGCTRL_X0Y1        BUFG (Prop_bufg_I_O)         0.026     1.497 r  pll_inst/inst/clkout1_buf/O
                         net (fo=434, routed)         0.643     2.140    twin_controller_inst/CLK
    SLICE_X17Y101        FDCE                                         r  twin_controller_inst/sw_reg[13]/C
  -------------------------------------------------------------------    -------------------
    SLICE_X17Y101        FDCE (Prop_fdce_C_Q)         0.100     2.240 r  twin_controller_inst/sw_reg[13]/Q
                         net (fo=3, routed)           0.117     2.358    twin_controller_inst/sw_reg[63]_0[13]
    SLICE_X15Y101        FDCE                                         r  twin_controller_inst/status_buffer_reg[7][5]/D
  -------------------------------------------------------------------    -------------------

                         (clock clk_out1_pll rise edge)
                                                      0.000     0.000 r  
    AD12                                              0.000     0.000 r  i_sys_clk_p (IN)
                         net (fo=0)                   0.000     0.000    pll_inst/inst/clk_in1_p
    AD12                 IBUFDS (Prop_ibufds_I_O)     0.470     0.470 r  pll_inst/inst/clkin1_ibufgds/O
                         net (fo=1, routed)           1.154     1.624    pll_inst/inst/clk_in1_pll_buf
    BUFGCTRL_X0Y3        BUFG (Prop_bufg_I_O)         0.030     1.654 r  pll_inst/inst/clkin1_bufg1/O
                         net (fo=1, routed)           1.037     2.691    pll_inst/inst/clk_in1_pll
    PLLE2_ADV_X1Y0       PLLE2_ADV (Prop_plle2_adv_CLKIN1_CLKOUT0)
                                                     -2.283     0.408 r  pll_inst/inst/plle2_adv_inst/CLKOUT0
                         net (fo=1, routed)           1.216     1.624    pll_inst/inst/clk_out1_pll
    BUFGCTRL_X0Y1        BUFG (Prop_bufg_I_O)         0.030     1.654 r  pll_inst/inst/clkout1_buf/O
                         net (fo=434, routed)         0.864     2.518    twin_controller_inst/CLK
    SLICE_X15Y101        FDCE                                         r  twin_controller_inst/status_buffer_reg[7][5]/C
                         clock pessimism             -0.344     2.173    
    SLICE_X15Y101        FDCE (Hold_fdce_C_D)         0.047     2.220    twin_controller_inst/status_buffer_reg[7][5]
  -------------------------------------------------------------------
                         required time                         -2.220    
                         arrival time                           2.358    
  -------------------------------------------------------------------
                         slack                                  0.137    

Slack (MET) :             0.138ns  (arrival time - required time)
  Source:                 student_top_inst/bridge_inst/counter_inst/start_tgl_cnt_sync_reg[1]/C
                            (rising edge-triggered cell FDRE clocked by clk_out1_pll  {rise@0.000ns fall@10.000ns period=20.000ns})
  Destination:            student_top_inst/bridge_inst/counter_inst/start_run_reg/D
                            (rising edge-triggered cell FDRE clocked by clk_out1_pll  {rise@0.000ns fall@10.000ns period=20.000ns})
  Path Group:             clk_out1_pll
  Path Type:              Hold (Min at Fast Process Corner)
  Requirement:            0.000ns  (clk_out1_pll rise@0.000ns - clk_out1_pll rise@0.000ns)
  Data Path Delay:        0.225ns  (logic 0.171ns (76.071%)  route 0.054ns (23.929%))
  Logic Levels:           1  (LUT5=1)
  Clock Path Skew:        0.000ns (DCD - SCD - CPR)
    Destination Clock Delay (DCD):    2.587ns
    Source Clock Delay      (SCD):    2.190ns
    Clock Pessimism Removal (CPR):    0.396ns

    Location             Delay type                Incr(ns)  Path(ns)    Netlist Resource(s)
  -------------------------------------------------------------------    -------------------
                         (clock clk_out1_pll rise edge)
                                                      0.000     0.000 r  
    AD12                                              0.000     0.000 r  i_sys_clk_p (IN)
                         net (fo=0)                   0.000     0.000    pll_inst/inst/clk_in1_p
    AD12                 IBUFDS (Prop_ibufds_I_O)     0.388     0.388 r  pll_inst/inst/clkin1_ibufgds/O
                         net (fo=1, routed)           1.083     1.471    pll_inst/inst/clk_in1_pll_buf
    BUFGCTRL_X0Y3        BUFG (Prop_bufg_I_O)         0.026     1.497 r  pll_inst/inst/clkin1_bufg1/O
                         net (fo=1, routed)           0.767     2.264    pll_inst/inst/clk_in1_pll
    PLLE2_ADV_X1Y0       PLLE2_ADV (Prop_plle2_adv_CLKIN1_CLKOUT0)
                                                     -1.938     0.326 r  pll_inst/inst/plle2_adv_inst/CLKOUT0
                         net (fo=1, routed)           1.145     1.471    pll_inst/inst/clk_out1_pll
    BUFGCTRL_X0Y1        BUFG (Prop_bufg_I_O)         0.026     1.497 r  pll_inst/inst/clkout1_buf/O
                         net (fo=434, routed)         0.693     2.190    student_top_inst/bridge_inst/counter_inst/CLK
    SLICE_X18Y89         FDRE                                         r  student_top_inst/bridge_inst/counter_inst/start_tgl_cnt_sync_reg[1]/C
  -------------------------------------------------------------------    -------------------
    SLICE_X18Y89         FDRE (Prop_fdre_C_Q)         0.107     2.297 r  student_top_inst/bridge_inst/counter_inst/start_tgl_cnt_sync_reg[1]/Q
                         net (fo=1, routed)           0.054     2.351    student_top_inst/bridge_inst/counter_inst/start_tgl_cnt_sync[1]
    SLICE_X18Y89         LUT5 (Prop_lut5_I0_O)        0.064     2.415 r  student_top_inst/bridge_inst/counter_inst/start_run_i_1/O
                         net (fo=1, routed)           0.000     2.415    student_top_inst/bridge_inst/counter_inst/start_run_i_1_n_0
    SLICE_X18Y89         FDRE                                         r  student_top_inst/bridge_inst/counter_inst/start_run_reg/D
  -------------------------------------------------------------------    -------------------

                         (clock clk_out1_pll rise edge)
                                                      0.000     0.000 r  
    AD12                                              0.000     0.000 r  i_sys_clk_p (IN)
                         net (fo=0)                   0.000     0.000    pll_inst/inst/clk_in1_p
    AD12                 IBUFDS (Prop_ibufds_I_O)     0.470     0.470 r  pll_inst/inst/clkin1_ibufgds/O
                         net (fo=1, routed)           1.154     1.624    pll_inst/inst/clk_in1_pll_buf
    BUFGCTRL_X0Y3        BUFG (Prop_bufg_I_O)         0.030     1.654 r  pll_inst/inst/clkin1_bufg1/O
                         net (fo=1, routed)           1.037     2.691    pll_inst/inst/clk_in1_pll
    PLLE2_ADV_X1Y0       PLLE2_ADV (Prop_plle2_adv_CLKIN1_CLKOUT0)
                                                     -2.283     0.408 r  pll_inst/inst/plle2_adv_inst/CLKOUT0
                         net (fo=1, routed)           1.216     1.624    pll_inst/inst/clk_out1_pll
    BUFGCTRL_X0Y1        BUFG (Prop_bufg_I_O)         0.030     1.654 r  pll_inst/inst/clkout1_buf/O
                         net (fo=434, routed)         0.933     2.587    student_top_inst/bridge_inst/counter_inst/CLK
    SLICE_X18Y89         FDRE                                         r  student_top_inst/bridge_inst/counter_inst/start_run_reg/C
                         clock pessimism             -0.396     2.190    
    SLICE_X18Y89         FDRE (Hold_fdre_C_D)         0.087     2.277    student_top_inst/bridge_inst/counter_inst/start_run_reg
  -------------------------------------------------------------------
                         required time                         -2.277    
                         arrival time                           2.415    
  -------------------------------------------------------------------
                         slack                                  0.138    

Slack (MET) :             0.142ns  (arrival time - required time)
  Source:                 twin_controller_inst/sw_reg[9]/C
                            (rising edge-triggered cell FDCE clocked by clk_out1_pll  {rise@0.000ns fall@10.000ns period=20.000ns})
  Destination:            twin_controller_inst/status_buffer_reg[7][1]/D
                            (rising edge-triggered cell FDCE clocked by clk_out1_pll  {rise@0.000ns fall@10.000ns period=20.000ns})
  Path Group:             clk_out1_pll
  Path Type:              Hold (Min at Fast Process Corner)
  Requirement:            0.000ns  (clk_out1_pll rise@0.000ns - clk_out1_pll rise@0.000ns)
  Data Path Delay:        0.322ns  (logic 0.118ns (36.632%)  route 0.204ns (63.368%))
  Logic Levels:           0  
  Clock Path Skew:        0.140ns (DCD - SCD - CPR)
    Destination Clock Delay (DCD):    2.518ns
    Source Clock Delay      (SCD):    2.193ns
    Clock Pessimism Removal (CPR):    0.184ns

    Location             Delay type                Incr(ns)  Path(ns)    Netlist Resource(s)
  -------------------------------------------------------------------    -------------------
                         (clock clk_out1_pll rise edge)
                                                      0.000     0.000 r  
    AD12                                              0.000     0.000 r  i_sys_clk_p (IN)
                         net (fo=0)                   0.000     0.000    pll_inst/inst/clk_in1_p
    AD12                 IBUFDS (Prop_ibufds_I_O)     0.388     0.388 r  pll_inst/inst/clkin1_ibufgds/O
                         net (fo=1, routed)           1.083     1.471    pll_inst/inst/clk_in1_pll_buf
    BUFGCTRL_X0Y3        BUFG (Prop_bufg_I_O)         0.026     1.497 r  pll_inst/inst/clkin1_bufg1/O
                         net (fo=1, routed)           0.767     2.264    pll_inst/inst/clk_in1_pll
    PLLE2_ADV_X1Y0       PLLE2_ADV (Prop_plle2_adv_CLKIN1_CLKOUT0)
                                                     -1.938     0.326 r  pll_inst/inst/plle2_adv_inst/CLKOUT0
                         net (fo=1, routed)           1.145     1.471    pll_inst/inst/clk_out1_pll
    BUFGCTRL_X0Y1        BUFG (Prop_bufg_I_O)         0.026     1.497 r  pll_inst/inst/clkout1_buf/O
                         net (fo=434, routed)         0.696     2.193    twin_controller_inst/CLK
    SLICE_X16Y99         FDCE                                         r  twin_controller_inst/sw_reg[9]/C
  -------------------------------------------------------------------    -------------------
    SLICE_X16Y99         FDCE (Prop_fdce_C_Q)         0.118     2.311 r  twin_controller_inst/sw_reg[9]/Q
                         net (fo=3, routed)           0.204     2.516    twin_controller_inst/sw_reg[63]_0[9]
    SLICE_X16Y102        FDCE                                         r  twin_controller_inst/status_buffer_reg[7][1]/D
  -------------------------------------------------------------------    -------------------

                         (clock clk_out1_pll rise edge)
                                                      0.000     0.000 r  
    AD12                                              0.000     0.000 r  i_sys_clk_p (IN)
                         net (fo=0)                   0.000     0.000    pll_inst/inst/clk_in1_p
    AD12                 IBUFDS (Prop_ibufds_I_O)     0.470     0.470 r  pll_inst/inst/clkin1_ibufgds/O
                         net (fo=1, routed)           1.154     1.624    pll_inst/inst/clk_in1_pll_buf
    BUFGCTRL_X0Y3        BUFG (Prop_bufg_I_O)         0.030     1.654 r  pll_inst/inst/clkin1_bufg1/O
                         net (fo=1, routed)           1.037     2.691    pll_inst/inst/clk_in1_pll
    PLLE2_ADV_X1Y0       PLLE2_ADV (Prop_plle2_adv_CLKIN1_CLKOUT0)
                                                     -2.283     0.408 r  pll_inst/inst/plle2_adv_inst/CLKOUT0
                         net (fo=1, routed)           1.216     1.624    pll_inst/inst/clk_out1_pll
    BUFGCTRL_X0Y1        BUFG (Prop_bufg_I_O)         0.030     1.654 r  pll_inst/inst/clkout1_buf/O
                         net (fo=434, routed)         0.864     2.518    twin_controller_inst/CLK
    SLICE_X16Y102        FDCE                                         r  twin_controller_inst/status_buffer_reg[7][1]/C
                         clock pessimism             -0.184     2.333    
    SLICE_X16Y102        FDCE (Hold_fdce_C_D)         0.040     2.373    twin_controller_inst/status_buffer_reg[7][1]
  -------------------------------------------------------------------
                         required time                         -2.373    
                         arrival time                           2.516    
  -------------------------------------------------------------------
                         slack                                  0.142    





Pulse Width Checks
--------------------------------------------------------------------------------------
Clock Name:         clk_out1_pll
Waveform(ns):       { 0.000 10.000 }
Period(ns):         20.000
Sources:            { pll_inst/inst/plle2_adv_inst/CLKOUT0 }

Check Type        Corner  Lib Pin            Reference Pin  Required(ns)  Actual(ns)  Slack(ns)  Location        Pin
Min Period        n/a     BUFG/I             n/a            1.408         20.000      18.591     BUFGCTRL_X0Y1   pll_inst/inst/clkout1_buf/I
Min Period        n/a     PLLE2_ADV/CLKOUT0  n/a            1.071         20.000      18.929     PLLE2_ADV_X1Y0  pll_inst/inst/plle2_adv_inst/CLKOUT0
Min Period        n/a     FDCE/C             n/a            0.750         20.000      19.250     SLICE_X17Y105   student_top_inst/bridge_inst/LED_cnt_reg[25]/C
Min Period        n/a     FDCE/C             n/a            0.750         20.000      19.250     SLICE_X17Y105   student_top_inst/bridge_inst/LED_cnt_reg[27]/C
Min Period        n/a     FDCE/C             n/a            0.750         20.000      19.250     SLICE_X17Y104   student_top_inst/bridge_inst/LED_cnt_reg[31]/C
Min Period        n/a     FDCE/C             n/a            0.750         20.000      19.250     SLICE_X16Y100   student_top_inst/bridge_inst/LED_cnt_reg[6]/C
Min Period        n/a     FDCE/C             n/a            0.750         20.000      19.250     SLICE_X17Y103   student_top_inst/bridge_inst/LED_cnt_reg[7]/C
Min Period        n/a     FDCE/C             n/a            0.750         20.000      19.250     SLICE_X19Y102   student_top_inst/bridge_inst/seg_req_sync_cnt_reg/C
Min Period        n/a     FDCE/C             n/a            0.750         20.000      19.250     SLICE_X19Y102   student_top_inst/bridge_inst/seg_req_sync_d_cnt_reg/C
Min Period        n/a     FDRE/C             n/a            0.750         20.000      19.250     SLICE_X18Y89    student_top_inst/bridge_inst/counter_inst/start_tgl_cnt_sync_reg[1]/C
Max Period        n/a     PLLE2_ADV/CLKOUT0  n/a            160.000       20.000      140.000    PLLE2_ADV_X1Y0  pll_inst/inst/plle2_adv_inst/CLKOUT0
Low Pulse Width   Slow    FDCE/C             n/a            0.400         10.000      9.600      SLICE_X17Y105   student_top_inst/bridge_inst/LED_cnt_reg[25]/C
Low Pulse Width   Fast    FDCE/C             n/a            0.400         10.000      9.600      SLICE_X17Y105   student_top_inst/bridge_inst/LED_cnt_reg[25]/C
Low Pulse Width   Slow    FDCE/C             n/a            0.400         10.000      9.600      SLICE_X17Y105   student_top_inst/bridge_inst/LED_cnt_reg[27]/C
Low Pulse Width   Fast    FDCE/C             n/a            0.400         10.000      9.600      SLICE_X17Y105   student_top_inst/bridge_inst/LED_cnt_reg[27]/C
Low Pulse Width   Slow    FDCE/C             n/a            0.400         10.000      9.600      SLICE_X17Y104   student_top_inst/bridge_inst/LED_cnt_reg[31]/C
Low Pulse Width   Fast    FDCE/C             n/a            0.400         10.000      9.600      SLICE_X17Y104   student_top_inst/bridge_inst/LED_cnt_reg[31]/C
Low Pulse Width   Slow    FDCE/C             n/a            0.400         10.000      9.600      SLICE_X16Y100   student_top_inst/bridge_inst/LED_cnt_reg[6]/C
Low Pulse Width   Fast    FDCE/C             n/a            0.400         10.000      9.600      SLICE_X16Y100   student_top_inst/bridge_inst/LED_cnt_reg[6]/C
Low Pulse Width   Slow    FDCE/C             n/a            0.400         10.000      9.600      SLICE_X17Y103   student_top_inst/bridge_inst/LED_cnt_reg[7]/C
Low Pulse Width   Fast    FDCE/C             n/a            0.400         10.000      9.600      SLICE_X17Y103   student_top_inst/bridge_inst/LED_cnt_reg[7]/C
High Pulse Width  Slow    FDCE/C             n/a            0.350         10.000      9.650      SLICE_X17Y103   student_top_inst/bridge_inst/LED_cnt_reg[0]/C
High Pulse Width  Fast    FDCE/C             n/a            0.350         10.000      9.650      SLICE_X17Y103   student_top_inst/bridge_inst/LED_cnt_reg[0]/C
High Pulse Width  Slow    FDCE/C             n/a            0.350         10.000      9.650      SLICE_X17Y103   student_top_inst/bridge_inst/LED_cnt_reg[10]/C
High Pulse Width  Fast    FDCE/C             n/a            0.350         10.000      9.650      SLICE_X17Y103   student_top_inst/bridge_inst/LED_cnt_reg[10]/C
High Pulse Width  Slow    FDCE/C             n/a            0.350         10.000      9.650      SLICE_X17Y100   student_top_inst/bridge_inst/LED_cnt_reg[11]/C
High Pulse Width  Fast    FDCE/C             n/a            0.350         10.000      9.650      SLICE_X17Y100   student_top_inst/bridge_inst/LED_cnt_reg[11]/C
High Pulse Width  Slow    FDCE/C             n/a            0.350         10.000      9.650      SLICE_X17Y100   student_top_inst/bridge_inst/LED_cnt_reg[12]/C
High Pulse Width  Fast    FDCE/C             n/a            0.350         10.000      9.650      SLICE_X17Y100   student_top_inst/bridge_inst/LED_cnt_reg[12]/C
High Pulse Width  Slow    FDCE/C             n/a            0.350         10.000      9.650      SLICE_X17Y100   student_top_inst/bridge_inst/LED_cnt_reg[13]/C
High Pulse Width  Fast    FDCE/C             n/a            0.350         10.000      9.650      SLICE_X17Y100   student_top_inst/bridge_inst/LED_cnt_reg[13]/C



---------------------------------------------------------------------------------------------------
From Clock:  clk_out2_pll
  To Clock:  clk_out2_pll

Setup :         2879  Failing Endpoints,  Worst Slack       -1.873ns,  Total Violation    -2512.285ns
Hold  :            0  Failing Endpoints,  Worst Slack        0.106ns,  Total Violation        0.000ns
PW    :            0  Failing Endpoints,  Worst Slack        1.228ns,  Total Violation        0.000ns
---------------------------------------------------------------------------------------------------


Max Delay Paths
--------------------------------------------------------------------------------------
Slack (VIOLATED) :        -1.873ns  (required time - arrival time)
  Source:                 student_top_inst/Core_cpu/SegReg_ID_EX_inst/inst_ex_reg[21]/C
                            (rising edge-triggered cell FDRE clocked by clk_out2_pll  {rise@0.000ns fall@2.000ns period=4.000ns})
  Destination:            student_top_inst/Core_cpu/BPU_inst/btb_reg_0_63_42_44/RAMA/WE
                            (rising edge-triggered cell RAMD64E clocked by clk_out2_pll  {rise@0.000ns fall@2.000ns period=4.000ns})
  Path Group:             clk_out2_pll
  Path Type:              Setup (Max at Slow Process Corner)
  Requirement:            4.000ns  (clk_out2_pll rise@4.000ns - clk_out2_pll rise@0.000ns)
  Data Path Delay:        5.396ns  (logic 0.889ns (16.474%)  route 4.507ns (83.526%))
  Logic Levels:           9  (CARRY4=1 LUT4=1 LUT5=1 LUT6=6)
  Clock Path Skew:        -0.115ns (DCD - SCD + CPR)
    Destination Clock Delay (DCD):    4.477ns = ( 8.477 - 4.000 ) 
    Source Clock Delay      (SCD):    4.921ns
    Clock Pessimism Removal (CPR):    0.328ns
  Clock Uncertainty:      0.059ns  ((TSJ^2 + DJ^2)^1/2) / 2 + PE
    Total System Jitter     (TSJ):    0.071ns
    Discrete Jitter          (DJ):    0.094ns
    Phase Error              (PE):    0.000ns

    Location             Delay type                Incr(ns)  Path(ns)    Netlist Resource(s)
  -------------------------------------------------------------------    -------------------
                         (clock clk_out2_pll rise edge)
                                                      0.000     0.000 r  
    AD12                                              0.000     0.000 r  i_sys_clk_p (IN)
                         net (fo=0)                   0.000     0.000    pll_inst/inst/clk_in1_p
    AD12                 IBUFDS (Prop_ibufds_I_O)     0.906     0.906 r  pll_inst/inst/clkin1_ibufgds/O
                         net (fo=1, routed)           2.299     3.205    pll_inst/inst/clk_in1_pll_buf
    BUFGCTRL_X0Y3        BUFG (Prop_bufg_I_O)         0.093     3.298 r  pll_inst/inst/clkin1_bufg1/O
                         net (fo=1, routed)           1.959     5.257    pll_inst/inst/clk_in1_pll
    PLLE2_ADV_X1Y0       PLLE2_ADV (Prop_plle2_adv_CLKIN1_CLKOUT1)
                                                     -4.519     0.738 r  pll_inst/inst/plle2_adv_inst/CLKOUT1
                         net (fo=1, routed)           2.467     3.205    pll_inst/inst/clk_out2_pll
    BUFGCTRL_X0Y0        BUFG (Prop_bufg_I_O)         0.093     3.298 r  pll_inst/inst/clkout2_buf/O
                         net (fo=3499, routed)        1.623     4.921    student_top_inst/Core_cpu/SegReg_ID_EX_inst/clk_out2
    SLICE_X28Y79         FDRE                                         r  student_top_inst/Core_cpu/SegReg_ID_EX_inst/inst_ex_reg[21]/C
  -------------------------------------------------------------------    -------------------
    SLICE_X28Y79         FDRE (Prop_fdre_C_Q)         0.204     5.125 r  student_top_inst/Core_cpu/SegReg_ID_EX_inst/inst_ex_reg[21]/Q
                         net (fo=4, routed)           0.520     5.644    student_top_inst/Core_cpu/SegReg_LS2_WB_inst/mem_wdata_ls1_reg[31][5]
    SLICE_X28Y72         LUT6 (Prop_lut6_I4_O)        0.125     5.769 r  student_top_inst/Core_cpu/SegReg_LS2_WB_inst/mem_wdata_ls1[31]_i_13/O
                         net (fo=1, routed)           0.406     6.176    student_top_inst/Core_cpu/SegReg_LS2_WB_inst/mem_wdata_ls1[31]_i_13_n_0
    SLICE_X34Y72         LUT6 (Prop_lut6_I3_O)        0.043     6.219 r  student_top_inst/Core_cpu/SegReg_LS2_WB_inst/mem_wdata_ls1[31]_i_4/O
                         net (fo=70, routed)          0.623     6.841    student_top_inst/Core_cpu/SegReg_LS2_WB_inst/forward2_en0
    SLICE_X32Y75         LUT6 (Prop_lut6_I2_O)        0.043     6.884 r  student_top_inst/Core_cpu/SegReg_LS2_WB_inst/mem_wdata_ls1[25]_i_2/O
                         net (fo=1, routed)           0.349     7.234    student_top_inst/Core_cpu/SegReg_EX_LS1_inst/mem_wdata_ls1_reg[25]_0
    SLICE_X32Y75         LUT6 (Prop_lut6_I4_O)        0.043     7.277 r  student_top_inst/Core_cpu/SegReg_EX_LS1_inst/mem_wdata_ls1[25]_i_1/O
                         net (fo=10, routed)          0.637     7.914    student_top_inst/Core_cpu/SegReg_EX_LS1_inst/alu_result_ls1_reg[31]_0[22]
    SLICE_X37Y73         LUT4 (Prop_lut4_I2_O)        0.043     7.957 r  student_top_inst/Core_cpu/SegReg_EX_LS1_inst/btb_valid[255]_i_39/O
                         net (fo=1, routed)           0.000     7.957    student_top_inst/Core_cpu/SegReg_EX_LS1_inst/btb_valid[255]_i_39_n_0
    SLICE_X37Y73         CARRY4 (Prop_carry4_S[0]_CO[3])
                                                      0.259     8.216 r  student_top_inst/Core_cpu/SegReg_EX_LS1_inst/btb_valid_reg[255]_i_10/CO[3]
                         net (fo=1, routed)           0.555     8.770    student_top_inst/Core_cpu/SegReg_ID_EX_inst/btb_valid[255]_i_2_3[0]
    SLICE_X37Y77         LUT6 (Prop_lut6_I5_O)        0.043     8.813 r  student_top_inst/Core_cpu/SegReg_ID_EX_inst/btb_valid[255]_i_6/O
                         net (fo=2, routed)           0.104     8.917    student_top_inst/Core_cpu/SegReg_ID_EX_inst/btb_valid[255]_i_6_n_0
    SLICE_X37Y77         LUT6 (Prop_lut6_I0_O)        0.043     8.960 r  student_top_inst/Core_cpu/SegReg_ID_EX_inst/btb_valid[255]_i_2/O
                         net (fo=269, routed)         0.656     9.616    student_top_inst/Core_cpu/SegReg_ID_EX_inst/jump[0]
    SLICE_X47Y77         LUT5 (Prop_lut5_I2_O)        0.043     9.659 r  student_top_inst/Core_cpu/SegReg_ID_EX_inst/btb_reg_0_63_0_2_i_4/O
                         net (fo=72, routed)          0.657    10.317    student_top_inst/Core_cpu/BPU_inst/btb_reg_0_63_42_44/WE
    SLICE_X52Y73         RAMD64E                                      r  student_top_inst/Core_cpu/BPU_inst/btb_reg_0_63_42_44/RAMA/WE
  -------------------------------------------------------------------    -------------------

                         (clock clk_out2_pll rise edge)
                                                      4.000     4.000 r  
    AD12                                              0.000     4.000 r  i_sys_clk_p (IN)
                         net (fo=0)                   0.000     4.000    pll_inst/inst/clk_in1_p
    AD12                 IBUFDS (Prop_ibufds_I_O)     0.803     4.803 r  pll_inst/inst/clkin1_ibufgds/O
                         net (fo=1, routed)           2.173     6.976    pll_inst/inst/clk_in1_pll_buf
    BUFGCTRL_X0Y3        BUFG (Prop_bufg_I_O)         0.083     7.059 r  pll_inst/inst/clkin1_bufg1/O
                         net (fo=1, routed)           1.796     8.855    pll_inst/inst/clk_in1_pll
    PLLE2_ADV_X1Y0       PLLE2_ADV (Prop_plle2_adv_CLKIN1_CLKOUT1)
                                                     -4.213     4.642 r  pll_inst/inst/plle2_adv_inst/CLKOUT1
                         net (fo=1, routed)           2.334     6.976    pll_inst/inst/clk_out2_pll
    BUFGCTRL_X0Y0        BUFG (Prop_bufg_I_O)         0.083     7.059 r  pll_inst/inst/clkout2_buf/O
                         net (fo=3499, routed)        1.418     8.477    student_top_inst/Core_cpu/BPU_inst/btb_reg_0_63_42_44/WCLK
    SLICE_X52Y73         RAMD64E                                      r  student_top_inst/Core_cpu/BPU_inst/btb_reg_0_63_42_44/RAMA/CLK
                         clock pessimism              0.328     8.806    
                         clock uncertainty           -0.059     8.747    
    SLICE_X52Y73         RAMD64E (Setup_ramd64e_CLK_WE)
                                                     -0.303     8.444    student_top_inst/Core_cpu/BPU_inst/btb_reg_0_63_42_44/RAMA
  -------------------------------------------------------------------
                         required time                          8.444    
                         arrival time                         -10.317    
  -------------------------------------------------------------------
                         slack                                 -1.873    

Slack (VIOLATED) :        -1.873ns  (required time - arrival time)
  Source:                 student_top_inst/Core_cpu/SegReg_ID_EX_inst/inst_ex_reg[21]/C
                            (rising edge-triggered cell FDRE clocked by clk_out2_pll  {rise@0.000ns fall@2.000ns period=4.000ns})
  Destination:            student_top_inst/Core_cpu/BPU_inst/btb_reg_0_63_42_44/RAMB/WE
                            (rising edge-triggered cell RAMD64E clocked by clk_out2_pll  {rise@0.000ns fall@2.000ns period=4.000ns})
  Path Group:             clk_out2_pll
  Path Type:              Setup (Max at Slow Process Corner)
  Requirement:            4.000ns  (clk_out2_pll rise@4.000ns - clk_out2_pll rise@0.000ns)
  Data Path Delay:        5.396ns  (logic 0.889ns (16.474%)  route 4.507ns (83.526%))
  Logic Levels:           9  (CARRY4=1 LUT4=1 LUT5=1 LUT6=6)
  Clock Path Skew:        -0.115ns (DCD - SCD + CPR)
    Destination Clock Delay (DCD):    4.477ns = ( 8.477 - 4.000 ) 
    Source Clock Delay      (SCD):    4.921ns
    Clock Pessimism Removal (CPR):    0.328ns
  Clock Uncertainty:      0.059ns  ((TSJ^2 + DJ^2)^1/2) / 2 + PE
    Total System Jitter     (TSJ):    0.071ns
    Discrete Jitter          (DJ):    0.094ns
    Phase Error              (PE):    0.000ns

    Location             Delay type                Incr(ns)  Path(ns)    Netlist Resource(s)
  -------------------------------------------------------------------    -------------------
                         (clock clk_out2_pll rise edge)
                                                      0.000     0.000 r  
    AD12                                              0.000     0.000 r  i_sys_clk_p (IN)
                         net (fo=0)                   0.000     0.000    pll_inst/inst/clk_in1_p
    AD12                 IBUFDS (Prop_ibufds_I_O)     0.906     0.906 r  pll_inst/inst/clkin1_ibufgds/O
                         net (fo=1, routed)           2.299     3.205    pll_inst/inst/clk_in1_pll_buf
    BUFGCTRL_X0Y3        BUFG (Prop_bufg_I_O)         0.093     3.298 r  pll_inst/inst/clkin1_bufg1/O
                         net (fo=1, routed)           1.959     5.257    pll_inst/inst/clk_in1_pll
    PLLE2_ADV_X1Y0       PLLE2_ADV (Prop_plle2_adv_CLKIN1_CLKOUT1)
                                                     -4.519     0.738 r  pll_inst/inst/plle2_adv_inst/CLKOUT1
                         net (fo=1, routed)           2.467     3.205    pll_inst/inst/clk_out2_pll
    BUFGCTRL_X0Y0        BUFG (Prop_bufg_I_O)         0.093     3.298 r  pll_inst/inst/clkout2_buf/O
                         net (fo=3499, routed)        1.623     4.921    student_top_inst/Core_cpu/SegReg_ID_EX_inst/clk_out2
    SLICE_X28Y79         FDRE                                         r  student_top_inst/Core_cpu/SegReg_ID_EX_inst/inst_ex_reg[21]/C
  -------------------------------------------------------------------    -------------------
    SLICE_X28Y79         FDRE (Prop_fdre_C_Q)         0.204     5.125 r  student_top_inst/Core_cpu/SegReg_ID_EX_inst/inst_ex_reg[21]/Q
                         net (fo=4, routed)           0.520     5.644    student_top_inst/Core_cpu/SegReg_LS2_WB_inst/mem_wdata_ls1_reg[31][5]
    SLICE_X28Y72         LUT6 (Prop_lut6_I4_O)        0.125     5.769 r  student_top_inst/Core_cpu/SegReg_LS2_WB_inst/mem_wdata_ls1[31]_i_13/O
                         net (fo=1, routed)           0.406     6.176    student_top_inst/Core_cpu/SegReg_LS2_WB_inst/mem_wdata_ls1[31]_i_13_n_0
    SLICE_X34Y72         LUT6 (Prop_lut6_I3_O)        0.043     6.219 r  student_top_inst/Core_cpu/SegReg_LS2_WB_inst/mem_wdata_ls1[31]_i_4/O
                         net (fo=70, routed)          0.623     6.841    student_top_inst/Core_cpu/SegReg_LS2_WB_inst/forward2_en0
    SLICE_X32Y75         LUT6 (Prop_lut6_I2_O)        0.043     6.884 r  student_top_inst/Core_cpu/SegReg_LS2_WB_inst/mem_wdata_ls1[25]_i_2/O
                         net (fo=1, routed)           0.349     7.234    student_top_inst/Core_cpu/SegReg_EX_LS1_inst/mem_wdata_ls1_reg[25]_0
    SLICE_X32Y75         LUT6 (Prop_lut6_I4_O)        0.043     7.277 r  student_top_inst/Core_cpu/SegReg_EX_LS1_inst/mem_wdata_ls1[25]_i_1/O
                         net (fo=10, routed)          0.637     7.914    student_top_inst/Core_cpu/SegReg_EX_LS1_inst/alu_result_ls1_reg[31]_0[22]
    SLICE_X37Y73         LUT4 (Prop_lut4_I2_O)        0.043     7.957 r  student_top_inst/Core_cpu/SegReg_EX_LS1_inst/btb_valid[255]_i_39/O
                         net (fo=1, routed)           0.000     7.957    student_top_inst/Core_cpu/SegReg_EX_LS1_inst/btb_valid[255]_i_39_n_0
    SLICE_X37Y73         CARRY4 (Prop_carry4_S[0]_CO[3])
                                                      0.259     8.216 r  student_top_inst/Core_cpu/SegReg_EX_LS1_inst/btb_valid_reg[255]_i_10/CO[3]
                         net (fo=1, routed)           0.555     8.770    student_top_inst/Core_cpu/SegReg_ID_EX_inst/btb_valid[255]_i_2_3[0]
    SLICE_X37Y77         LUT6 (Prop_lut6_I5_O)        0.043     8.813 r  student_top_inst/Core_cpu/SegReg_ID_EX_inst/btb_valid[255]_i_6/O
                         net (fo=2, routed)           0.104     8.917    student_top_inst/Core_cpu/SegReg_ID_EX_inst/btb_valid[255]_i_6_n_0
    SLICE_X37Y77         LUT6 (Prop_lut6_I0_O)        0.043     8.960 r  student_top_inst/Core_cpu/SegReg_ID_EX_inst/btb_valid[255]_i_2/O
                         net (fo=269, routed)         0.656     9.616    student_top_inst/Core_cpu/SegReg_ID_EX_inst/jump[0]
    SLICE_X47Y77         LUT5 (Prop_lut5_I2_O)        0.043     9.659 r  student_top_inst/Core_cpu/SegReg_ID_EX_inst/btb_reg_0_63_0_2_i_4/O
                         net (fo=72, routed)          0.657    10.317    student_top_inst/Core_cpu/BPU_inst/btb_reg_0_63_42_44/WE
    SLICE_X52Y73         RAMD64E                                      r  student_top_inst/Core_cpu/BPU_inst/btb_reg_0_63_42_44/RAMB/WE
  -------------------------------------------------------------------    -------------------

                         (clock clk_out2_pll rise edge)
                                                      4.000     4.000 r  
    AD12                                              0.000     4.000 r  i_sys_clk_p (IN)
                         net (fo=0)                   0.000     4.000    pll_inst/inst/clk_in1_p
    AD12                 IBUFDS (Prop_ibufds_I_O)     0.803     4.803 r  pll_inst/inst/clkin1_ibufgds/O
                         net (fo=1, routed)           2.173     6.976    pll_inst/inst/clk_in1_pll_buf
    BUFGCTRL_X0Y3        BUFG (Prop_bufg_I_O)         0.083     7.059 r  pll_inst/inst/clkin1_bufg1/O
                         net (fo=1, routed)           1.796     8.855    pll_inst/inst/clk_in1_pll
    PLLE2_ADV_X1Y0       PLLE2_ADV (Prop_plle2_adv_CLKIN1_CLKOUT1)
                                                     -4.213     4.642 r  pll_inst/inst/plle2_adv_inst/CLKOUT1
                         net (fo=1, routed)           2.334     6.976    pll_inst/inst/clk_out2_pll
    BUFGCTRL_X0Y0        BUFG (Prop_bufg_I_O)         0.083     7.059 r  pll_inst/inst/clkout2_buf/O
                         net (fo=3499, routed)        1.418     8.477    student_top_inst/Core_cpu/BPU_inst/btb_reg_0_63_42_44/WCLK
    SLICE_X52Y73         RAMD64E                                      r  student_top_inst/Core_cpu/BPU_inst/btb_reg_0_63_42_44/RAMB/CLK
                         clock pessimism              0.328     8.806    
                         clock uncertainty           -0.059     8.747    
    SLICE_X52Y73         RAMD64E (Setup_ramd64e_CLK_WE)
                                                     -0.303     8.444    student_top_inst/Core_cpu/BPU_inst/btb_reg_0_63_42_44/RAMB
  -------------------------------------------------------------------
                         required time                          8.444    
                         arrival time                         -10.317    
  -------------------------------------------------------------------
                         slack                                 -1.873    

Slack (VIOLATED) :        -1.873ns  (required time - arrival time)
  Source:                 student_top_inst/Core_cpu/SegReg_ID_EX_inst/inst_ex_reg[21]/C
                            (rising edge-triggered cell FDRE clocked by clk_out2_pll  {rise@0.000ns fall@2.000ns period=4.000ns})
  Destination:            student_top_inst/Core_cpu/BPU_inst/btb_reg_0_63_42_44/RAMC/WE
                            (rising edge-triggered cell RAMD64E clocked by clk_out2_pll  {rise@0.000ns fall@2.000ns period=4.000ns})
  Path Group:             clk_out2_pll
  Path Type:              Setup (Max at Slow Process Corner)
  Requirement:            4.000ns  (clk_out2_pll rise@4.000ns - clk_out2_pll rise@0.000ns)
  Data Path Delay:        5.396ns  (logic 0.889ns (16.474%)  route 4.507ns (83.526%))
  Logic Levels:           9  (CARRY4=1 LUT4=1 LUT5=1 LUT6=6)
  Clock Path Skew:        -0.115ns (DCD - SCD + CPR)
    Destination Clock Delay (DCD):    4.477ns = ( 8.477 - 4.000 ) 
    Source Clock Delay      (SCD):    4.921ns
    Clock Pessimism Removal (CPR):    0.328ns
  Clock Uncertainty:      0.059ns  ((TSJ^2 + DJ^2)^1/2) / 2 + PE
    Total System Jitter     (TSJ):    0.071ns
    Discrete Jitter          (DJ):    0.094ns
    Phase Error              (PE):    0.000ns

    Location             Delay type                Incr(ns)  Path(ns)    Netlist Resource(s)
  -------------------------------------------------------------------    -------------------
                         (clock clk_out2_pll rise edge)
                                                      0.000     0.000 r  
    AD12                                              0.000     0.000 r  i_sys_clk_p (IN)
                         net (fo=0)                   0.000     0.000    pll_inst/inst/clk_in1_p
    AD12                 IBUFDS (Prop_ibufds_I_O)     0.906     0.906 r  pll_inst/inst/clkin1_ibufgds/O
                         net (fo=1, routed)           2.299     3.205    pll_inst/inst/clk_in1_pll_buf
    BUFGCTRL_X0Y3        BUFG (Prop_bufg_I_O)         0.093     3.298 r  pll_inst/inst/clkin1_bufg1/O
                         net (fo=1, routed)           1.959     5.257    pll_inst/inst/clk_in1_pll
    PLLE2_ADV_X1Y0       PLLE2_ADV (Prop_plle2_adv_CLKIN1_CLKOUT1)
                                                     -4.519     0.738 r  pll_inst/inst/plle2_adv_inst/CLKOUT1
                         net (fo=1, routed)           2.467     3.205    pll_inst/inst/clk_out2_pll
    BUFGCTRL_X0Y0        BUFG (Prop_bufg_I_O)         0.093     3.298 r  pll_inst/inst/clkout2_buf/O
                         net (fo=3499, routed)        1.623     4.921    student_top_inst/Core_cpu/SegReg_ID_EX_inst/clk_out2
    SLICE_X28Y79         FDRE                                         r  student_top_inst/Core_cpu/SegReg_ID_EX_inst/inst_ex_reg[21]/C
  -------------------------------------------------------------------    -------------------
    SLICE_X28Y79         FDRE (Prop_fdre_C_Q)         0.204     5.125 r  student_top_inst/Core_cpu/SegReg_ID_EX_inst/inst_ex_reg[21]/Q
                         net (fo=4, routed)           0.520     5.644    student_top_inst/Core_cpu/SegReg_LS2_WB_inst/mem_wdata_ls1_reg[31][5]
    SLICE_X28Y72         LUT6 (Prop_lut6_I4_O)        0.125     5.769 r  student_top_inst/Core_cpu/SegReg_LS2_WB_inst/mem_wdata_ls1[31]_i_13/O
                         net (fo=1, routed)           0.406     6.176    student_top_inst/Core_cpu/SegReg_LS2_WB_inst/mem_wdata_ls1[31]_i_13_n_0
    SLICE_X34Y72         LUT6 (Prop_lut6_I3_O)        0.043     6.219 r  student_top_inst/Core_cpu/SegReg_LS2_WB_inst/mem_wdata_ls1[31]_i_4/O
                         net (fo=70, routed)          0.623     6.841    student_top_inst/Core_cpu/SegReg_LS2_WB_inst/forward2_en0
    SLICE_X32Y75         LUT6 (Prop_lut6_I2_O)        0.043     6.884 r  student_top_inst/Core_cpu/SegReg_LS2_WB_inst/mem_wdata_ls1[25]_i_2/O
                         net (fo=1, routed)           0.349     7.234    student_top_inst/Core_cpu/SegReg_EX_LS1_inst/mem_wdata_ls1_reg[25]_0
    SLICE_X32Y75         LUT6 (Prop_lut6_I4_O)        0.043     7.277 r  student_top_inst/Core_cpu/SegReg_EX_LS1_inst/mem_wdata_ls1[25]_i_1/O
                         net (fo=10, routed)          0.637     7.914    student_top_inst/Core_cpu/SegReg_EX_LS1_inst/alu_result_ls1_reg[31]_0[22]
    SLICE_X37Y73         LUT4 (Prop_lut4_I2_O)        0.043     7.957 r  student_top_inst/Core_cpu/SegReg_EX_LS1_inst/btb_valid[255]_i_39/O
                         net (fo=1, routed)           0.000     7.957    student_top_inst/Core_cpu/SegReg_EX_LS1_inst/btb_valid[255]_i_39_n_0
    SLICE_X37Y73         CARRY4 (Prop_carry4_S[0]_CO[3])
                                                      0.259     8.216 r  student_top_inst/Core_cpu/SegReg_EX_LS1_inst/btb_valid_reg[255]_i_10/CO[3]
                         net (fo=1, routed)           0.555     8.770    student_top_inst/Core_cpu/SegReg_ID_EX_inst/btb_valid[255]_i_2_3[0]
    SLICE_X37Y77         LUT6 (Prop_lut6_I5_O)        0.043     8.813 r  student_top_inst/Core_cpu/SegReg_ID_EX_inst/btb_valid[255]_i_6/O
                         net (fo=2, routed)           0.104     8.917    student_top_inst/Core_cpu/SegReg_ID_EX_inst/btb_valid[255]_i_6_n_0
    SLICE_X37Y77         LUT6 (Prop_lut6_I0_O)        0.043     8.960 r  student_top_inst/Core_cpu/SegReg_ID_EX_inst/btb_valid[255]_i_2/O
                         net (fo=269, routed)         0.656     9.616    student_top_inst/Core_cpu/SegReg_ID_EX_inst/jump[0]
    SLICE_X47Y77         LUT5 (Prop_lut5_I2_O)        0.043     9.659 r  student_top_inst/Core_cpu/SegReg_ID_EX_inst/btb_reg_0_63_0_2_i_4/O
                         net (fo=72, routed)          0.657    10.317    student_top_inst/Core_cpu/BPU_inst/btb_reg_0_63_42_44/WE
    SLICE_X52Y73         RAMD64E                                      r  student_top_inst/Core_cpu/BPU_inst/btb_reg_0_63_42_44/RAMC/WE
  -------------------------------------------------------------------    -------------------

                         (clock clk_out2_pll rise edge)
                                                      4.000     4.000 r  
    AD12                                              0.000     4.000 r  i_sys_clk_p (IN)
                         net (fo=0)                   0.000     4.000    pll_inst/inst/clk_in1_p
    AD12                 IBUFDS (Prop_ibufds_I_O)     0.803     4.803 r  pll_inst/inst/clkin1_ibufgds/O
                         net (fo=1, routed)           2.173     6.976    pll_inst/inst/clk_in1_pll_buf
    BUFGCTRL_X0Y3        BUFG (Prop_bufg_I_O)         0.083     7.059 r  pll_inst/inst/clkin1_bufg1/O
                         net (fo=1, routed)           1.796     8.855    pll_inst/inst/clk_in1_pll
    PLLE2_ADV_X1Y0       PLLE2_ADV (Prop_plle2_adv_CLKIN1_CLKOUT1)
                                                     -4.213     4.642 r  pll_inst/inst/plle2_adv_inst/CLKOUT1
                         net (fo=1, routed)           2.334     6.976    pll_inst/inst/clk_out2_pll
    BUFGCTRL_X0Y0        BUFG (Prop_bufg_I_O)         0.083     7.059 r  pll_inst/inst/clkout2_buf/O
                         net (fo=3499, routed)        1.418     8.477    student_top_inst/Core_cpu/BPU_inst/btb_reg_0_63_42_44/WCLK
    SLICE_X52Y73         RAMD64E                                      r  student_top_inst/Core_cpu/BPU_inst/btb_reg_0_63_42_44/RAMC/CLK
                         clock pessimism              0.328     8.806    
                         clock uncertainty           -0.059     8.747    
    SLICE_X52Y73         RAMD64E (Setup_ramd64e_CLK_WE)
                                                     -0.303     8.444    student_top_inst/Core_cpu/BPU_inst/btb_reg_0_63_42_44/RAMC
  -------------------------------------------------------------------
                         required time                          8.444    
                         arrival time                         -10.317    
  -------------------------------------------------------------------
                         slack                                 -1.873    

Slack (VIOLATED) :        -1.873ns  (required time - arrival time)
  Source:                 student_top_inst/Core_cpu/SegReg_ID_EX_inst/inst_ex_reg[21]/C
                            (rising edge-triggered cell FDRE clocked by clk_out2_pll  {rise@0.000ns fall@2.000ns period=4.000ns})
  Destination:            student_top_inst/Core_cpu/BPU_inst/btb_reg_0_63_42_44/RAMD/WE
                            (rising edge-triggered cell RAMD64E clocked by clk_out2_pll  {rise@0.000ns fall@2.000ns period=4.000ns})
  Path Group:             clk_out2_pll
  Path Type:              Setup (Max at Slow Process Corner)
  Requirement:            4.000ns  (clk_out2_pll rise@4.000ns - clk_out2_pll rise@0.000ns)
  Data Path Delay:        5.396ns  (logic 0.889ns (16.474%)  route 4.507ns (83.526%))
  Logic Levels:           9  (CARRY4=1 LUT4=1 LUT5=1 LUT6=6)
  Clock Path Skew:        -0.115ns (DCD - SCD + CPR)
    Destination Clock Delay (DCD):    4.477ns = ( 8.477 - 4.000 ) 
    Source Clock Delay      (SCD):    4.921ns
    Clock Pessimism Removal (CPR):    0.328ns
  Clock Uncertainty:      0.059ns  ((TSJ^2 + DJ^2)^1/2) / 2 + PE
    Total System Jitter     (TSJ):    0.071ns
    Discrete Jitter          (DJ):    0.094ns
    Phase Error              (PE):    0.000ns

    Location             Delay type                Incr(ns)  Path(ns)    Netlist Resource(s)
  -------------------------------------------------------------------    -------------------
                         (clock clk_out2_pll rise edge)
                                                      0.000     0.000 r  
    AD12                                              0.000     0.000 r  i_sys_clk_p (IN)
                         net (fo=0)                   0.000     0.000    pll_inst/inst/clk_in1_p
    AD12                 IBUFDS (Prop_ibufds_I_O)     0.906     0.906 r  pll_inst/inst/clkin1_ibufgds/O
                         net (fo=1, routed)           2.299     3.205    pll_inst/inst/clk_in1_pll_buf
    BUFGCTRL_X0Y3        BUFG (Prop_bufg_I_O)         0.093     3.298 r  pll_inst/inst/clkin1_bufg1/O
                         net (fo=1, routed)           1.959     5.257    pll_inst/inst/clk_in1_pll
    PLLE2_ADV_X1Y0       PLLE2_ADV (Prop_plle2_adv_CLKIN1_CLKOUT1)
                                                     -4.519     0.738 r  pll_inst/inst/plle2_adv_inst/CLKOUT1
                         net (fo=1, routed)           2.467     3.205    pll_inst/inst/clk_out2_pll
    BUFGCTRL_X0Y0        BUFG (Prop_bufg_I_O)         0.093     3.298 r  pll_inst/inst/clkout2_buf/O
                         net (fo=3499, routed)        1.623     4.921    student_top_inst/Core_cpu/SegReg_ID_EX_inst/clk_out2
    SLICE_X28Y79         FDRE                                         r  student_top_inst/Core_cpu/SegReg_ID_EX_inst/inst_ex_reg[21]/C
  -------------------------------------------------------------------    -------------------
    SLICE_X28Y79         FDRE (Prop_fdre_C_Q)         0.204     5.125 r  student_top_inst/Core_cpu/SegReg_ID_EX_inst/inst_ex_reg[21]/Q
                         net (fo=4, routed)           0.520     5.644    student_top_inst/Core_cpu/SegReg_LS2_WB_inst/mem_wdata_ls1_reg[31][5]
    SLICE_X28Y72         LUT6 (Prop_lut6_I4_O)        0.125     5.769 r  student_top_inst/Core_cpu/SegReg_LS2_WB_inst/mem_wdata_ls1[31]_i_13/O
                         net (fo=1, routed)           0.406     6.176    student_top_inst/Core_cpu/SegReg_LS2_WB_inst/mem_wdata_ls1[31]_i_13_n_0
    SLICE_X34Y72         LUT6 (Prop_lut6_I3_O)        0.043     6.219 r  student_top_inst/Core_cpu/SegReg_LS2_WB_inst/mem_wdata_ls1[31]_i_4/O
                         net (fo=70, routed)          0.623     6.841    student_top_inst/Core_cpu/SegReg_LS2_WB_inst/forward2_en0
    SLICE_X32Y75         LUT6 (Prop_lut6_I2_O)        0.043     6.884 r  student_top_inst/Core_cpu/SegReg_LS2_WB_inst/mem_wdata_ls1[25]_i_2/O
                         net (fo=1, routed)           0.349     7.234    student_top_inst/Core_cpu/SegReg_EX_LS1_inst/mem_wdata_ls1_reg[25]_0
    SLICE_X32Y75         LUT6 (Prop_lut6_I4_O)        0.043     7.277 r  student_top_inst/Core_cpu/SegReg_EX_LS1_inst/mem_wdata_ls1[25]_i_1/O
                         net (fo=10, routed)          0.637     7.914    student_top_inst/Core_cpu/SegReg_EX_LS1_inst/alu_result_ls1_reg[31]_0[22]
    SLICE_X37Y73         LUT4 (Prop_lut4_I2_O)        0.043     7.957 r  student_top_inst/Core_cpu/SegReg_EX_LS1_inst/btb_valid[255]_i_39/O
                         net (fo=1, routed)           0.000     7.957    student_top_inst/Core_cpu/SegReg_EX_LS1_inst/btb_valid[255]_i_39_n_0
    SLICE_X37Y73         CARRY4 (Prop_carry4_S[0]_CO[3])
                                                      0.259     8.216 r  student_top_inst/Core_cpu/SegReg_EX_LS1_inst/btb_valid_reg[255]_i_10/CO[3]
                         net (fo=1, routed)           0.555     8.770    student_top_inst/Core_cpu/SegReg_ID_EX_inst/btb_valid[255]_i_2_3[0]
    SLICE_X37Y77         LUT6 (Prop_lut6_I5_O)        0.043     8.813 r  student_top_inst/Core_cpu/SegReg_ID_EX_inst/btb_valid[255]_i_6/O
                         net (fo=2, routed)           0.104     8.917    student_top_inst/Core_cpu/SegReg_ID_EX_inst/btb_valid[255]_i_6_n_0
    SLICE_X37Y77         LUT6 (Prop_lut6_I0_O)        0.043     8.960 r  student_top_inst/Core_cpu/SegReg_ID_EX_inst/btb_valid[255]_i_2/O
                         net (fo=269, routed)         0.656     9.616    student_top_inst/Core_cpu/SegReg_ID_EX_inst/jump[0]
    SLICE_X47Y77         LUT5 (Prop_lut5_I2_O)        0.043     9.659 r  student_top_inst/Core_cpu/SegReg_ID_EX_inst/btb_reg_0_63_0_2_i_4/O
                         net (fo=72, routed)          0.657    10.317    student_top_inst/Core_cpu/BPU_inst/btb_reg_0_63_42_44/WE
    SLICE_X52Y73         RAMD64E                                      r  student_top_inst/Core_cpu/BPU_inst/btb_reg_0_63_42_44/RAMD/WE
  -------------------------------------------------------------------    -------------------

                         (clock clk_out2_pll rise edge)
                                                      4.000     4.000 r  
    AD12                                              0.000     4.000 r  i_sys_clk_p (IN)
                         net (fo=0)                   0.000     4.000    pll_inst/inst/clk_in1_p
    AD12                 IBUFDS (Prop_ibufds_I_O)     0.803     4.803 r  pll_inst/inst/clkin1_ibufgds/O
                         net (fo=1, routed)           2.173     6.976    pll_inst/inst/clk_in1_pll_buf
    BUFGCTRL_X0Y3        BUFG (Prop_bufg_I_O)         0.083     7.059 r  pll_inst/inst/clkin1_bufg1/O
                         net (fo=1, routed)           1.796     8.855    pll_inst/inst/clk_in1_pll
    PLLE2_ADV_X1Y0       PLLE2_ADV (Prop_plle2_adv_CLKIN1_CLKOUT1)
                                                     -4.213     4.642 r  pll_inst/inst/plle2_adv_inst/CLKOUT1
                         net (fo=1, routed)           2.334     6.976    pll_inst/inst/clk_out2_pll
    BUFGCTRL_X0Y0        BUFG (Prop_bufg_I_O)         0.083     7.059 r  pll_inst/inst/clkout2_buf/O
                         net (fo=3499, routed)        1.418     8.477    student_top_inst/Core_cpu/BPU_inst/btb_reg_0_63_42_44/WCLK
    SLICE_X52Y73         RAMD64E                                      r  student_top_inst/Core_cpu/BPU_inst/btb_reg_0_63_42_44/RAMD/CLK
                         clock pessimism              0.328     8.806    
                         clock uncertainty           -0.059     8.747    
    SLICE_X52Y73         RAMD64E (Setup_ramd64e_CLK_WE)
                                                     -0.303     8.444    student_top_inst/Core_cpu/BPU_inst/btb_reg_0_63_42_44/RAMD
  -------------------------------------------------------------------
                         required time                          8.444    
                         arrival time                         -10.317    
  -------------------------------------------------------------------
                         slack                                 -1.873    

Slack (VIOLATED) :        -1.806ns  (required time - arrival time)
  Source:                 student_top_inst/Core_cpu/SegReg_ID_EX_inst/inst_ex_reg[21]/C
                            (rising edge-triggered cell FDRE clocked by clk_out2_pll  {rise@0.000ns fall@2.000ns period=4.000ns})
  Destination:            student_top_inst/Core_cpu/BPU_inst/btb_reg_0_63_9_11/RAMA/WE
                            (rising edge-triggered cell RAMD64E clocked by clk_out2_pll  {rise@0.000ns fall@2.000ns period=4.000ns})
  Path Group:             clk_out2_pll
  Path Type:              Setup (Max at Slow Process Corner)
  Requirement:            4.000ns  (clk_out2_pll rise@4.000ns - clk_out2_pll rise@0.000ns)
  Data Path Delay:        5.396ns  (logic 0.889ns (16.476%)  route 4.507ns (83.524%))
  Logic Levels:           9  (CARRY4=1 LUT4=1 LUT5=1 LUT6=6)
  Clock Path Skew:        -0.048ns (DCD - SCD + CPR)
    Destination Clock Delay (DCD):    4.544ns = ( 8.544 - 4.000 ) 
    Source Clock Delay      (SCD):    4.921ns
    Clock Pessimism Removal (CPR):    0.328ns
  Clock Uncertainty:      0.059ns  ((TSJ^2 + DJ^2)^1/2) / 2 + PE
    Total System Jitter     (TSJ):    0.071ns
    Discrete Jitter          (DJ):    0.094ns
    Phase Error              (PE):    0.000ns

    Location             Delay type                Incr(ns)  Path(ns)    Netlist Resource(s)
  -------------------------------------------------------------------    -------------------
                         (clock clk_out2_pll rise edge)
                                                      0.000     0.000 r  
    AD12                                              0.000     0.000 r  i_sys_clk_p (IN)
                         net (fo=0)                   0.000     0.000    pll_inst/inst/clk_in1_p
    AD12                 IBUFDS (Prop_ibufds_I_O)     0.906     0.906 r  pll_inst/inst/clkin1_ibufgds/O
                         net (fo=1, routed)           2.299     3.205    pll_inst/inst/clk_in1_pll_buf
    BUFGCTRL_X0Y3        BUFG (Prop_bufg_I_O)         0.093     3.298 r  pll_inst/inst/clkin1_bufg1/O
                         net (fo=1, routed)           1.959     5.257    pll_inst/inst/clk_in1_pll
    PLLE2_ADV_X1Y0       PLLE2_ADV (Prop_plle2_adv_CLKIN1_CLKOUT1)
                                                     -4.519     0.738 r  pll_inst/inst/plle2_adv_inst/CLKOUT1
                         net (fo=1, routed)           2.467     3.205    pll_inst/inst/clk_out2_pll
    BUFGCTRL_X0Y0        BUFG (Prop_bufg_I_O)         0.093     3.298 r  pll_inst/inst/clkout2_buf/O
                         net (fo=3499, routed)        1.623     4.921    student_top_inst/Core_cpu/SegReg_ID_EX_inst/clk_out2
    SLICE_X28Y79         FDRE                                         r  student_top_inst/Core_cpu/SegReg_ID_EX_inst/inst_ex_reg[21]/C
  -------------------------------------------------------------------    -------------------
    SLICE_X28Y79         FDRE (Prop_fdre_C_Q)         0.204     5.125 r  student_top_inst/Core_cpu/SegReg_ID_EX_inst/inst_ex_reg[21]/Q
                         net (fo=4, routed)           0.520     5.644    student_top_inst/Core_cpu/SegReg_LS2_WB_inst/mem_wdata_ls1_reg[31][5]
    SLICE_X28Y72         LUT6 (Prop_lut6_I4_O)        0.125     5.769 r  student_top_inst/Core_cpu/SegReg_LS2_WB_inst/mem_wdata_ls1[31]_i_13/O
                         net (fo=1, routed)           0.406     6.176    student_top_inst/Core_cpu/SegReg_LS2_WB_inst/mem_wdata_ls1[31]_i_13_n_0
    SLICE_X34Y72         LUT6 (Prop_lut6_I3_O)        0.043     6.219 r  student_top_inst/Core_cpu/SegReg_LS2_WB_inst/mem_wdata_ls1[31]_i_4/O
                         net (fo=70, routed)          0.623     6.841    student_top_inst/Core_cpu/SegReg_LS2_WB_inst/forward2_en0
    SLICE_X32Y75         LUT6 (Prop_lut6_I2_O)        0.043     6.884 r  student_top_inst/Core_cpu/SegReg_LS2_WB_inst/mem_wdata_ls1[25]_i_2/O
                         net (fo=1, routed)           0.349     7.234    student_top_inst/Core_cpu/SegReg_EX_LS1_inst/mem_wdata_ls1_reg[25]_0
    SLICE_X32Y75         LUT6 (Prop_lut6_I4_O)        0.043     7.277 r  student_top_inst/Core_cpu/SegReg_EX_LS1_inst/mem_wdata_ls1[25]_i_1/O
                         net (fo=10, routed)          0.637     7.914    student_top_inst/Core_cpu/SegReg_EX_LS1_inst/alu_result_ls1_reg[31]_0[22]
    SLICE_X37Y73         LUT4 (Prop_lut4_I2_O)        0.043     7.957 r  student_top_inst/Core_cpu/SegReg_EX_LS1_inst/btb_valid[255]_i_39/O
                         net (fo=1, routed)           0.000     7.957    student_top_inst/Core_cpu/SegReg_EX_LS1_inst/btb_valid[255]_i_39_n_0
    SLICE_X37Y73         CARRY4 (Prop_carry4_S[0]_CO[3])
                                                      0.259     8.216 r  student_top_inst/Core_cpu/SegReg_EX_LS1_inst/btb_valid_reg[255]_i_10/CO[3]
                         net (fo=1, routed)           0.555     8.770    student_top_inst/Core_cpu/SegReg_ID_EX_inst/btb_valid[255]_i_2_3[0]
    SLICE_X37Y77         LUT6 (Prop_lut6_I5_O)        0.043     8.813 r  student_top_inst/Core_cpu/SegReg_ID_EX_inst/btb_valid[255]_i_6/O
                         net (fo=2, routed)           0.104     8.917    student_top_inst/Core_cpu/SegReg_ID_EX_inst/btb_valid[255]_i_6_n_0
    SLICE_X37Y77         LUT6 (Prop_lut6_I0_O)        0.043     8.960 r  student_top_inst/Core_cpu/SegReg_ID_EX_inst/btb_valid[255]_i_2/O
                         net (fo=269, routed)         0.656     9.616    student_top_inst/Core_cpu/SegReg_ID_EX_inst/jump[0]
    SLICE_X47Y77         LUT5 (Prop_lut5_I2_O)        0.043     9.659 r  student_top_inst/Core_cpu/SegReg_ID_EX_inst/btb_reg_0_63_0_2_i_4/O
                         net (fo=72, routed)          0.657    10.316    student_top_inst/Core_cpu/BPU_inst/btb_reg_0_63_9_11/WE
    SLICE_X38Y69         RAMD64E                                      r  student_top_inst/Core_cpu/BPU_inst/btb_reg_0_63_9_11/RAMA/WE
  -------------------------------------------------------------------    -------------------

                         (clock clk_out2_pll rise edge)
                                                      4.000     4.000 r  
    AD12                                              0.000     4.000 r  i_sys_clk_p (IN)
                         net (fo=0)                   0.000     4.000    pll_inst/inst/clk_in1_p
    AD12                 IBUFDS (Prop_ibufds_I_O)     0.803     4.803 r  pll_inst/inst/clkin1_ibufgds/O
                         net (fo=1, routed)           2.173     6.976    pll_inst/inst/clk_in1_pll_buf
    BUFGCTRL_X0Y3        BUFG (Prop_bufg_I_O)         0.083     7.059 r  pll_inst/inst/clkin1_bufg1/O
                         net (fo=1, routed)           1.796     8.855    pll_inst/inst/clk_in1_pll
    PLLE2_ADV_X1Y0       PLLE2_ADV (Prop_plle2_adv_CLKIN1_CLKOUT1)
                                                     -4.213     4.642 r  pll_inst/inst/plle2_adv_inst/CLKOUT1
                         net (fo=1, routed)           2.334     6.976    pll_inst/inst/clk_out2_pll
    BUFGCTRL_X0Y0        BUFG (Prop_bufg_I_O)         0.083     7.059 r  pll_inst/inst/clkout2_buf/O
                         net (fo=3499, routed)        1.485     8.544    student_top_inst/Core_cpu/BPU_inst/btb_reg_0_63_9_11/WCLK
    SLICE_X38Y69         RAMD64E                                      r  student_top_inst/Core_cpu/BPU_inst/btb_reg_0_63_9_11/RAMA/CLK
                         clock pessimism              0.328     8.873    
                         clock uncertainty           -0.059     8.814    
    SLICE_X38Y69         RAMD64E (Setup_ramd64e_CLK_WE)
                                                     -0.303     8.511    student_top_inst/Core_cpu/BPU_inst/btb_reg_0_63_9_11/RAMA
  -------------------------------------------------------------------
                         required time                          8.511    
                         arrival time                         -10.316    
  -------------------------------------------------------------------
                         slack                                 -1.806    

Slack (VIOLATED) :        -1.806ns  (required time - arrival time)
  Source:                 student_top_inst/Core_cpu/SegReg_ID_EX_inst/inst_ex_reg[21]/C
                            (rising edge-triggered cell FDRE clocked by clk_out2_pll  {rise@0.000ns fall@2.000ns period=4.000ns})
  Destination:            student_top_inst/Core_cpu/BPU_inst/btb_reg_0_63_9_11/RAMB/WE
                            (rising edge-triggered cell RAMD64E clocked by clk_out2_pll  {rise@0.000ns fall@2.000ns period=4.000ns})
  Path Group:             clk_out2_pll
  Path Type:              Setup (Max at Slow Process Corner)
  Requirement:            4.000ns  (clk_out2_pll rise@4.000ns - clk_out2_pll rise@0.000ns)
  Data Path Delay:        5.396ns  (logic 0.889ns (16.476%)  route 4.507ns (83.524%))
  Logic Levels:           9  (CARRY4=1 LUT4=1 LUT5=1 LUT6=6)
  Clock Path Skew:        -0.048ns (DCD - SCD + CPR)
    Destination Clock Delay (DCD):    4.544ns = ( 8.544 - 4.000 ) 
    Source Clock Delay      (SCD):    4.921ns
    Clock Pessimism Removal (CPR):    0.328ns
  Clock Uncertainty:      0.059ns  ((TSJ^2 + DJ^2)^1/2) / 2 + PE
    Total System Jitter     (TSJ):    0.071ns
    Discrete Jitter          (DJ):    0.094ns
    Phase Error              (PE):    0.000ns

    Location             Delay type                Incr(ns)  Path(ns)    Netlist Resource(s)
  -------------------------------------------------------------------    -------------------
                         (clock clk_out2_pll rise edge)
                                                      0.000     0.000 r  
    AD12                                              0.000     0.000 r  i_sys_clk_p (IN)
                         net (fo=0)                   0.000     0.000    pll_inst/inst/clk_in1_p
    AD12                 IBUFDS (Prop_ibufds_I_O)     0.906     0.906 r  pll_inst/inst/clkin1_ibufgds/O
                         net (fo=1, routed)           2.299     3.205    pll_inst/inst/clk_in1_pll_buf
    BUFGCTRL_X0Y3        BUFG (Prop_bufg_I_O)         0.093     3.298 r  pll_inst/inst/clkin1_bufg1/O
                         net (fo=1, routed)           1.959     5.257    pll_inst/inst/clk_in1_pll
    PLLE2_ADV_X1Y0       PLLE2_ADV (Prop_plle2_adv_CLKIN1_CLKOUT1)
                                                     -4.519     0.738 r  pll_inst/inst/plle2_adv_inst/CLKOUT1
                         net (fo=1, routed)           2.467     3.205    pll_inst/inst/clk_out2_pll
    BUFGCTRL_X0Y0        BUFG (Prop_bufg_I_O)         0.093     3.298 r  pll_inst/inst/clkout2_buf/O
                         net (fo=3499, routed)        1.623     4.921    student_top_inst/Core_cpu/SegReg_ID_EX_inst/clk_out2
    SLICE_X28Y79         FDRE                                         r  student_top_inst/Core_cpu/SegReg_ID_EX_inst/inst_ex_reg[21]/C
  -------------------------------------------------------------------    -------------------
    SLICE_X28Y79         FDRE (Prop_fdre_C_Q)         0.204     5.125 r  student_top_inst/Core_cpu/SegReg_ID_EX_inst/inst_ex_reg[21]/Q
                         net (fo=4, routed)           0.520     5.644    student_top_inst/Core_cpu/SegReg_LS2_WB_inst/mem_wdata_ls1_reg[31][5]
    SLICE_X28Y72         LUT6 (Prop_lut6_I4_O)        0.125     5.769 r  student_top_inst/Core_cpu/SegReg_LS2_WB_inst/mem_wdata_ls1[31]_i_13/O
                         net (fo=1, routed)           0.406     6.176    student_top_inst/Core_cpu/SegReg_LS2_WB_inst/mem_wdata_ls1[31]_i_13_n_0
    SLICE_X34Y72         LUT6 (Prop_lut6_I3_O)        0.043     6.219 r  student_top_inst/Core_cpu/SegReg_LS2_WB_inst/mem_wdata_ls1[31]_i_4/O
                         net (fo=70, routed)          0.623     6.841    student_top_inst/Core_cpu/SegReg_LS2_WB_inst/forward2_en0
    SLICE_X32Y75         LUT6 (Prop_lut6_I2_O)        0.043     6.884 r  student_top_inst/Core_cpu/SegReg_LS2_WB_inst/mem_wdata_ls1[25]_i_2/O
                         net (fo=1, routed)           0.349     7.234    student_top_inst/Core_cpu/SegReg_EX_LS1_inst/mem_wdata_ls1_reg[25]_0
    SLICE_X32Y75         LUT6 (Prop_lut6_I4_O)        0.043     7.277 r  student_top_inst/Core_cpu/SegReg_EX_LS1_inst/mem_wdata_ls1[25]_i_1/O
                         net (fo=10, routed)          0.637     7.914    student_top_inst/Core_cpu/SegReg_EX_LS1_inst/alu_result_ls1_reg[31]_0[22]
    SLICE_X37Y73         LUT4 (Prop_lut4_I2_O)        0.043     7.957 r  student_top_inst/Core_cpu/SegReg_EX_LS1_inst/btb_valid[255]_i_39/O
                         net (fo=1, routed)           0.000     7.957    student_top_inst/Core_cpu/SegReg_EX_LS1_inst/btb_valid[255]_i_39_n_0
    SLICE_X37Y73         CARRY4 (Prop_carry4_S[0]_CO[3])
                                                      0.259     8.216 r  student_top_inst/Core_cpu/SegReg_EX_LS1_inst/btb_valid_reg[255]_i_10/CO[3]
                         net (fo=1, routed)           0.555     8.770    student_top_inst/Core_cpu/SegReg_ID_EX_inst/btb_valid[255]_i_2_3[0]
    SLICE_X37Y77         LUT6 (Prop_lut6_I5_O)        0.043     8.813 r  student_top_inst/Core_cpu/SegReg_ID_EX_inst/btb_valid[255]_i_6/O
                         net (fo=2, routed)           0.104     8.917    student_top_inst/Core_cpu/SegReg_ID_EX_inst/btb_valid[255]_i_6_n_0
    SLICE_X37Y77         LUT6 (Prop_lut6_I0_O)        0.043     8.960 r  student_top_inst/Core_cpu/SegReg_ID_EX_inst/btb_valid[255]_i_2/O
                         net (fo=269, routed)         0.656     9.616    student_top_inst/Core_cpu/SegReg_ID_EX_inst/jump[0]
    SLICE_X47Y77         LUT5 (Prop_lut5_I2_O)        0.043     9.659 r  student_top_inst/Core_cpu/SegReg_ID_EX_inst/btb_reg_0_63_0_2_i_4/O
                         net (fo=72, routed)          0.657    10.316    student_top_inst/Core_cpu/BPU_inst/btb_reg_0_63_9_11/WE
    SLICE_X38Y69         RAMD64E                                      r  student_top_inst/Core_cpu/BPU_inst/btb_reg_0_63_9_11/RAMB/WE
  -------------------------------------------------------------------    -------------------

                         (clock clk_out2_pll rise edge)
                                                      4.000     4.000 r  
    AD12                                              0.000     4.000 r  i_sys_clk_p (IN)
                         net (fo=0)                   0.000     4.000    pll_inst/inst/clk_in1_p
    AD12                 IBUFDS (Prop_ibufds_I_O)     0.803     4.803 r  pll_inst/inst/clkin1_ibufgds/O
                         net (fo=1, routed)           2.173     6.976    pll_inst/inst/clk_in1_pll_buf
    BUFGCTRL_X0Y3        BUFG (Prop_bufg_I_O)         0.083     7.059 r  pll_inst/inst/clkin1_bufg1/O
                         net (fo=1, routed)           1.796     8.855    pll_inst/inst/clk_in1_pll
    PLLE2_ADV_X1Y0       PLLE2_ADV (Prop_plle2_adv_CLKIN1_CLKOUT1)
                                                     -4.213     4.642 r  pll_inst/inst/plle2_adv_inst/CLKOUT1
                         net (fo=1, routed)           2.334     6.976    pll_inst/inst/clk_out2_pll
    BUFGCTRL_X0Y0        BUFG (Prop_bufg_I_O)         0.083     7.059 r  pll_inst/inst/clkout2_buf/O
                         net (fo=3499, routed)        1.485     8.544    student_top_inst/Core_cpu/BPU_inst/btb_reg_0_63_9_11/WCLK
    SLICE_X38Y69         RAMD64E                                      r  student_top_inst/Core_cpu/BPU_inst/btb_reg_0_63_9_11/RAMB/CLK
                         clock pessimism              0.328     8.873    
                         clock uncertainty           -0.059     8.814    
    SLICE_X38Y69         RAMD64E (Setup_ramd64e_CLK_WE)
                                                     -0.303     8.511    student_top_inst/Core_cpu/BPU_inst/btb_reg_0_63_9_11/RAMB
  -------------------------------------------------------------------
                         required time                          8.511    
                         arrival time                         -10.316    
  -------------------------------------------------------------------
                         slack                                 -1.806    

Slack (VIOLATED) :        -1.806ns  (required time - arrival time)
  Source:                 student_top_inst/Core_cpu/SegReg_ID_EX_inst/inst_ex_reg[21]/C
                            (rising edge-triggered cell FDRE clocked by clk_out2_pll  {rise@0.000ns fall@2.000ns period=4.000ns})
  Destination:            student_top_inst/Core_cpu/BPU_inst/btb_reg_0_63_9_11/RAMC/WE
                            (rising edge-triggered cell RAMD64E clocked by clk_out2_pll  {rise@0.000ns fall@2.000ns period=4.000ns})
  Path Group:             clk_out2_pll
  Path Type:              Setup (Max at Slow Process Corner)
  Requirement:            4.000ns  (clk_out2_pll rise@4.000ns - clk_out2_pll rise@0.000ns)
  Data Path Delay:        5.396ns  (logic 0.889ns (16.476%)  route 4.507ns (83.524%))
  Logic Levels:           9  (CARRY4=1 LUT4=1 LUT5=1 LUT6=6)
  Clock Path Skew:        -0.048ns (DCD - SCD + CPR)
    Destination Clock Delay (DCD):    4.544ns = ( 8.544 - 4.000 ) 
    Source Clock Delay      (SCD):    4.921ns
    Clock Pessimism Removal (CPR):    0.328ns
  Clock Uncertainty:      0.059ns  ((TSJ^2 + DJ^2)^1/2) / 2 + PE
    Total System Jitter     (TSJ):    0.071ns
    Discrete Jitter          (DJ):    0.094ns
    Phase Error              (PE):    0.000ns

    Location             Delay type                Incr(ns)  Path(ns)    Netlist Resource(s)
  -------------------------------------------------------------------    -------------------
                         (clock clk_out2_pll rise edge)
                                                      0.000     0.000 r  
    AD12                                              0.000     0.000 r  i_sys_clk_p (IN)
                         net (fo=0)                   0.000     0.000    pll_inst/inst/clk_in1_p
    AD12                 IBUFDS (Prop_ibufds_I_O)     0.906     0.906 r  pll_inst/inst/clkin1_ibufgds/O
                         net (fo=1, routed)           2.299     3.205    pll_inst/inst/clk_in1_pll_buf
    BUFGCTRL_X0Y3        BUFG (Prop_bufg_I_O)         0.093     3.298 r  pll_inst/inst/clkin1_bufg1/O
                         net (fo=1, routed)           1.959     5.257    pll_inst/inst/clk_in1_pll
    PLLE2_ADV_X1Y0       PLLE2_ADV (Prop_plle2_adv_CLKIN1_CLKOUT1)
                                                     -4.519     0.738 r  pll_inst/inst/plle2_adv_inst/CLKOUT1
                         net (fo=1, routed)           2.467     3.205    pll_inst/inst/clk_out2_pll
    BUFGCTRL_X0Y0        BUFG (Prop_bufg_I_O)         0.093     3.298 r  pll_inst/inst/clkout2_buf/O
                         net (fo=3499, routed)        1.623     4.921    student_top_inst/Core_cpu/SegReg_ID_EX_inst/clk_out2
    SLICE_X28Y79         FDRE                                         r  student_top_inst/Core_cpu/SegReg_ID_EX_inst/inst_ex_reg[21]/C
  -------------------------------------------------------------------    -------------------
    SLICE_X28Y79         FDRE (Prop_fdre_C_Q)         0.204     5.125 r  student_top_inst/Core_cpu/SegReg_ID_EX_inst/inst_ex_reg[21]/Q
                         net (fo=4, routed)           0.520     5.644    student_top_inst/Core_cpu/SegReg_LS2_WB_inst/mem_wdata_ls1_reg[31][5]
    SLICE_X28Y72         LUT6 (Prop_lut6_I4_O)        0.125     5.769 r  student_top_inst/Core_cpu/SegReg_LS2_WB_inst/mem_wdata_ls1[31]_i_13/O
                         net (fo=1, routed)           0.406     6.176    student_top_inst/Core_cpu/SegReg_LS2_WB_inst/mem_wdata_ls1[31]_i_13_n_0
    SLICE_X34Y72         LUT6 (Prop_lut6_I3_O)        0.043     6.219 r  student_top_inst/Core_cpu/SegReg_LS2_WB_inst/mem_wdata_ls1[31]_i_4/O
                         net (fo=70, routed)          0.623     6.841    student_top_inst/Core_cpu/SegReg_LS2_WB_inst/forward2_en0
    SLICE_X32Y75         LUT6 (Prop_lut6_I2_O)        0.043     6.884 r  student_top_inst/Core_cpu/SegReg_LS2_WB_inst/mem_wdata_ls1[25]_i_2/O
                         net (fo=1, routed)           0.349     7.234    student_top_inst/Core_cpu/SegReg_EX_LS1_inst/mem_wdata_ls1_reg[25]_0
    SLICE_X32Y75         LUT6 (Prop_lut6_I4_O)        0.043     7.277 r  student_top_inst/Core_cpu/SegReg_EX_LS1_inst/mem_wdata_ls1[25]_i_1/O
                         net (fo=10, routed)          0.637     7.914    student_top_inst/Core_cpu/SegReg_EX_LS1_inst/alu_result_ls1_reg[31]_0[22]
    SLICE_X37Y73         LUT4 (Prop_lut4_I2_O)        0.043     7.957 r  student_top_inst/Core_cpu/SegReg_EX_LS1_inst/btb_valid[255]_i_39/O
                         net (fo=1, routed)           0.000     7.957    student_top_inst/Core_cpu/SegReg_EX_LS1_inst/btb_valid[255]_i_39_n_0
    SLICE_X37Y73         CARRY4 (Prop_carry4_S[0]_CO[3])
                                                      0.259     8.216 r  student_top_inst/Core_cpu/SegReg_EX_LS1_inst/btb_valid_reg[255]_i_10/CO[3]
                         net (fo=1, routed)           0.555     8.770    student_top_inst/Core_cpu/SegReg_ID_EX_inst/btb_valid[255]_i_2_3[0]
    SLICE_X37Y77         LUT6 (Prop_lut6_I5_O)        0.043     8.813 r  student_top_inst/Core_cpu/SegReg_ID_EX_inst/btb_valid[255]_i_6/O
                         net (fo=2, routed)           0.104     8.917    student_top_inst/Core_cpu/SegReg_ID_EX_inst/btb_valid[255]_i_6_n_0
    SLICE_X37Y77         LUT6 (Prop_lut6_I0_O)        0.043     8.960 r  student_top_inst/Core_cpu/SegReg_ID_EX_inst/btb_valid[255]_i_2/O
                         net (fo=269, routed)         0.656     9.616    student_top_inst/Core_cpu/SegReg_ID_EX_inst/jump[0]
    SLICE_X47Y77         LUT5 (Prop_lut5_I2_O)        0.043     9.659 r  student_top_inst/Core_cpu/SegReg_ID_EX_inst/btb_reg_0_63_0_2_i_4/O
                         net (fo=72, routed)          0.657    10.316    student_top_inst/Core_cpu/BPU_inst/btb_reg_0_63_9_11/WE
    SLICE_X38Y69         RAMD64E                                      r  student_top_inst/Core_cpu/BPU_inst/btb_reg_0_63_9_11/RAMC/WE
  -------------------------------------------------------------------    -------------------

                         (clock clk_out2_pll rise edge)
                                                      4.000     4.000 r  
    AD12                                              0.000     4.000 r  i_sys_clk_p (IN)
                         net (fo=0)                   0.000     4.000    pll_inst/inst/clk_in1_p
    AD12                 IBUFDS (Prop_ibufds_I_O)     0.803     4.803 r  pll_inst/inst/clkin1_ibufgds/O
                         net (fo=1, routed)           2.173     6.976    pll_inst/inst/clk_in1_pll_buf
    BUFGCTRL_X0Y3        BUFG (Prop_bufg_I_O)         0.083     7.059 r  pll_inst/inst/clkin1_bufg1/O
                         net (fo=1, routed)           1.796     8.855    pll_inst/inst/clk_in1_pll
    PLLE2_ADV_X1Y0       PLLE2_ADV (Prop_plle2_adv_CLKIN1_CLKOUT1)
                                                     -4.213     4.642 r  pll_inst/inst/plle2_adv_inst/CLKOUT1
                         net (fo=1, routed)           2.334     6.976    pll_inst/inst/clk_out2_pll
    BUFGCTRL_X0Y0        BUFG (Prop_bufg_I_O)         0.083     7.059 r  pll_inst/inst/clkout2_buf/O
                         net (fo=3499, routed)        1.485     8.544    student_top_inst/Core_cpu/BPU_inst/btb_reg_0_63_9_11/WCLK
    SLICE_X38Y69         RAMD64E                                      r  student_top_inst/Core_cpu/BPU_inst/btb_reg_0_63_9_11/RAMC/CLK
                         clock pessimism              0.328     8.873    
                         clock uncertainty           -0.059     8.814    
    SLICE_X38Y69         RAMD64E (Setup_ramd64e_CLK_WE)
                                                     -0.303     8.511    student_top_inst/Core_cpu/BPU_inst/btb_reg_0_63_9_11/RAMC
  -------------------------------------------------------------------
                         required time                          8.511    
                         arrival time                         -10.316    
  -------------------------------------------------------------------
                         slack                                 -1.806    

Slack (VIOLATED) :        -1.806ns  (required time - arrival time)
  Source:                 student_top_inst/Core_cpu/SegReg_ID_EX_inst/inst_ex_reg[21]/C
                            (rising edge-triggered cell FDRE clocked by clk_out2_pll  {rise@0.000ns fall@2.000ns period=4.000ns})
  Destination:            student_top_inst/Core_cpu/BPU_inst/btb_reg_0_63_9_11/RAMD/WE
                            (rising edge-triggered cell RAMD64E clocked by clk_out2_pll  {rise@0.000ns fall@2.000ns period=4.000ns})
  Path Group:             clk_out2_pll
  Path Type:              Setup (Max at Slow Process Corner)
  Requirement:            4.000ns  (clk_out2_pll rise@4.000ns - clk_out2_pll rise@0.000ns)
  Data Path Delay:        5.396ns  (logic 0.889ns (16.476%)  route 4.507ns (83.524%))
  Logic Levels:           9  (CARRY4=1 LUT4=1 LUT5=1 LUT6=6)
  Clock Path Skew:        -0.048ns (DCD - SCD + CPR)
    Destination Clock Delay (DCD):    4.544ns = ( 8.544 - 4.000 ) 
    Source Clock Delay      (SCD):    4.921ns
    Clock Pessimism Removal (CPR):    0.328ns
  Clock Uncertainty:      0.059ns  ((TSJ^2 + DJ^2)^1/2) / 2 + PE
    Total System Jitter     (TSJ):    0.071ns
    Discrete Jitter          (DJ):    0.094ns
    Phase Error              (PE):    0.000ns

    Location             Delay type                Incr(ns)  Path(ns)    Netlist Resource(s)
  -------------------------------------------------------------------    -------------------
                         (clock clk_out2_pll rise edge)
                                                      0.000     0.000 r  
    AD12                                              0.000     0.000 r  i_sys_clk_p (IN)
                         net (fo=0)                   0.000     0.000    pll_inst/inst/clk_in1_p
    AD12                 IBUFDS (Prop_ibufds_I_O)     0.906     0.906 r  pll_inst/inst/clkin1_ibufgds/O
                         net (fo=1, routed)           2.299     3.205    pll_inst/inst/clk_in1_pll_buf
    BUFGCTRL_X0Y3        BUFG (Prop_bufg_I_O)         0.093     3.298 r  pll_inst/inst/clkin1_bufg1/O
                         net (fo=1, routed)           1.959     5.257    pll_inst/inst/clk_in1_pll
    PLLE2_ADV_X1Y0       PLLE2_ADV (Prop_plle2_adv_CLKIN1_CLKOUT1)
                                                     -4.519     0.738 r  pll_inst/inst/plle2_adv_inst/CLKOUT1
                         net (fo=1, routed)           2.467     3.205    pll_inst/inst/clk_out2_pll
    BUFGCTRL_X0Y0        BUFG (Prop_bufg_I_O)         0.093     3.298 r  pll_inst/inst/clkout2_buf/O
                         net (fo=3499, routed)        1.623     4.921    student_top_inst/Core_cpu/SegReg_ID_EX_inst/clk_out2
    SLICE_X28Y79         FDRE                                         r  student_top_inst/Core_cpu/SegReg_ID_EX_inst/inst_ex_reg[21]/C
  -------------------------------------------------------------------    -------------------
    SLICE_X28Y79         FDRE (Prop_fdre_C_Q)         0.204     5.125 r  student_top_inst/Core_cpu/SegReg_ID_EX_inst/inst_ex_reg[21]/Q
                         net (fo=4, routed)           0.520     5.644    student_top_inst/Core_cpu/SegReg_LS2_WB_inst/mem_wdata_ls1_reg[31][5]
    SLICE_X28Y72         LUT6 (Prop_lut6_I4_O)        0.125     5.769 r  student_top_inst/Core_cpu/SegReg_LS2_WB_inst/mem_wdata_ls1[31]_i_13/O
                         net (fo=1, routed)           0.406     6.176    student_top_inst/Core_cpu/SegReg_LS2_WB_inst/mem_wdata_ls1[31]_i_13_n_0
    SLICE_X34Y72         LUT6 (Prop_lut6_I3_O)        0.043     6.219 r  student_top_inst/Core_cpu/SegReg_LS2_WB_inst/mem_wdata_ls1[31]_i_4/O
                         net (fo=70, routed)          0.623     6.841    student_top_inst/Core_cpu/SegReg_LS2_WB_inst/forward2_en0
    SLICE_X32Y75         LUT6 (Prop_lut6_I2_O)        0.043     6.884 r  student_top_inst/Core_cpu/SegReg_LS2_WB_inst/mem_wdata_ls1[25]_i_2/O
                         net (fo=1, routed)           0.349     7.234    student_top_inst/Core_cpu/SegReg_EX_LS1_inst/mem_wdata_ls1_reg[25]_0
    SLICE_X32Y75         LUT6 (Prop_lut6_I4_O)        0.043     7.277 r  student_top_inst/Core_cpu/SegReg_EX_LS1_inst/mem_wdata_ls1[25]_i_1/O
                         net (fo=10, routed)          0.637     7.914    student_top_inst/Core_cpu/SegReg_EX_LS1_inst/alu_result_ls1_reg[31]_0[22]
    SLICE_X37Y73         LUT4 (Prop_lut4_I2_O)        0.043     7.957 r  student_top_inst/Core_cpu/SegReg_EX_LS1_inst/btb_valid[255]_i_39/O
                         net (fo=1, routed)           0.000     7.957    student_top_inst/Core_cpu/SegReg_EX_LS1_inst/btb_valid[255]_i_39_n_0
    SLICE_X37Y73         CARRY4 (Prop_carry4_S[0]_CO[3])
                                                      0.259     8.216 r  student_top_inst/Core_cpu/SegReg_EX_LS1_inst/btb_valid_reg[255]_i_10/CO[3]
                         net (fo=1, routed)           0.555     8.770    student_top_inst/Core_cpu/SegReg_ID_EX_inst/btb_valid[255]_i_2_3[0]
    SLICE_X37Y77         LUT6 (Prop_lut6_I5_O)        0.043     8.813 r  student_top_inst/Core_cpu/SegReg_ID_EX_inst/btb_valid[255]_i_6/O
                         net (fo=2, routed)           0.104     8.917    student_top_inst/Core_cpu/SegReg_ID_EX_inst/btb_valid[255]_i_6_n_0
    SLICE_X37Y77         LUT6 (Prop_lut6_I0_O)        0.043     8.960 r  student_top_inst/Core_cpu/SegReg_ID_EX_inst/btb_valid[255]_i_2/O
                         net (fo=269, routed)         0.656     9.616    student_top_inst/Core_cpu/SegReg_ID_EX_inst/jump[0]
    SLICE_X47Y77         LUT5 (Prop_lut5_I2_O)        0.043     9.659 r  student_top_inst/Core_cpu/SegReg_ID_EX_inst/btb_reg_0_63_0_2_i_4/O
                         net (fo=72, routed)          0.657    10.316    student_top_inst/Core_cpu/BPU_inst/btb_reg_0_63_9_11/WE
    SLICE_X38Y69         RAMD64E                                      r  student_top_inst/Core_cpu/BPU_inst/btb_reg_0_63_9_11/RAMD/WE
  -------------------------------------------------------------------    -------------------

                         (clock clk_out2_pll rise edge)
                                                      4.000     4.000 r  
    AD12                                              0.000     4.000 r  i_sys_clk_p (IN)
                         net (fo=0)                   0.000     4.000    pll_inst/inst/clk_in1_p
    AD12                 IBUFDS (Prop_ibufds_I_O)     0.803     4.803 r  pll_inst/inst/clkin1_ibufgds/O
                         net (fo=1, routed)           2.173     6.976    pll_inst/inst/clk_in1_pll_buf
    BUFGCTRL_X0Y3        BUFG (Prop_bufg_I_O)         0.083     7.059 r  pll_inst/inst/clkin1_bufg1/O
                         net (fo=1, routed)           1.796     8.855    pll_inst/inst/clk_in1_pll
    PLLE2_ADV_X1Y0       PLLE2_ADV (Prop_plle2_adv_CLKIN1_CLKOUT1)
                                                     -4.213     4.642 r  pll_inst/inst/plle2_adv_inst/CLKOUT1
                         net (fo=1, routed)           2.334     6.976    pll_inst/inst/clk_out2_pll
    BUFGCTRL_X0Y0        BUFG (Prop_bufg_I_O)         0.083     7.059 r  pll_inst/inst/clkout2_buf/O
                         net (fo=3499, routed)        1.485     8.544    student_top_inst/Core_cpu/BPU_inst/btb_reg_0_63_9_11/WCLK
    SLICE_X38Y69         RAMD64E                                      r  student_top_inst/Core_cpu/BPU_inst/btb_reg_0_63_9_11/RAMD/CLK
                         clock pessimism              0.328     8.873    
                         clock uncertainty           -0.059     8.814    
    SLICE_X38Y69         RAMD64E (Setup_ramd64e_CLK_WE)
                                                     -0.303     8.511    student_top_inst/Core_cpu/BPU_inst/btb_reg_0_63_9_11/RAMD
  -------------------------------------------------------------------
                         required time                          8.511    
                         arrival time                         -10.316    
  -------------------------------------------------------------------
                         slack                                 -1.806    

Slack (VIOLATED) :        -1.776ns  (required time - arrival time)
  Source:                 student_top_inst/Core_cpu/SegReg_ID_EX_inst/inst_ex_reg[21]/C
                            (rising edge-triggered cell FDRE clocked by clk_out2_pll  {rise@0.000ns fall@2.000ns period=4.000ns})
  Destination:            student_top_inst/Core_cpu/BPU_inst/btb_reg_0_63_39_41/RAMA/WE
                            (rising edge-triggered cell RAMD64E clocked by clk_out2_pll  {rise@0.000ns fall@2.000ns period=4.000ns})
  Path Group:             clk_out2_pll
  Path Type:              Setup (Max at Slow Process Corner)
  Requirement:            4.000ns  (clk_out2_pll rise@4.000ns - clk_out2_pll rise@0.000ns)
  Data Path Delay:        5.297ns  (logic 0.889ns (16.782%)  route 4.408ns (83.218%))
  Logic Levels:           9  (CARRY4=1 LUT4=1 LUT5=1 LUT6=6)
  Clock Path Skew:        -0.117ns (DCD - SCD + CPR)
    Destination Clock Delay (DCD):    4.475ns = ( 8.475 - 4.000 ) 
    Source Clock Delay      (SCD):    4.921ns
    Clock Pessimism Removal (CPR):    0.328ns
  Clock Uncertainty:      0.059ns  ((TSJ^2 + DJ^2)^1/2) / 2 + PE
    Total System Jitter     (TSJ):    0.071ns
    Discrete Jitter          (DJ):    0.094ns
    Phase Error              (PE):    0.000ns

    Location             Delay type                Incr(ns)  Path(ns)    Netlist Resource(s)
  -------------------------------------------------------------------    -------------------
                         (clock clk_out2_pll rise edge)
                                                      0.000     0.000 r  
    AD12                                              0.000     0.000 r  i_sys_clk_p (IN)
                         net (fo=0)                   0.000     0.000    pll_inst/inst/clk_in1_p
    AD12                 IBUFDS (Prop_ibufds_I_O)     0.906     0.906 r  pll_inst/inst/clkin1_ibufgds/O
                         net (fo=1, routed)           2.299     3.205    pll_inst/inst/clk_in1_pll_buf
    BUFGCTRL_X0Y3        BUFG (Prop_bufg_I_O)         0.093     3.298 r  pll_inst/inst/clkin1_bufg1/O
                         net (fo=1, routed)           1.959     5.257    pll_inst/inst/clk_in1_pll
    PLLE2_ADV_X1Y0       PLLE2_ADV (Prop_plle2_adv_CLKIN1_CLKOUT1)
                                                     -4.519     0.738 r  pll_inst/inst/plle2_adv_inst/CLKOUT1
                         net (fo=1, routed)           2.467     3.205    pll_inst/inst/clk_out2_pll
    BUFGCTRL_X0Y0        BUFG (Prop_bufg_I_O)         0.093     3.298 r  pll_inst/inst/clkout2_buf/O
                         net (fo=3499, routed)        1.623     4.921    student_top_inst/Core_cpu/SegReg_ID_EX_inst/clk_out2
    SLICE_X28Y79         FDRE                                         r  student_top_inst/Core_cpu/SegReg_ID_EX_inst/inst_ex_reg[21]/C
  -------------------------------------------------------------------    -------------------
    SLICE_X28Y79         FDRE (Prop_fdre_C_Q)         0.204     5.125 r  student_top_inst/Core_cpu/SegReg_ID_EX_inst/inst_ex_reg[21]/Q
                         net (fo=4, routed)           0.520     5.644    student_top_inst/Core_cpu/SegReg_LS2_WB_inst/mem_wdata_ls1_reg[31][5]
    SLICE_X28Y72         LUT6 (Prop_lut6_I4_O)        0.125     5.769 r  student_top_inst/Core_cpu/SegReg_LS2_WB_inst/mem_wdata_ls1[31]_i_13/O
                         net (fo=1, routed)           0.406     6.176    student_top_inst/Core_cpu/SegReg_LS2_WB_inst/mem_wdata_ls1[31]_i_13_n_0
    SLICE_X34Y72         LUT6 (Prop_lut6_I3_O)        0.043     6.219 r  student_top_inst/Core_cpu/SegReg_LS2_WB_inst/mem_wdata_ls1[31]_i_4/O
                         net (fo=70, routed)          0.623     6.841    student_top_inst/Core_cpu/SegReg_LS2_WB_inst/forward2_en0
    SLICE_X32Y75         LUT6 (Prop_lut6_I2_O)        0.043     6.884 r  student_top_inst/Core_cpu/SegReg_LS2_WB_inst/mem_wdata_ls1[25]_i_2/O
                         net (fo=1, routed)           0.349     7.234    student_top_inst/Core_cpu/SegReg_EX_LS1_inst/mem_wdata_ls1_reg[25]_0
    SLICE_X32Y75         LUT6 (Prop_lut6_I4_O)        0.043     7.277 r  student_top_inst/Core_cpu/SegReg_EX_LS1_inst/mem_wdata_ls1[25]_i_1/O
                         net (fo=10, routed)          0.637     7.914    student_top_inst/Core_cpu/SegReg_EX_LS1_inst/alu_result_ls1_reg[31]_0[22]
    SLICE_X37Y73         LUT4 (Prop_lut4_I2_O)        0.043     7.957 r  student_top_inst/Core_cpu/SegReg_EX_LS1_inst/btb_valid[255]_i_39/O
                         net (fo=1, routed)           0.000     7.957    student_top_inst/Core_cpu/SegReg_EX_LS1_inst/btb_valid[255]_i_39_n_0
    SLICE_X37Y73         CARRY4 (Prop_carry4_S[0]_CO[3])
                                                      0.259     8.216 r  student_top_inst/Core_cpu/SegReg_EX_LS1_inst/btb_valid_reg[255]_i_10/CO[3]
                         net (fo=1, routed)           0.555     8.770    student_top_inst/Core_cpu/SegReg_ID_EX_inst/btb_valid[255]_i_2_3[0]
    SLICE_X37Y77         LUT6 (Prop_lut6_I5_O)        0.043     8.813 r  student_top_inst/Core_cpu/SegReg_ID_EX_inst/btb_valid[255]_i_6/O
                         net (fo=2, routed)           0.104     8.917    student_top_inst/Core_cpu/SegReg_ID_EX_inst/btb_valid[255]_i_6_n_0
    SLICE_X37Y77         LUT6 (Prop_lut6_I0_O)        0.043     8.960 r  student_top_inst/Core_cpu/SegReg_ID_EX_inst/btb_valid[255]_i_2/O
                         net (fo=269, routed)         0.656     9.616    student_top_inst/Core_cpu/SegReg_ID_EX_inst/jump[0]
    SLICE_X47Y77         LUT5 (Prop_lut5_I2_O)        0.043     9.659 r  student_top_inst/Core_cpu/SegReg_ID_EX_inst/btb_reg_0_63_0_2_i_4/O
                         net (fo=72, routed)          0.559    10.218    student_top_inst/Core_cpu/BPU_inst/btb_reg_0_63_39_41/WE
    SLICE_X50Y74         RAMD64E                                      r  student_top_inst/Core_cpu/BPU_inst/btb_reg_0_63_39_41/RAMA/WE
  -------------------------------------------------------------------    -------------------

                         (clock clk_out2_pll rise edge)
                                                      4.000     4.000 r  
    AD12                                              0.000     4.000 r  i_sys_clk_p (IN)
                         net (fo=0)                   0.000     4.000    pll_inst/inst/clk_in1_p
    AD12                 IBUFDS (Prop_ibufds_I_O)     0.803     4.803 r  pll_inst/inst/clkin1_ibufgds/O
                         net (fo=1, routed)           2.173     6.976    pll_inst/inst/clk_in1_pll_buf
    BUFGCTRL_X0Y3        BUFG (Prop_bufg_I_O)         0.083     7.059 r  pll_inst/inst/clkin1_bufg1/O
                         net (fo=1, routed)           1.796     8.855    pll_inst/inst/clk_in1_pll
    PLLE2_ADV_X1Y0       PLLE2_ADV (Prop_plle2_adv_CLKIN1_CLKOUT1)
                                                     -4.213     4.642 r  pll_inst/inst/plle2_adv_inst/CLKOUT1
                         net (fo=1, routed)           2.334     6.976    pll_inst/inst/clk_out2_pll
    BUFGCTRL_X0Y0        BUFG (Prop_bufg_I_O)         0.083     7.059 r  pll_inst/inst/clkout2_buf/O
                         net (fo=3499, routed)        1.416     8.475    student_top_inst/Core_cpu/BPU_inst/btb_reg_0_63_39_41/WCLK
    SLICE_X50Y74         RAMD64E                                      r  student_top_inst/Core_cpu/BPU_inst/btb_reg_0_63_39_41/RAMA/CLK
                         clock pessimism              0.328     8.804    
                         clock uncertainty           -0.059     8.745    
    SLICE_X50Y74         RAMD64E (Setup_ramd64e_CLK_WE)
                                                     -0.303     8.442    student_top_inst/Core_cpu/BPU_inst/btb_reg_0_63_39_41/RAMA
  -------------------------------------------------------------------
                         required time                          8.442    
                         arrival time                         -10.218    
  -------------------------------------------------------------------
                         slack                                 -1.776    

Slack (VIOLATED) :        -1.776ns  (required time - arrival time)
  Source:                 student_top_inst/Core_cpu/SegReg_ID_EX_inst/inst_ex_reg[21]/C
                            (rising edge-triggered cell FDRE clocked by clk_out2_pll  {rise@0.000ns fall@2.000ns period=4.000ns})
  Destination:            student_top_inst/Core_cpu/BPU_inst/btb_reg_0_63_39_41/RAMB/WE
                            (rising edge-triggered cell RAMD64E clocked by clk_out2_pll  {rise@0.000ns fall@2.000ns period=4.000ns})
  Path Group:             clk_out2_pll
  Path Type:              Setup (Max at Slow Process Corner)
  Requirement:            4.000ns  (clk_out2_pll rise@4.000ns - clk_out2_pll rise@0.000ns)
  Data Path Delay:        5.297ns  (logic 0.889ns (16.782%)  route 4.408ns (83.218%))
  Logic Levels:           9  (CARRY4=1 LUT4=1 LUT5=1 LUT6=6)
  Clock Path Skew:        -0.117ns (DCD - SCD + CPR)
    Destination Clock Delay (DCD):    4.475ns = ( 8.475 - 4.000 ) 
    Source Clock Delay      (SCD):    4.921ns
    Clock Pessimism Removal (CPR):    0.328ns
  Clock Uncertainty:      0.059ns  ((TSJ^2 + DJ^2)^1/2) / 2 + PE
    Total System Jitter     (TSJ):    0.071ns
    Discrete Jitter          (DJ):    0.094ns
    Phase Error              (PE):    0.000ns

    Location             Delay type                Incr(ns)  Path(ns)    Netlist Resource(s)
  -------------------------------------------------------------------    -------------------
                         (clock clk_out2_pll rise edge)
                                                      0.000     0.000 r  
    AD12                                              0.000     0.000 r  i_sys_clk_p (IN)
                         net (fo=0)                   0.000     0.000    pll_inst/inst/clk_in1_p
    AD12                 IBUFDS (Prop_ibufds_I_O)     0.906     0.906 r  pll_inst/inst/clkin1_ibufgds/O
                         net (fo=1, routed)           2.299     3.205    pll_inst/inst/clk_in1_pll_buf
    BUFGCTRL_X0Y3        BUFG (Prop_bufg_I_O)         0.093     3.298 r  pll_inst/inst/clkin1_bufg1/O
                         net (fo=1, routed)           1.959     5.257    pll_inst/inst/clk_in1_pll
    PLLE2_ADV_X1Y0       PLLE2_ADV (Prop_plle2_adv_CLKIN1_CLKOUT1)
                                                     -4.519     0.738 r  pll_inst/inst/plle2_adv_inst/CLKOUT1
                         net (fo=1, routed)           2.467     3.205    pll_inst/inst/clk_out2_pll
    BUFGCTRL_X0Y0        BUFG (Prop_bufg_I_O)         0.093     3.298 r  pll_inst/inst/clkout2_buf/O
                         net (fo=3499, routed)        1.623     4.921    student_top_inst/Core_cpu/SegReg_ID_EX_inst/clk_out2
    SLICE_X28Y79         FDRE                                         r  student_top_inst/Core_cpu/SegReg_ID_EX_inst/inst_ex_reg[21]/C
  -------------------------------------------------------------------    -------------------
    SLICE_X28Y79         FDRE (Prop_fdre_C_Q)         0.204     5.125 r  student_top_inst/Core_cpu/SegReg_ID_EX_inst/inst_ex_reg[21]/Q
                         net (fo=4, routed)           0.520     5.644    student_top_inst/Core_cpu/SegReg_LS2_WB_inst/mem_wdata_ls1_reg[31][5]
    SLICE_X28Y72         LUT6 (Prop_lut6_I4_O)        0.125     5.769 r  student_top_inst/Core_cpu/SegReg_LS2_WB_inst/mem_wdata_ls1[31]_i_13/O
                         net (fo=1, routed)           0.406     6.176    student_top_inst/Core_cpu/SegReg_LS2_WB_inst/mem_wdata_ls1[31]_i_13_n_0
    SLICE_X34Y72         LUT6 (Prop_lut6_I3_O)        0.043     6.219 r  student_top_inst/Core_cpu/SegReg_LS2_WB_inst/mem_wdata_ls1[31]_i_4/O
                         net (fo=70, routed)          0.623     6.841    student_top_inst/Core_cpu/SegReg_LS2_WB_inst/forward2_en0
    SLICE_X32Y75         LUT6 (Prop_lut6_I2_O)        0.043     6.884 r  student_top_inst/Core_cpu/SegReg_LS2_WB_inst/mem_wdata_ls1[25]_i_2/O
                         net (fo=1, routed)           0.349     7.234    student_top_inst/Core_cpu/SegReg_EX_LS1_inst/mem_wdata_ls1_reg[25]_0
    SLICE_X32Y75         LUT6 (Prop_lut6_I4_O)        0.043     7.277 r  student_top_inst/Core_cpu/SegReg_EX_LS1_inst/mem_wdata_ls1[25]_i_1/O
                         net (fo=10, routed)          0.637     7.914    student_top_inst/Core_cpu/SegReg_EX_LS1_inst/alu_result_ls1_reg[31]_0[22]
    SLICE_X37Y73         LUT4 (Prop_lut4_I2_O)        0.043     7.957 r  student_top_inst/Core_cpu/SegReg_EX_LS1_inst/btb_valid[255]_i_39/O
                         net (fo=1, routed)           0.000     7.957    student_top_inst/Core_cpu/SegReg_EX_LS1_inst/btb_valid[255]_i_39_n_0
    SLICE_X37Y73         CARRY4 (Prop_carry4_S[0]_CO[3])
                                                      0.259     8.216 r  student_top_inst/Core_cpu/SegReg_EX_LS1_inst/btb_valid_reg[255]_i_10/CO[3]
                         net (fo=1, routed)           0.555     8.770    student_top_inst/Core_cpu/SegReg_ID_EX_inst/btb_valid[255]_i_2_3[0]
    SLICE_X37Y77         LUT6 (Prop_lut6_I5_O)        0.043     8.813 r  student_top_inst/Core_cpu/SegReg_ID_EX_inst/btb_valid[255]_i_6/O
                         net (fo=2, routed)           0.104     8.917    student_top_inst/Core_cpu/SegReg_ID_EX_inst/btb_valid[255]_i_6_n_0
    SLICE_X37Y77         LUT6 (Prop_lut6_I0_O)        0.043     8.960 r  student_top_inst/Core_cpu/SegReg_ID_EX_inst/btb_valid[255]_i_2/O
                         net (fo=269, routed)         0.656     9.616    student_top_inst/Core_cpu/SegReg_ID_EX_inst/jump[0]
    SLICE_X47Y77         LUT5 (Prop_lut5_I2_O)        0.043     9.659 r  student_top_inst/Core_cpu/SegReg_ID_EX_inst/btb_reg_0_63_0_2_i_4/O
                         net (fo=72, routed)          0.559    10.218    student_top_inst/Core_cpu/BPU_inst/btb_reg_0_63_39_41/WE
    SLICE_X50Y74         RAMD64E                                      r  student_top_inst/Core_cpu/BPU_inst/btb_reg_0_63_39_41/RAMB/WE
  -------------------------------------------------------------------    -------------------

                         (clock clk_out2_pll rise edge)
                                                      4.000     4.000 r  
    AD12                                              0.000     4.000 r  i_sys_clk_p (IN)
                         net (fo=0)                   0.000     4.000    pll_inst/inst/clk_in1_p
    AD12                 IBUFDS (Prop_ibufds_I_O)     0.803     4.803 r  pll_inst/inst/clkin1_ibufgds/O
                         net (fo=1, routed)           2.173     6.976    pll_inst/inst/clk_in1_pll_buf
    BUFGCTRL_X0Y3        BUFG (Prop_bufg_I_O)         0.083     7.059 r  pll_inst/inst/clkin1_bufg1/O
                         net (fo=1, routed)           1.796     8.855    pll_inst/inst/clk_in1_pll
    PLLE2_ADV_X1Y0       PLLE2_ADV (Prop_plle2_adv_CLKIN1_CLKOUT1)
                                                     -4.213     4.642 r  pll_inst/inst/plle2_adv_inst/CLKOUT1
                         net (fo=1, routed)           2.334     6.976    pll_inst/inst/clk_out2_pll
    BUFGCTRL_X0Y0        BUFG (Prop_bufg_I_O)         0.083     7.059 r  pll_inst/inst/clkout2_buf/O
                         net (fo=3499, routed)        1.416     8.475    student_top_inst/Core_cpu/BPU_inst/btb_reg_0_63_39_41/WCLK
    SLICE_X50Y74         RAMD64E                                      r  student_top_inst/Core_cpu/BPU_inst/btb_reg_0_63_39_41/RAMB/CLK
                         clock pessimism              0.328     8.804    
                         clock uncertainty           -0.059     8.745    
    SLICE_X50Y74         RAMD64E (Setup_ramd64e_CLK_WE)
                                                     -0.303     8.442    student_top_inst/Core_cpu/BPU_inst/btb_reg_0_63_39_41/RAMB
  -------------------------------------------------------------------
                         required time                          8.442    
                         arrival time                         -10.218    
  -------------------------------------------------------------------
                         slack                                 -1.776    





Min Delay Paths
--------------------------------------------------------------------------------------
Slack (MET) :             0.106ns  (arrival time - required time)
  Source:                 student_top_inst/Core_cpu/SegReg_LS1_LS2_inst/pc_ls2_reg[1]/C
                            (rising edge-triggered cell FDRE clocked by clk_out2_pll  {rise@0.000ns fall@2.000ns period=4.000ns})
  Destination:            student_top_inst/Core_cpu/SegReg_LS2_WB_inst/pc_wb_reg[1]/D
                            (rising edge-triggered cell FDRE clocked by clk_out2_pll  {rise@0.000ns fall@2.000ns period=4.000ns})
  Path Group:             clk_out2_pll
  Path Type:              Hold (Min at Fast Process Corner)
  Requirement:            0.000ns  (clk_out2_pll rise@0.000ns - clk_out2_pll rise@0.000ns)
  Data Path Delay:        0.155ns  (logic 0.100ns (64.566%)  route 0.055ns (35.434%))
  Logic Levels:           0  
  Clock Path Skew:        0.000ns (DCD - SCD - CPR)
    Destination Clock Delay (DCD):    2.581ns
    Source Clock Delay      (SCD):    2.186ns
    Clock Pessimism Removal (CPR):    0.394ns

    Location             Delay type                Incr(ns)  Path(ns)    Netlist Resource(s)
  -------------------------------------------------------------------    -------------------
                         (clock clk_out2_pll rise edge)
                                                      0.000     0.000 r  
    AD12                                              0.000     0.000 r  i_sys_clk_p (IN)
                         net (fo=0)                   0.000     0.000    pll_inst/inst/clk_in1_p
    AD12                 IBUFDS (Prop_ibufds_I_O)     0.388     0.388 r  pll_inst/inst/clkin1_ibufgds/O
                         net (fo=1, routed)           1.083     1.471    pll_inst/inst/clk_in1_pll_buf
    BUFGCTRL_X0Y3        BUFG (Prop_bufg_I_O)         0.026     1.497 r  pll_inst/inst/clkin1_bufg1/O
                         net (fo=1, routed)           0.767     2.264    pll_inst/inst/clk_in1_pll
    PLLE2_ADV_X1Y0       PLLE2_ADV (Prop_plle2_adv_CLKIN1_CLKOUT1)
                                                     -1.938     0.326 r  pll_inst/inst/plle2_adv_inst/CLKOUT1
                         net (fo=1, routed)           1.145     1.471    pll_inst/inst/clk_out2_pll
    BUFGCTRL_X0Y0        BUFG (Prop_bufg_I_O)         0.026     1.497 r  pll_inst/inst/clkout2_buf/O
                         net (fo=3499, routed)        0.689     2.186    student_top_inst/Core_cpu/SegReg_LS1_LS2_inst/clk_out2
    SLICE_X23Y84         FDRE                                         r  student_top_inst/Core_cpu/SegReg_LS1_LS2_inst/pc_ls2_reg[1]/C
  -------------------------------------------------------------------    -------------------
    SLICE_X23Y84         FDRE (Prop_fdre_C_Q)         0.100     2.286 r  student_top_inst/Core_cpu/SegReg_LS1_LS2_inst/pc_ls2_reg[1]/Q
                         net (fo=1, routed)           0.055     2.341    student_top_inst/Core_cpu/SegReg_LS2_WB_inst/pc_wb_reg[31]_0[1]
    SLICE_X23Y84         FDRE                                         r  student_top_inst/Core_cpu/SegReg_LS2_WB_inst/pc_wb_reg[1]/D
  -------------------------------------------------------------------    -------------------

                         (clock clk_out2_pll rise edge)
                                                      0.000     0.000 r  
    AD12                                              0.000     0.000 r  i_sys_clk_p (IN)
                         net (fo=0)                   0.000     0.000    pll_inst/inst/clk_in1_p
    AD12                 IBUFDS (Prop_ibufds_I_O)     0.470     0.470 r  pll_inst/inst/clkin1_ibufgds/O
                         net (fo=1, routed)           1.154     1.624    pll_inst/inst/clk_in1_pll_buf
    BUFGCTRL_X0Y3        BUFG (Prop_bufg_I_O)         0.030     1.654 r  pll_inst/inst/clkin1_bufg1/O
                         net (fo=1, routed)           1.037     2.691    pll_inst/inst/clk_in1_pll
    PLLE2_ADV_X1Y0       PLLE2_ADV (Prop_plle2_adv_CLKIN1_CLKOUT1)
                                                     -2.283     0.408 r  pll_inst/inst/plle2_adv_inst/CLKOUT1
                         net (fo=1, routed)           1.216     1.624    pll_inst/inst/clk_out2_pll
    BUFGCTRL_X0Y0        BUFG (Prop_bufg_I_O)         0.030     1.654 r  pll_inst/inst/clkout2_buf/O
                         net (fo=3499, routed)        0.927     2.581    student_top_inst/Core_cpu/SegReg_LS2_WB_inst/clk_out2
    SLICE_X23Y84         FDRE                                         r  student_top_inst/Core_cpu/SegReg_LS2_WB_inst/pc_wb_reg[1]/C
                         clock pessimism             -0.394     2.186    
    SLICE_X23Y84         FDRE (Hold_fdre_C_D)         0.049     2.235    student_top_inst/Core_cpu/SegReg_LS2_WB_inst/pc_wb_reg[1]
  -------------------------------------------------------------------
                         required time                         -2.235    
                         arrival time                           2.341    
  -------------------------------------------------------------------
                         slack                                  0.106    

Slack (MET) :             0.106ns  (arrival time - required time)
  Source:                 student_top_inst/Core_cpu/SegReg_LS1_LS2_inst/pc_ls2_reg[7]/C
                            (rising edge-triggered cell FDRE clocked by clk_out2_pll  {rise@0.000ns fall@2.000ns period=4.000ns})
  Destination:            student_top_inst/Core_cpu/SegReg_LS2_WB_inst/pc_wb_reg[7]/D
                            (rising edge-triggered cell FDRE clocked by clk_out2_pll  {rise@0.000ns fall@2.000ns period=4.000ns})
  Path Group:             clk_out2_pll
  Path Type:              Hold (Min at Fast Process Corner)
  Requirement:            0.000ns  (clk_out2_pll rise@0.000ns - clk_out2_pll rise@0.000ns)
  Data Path Delay:        0.155ns  (logic 0.100ns (64.566%)  route 0.055ns (35.434%))
  Logic Levels:           0  
  Clock Path Skew:        0.000ns (DCD - SCD - CPR)
    Destination Clock Delay (DCD):    2.578ns
    Source Clock Delay      (SCD):    2.181ns
    Clock Pessimism Removal (CPR):    0.396ns

    Location             Delay type                Incr(ns)  Path(ns)    Netlist Resource(s)
  -------------------------------------------------------------------    -------------------
                         (clock clk_out2_pll rise edge)
                                                      0.000     0.000 r  
    AD12                                              0.000     0.000 r  i_sys_clk_p (IN)
                         net (fo=0)                   0.000     0.000    pll_inst/inst/clk_in1_p
    AD12                 IBUFDS (Prop_ibufds_I_O)     0.388     0.388 r  pll_inst/inst/clkin1_ibufgds/O
                         net (fo=1, routed)           1.083     1.471    pll_inst/inst/clk_in1_pll_buf
    BUFGCTRL_X0Y3        BUFG (Prop_bufg_I_O)         0.026     1.497 r  pll_inst/inst/clkin1_bufg1/O
                         net (fo=1, routed)           0.767     2.264    pll_inst/inst/clk_in1_pll
    PLLE2_ADV_X1Y0       PLLE2_ADV (Prop_plle2_adv_CLKIN1_CLKOUT1)
                                                     -1.938     0.326 r  pll_inst/inst/plle2_adv_inst/CLKOUT1
                         net (fo=1, routed)           1.145     1.471    pll_inst/inst/clk_out2_pll
    BUFGCTRL_X0Y0        BUFG (Prop_bufg_I_O)         0.026     1.497 r  pll_inst/inst/clkout2_buf/O
                         net (fo=3499, routed)        0.684     2.181    student_top_inst/Core_cpu/SegReg_LS1_LS2_inst/clk_out2
    SLICE_X31Y85         FDRE                                         r  student_top_inst/Core_cpu/SegReg_LS1_LS2_inst/pc_ls2_reg[7]/C
  -------------------------------------------------------------------    -------------------
    SLICE_X31Y85         FDRE (Prop_fdre_C_Q)         0.100     2.281 r  student_top_inst/Core_cpu/SegReg_LS1_LS2_inst/pc_ls2_reg[7]/Q
                         net (fo=1, routed)           0.055     2.336    student_top_inst/Core_cpu/SegReg_LS2_WB_inst/pc_wb_reg[31]_0[7]
    SLICE_X31Y85         FDRE                                         r  student_top_inst/Core_cpu/SegReg_LS2_WB_inst/pc_wb_reg[7]/D
  -------------------------------------------------------------------    -------------------

                         (clock clk_out2_pll rise edge)
                                                      0.000     0.000 r  
    AD12                                              0.000     0.000 r  i_sys_clk_p (IN)
                         net (fo=0)                   0.000     0.000    pll_inst/inst/clk_in1_p
    AD12                 IBUFDS (Prop_ibufds_I_O)     0.470     0.470 r  pll_inst/inst/clkin1_ibufgds/O
                         net (fo=1, routed)           1.154     1.624    pll_inst/inst/clk_in1_pll_buf
    BUFGCTRL_X0Y3        BUFG (Prop_bufg_I_O)         0.030     1.654 r  pll_inst/inst/clkin1_bufg1/O
                         net (fo=1, routed)           1.037     2.691    pll_inst/inst/clk_in1_pll
    PLLE2_ADV_X1Y0       PLLE2_ADV (Prop_plle2_adv_CLKIN1_CLKOUT1)
                                                     -2.283     0.408 r  pll_inst/inst/plle2_adv_inst/CLKOUT1
                         net (fo=1, routed)           1.216     1.624    pll_inst/inst/clk_out2_pll
    BUFGCTRL_X0Y0        BUFG (Prop_bufg_I_O)         0.030     1.654 r  pll_inst/inst/clkout2_buf/O
                         net (fo=3499, routed)        0.924     2.578    student_top_inst/Core_cpu/SegReg_LS2_WB_inst/clk_out2
    SLICE_X31Y85         FDRE                                         r  student_top_inst/Core_cpu/SegReg_LS2_WB_inst/pc_wb_reg[7]/C
                         clock pessimism             -0.396     2.181    
    SLICE_X31Y85         FDRE (Hold_fdre_C_D)         0.049     2.230    student_top_inst/Core_cpu/SegReg_LS2_WB_inst/pc_wb_reg[7]
  -------------------------------------------------------------------
                         required time                         -2.230    
                         arrival time                           2.336    
  -------------------------------------------------------------------
                         slack                                  0.106    

Slack (MET) :             0.106ns  (arrival time - required time)
  Source:                 student_top_inst/bridge_inst/sw_meta_reg[45]/C
                            (rising edge-triggered cell FDCE clocked by clk_out2_pll  {rise@0.000ns fall@2.000ns period=4.000ns})
  Destination:            student_top_inst/bridge_inst/sw_sync_reg[45]/D
                            (rising edge-triggered cell FDCE clocked by clk_out2_pll  {rise@0.000ns fall@2.000ns period=4.000ns})
  Path Group:             clk_out2_pll
  Path Type:              Hold (Min at Fast Process Corner)
  Requirement:            0.000ns  (clk_out2_pll rise@0.000ns - clk_out2_pll rise@0.000ns)
  Data Path Delay:        0.155ns  (logic 0.100ns (64.566%)  route 0.055ns (35.434%))
  Logic Levels:           0  
  Clock Path Skew:        0.000ns (DCD - SCD - CPR)
    Destination Clock Delay (DCD):    2.574ns
    Source Clock Delay      (SCD):    2.178ns
    Clock Pessimism Removal (CPR):    0.395ns

    Location             Delay type                Incr(ns)  Path(ns)    Netlist Resource(s)
  -------------------------------------------------------------------    -------------------
                         (clock clk_out2_pll rise edge)
                                                      0.000     0.000 r  
    AD12                                              0.000     0.000 r  i_sys_clk_p (IN)
                         net (fo=0)                   0.000     0.000    pll_inst/inst/clk_in1_p
    AD12                 IBUFDS (Prop_ibufds_I_O)     0.388     0.388 r  pll_inst/inst/clkin1_ibufgds/O
                         net (fo=1, routed)           1.083     1.471    pll_inst/inst/clk_in1_pll_buf
    BUFGCTRL_X0Y3        BUFG (Prop_bufg_I_O)         0.026     1.497 r  pll_inst/inst/clkin1_bufg1/O
                         net (fo=1, routed)           0.767     2.264    pll_inst/inst/clk_in1_pll
    PLLE2_ADV_X1Y0       PLLE2_ADV (Prop_plle2_adv_CLKIN1_CLKOUT1)
                                                     -1.938     0.326 r  pll_inst/inst/plle2_adv_inst/CLKOUT1
                         net (fo=1, routed)           1.145     1.471    pll_inst/inst/clk_out2_pll
    BUFGCTRL_X0Y0        BUFG (Prop_bufg_I_O)         0.026     1.497 r  pll_inst/inst/clkout2_buf/O
                         net (fo=3499, routed)        0.681     2.178    student_top_inst/bridge_inst/clk_out2
    SLICE_X45Y92         FDCE                                         r  student_top_inst/bridge_inst/sw_meta_reg[45]/C
  -------------------------------------------------------------------    -------------------
    SLICE_X45Y92         FDCE (Prop_fdce_C_Q)         0.100     2.278 r  student_top_inst/bridge_inst/sw_meta_reg[45]/Q
                         net (fo=1, routed)           0.055     2.333    student_top_inst/bridge_inst/sw_meta[45]
    SLICE_X45Y92         FDCE                                         r  student_top_inst/bridge_inst/sw_sync_reg[45]/D
  -------------------------------------------------------------------    -------------------

                         (clock clk_out2_pll rise edge)
                                                      0.000     0.000 r  
    AD12                                              0.000     0.000 r  i_sys_clk_p (IN)
                         net (fo=0)                   0.000     0.000    pll_inst/inst/clk_in1_p
    AD12                 IBUFDS (Prop_ibufds_I_O)     0.470     0.470 r  pll_inst/inst/clkin1_ibufgds/O
                         net (fo=1, routed)           1.154     1.624    pll_inst/inst/clk_in1_pll_buf
    BUFGCTRL_X0Y3        BUFG (Prop_bufg_I_O)         0.030     1.654 r  pll_inst/inst/clkin1_bufg1/O
                         net (fo=1, routed)           1.037     2.691    pll_inst/inst/clk_in1_pll
    PLLE2_ADV_X1Y0       PLLE2_ADV (Prop_plle2_adv_CLKIN1_CLKOUT1)
                                                     -2.283     0.408 r  pll_inst/inst/plle2_adv_inst/CLKOUT1
                         net (fo=1, routed)           1.216     1.624    pll_inst/inst/clk_out2_pll
    BUFGCTRL_X0Y0        BUFG (Prop_bufg_I_O)         0.030     1.654 r  pll_inst/inst/clkout2_buf/O
                         net (fo=3499, routed)        0.920     2.574    student_top_inst/bridge_inst/clk_out2
    SLICE_X45Y92         FDCE                                         r  student_top_inst/bridge_inst/sw_sync_reg[45]/C
                         clock pessimism             -0.395     2.178    
    SLICE_X45Y92         FDCE (Hold_fdce_C_D)         0.049     2.227    student_top_inst/bridge_inst/sw_sync_reg[45]
  -------------------------------------------------------------------
                         required time                         -2.227    
                         arrival time                           2.333    
  -------------------------------------------------------------------
                         slack                                  0.106    

Slack (MET) :             0.106ns  (arrival time - required time)
  Source:                 student_top_inst/bridge_inst/sw_meta_reg[54]/C
                            (rising edge-triggered cell FDCE clocked by clk_out2_pll  {rise@0.000ns fall@2.000ns period=4.000ns})
  Destination:            student_top_inst/bridge_inst/sw_sync_reg[54]/D
                            (rising edge-triggered cell FDCE clocked by clk_out2_pll  {rise@0.000ns fall@2.000ns period=4.000ns})
  Path Group:             clk_out2_pll
  Path Type:              Hold (Min at Fast Process Corner)
  Requirement:            0.000ns  (clk_out2_pll rise@0.000ns - clk_out2_pll rise@0.000ns)
  Data Path Delay:        0.155ns  (logic 0.100ns (64.566%)  route 0.055ns (35.434%))
  Logic Levels:           0  
  Clock Path Skew:        0.000ns (DCD - SCD - CPR)
    Destination Clock Delay (DCD):    2.583ns
    Source Clock Delay      (SCD):    2.185ns
    Clock Pessimism Removal (CPR):    0.397ns

    Location             Delay type                Incr(ns)  Path(ns)    Netlist Resource(s)
  -------------------------------------------------------------------    -------------------
                         (clock clk_out2_pll rise edge)
                                                      0.000     0.000 r  
    AD12                                              0.000     0.000 r  i_sys_clk_p (IN)
                         net (fo=0)                   0.000     0.000    pll_inst/inst/clk_in1_p
    AD12                 IBUFDS (Prop_ibufds_I_O)     0.388     0.388 r  pll_inst/inst/clkin1_ibufgds/O
                         net (fo=1, routed)           1.083     1.471    pll_inst/inst/clk_in1_pll_buf
    BUFGCTRL_X0Y3        BUFG (Prop_bufg_I_O)         0.026     1.497 r  pll_inst/inst/clkin1_bufg1/O
                         net (fo=1, routed)           0.767     2.264    pll_inst/inst/clk_in1_pll
    PLLE2_ADV_X1Y0       PLLE2_ADV (Prop_plle2_adv_CLKIN1_CLKOUT1)
                                                     -1.938     0.326 r  pll_inst/inst/plle2_adv_inst/CLKOUT1
                         net (fo=1, routed)           1.145     1.471    pll_inst/inst/clk_out2_pll
    BUFGCTRL_X0Y0        BUFG (Prop_bufg_I_O)         0.026     1.497 r  pll_inst/inst/clkout2_buf/O
                         net (fo=3499, routed)        0.688     2.185    student_top_inst/bridge_inst/clk_out2
    SLICE_X29Y95         FDCE                                         r  student_top_inst/bridge_inst/sw_meta_reg[54]/C
  -------------------------------------------------------------------    -------------------
    SLICE_X29Y95         FDCE (Prop_fdce_C_Q)         0.100     2.285 r  student_top_inst/bridge_inst/sw_meta_reg[54]/Q
                         net (fo=1, routed)           0.055     2.340    student_top_inst/bridge_inst/sw_meta[54]
    SLICE_X29Y95         FDCE                                         r  student_top_inst/bridge_inst/sw_sync_reg[54]/D
  -------------------------------------------------------------------    -------------------

                         (clock clk_out2_pll rise edge)
                                                      0.000     0.000 r  
    AD12                                              0.000     0.000 r  i_sys_clk_p (IN)
                         net (fo=0)                   0.000     0.000    pll_inst/inst/clk_in1_p
    AD12                 IBUFDS (Prop_ibufds_I_O)     0.470     0.470 r  pll_inst/inst/clkin1_ibufgds/O
                         net (fo=1, routed)           1.154     1.624    pll_inst/inst/clk_in1_pll_buf
    BUFGCTRL_X0Y3        BUFG (Prop_bufg_I_O)         0.030     1.654 r  pll_inst/inst/clkin1_bufg1/O
                         net (fo=1, routed)           1.037     2.691    pll_inst/inst/clk_in1_pll
    PLLE2_ADV_X1Y0       PLLE2_ADV (Prop_plle2_adv_CLKIN1_CLKOUT1)
                                                     -2.283     0.408 r  pll_inst/inst/plle2_adv_inst/CLKOUT1
                         net (fo=1, routed)           1.216     1.624    pll_inst/inst/clk_out2_pll
    BUFGCTRL_X0Y0        BUFG (Prop_bufg_I_O)         0.030     1.654 r  pll_inst/inst/clkout2_buf/O
                         net (fo=3499, routed)        0.929     2.583    student_top_inst/bridge_inst/clk_out2
    SLICE_X29Y95         FDCE                                         r  student_top_inst/bridge_inst/sw_sync_reg[54]/C
                         clock pessimism             -0.397     2.185    
    SLICE_X29Y95         FDCE (Hold_fdce_C_D)         0.049     2.234    student_top_inst/bridge_inst/sw_sync_reg[54]
  -------------------------------------------------------------------
                         required time                         -2.234    
                         arrival time                           2.340    
  -------------------------------------------------------------------
                         slack                                  0.106    

Slack (MET) :             0.108ns  (arrival time - required time)
  Source:                 student_top_inst/Core_cpu/SegReg_LS1_LS2_inst/csr_wdata_ls2_reg[16]/C
                            (rising edge-triggered cell FDRE clocked by clk_out2_pll  {rise@0.000ns fall@2.000ns period=4.000ns})
  Destination:            student_top_inst/Core_cpu/SegReg_LS2_WB_inst/csr_wdata_wb_reg[16]/D
                            (rising edge-triggered cell FDRE clocked by clk_out2_pll  {rise@0.000ns fall@2.000ns period=4.000ns})
  Path Group:             clk_out2_pll
  Path Type:              Hold (Min at Fast Process Corner)
  Requirement:            0.000ns  (clk_out2_pll rise@0.000ns - clk_out2_pll rise@0.000ns)
  Data Path Delay:        0.155ns  (logic 0.100ns (64.566%)  route 0.055ns (35.434%))
  Logic Levels:           0  
  Clock Path Skew:        0.000ns (DCD - SCD - CPR)
    Destination Clock Delay (DCD):    2.581ns
    Source Clock Delay      (SCD):    2.186ns
    Clock Pessimism Removal (CPR):    0.394ns

    Location             Delay type                Incr(ns)  Path(ns)    Netlist Resource(s)
  -------------------------------------------------------------------    -------------------
                         (clock clk_out2_pll rise edge)
                                                      0.000     0.000 r  
    AD12                                              0.000     0.000 r  i_sys_clk_p (IN)
                         net (fo=0)                   0.000     0.000    pll_inst/inst/clk_in1_p
    AD12                 IBUFDS (Prop_ibufds_I_O)     0.388     0.388 r  pll_inst/inst/clkin1_ibufgds/O
                         net (fo=1, routed)           1.083     1.471    pll_inst/inst/clk_in1_pll_buf
    BUFGCTRL_X0Y3        BUFG (Prop_bufg_I_O)         0.026     1.497 r  pll_inst/inst/clkin1_bufg1/O
                         net (fo=1, routed)           0.767     2.264    pll_inst/inst/clk_in1_pll
    PLLE2_ADV_X1Y0       PLLE2_ADV (Prop_plle2_adv_CLKIN1_CLKOUT1)
                                                     -1.938     0.326 r  pll_inst/inst/plle2_adv_inst/CLKOUT1
                         net (fo=1, routed)           1.145     1.471    pll_inst/inst/clk_out2_pll
    BUFGCTRL_X0Y0        BUFG (Prop_bufg_I_O)         0.026     1.497 r  pll_inst/inst/clkout2_buf/O
                         net (fo=3499, routed)        0.689     2.186    student_top_inst/Core_cpu/SegReg_LS1_LS2_inst/clk_out2
    SLICE_X23Y84         FDRE                                         r  student_top_inst/Core_cpu/SegReg_LS1_LS2_inst/csr_wdata_ls2_reg[16]/C
  -------------------------------------------------------------------    -------------------
    SLICE_X23Y84         FDRE (Prop_fdre_C_Q)         0.100     2.286 r  student_top_inst/Core_cpu/SegReg_LS1_LS2_inst/csr_wdata_ls2_reg[16]/Q
                         net (fo=1, routed)           0.055     2.341    student_top_inst/Core_cpu/SegReg_LS2_WB_inst/csr_wdata_wb_reg[31]_5[16]
    SLICE_X23Y84         FDRE                                         r  student_top_inst/Core_cpu/SegReg_LS2_WB_inst/csr_wdata_wb_reg[16]/D
  -------------------------------------------------------------------    -------------------

                         (clock clk_out2_pll rise edge)
                                                      0.000     0.000 r  
    AD12                                              0.000     0.000 r  i_sys_clk_p (IN)
                         net (fo=0)                   0.000     0.000    pll_inst/inst/clk_in1_p
    AD12                 IBUFDS (Prop_ibufds_I_O)     0.470     0.470 r  pll_inst/inst/clkin1_ibufgds/O
                         net (fo=1, routed)           1.154     1.624    pll_inst/inst/clk_in1_pll_buf
    BUFGCTRL_X0Y3        BUFG (Prop_bufg_I_O)         0.030     1.654 r  pll_inst/inst/clkin1_bufg1/O
                         net (fo=1, routed)           1.037     2.691    pll_inst/inst/clk_in1_pll
    PLLE2_ADV_X1Y0       PLLE2_ADV (Prop_plle2_adv_CLKIN1_CLKOUT1)
                                                     -2.283     0.408 r  pll_inst/inst/plle2_adv_inst/CLKOUT1
                         net (fo=1, routed)           1.216     1.624    pll_inst/inst/clk_out2_pll
    BUFGCTRL_X0Y0        BUFG (Prop_bufg_I_O)         0.030     1.654 r  pll_inst/inst/clkout2_buf/O
                         net (fo=3499, routed)        0.927     2.581    student_top_inst/Core_cpu/SegReg_LS2_WB_inst/clk_out2
    SLICE_X23Y84         FDRE                                         r  student_top_inst/Core_cpu/SegReg_LS2_WB_inst/csr_wdata_wb_reg[16]/C
                         clock pessimism             -0.394     2.186    
    SLICE_X23Y84         FDRE (Hold_fdre_C_D)         0.047     2.233    student_top_inst/Core_cpu/SegReg_LS2_WB_inst/csr_wdata_wb_reg[16]
  -------------------------------------------------------------------
                         required time                         -2.233    
                         arrival time                           2.341    
  -------------------------------------------------------------------
                         slack                                  0.108    

Slack (MET) :             0.108ns  (arrival time - required time)
  Source:                 student_top_inst/Core_cpu/SegReg_LS1_LS2_inst/csr_wdata_ls2_reg[7]/C
                            (rising edge-triggered cell FDRE clocked by clk_out2_pll  {rise@0.000ns fall@2.000ns period=4.000ns})
  Destination:            student_top_inst/Core_cpu/SegReg_LS2_WB_inst/csr_wdata_wb_reg[7]/D
                            (rising edge-triggered cell FDRE clocked by clk_out2_pll  {rise@0.000ns fall@2.000ns period=4.000ns})
  Path Group:             clk_out2_pll
  Path Type:              Hold (Min at Fast Process Corner)
  Requirement:            0.000ns  (clk_out2_pll rise@0.000ns - clk_out2_pll rise@0.000ns)
  Data Path Delay:        0.155ns  (logic 0.100ns (64.566%)  route 0.055ns (35.434%))
  Logic Levels:           0  
  Clock Path Skew:        0.000ns (DCD - SCD - CPR)
    Destination Clock Delay (DCD):    2.583ns
    Source Clock Delay      (SCD):    2.186ns
    Clock Pessimism Removal (CPR):    0.396ns

    Location             Delay type                Incr(ns)  Path(ns)    Netlist Resource(s)
  -------------------------------------------------------------------    -------------------
                         (clock clk_out2_pll rise edge)
                                                      0.000     0.000 r  
    AD12                                              0.000     0.000 r  i_sys_clk_p (IN)
                         net (fo=0)                   0.000     0.000    pll_inst/inst/clk_in1_p
    AD12                 IBUFDS (Prop_ibufds_I_O)     0.388     0.388 r  pll_inst/inst/clkin1_ibufgds/O
                         net (fo=1, routed)           1.083     1.471    pll_inst/inst/clk_in1_pll_buf
    BUFGCTRL_X0Y3        BUFG (Prop_bufg_I_O)         0.026     1.497 r  pll_inst/inst/clkin1_bufg1/O
                         net (fo=1, routed)           0.767     2.264    pll_inst/inst/clk_in1_pll
    PLLE2_ADV_X1Y0       PLLE2_ADV (Prop_plle2_adv_CLKIN1_CLKOUT1)
                                                     -1.938     0.326 r  pll_inst/inst/plle2_adv_inst/CLKOUT1
                         net (fo=1, routed)           1.145     1.471    pll_inst/inst/clk_out2_pll
    BUFGCTRL_X0Y0        BUFG (Prop_bufg_I_O)         0.026     1.497 r  pll_inst/inst/clkout2_buf/O
                         net (fo=3499, routed)        0.689     2.186    student_top_inst/Core_cpu/SegReg_LS1_LS2_inst/clk_out2
    SLICE_X27Y90         FDRE                                         r  student_top_inst/Core_cpu/SegReg_LS1_LS2_inst/csr_wdata_ls2_reg[7]/C
  -------------------------------------------------------------------    -------------------
    SLICE_X27Y90         FDRE (Prop_fdre_C_Q)         0.100     2.286 r  student_top_inst/Core_cpu/SegReg_LS1_LS2_inst/csr_wdata_ls2_reg[7]/Q
                         net (fo=1, routed)           0.055     2.341    student_top_inst/Core_cpu/SegReg_LS2_WB_inst/csr_wdata_wb_reg[31]_5[7]
    SLICE_X27Y90         FDRE                                         r  student_top_inst/Core_cpu/SegReg_LS2_WB_inst/csr_wdata_wb_reg[7]/D
  -------------------------------------------------------------------    -------------------

                         (clock clk_out2_pll rise edge)
                                                      0.000     0.000 r  
    AD12                                              0.000     0.000 r  i_sys_clk_p (IN)
                         net (fo=0)                   0.000     0.000    pll_inst/inst/clk_in1_p
    AD12                 IBUFDS (Prop_ibufds_I_O)     0.470     0.470 r  pll_inst/inst/clkin1_ibufgds/O
                         net (fo=1, routed)           1.154     1.624    pll_inst/inst/clk_in1_pll_buf
    BUFGCTRL_X0Y3        BUFG (Prop_bufg_I_O)         0.030     1.654 r  pll_inst/inst/clkin1_bufg1/O
                         net (fo=1, routed)           1.037     2.691    pll_inst/inst/clk_in1_pll
    PLLE2_ADV_X1Y0       PLLE2_ADV (Prop_plle2_adv_CLKIN1_CLKOUT1)
                                                     -2.283     0.408 r  pll_inst/inst/plle2_adv_inst/CLKOUT1
                         net (fo=1, routed)           1.216     1.624    pll_inst/inst/clk_out2_pll
    BUFGCTRL_X0Y0        BUFG (Prop_bufg_I_O)         0.030     1.654 r  pll_inst/inst/clkout2_buf/O
                         net (fo=3499, routed)        0.929     2.583    student_top_inst/Core_cpu/SegReg_LS2_WB_inst/clk_out2
    SLICE_X27Y90         FDRE                                         r  student_top_inst/Core_cpu/SegReg_LS2_WB_inst/csr_wdata_wb_reg[7]/C
                         clock pessimism             -0.396     2.186    
    SLICE_X27Y90         FDRE (Hold_fdre_C_D)         0.047     2.233    student_top_inst/Core_cpu/SegReg_LS2_WB_inst/csr_wdata_wb_reg[7]
  -------------------------------------------------------------------
                         required time                         -2.233    
                         arrival time                           2.341    
  -------------------------------------------------------------------
                         slack                                  0.108    

Slack (MET) :             0.108ns  (arrival time - required time)
  Source:                 student_top_inst/Core_cpu/SegReg_LS1_LS2_inst/pc_ls2_reg[11]/C
                            (rising edge-triggered cell FDRE clocked by clk_out2_pll  {rise@0.000ns fall@2.000ns period=4.000ns})
  Destination:            student_top_inst/Core_cpu/SegReg_LS2_WB_inst/pc_wb_reg[11]/D
                            (rising edge-triggered cell FDRE clocked by clk_out2_pll  {rise@0.000ns fall@2.000ns period=4.000ns})
  Path Group:             clk_out2_pll
  Path Type:              Hold (Min at Fast Process Corner)
  Requirement:            0.000ns  (clk_out2_pll rise@0.000ns - clk_out2_pll rise@0.000ns)
  Data Path Delay:        0.155ns  (logic 0.100ns (64.566%)  route 0.055ns (35.434%))
  Logic Levels:           0  
  Clock Path Skew:        0.000ns (DCD - SCD - CPR)
    Destination Clock Delay (DCD):    2.581ns
    Source Clock Delay      (SCD):    2.186ns
    Clock Pessimism Removal (CPR):    0.394ns

    Location             Delay type                Incr(ns)  Path(ns)    Netlist Resource(s)
  -------------------------------------------------------------------    -------------------
                         (clock clk_out2_pll rise edge)
                                                      0.000     0.000 r  
    AD12                                              0.000     0.000 r  i_sys_clk_p (IN)
                         net (fo=0)                   0.000     0.000    pll_inst/inst/clk_in1_p
    AD12                 IBUFDS (Prop_ibufds_I_O)     0.388     0.388 r  pll_inst/inst/clkin1_ibufgds/O
                         net (fo=1, routed)           1.083     1.471    pll_inst/inst/clk_in1_pll_buf
    BUFGCTRL_X0Y3        BUFG (Prop_bufg_I_O)         0.026     1.497 r  pll_inst/inst/clkin1_bufg1/O
                         net (fo=1, routed)           0.767     2.264    pll_inst/inst/clk_in1_pll
    PLLE2_ADV_X1Y0       PLLE2_ADV (Prop_plle2_adv_CLKIN1_CLKOUT1)
                                                     -1.938     0.326 r  pll_inst/inst/plle2_adv_inst/CLKOUT1
                         net (fo=1, routed)           1.145     1.471    pll_inst/inst/clk_out2_pll
    BUFGCTRL_X0Y0        BUFG (Prop_bufg_I_O)         0.026     1.497 r  pll_inst/inst/clkout2_buf/O
                         net (fo=3499, routed)        0.689     2.186    student_top_inst/Core_cpu/SegReg_LS1_LS2_inst/clk_out2
    SLICE_X23Y84         FDRE                                         r  student_top_inst/Core_cpu/SegReg_LS1_LS2_inst/pc_ls2_reg[11]/C
  -------------------------------------------------------------------    -------------------
    SLICE_X23Y84         FDRE (Prop_fdre_C_Q)         0.100     2.286 r  student_top_inst/Core_cpu/SegReg_LS1_LS2_inst/pc_ls2_reg[11]/Q
                         net (fo=1, routed)           0.055     2.341    student_top_inst/Core_cpu/SegReg_LS2_WB_inst/pc_wb_reg[31]_0[11]
    SLICE_X23Y84         FDRE                                         r  student_top_inst/Core_cpu/SegReg_LS2_WB_inst/pc_wb_reg[11]/D
  -------------------------------------------------------------------    -------------------

                         (clock clk_out2_pll rise edge)
                                                      0.000     0.000 r  
    AD12                                              0.000     0.000 r  i_sys_clk_p (IN)
                         net (fo=0)                   0.000     0.000    pll_inst/inst/clk_in1_p
    AD12                 IBUFDS (Prop_ibufds_I_O)     0.470     0.470 r  pll_inst/inst/clkin1_ibufgds/O
                         net (fo=1, routed)           1.154     1.624    pll_inst/inst/clk_in1_pll_buf
    BUFGCTRL_X0Y3        BUFG (Prop_bufg_I_O)         0.030     1.654 r  pll_inst/inst/clkin1_bufg1/O
                         net (fo=1, routed)           1.037     2.691    pll_inst/inst/clk_in1_pll
    PLLE2_ADV_X1Y0       PLLE2_ADV (Prop_plle2_adv_CLKIN1_CLKOUT1)
                                                     -2.283     0.408 r  pll_inst/inst/plle2_adv_inst/CLKOUT1
                         net (fo=1, routed)           1.216     1.624    pll_inst/inst/clk_out2_pll
    BUFGCTRL_X0Y0        BUFG (Prop_bufg_I_O)         0.030     1.654 r  pll_inst/inst/clkout2_buf/O
                         net (fo=3499, routed)        0.927     2.581    student_top_inst/Core_cpu/SegReg_LS2_WB_inst/clk_out2
    SLICE_X23Y84         FDRE                                         r  student_top_inst/Core_cpu/SegReg_LS2_WB_inst/pc_wb_reg[11]/C
                         clock pessimism             -0.394     2.186    
    SLICE_X23Y84         FDRE (Hold_fdre_C_D)         0.047     2.233    student_top_inst/Core_cpu/SegReg_LS2_WB_inst/pc_wb_reg[11]
  -------------------------------------------------------------------
                         required time                         -2.233    
                         arrival time                           2.341    
  -------------------------------------------------------------------
                         slack                                  0.108    

Slack (MET) :             0.108ns  (arrival time - required time)
  Source:                 student_top_inst/Core_cpu/SegReg_LS1_LS2_inst/pc_ls2_reg[30]/C
                            (rising edge-triggered cell FDRE clocked by clk_out2_pll  {rise@0.000ns fall@2.000ns period=4.000ns})
  Destination:            student_top_inst/Core_cpu/SegReg_LS2_WB_inst/pc_wb_reg[30]/D
                            (rising edge-triggered cell FDRE clocked by clk_out2_pll  {rise@0.000ns fall@2.000ns period=4.000ns})
  Path Group:             clk_out2_pll
  Path Type:              Hold (Min at Fast Process Corner)
  Requirement:            0.000ns  (clk_out2_pll rise@0.000ns - clk_out2_pll rise@0.000ns)
  Data Path Delay:        0.155ns  (logic 0.100ns (64.566%)  route 0.055ns (35.434%))
  Logic Levels:           0  
  Clock Path Skew:        0.000ns (DCD - SCD - CPR)
    Destination Clock Delay (DCD):    2.578ns
    Source Clock Delay      (SCD):    2.181ns
    Clock Pessimism Removal (CPR):    0.396ns

    Location             Delay type                Incr(ns)  Path(ns)    Netlist Resource(s)
  -------------------------------------------------------------------    -------------------
                         (clock clk_out2_pll rise edge)
                                                      0.000     0.000 r  
    AD12                                              0.000     0.000 r  i_sys_clk_p (IN)
                         net (fo=0)                   0.000     0.000    pll_inst/inst/clk_in1_p
    AD12                 IBUFDS (Prop_ibufds_I_O)     0.388     0.388 r  pll_inst/inst/clkin1_ibufgds/O
                         net (fo=1, routed)           1.083     1.471    pll_inst/inst/clk_in1_pll_buf
    BUFGCTRL_X0Y3        BUFG (Prop_bufg_I_O)         0.026     1.497 r  pll_inst/inst/clkin1_bufg1/O
                         net (fo=1, routed)           0.767     2.264    pll_inst/inst/clk_in1_pll
    PLLE2_ADV_X1Y0       PLLE2_ADV (Prop_plle2_adv_CLKIN1_CLKOUT1)
                                                     -1.938     0.326 r  pll_inst/inst/plle2_adv_inst/CLKOUT1
                         net (fo=1, routed)           1.145     1.471    pll_inst/inst/clk_out2_pll
    BUFGCTRL_X0Y0        BUFG (Prop_bufg_I_O)         0.026     1.497 r  pll_inst/inst/clkout2_buf/O
                         net (fo=3499, routed)        0.684     2.181    student_top_inst/Core_cpu/SegReg_LS1_LS2_inst/clk_out2
    SLICE_X31Y85         FDRE                                         r  student_top_inst/Core_cpu/SegReg_LS1_LS2_inst/pc_ls2_reg[30]/C
  -------------------------------------------------------------------    -------------------
    SLICE_X31Y85         FDRE (Prop_fdre_C_Q)         0.100     2.281 r  student_top_inst/Core_cpu/SegReg_LS1_LS2_inst/pc_ls2_reg[30]/Q
                         net (fo=1, routed)           0.055     2.336    student_top_inst/Core_cpu/SegReg_LS2_WB_inst/pc_wb_reg[31]_0[30]
    SLICE_X31Y85         FDRE                                         r  student_top_inst/Core_cpu/SegReg_LS2_WB_inst/pc_wb_reg[30]/D
  -------------------------------------------------------------------    -------------------

                         (clock clk_out2_pll rise edge)
                                                      0.000     0.000 r  
    AD12                                              0.000     0.000 r  i_sys_clk_p (IN)
                         net (fo=0)                   0.000     0.000    pll_inst/inst/clk_in1_p
    AD12                 IBUFDS (Prop_ibufds_I_O)     0.470     0.470 r  pll_inst/inst/clkin1_ibufgds/O
                         net (fo=1, routed)           1.154     1.624    pll_inst/inst/clk_in1_pll_buf
    BUFGCTRL_X0Y3        BUFG (Prop_bufg_I_O)         0.030     1.654 r  pll_inst/inst/clkin1_bufg1/O
                         net (fo=1, routed)           1.037     2.691    pll_inst/inst/clk_in1_pll
    PLLE2_ADV_X1Y0       PLLE2_ADV (Prop_plle2_adv_CLKIN1_CLKOUT1)
                                                     -2.283     0.408 r  pll_inst/inst/plle2_adv_inst/CLKOUT1
                         net (fo=1, routed)           1.216     1.624    pll_inst/inst/clk_out2_pll
    BUFGCTRL_X0Y0        BUFG (Prop_bufg_I_O)         0.030     1.654 r  pll_inst/inst/clkout2_buf/O
                         net (fo=3499, routed)        0.924     2.578    student_top_inst/Core_cpu/SegReg_LS2_WB_inst/clk_out2
    SLICE_X31Y85         FDRE                                         r  student_top_inst/Core_cpu/SegReg_LS2_WB_inst/pc_wb_reg[30]/C
                         clock pessimism             -0.396     2.181    
    SLICE_X31Y85         FDRE (Hold_fdre_C_D)         0.047     2.228    student_top_inst/Core_cpu/SegReg_LS2_WB_inst/pc_wb_reg[30]
  -------------------------------------------------------------------
                         required time                         -2.228    
                         arrival time                           2.336    
  -------------------------------------------------------------------
                         slack                                  0.108    

Slack (MET) :             0.108ns  (arrival time - required time)
  Source:                 student_top_inst/Core_cpu/SegReg_LS1_LS2_inst/pc_ls2_reg[5]/C
                            (rising edge-triggered cell FDRE clocked by clk_out2_pll  {rise@0.000ns fall@2.000ns period=4.000ns})
  Destination:            student_top_inst/Core_cpu/SegReg_LS2_WB_inst/pc_wb_reg[5]/D
                            (rising edge-triggered cell FDRE clocked by clk_out2_pll  {rise@0.000ns fall@2.000ns period=4.000ns})
  Path Group:             clk_out2_pll
  Path Type:              Hold (Min at Fast Process Corner)
  Requirement:            0.000ns  (clk_out2_pll rise@0.000ns - clk_out2_pll rise@0.000ns)
  Data Path Delay:        0.155ns  (logic 0.100ns (64.566%)  route 0.055ns (35.434%))
  Logic Levels:           0  
  Clock Path Skew:        0.000ns (DCD - SCD - CPR)
    Destination Clock Delay (DCD):    2.578ns
    Source Clock Delay      (SCD):    2.181ns
    Clock Pessimism Removal (CPR):    0.396ns

    Location             Delay type                Incr(ns)  Path(ns)    Netlist Resource(s)
  -------------------------------------------------------------------    -------------------
                         (clock clk_out2_pll rise edge)
                                                      0.000     0.000 r  
    AD12                                              0.000     0.000 r  i_sys_clk_p (IN)
                         net (fo=0)                   0.000     0.000    pll_inst/inst/clk_in1_p
    AD12                 IBUFDS (Prop_ibufds_I_O)     0.388     0.388 r  pll_inst/inst/clkin1_ibufgds/O
                         net (fo=1, routed)           1.083     1.471    pll_inst/inst/clk_in1_pll_buf
    BUFGCTRL_X0Y3        BUFG (Prop_bufg_I_O)         0.026     1.497 r  pll_inst/inst/clkin1_bufg1/O
                         net (fo=1, routed)           0.767     2.264    pll_inst/inst/clk_in1_pll
    PLLE2_ADV_X1Y0       PLLE2_ADV (Prop_plle2_adv_CLKIN1_CLKOUT1)
                                                     -1.938     0.326 r  pll_inst/inst/plle2_adv_inst/CLKOUT1
                         net (fo=1, routed)           1.145     1.471    pll_inst/inst/clk_out2_pll
    BUFGCTRL_X0Y0        BUFG (Prop_bufg_I_O)         0.026     1.497 r  pll_inst/inst/clkout2_buf/O
                         net (fo=3499, routed)        0.684     2.181    student_top_inst/Core_cpu/SegReg_LS1_LS2_inst/clk_out2
    SLICE_X31Y85         FDRE                                         r  student_top_inst/Core_cpu/SegReg_LS1_LS2_inst/pc_ls2_reg[5]/C
  -------------------------------------------------------------------    -------------------
    SLICE_X31Y85         FDRE (Prop_fdre_C_Q)         0.100     2.281 r  student_top_inst/Core_cpu/SegReg_LS1_LS2_inst/pc_ls2_reg[5]/Q
                         net (fo=1, routed)           0.055     2.336    student_top_inst/Core_cpu/SegReg_LS2_WB_inst/pc_wb_reg[31]_0[5]
    SLICE_X31Y85         FDRE                                         r  student_top_inst/Core_cpu/SegReg_LS2_WB_inst/pc_wb_reg[5]/D
  -------------------------------------------------------------------    -------------------

                         (clock clk_out2_pll rise edge)
                                                      0.000     0.000 r  
    AD12                                              0.000     0.000 r  i_sys_clk_p (IN)
                         net (fo=0)                   0.000     0.000    pll_inst/inst/clk_in1_p
    AD12                 IBUFDS (Prop_ibufds_I_O)     0.470     0.470 r  pll_inst/inst/clkin1_ibufgds/O
                         net (fo=1, routed)           1.154     1.624    pll_inst/inst/clk_in1_pll_buf
    BUFGCTRL_X0Y3        BUFG (Prop_bufg_I_O)         0.030     1.654 r  pll_inst/inst/clkin1_bufg1/O
                         net (fo=1, routed)           1.037     2.691    pll_inst/inst/clk_in1_pll
    PLLE2_ADV_X1Y0       PLLE2_ADV (Prop_plle2_adv_CLKIN1_CLKOUT1)
                                                     -2.283     0.408 r  pll_inst/inst/plle2_adv_inst/CLKOUT1
                         net (fo=1, routed)           1.216     1.624    pll_inst/inst/clk_out2_pll
    BUFGCTRL_X0Y0        BUFG (Prop_bufg_I_O)         0.030     1.654 r  pll_inst/inst/clkout2_buf/O
                         net (fo=3499, routed)        0.924     2.578    student_top_inst/Core_cpu/SegReg_LS2_WB_inst/clk_out2
    SLICE_X31Y85         FDRE                                         r  student_top_inst/Core_cpu/SegReg_LS2_WB_inst/pc_wb_reg[5]/C
                         clock pessimism             -0.396     2.181    
    SLICE_X31Y85         FDRE (Hold_fdre_C_D)         0.047     2.228    student_top_inst/Core_cpu/SegReg_LS2_WB_inst/pc_wb_reg[5]
  -------------------------------------------------------------------
                         required time                         -2.228    
                         arrival time                           2.336    
  -------------------------------------------------------------------
                         slack                                  0.108    

Slack (MET) :             0.108ns  (arrival time - required time)
  Source:                 student_top_inst/Core_cpu/SegReg_IF1_IF2_inst/pc_if2_reg[5]/C
                            (rising edge-triggered cell FDRE clocked by clk_out2_pll  {rise@0.000ns fall@2.000ns period=4.000ns})
  Destination:            student_top_inst/Core_cpu/SegReg_IF2_ID_inst/pc_id_reg[5]/D
                            (rising edge-triggered cell FDRE clocked by clk_out2_pll  {rise@0.000ns fall@2.000ns period=4.000ns})
  Path Group:             clk_out2_pll
  Path Type:              Hold (Min at Fast Process Corner)
  Requirement:            0.000ns  (clk_out2_pll rise@0.000ns - clk_out2_pll rise@0.000ns)
  Data Path Delay:        0.155ns  (logic 0.100ns (64.566%)  route 0.055ns (35.434%))
  Logic Levels:           0  
  Clock Path Skew:        0.000ns (DCD - SCD - CPR)
    Destination Clock Delay (DCD):    2.568ns
    Source Clock Delay      (SCD):    2.174ns
    Clock Pessimism Removal (CPR):    0.393ns

    Location             Delay type                Incr(ns)  Path(ns)    Netlist Resource(s)
  -------------------------------------------------------------------    -------------------
                         (clock clk_out2_pll rise edge)
                                                      0.000     0.000 r  
    AD12                                              0.000     0.000 r  i_sys_clk_p (IN)
                         net (fo=0)                   0.000     0.000    pll_inst/inst/clk_in1_p
    AD12                 IBUFDS (Prop_ibufds_I_O)     0.388     0.388 r  pll_inst/inst/clkin1_ibufgds/O
                         net (fo=1, routed)           1.083     1.471    pll_inst/inst/clk_in1_pll_buf
    BUFGCTRL_X0Y3        BUFG (Prop_bufg_I_O)         0.026     1.497 r  pll_inst/inst/clkin1_bufg1/O
                         net (fo=1, routed)           0.767     2.264    pll_inst/inst/clk_in1_pll
    PLLE2_ADV_X1Y0       PLLE2_ADV (Prop_plle2_adv_CLKIN1_CLKOUT1)
                                                     -1.938     0.326 r  pll_inst/inst/plle2_adv_inst/CLKOUT1
                         net (fo=1, routed)           1.145     1.471    pll_inst/inst/clk_out2_pll
    BUFGCTRL_X0Y0        BUFG (Prop_bufg_I_O)         0.026     1.497 r  pll_inst/inst/clkout2_buf/O
                         net (fo=3499, routed)        0.677     2.174    student_top_inst/Core_cpu/SegReg_IF1_IF2_inst/clk_out2
    SLICE_X25Y75         FDRE                                         r  student_top_inst/Core_cpu/SegReg_IF1_IF2_inst/pc_if2_reg[5]/C
  -------------------------------------------------------------------    -------------------
    SLICE_X25Y75         FDRE (Prop_fdre_C_Q)         0.100     2.274 r  student_top_inst/Core_cpu/SegReg_IF1_IF2_inst/pc_if2_reg[5]/Q
                         net (fo=1, routed)           0.055     2.329    student_top_inst/Core_cpu/SegReg_IF2_ID_inst/pc_id_reg[31]_1[5]
    SLICE_X25Y75         FDRE                                         r  student_top_inst/Core_cpu/SegReg_IF2_ID_inst/pc_id_reg[5]/D
  -------------------------------------------------------------------    -------------------

                         (clock clk_out2_pll rise edge)
                                                      0.000     0.000 r  
    AD12                                              0.000     0.000 r  i_sys_clk_p (IN)
                         net (fo=0)                   0.000     0.000    pll_inst/inst/clk_in1_p
    AD12                 IBUFDS (Prop_ibufds_I_O)     0.470     0.470 r  pll_inst/inst/clkin1_ibufgds/O
                         net (fo=1, routed)           1.154     1.624    pll_inst/inst/clk_in1_pll_buf
    BUFGCTRL_X0Y3        BUFG (Prop_bufg_I_O)         0.030     1.654 r  pll_inst/inst/clkin1_bufg1/O
                         net (fo=1, routed)           1.037     2.691    pll_inst/inst/clk_in1_pll
    PLLE2_ADV_X1Y0       PLLE2_ADV (Prop_plle2_adv_CLKIN1_CLKOUT1)
                                                     -2.283     0.408 r  pll_inst/inst/plle2_adv_inst/CLKOUT1
                         net (fo=1, routed)           1.216     1.624    pll_inst/inst/clk_out2_pll
    BUFGCTRL_X0Y0        BUFG (Prop_bufg_I_O)         0.030     1.654 r  pll_inst/inst/clkout2_buf/O
                         net (fo=3499, routed)        0.914     2.568    student_top_inst/Core_cpu/SegReg_IF2_ID_inst/clk_out2
    SLICE_X25Y75         FDRE                                         r  student_top_inst/Core_cpu/SegReg_IF2_ID_inst/pc_id_reg[5]/C
                         clock pessimism             -0.393     2.174    
    SLICE_X25Y75         FDRE (Hold_fdre_C_D)         0.047     2.221    student_top_inst/Core_cpu/SegReg_IF2_ID_inst/pc_id_reg[5]
  -------------------------------------------------------------------
                         required time                         -2.221    
                         arrival time                           2.329    
  -------------------------------------------------------------------
                         slack                                  0.108    





Pulse Width Checks
--------------------------------------------------------------------------------------
Clock Name:         clk_out2_pll
Waveform(ns):       { 0.000 2.000 }
Period(ns):         4.000
Sources:            { pll_inst/inst/plle2_adv_inst/CLKOUT1 }

Check Type        Corner  Lib Pin             Reference Pin  Required(ns)  Actual(ns)  Slack(ns)  Location        Pin
Min Period        n/a     DSP48E1/CLK         n/a            2.772         4.000       1.228      DSP48_X0Y25     student_top_inst/Core_cpu/MulDiv_inst/mul_prod_r_reg/CLK
Min Period        n/a     DSP48E1/CLK         n/a            2.772         4.000       1.228      DSP48_X1Y25     student_top_inst/Core_cpu/MulDiv_inst/mul_prod_r_reg__0/CLK
Min Period        n/a     RAMB36E1/CLKARDCLK  n/a            1.839         4.000       2.161      RAMB36_X0Y16    student_top_inst/Mem_IROM/U0/inst_blk_mem_gen/gnbram.gnativebmg.native_blk_mem_gen/valid.cstr/ramloop[0].ram.r/prim_init.ram/DEVICE_7SERIES.NO_BMM_INFO.SP.SIMPLE_PRIM36.ram/CLKARDCLK
Min Period        n/a     RAMB36E1/CLKBWRCLK  n/a            1.839         4.000       2.161      RAMB36_X0Y16    student_top_inst/Mem_IROM/U0/inst_blk_mem_gen/gnbram.gnativebmg.native_blk_mem_gen/valid.cstr/ramloop[0].ram.r/prim_init.ram/DEVICE_7SERIES.NO_BMM_INFO.SP.SIMPLE_PRIM36.ram/CLKBWRCLK
Min Period        n/a     RAMB36E1/CLKARDCLK  n/a            1.839         4.000       2.161      RAMB36_X0Y15    student_top_inst/Mem_IROM/U0/inst_blk_mem_gen/gnbram.gnativebmg.native_blk_mem_gen/valid.cstr/ramloop[1].ram.r/prim_init.ram/DEVICE_7SERIES.NO_BMM_INFO.SP.SIMPLE_PRIM36.ram/CLKARDCLK
Min Period        n/a     RAMB36E1/CLKBWRCLK  n/a            1.839         4.000       2.161      RAMB36_X0Y15    student_top_inst/Mem_IROM/U0/inst_blk_mem_gen/gnbram.gnativebmg.native_blk_mem_gen/valid.cstr/ramloop[1].ram.r/prim_init.ram/DEVICE_7SERIES.NO_BMM_INFO.SP.SIMPLE_PRIM36.ram/CLKBWRCLK
Min Period        n/a     RAMB36E1/CLKARDCLK  n/a            1.839         4.000       2.161      RAMB36_X0Y14    student_top_inst/Mem_IROM/U0/inst_blk_mem_gen/gnbram.gnativebmg.native_blk_mem_gen/valid.cstr/ramloop[2].ram.r/prim_init.ram/DEVICE_7SERIES.NO_BMM_INFO.SP.SIMPLE_PRIM36.ram/CLKARDCLK
Min Period        n/a     RAMB36E1/CLKBWRCLK  n/a            1.839         4.000       2.161      RAMB36_X0Y14    student_top_inst/Mem_IROM/U0/inst_blk_mem_gen/gnbram.gnativebmg.native_blk_mem_gen/valid.cstr/ramloop[2].ram.r/prim_init.ram/DEVICE_7SERIES.NO_BMM_INFO.SP.SIMPLE_PRIM36.ram/CLKBWRCLK
Min Period        n/a     RAMB36E1/CLKARDCLK  n/a            1.839         4.000       2.161      RAMB36_X1Y16    student_top_inst/Mem_IROM/U0/inst_blk_mem_gen/gnbram.gnativebmg.native_blk_mem_gen/valid.cstr/ramloop[3].ram.r/prim_init.ram/DEVICE_7SERIES.NO_BMM_INFO.SP.SIMPLE_PRIM36.ram/CLKARDCLK
Min Period        n/a     RAMB36E1/CLKBWRCLK  n/a            1.839         4.000       2.161      RAMB36_X1Y16    student_top_inst/Mem_IROM/U0/inst_blk_mem_gen/gnbram.gnativebmg.native_blk_mem_gen/valid.cstr/ramloop[3].ram.r/prim_init.ram/DEVICE_7SERIES.NO_BMM_INFO.SP.SIMPLE_PRIM36.ram/CLKBWRCLK
Max Period        n/a     PLLE2_ADV/CLKOUT1   n/a            160.000       4.000       156.000    PLLE2_ADV_X1Y0  pll_inst/inst/plle2_adv_inst/CLKOUT1
Low Pulse Width   Slow    RAMD64E/CLK         n/a            0.768         2.000       1.232      SLICE_X42Y84    student_top_inst/Core_cpu/BPU_inst/bht_reg_0_127_0_0/DP.HIGH/CLK
Low Pulse Width   Fast    RAMD64E/CLK         n/a            0.768         2.000       1.232      SLICE_X42Y84    student_top_inst/Core_cpu/BPU_inst/bht_reg_0_127_0_0/DP.HIGH/CLK
Low Pulse Width   Slow    RAMD64E/CLK         n/a            0.768         2.000       1.232      SLICE_X42Y84    student_top_inst/Core_cpu/BPU_inst/bht_reg_0_127_0_0/DP.LOW/CLK
Low Pulse Width   Fast    RAMD64E/CLK         n/a            0.768         2.000       1.232      SLICE_X42Y84    student_top_inst/Core_cpu/BPU_inst/bht_reg_0_127_0_0/DP.LOW/CLK
Low Pulse Width   Slow    RAMD64E/CLK         n/a            0.768         2.000       1.232      SLICE_X42Y84    student_top_inst/Core_cpu/BPU_inst/bht_reg_0_127_0_0/SP.HIGH/CLK
Low Pulse Width   Fast    RAMD64E/CLK         n/a            0.768         2.000       1.232      SLICE_X42Y84    student_top_inst/Core_cpu/BPU_inst/bht_reg_0_127_0_0/SP.HIGH/CLK
Low Pulse Width   Slow    RAMD64E/CLK         n/a            0.768         2.000       1.232      SLICE_X42Y84    student_top_inst/Core_cpu/BPU_inst/bht_reg_0_127_0_0/SP.LOW/CLK
Low Pulse Width   Fast    RAMD64E/CLK         n/a            0.768         2.000       1.232      SLICE_X42Y84    student_top_inst/Core_cpu/BPU_inst/bht_reg_0_127_0_0/SP.LOW/CLK
Low Pulse Width   Slow    RAMD64E/CLK         n/a            0.768         2.000       1.232      SLICE_X42Y85    student_top_inst/Core_cpu/BPU_inst/bht_reg_0_127_1_1/DP.HIGH/CLK
Low Pulse Width   Fast    RAMD64E/CLK         n/a            0.768         2.000       1.232      SLICE_X42Y85    student_top_inst/Core_cpu/BPU_inst/bht_reg_0_127_1_1/DP.HIGH/CLK
High Pulse Width  Slow    RAMD64E/CLK         n/a            0.768         2.000       1.232      SLICE_X42Y84    student_top_inst/Core_cpu/BPU_inst/bht_reg_0_127_0_0/DP.HIGH/CLK
High Pulse Width  Fast    RAMD64E/CLK         n/a            0.768         2.000       1.232      SLICE_X42Y84    student_top_inst/Core_cpu/BPU_inst/bht_reg_0_127_0_0/DP.HIGH/CLK
High Pulse Width  Slow    RAMD64E/CLK         n/a            0.768         2.000       1.232      SLICE_X42Y84    student_top_inst/Core_cpu/BPU_inst/bht_reg_0_127_0_0/DP.LOW/CLK
High Pulse Width  Fast    RAMD64E/CLK         n/a            0.768         2.000       1.232      SLICE_X42Y84    student_top_inst/Core_cpu/BPU_inst/bht_reg_0_127_0_0/DP.LOW/CLK
High Pulse Width  Slow    RAMD64E/CLK         n/a            0.768         2.000       1.232      SLICE_X42Y84    student_top_inst/Core_cpu/BPU_inst/bht_reg_0_127_0_0/SP.HIGH/CLK
High Pulse Width  Fast    RAMD64E/CLK         n/a            0.768         2.000       1.232      SLICE_X42Y84    student_top_inst/Core_cpu/BPU_inst/bht_reg_0_127_0_0/SP.HIGH/CLK
High Pulse Width  Slow    RAMD64E/CLK         n/a            0.768         2.000       1.232      SLICE_X42Y84    student_top_inst/Core_cpu/BPU_inst/bht_reg_0_127_0_0/SP.LOW/CLK
High Pulse Width  Fast    RAMD64E/CLK         n/a            0.768         2.000       1.232      SLICE_X42Y84    student_top_inst/Core_cpu/BPU_inst/bht_reg_0_127_0_0/SP.LOW/CLK
High Pulse Width  Slow    RAMD64E/CLK         n/a            0.768         2.000       1.232      SLICE_X42Y85    student_top_inst/Core_cpu/BPU_inst/bht_reg_0_127_1_1/DP.HIGH/CLK
High Pulse Width  Fast    RAMD64E/CLK         n/a            0.768         2.000       1.232      SLICE_X42Y85    student_top_inst/Core_cpu/BPU_inst/bht_reg_0_127_1_1/DP.HIGH/CLK



---------------------------------------------------------------------------------------------------
From Clock:  clkfbout_pll
  To Clock:  clkfbout_pll

Setup :           NA  Failing Endpoints,  Worst Slack           NA  ,  Total Violation           NA
Hold  :           NA  Failing Endpoints,  Worst Slack           NA  ,  Total Violation           NA
PW    :            0  Failing Endpoints,  Worst Slack        3.592ns,  Total Violation        0.000ns
---------------------------------------------------------------------------------------------------


Pulse Width Checks
--------------------------------------------------------------------------------------
Clock Name:         clkfbout_pll
Waveform(ns):       { 0.000 2.500 }
Period(ns):         5.000
Sources:            { pll_inst/inst/plle2_adv_inst/CLKFBOUT }

Check Type  Corner  Lib Pin             Reference Pin  Required(ns)  Actual(ns)  Slack(ns)  Location        Pin
Min Period  n/a     BUFG/I              n/a            1.408         5.000       3.591      BUFGCTRL_X0Y2   pll_inst/inst/clkf_buf/I
Min Period  n/a     PLLE2_ADV/CLKFBOUT  n/a            1.071         5.000       3.929      PLLE2_ADV_X1Y0  pll_inst/inst/plle2_adv_inst/CLKFBOUT
Min Period  n/a     PLLE2_ADV/CLKFBIN   n/a            1.071         5.000       3.929      PLLE2_ADV_X1Y0  pll_inst/inst/plle2_adv_inst/CLKFBIN
Max Period  n/a     PLLE2_ADV/CLKFBIN   n/a            52.633        5.000       47.633     PLLE2_ADV_X1Y0  pll_inst/inst/plle2_adv_inst/CLKFBIN
Max Period  n/a     PLLE2_ADV/CLKFBOUT  n/a            160.000       5.000       155.000    PLLE2_ADV_X1Y0  pll_inst/inst/plle2_adv_inst/CLKFBOUT



--------------------------------------------------------------------------------------
Path Group:  (none)
From Clock:  clk_out2_pll
  To Clock:  clk_out1_pll

Max Delay            68 Endpoints
Min Delay            68 Endpoints
--------------------------------------------------------------------------------------


Max Delay Paths
--------------------------------------------------------------------------------------
Slack:                    inf
  Source:                 student_top_inst/bridge_inst/counter_inst/start_tgl_cpu_reg/C
                            (rising edge-triggered cell FDRE clocked by clk_out2_pll  {rise@0.000ns fall@2.000ns period=4.000ns})
  Destination:            student_top_inst/bridge_inst/counter_inst/start_tgl_cnt_sync_reg[0]/D
                            (rising edge-triggered cell FDRE clocked by clk_out1_pll  {rise@0.000ns fall@10.000ns period=20.000ns})
  Path Group:             (none)
  Path Type:              Setup (Max at Slow Process Corner)
  Data Path Delay:        1.581ns  (logic 0.223ns (14.106%)  route 1.358ns (85.894%))
  Logic Levels:           0  
  Clock Path Skew:        -0.285ns (DCD - SCD + CPR)
    Destination Clock Delay (DCD):    4.562ns
    Source Clock Delay      (SCD):    4.848ns
    Clock Pessimism Removal (CPR):    0.000ns
  Clock Uncertainty:      0.194ns  ((TSJ^2 + DJ^2)^1/2) / 2 + PE
    Total System Jitter     (TSJ):    0.071ns
    Discrete Jitter          (DJ):    0.129ns
    Phase Error              (PE):    0.120ns
  Timing Exception:       Asynchronous Clock Groups

    Location             Delay type                Incr(ns)  Path(ns)    Netlist Resource(s)
  -------------------------------------------------------------------    -------------------
                         (clock clk_out2_pll rise edge)
                                                      0.000     0.000 r  
    AD12                                              0.000     0.000 r  i_sys_clk_p (IN)
                         net (fo=0)                   0.000     0.000    pll_inst/inst/clk_in1_p
    AD12                 IBUFDS (Prop_ibufds_I_O)     0.906     0.906 r  pll_inst/inst/clkin1_ibufgds/O
                         net (fo=1, routed)           2.299     3.205    pll_inst/inst/clk_in1_pll_buf
    BUFGCTRL_X0Y3        BUFG (Prop_bufg_I_O)         0.093     3.298 r  pll_inst/inst/clkin1_bufg1/O
                         net (fo=1, routed)           1.959     5.257    pll_inst/inst/clk_in1_pll
    PLLE2_ADV_X1Y0       PLLE2_ADV (Prop_plle2_adv_CLKIN1_CLKOUT1)
                                                     -4.519     0.738 r  pll_inst/inst/plle2_adv_inst/CLKOUT1
                         net (fo=1, routed)           2.467     3.205    pll_inst/inst/clk_out2_pll
    BUFGCTRL_X0Y0        BUFG (Prop_bufg_I_O)         0.093     3.298 r  pll_inst/inst/clkout2_buf/O
                         net (fo=3499, routed)        1.550     4.848    student_top_inst/bridge_inst/counter_inst/clk_out2
    SLICE_X55Y72         FDRE                                         r  student_top_inst/bridge_inst/counter_inst/start_tgl_cpu_reg/C
  -------------------------------------------------------------------    -------------------
    SLICE_X55Y72         FDRE (Prop_fdre_C_Q)         0.223     5.071 r  student_top_inst/bridge_inst/counter_inst/start_tgl_cpu_reg/Q
                         net (fo=2, routed)           1.358     6.429    student_top_inst/bridge_inst/counter_inst/start_tgl_cpu_reg_0[0]
    SLICE_X19Y89         FDRE                                         r  student_top_inst/bridge_inst/counter_inst/start_tgl_cnt_sync_reg[0]/D
  -------------------------------------------------------------------    -------------------

                         (clock clk_out1_pll rise edge)
                                                      0.000     0.000 r  
    AD12                                              0.000     0.000 r  i_sys_clk_p (IN)
                         net (fo=0)                   0.000     0.000    pll_inst/inst/clk_in1_p
    AD12                 IBUFDS (Prop_ibufds_I_O)     0.803     0.803 r  pll_inst/inst/clkin1_ibufgds/O
                         net (fo=1, routed)           2.173     2.976    pll_inst/inst/clk_in1_pll_buf
    BUFGCTRL_X0Y3        BUFG (Prop_bufg_I_O)         0.083     3.059 r  pll_inst/inst/clkin1_bufg1/O
                         net (fo=1, routed)           1.796     4.855    pll_inst/inst/clk_in1_pll
    PLLE2_ADV_X1Y0       PLLE2_ADV (Prop_plle2_adv_CLKIN1_CLKOUT0)
                                                     -4.213     0.642 r  pll_inst/inst/plle2_adv_inst/CLKOUT0
                         net (fo=1, routed)           2.334     2.976    pll_inst/inst/clk_out1_pll
    BUFGCTRL_X0Y1        BUFG (Prop_bufg_I_O)         0.083     3.059 r  pll_inst/inst/clkout1_buf/O
                         net (fo=434, routed)         1.503     4.562    student_top_inst/bridge_inst/counter_inst/CLK
    SLICE_X19Y89         FDRE                                         r  student_top_inst/bridge_inst/counter_inst/start_tgl_cnt_sync_reg[0]/C

Slack:                    inf
  Source:                 student_top_inst/bridge_inst/led_tx_data_cpu_reg[1]/C
                            (rising edge-triggered cell FDCE clocked by clk_out2_pll  {rise@0.000ns fall@2.000ns period=4.000ns})
  Destination:            student_top_inst/bridge_inst/LED_cnt_reg[1]/D
                            (rising edge-triggered cell FDCE clocked by clk_out1_pll  {rise@0.000ns fall@10.000ns period=20.000ns})
  Path Group:             (none)
  Path Type:              Setup (Max at Slow Process Corner)
  Data Path Delay:        1.114ns  (logic 0.223ns (20.023%)  route 0.891ns (79.977%))
  Logic Levels:           0  
  Clock Path Skew:        -0.543ns (DCD - SCD + CPR)
    Destination Clock Delay (DCD):    4.395ns
    Source Clock Delay      (SCD):    4.939ns
    Clock Pessimism Removal (CPR):    0.000ns
  Clock Uncertainty:      0.194ns  ((TSJ^2 + DJ^2)^1/2) / 2 + PE
    Total System Jitter     (TSJ):    0.071ns
    Discrete Jitter          (DJ):    0.129ns
    Phase Error              (PE):    0.120ns
  Timing Exception:       Asynchronous Clock Groups

    Location             Delay type                Incr(ns)  Path(ns)    Netlist Resource(s)
  -------------------------------------------------------------------    -------------------
                         (clock clk_out2_pll rise edge)
                                                      0.000     0.000 r  
    AD12                                              0.000     0.000 r  i_sys_clk_p (IN)
                         net (fo=0)                   0.000     0.000    pll_inst/inst/clk_in1_p
    AD12                 IBUFDS (Prop_ibufds_I_O)     0.906     0.906 r  pll_inst/inst/clkin1_ibufgds/O
                         net (fo=1, routed)           2.299     3.205    pll_inst/inst/clk_in1_pll_buf
    BUFGCTRL_X0Y3        BUFG (Prop_bufg_I_O)         0.093     3.298 r  pll_inst/inst/clkin1_bufg1/O
                         net (fo=1, routed)           1.959     5.257    pll_inst/inst/clk_in1_pll
    PLLE2_ADV_X1Y0       PLLE2_ADV (Prop_plle2_adv_CLKIN1_CLKOUT1)
                                                     -4.519     0.738 r  pll_inst/inst/plle2_adv_inst/CLKOUT1
                         net (fo=1, routed)           2.467     3.205    pll_inst/inst/clk_out2_pll
    BUFGCTRL_X0Y0        BUFG (Prop_bufg_I_O)         0.093     3.298 r  pll_inst/inst/clkout2_buf/O
                         net (fo=3499, routed)        1.641     4.939    student_top_inst/bridge_inst/clk_out2
    SLICE_X21Y90         FDCE                                         r  student_top_inst/bridge_inst/led_tx_data_cpu_reg[1]/C
  -------------------------------------------------------------------    -------------------
    SLICE_X21Y90         FDCE (Prop_fdce_C_Q)         0.223     5.162 r  student_top_inst/bridge_inst/led_tx_data_cpu_reg[1]/Q
                         net (fo=2, routed)           0.891     6.052    student_top_inst/bridge_inst/led_sent_value_cpu[1]
    SLICE_X16Y104        FDCE                                         r  student_top_inst/bridge_inst/LED_cnt_reg[1]/D
  -------------------------------------------------------------------    -------------------

                         (clock clk_out1_pll rise edge)
                                                      0.000     0.000 r  
    AD12                                              0.000     0.000 r  i_sys_clk_p (IN)
                         net (fo=0)                   0.000     0.000    pll_inst/inst/clk_in1_p
    AD12                 IBUFDS (Prop_ibufds_I_O)     0.803     0.803 r  pll_inst/inst/clkin1_ibufgds/O
                         net (fo=1, routed)           2.173     2.976    pll_inst/inst/clk_in1_pll_buf
    BUFGCTRL_X0Y3        BUFG (Prop_bufg_I_O)         0.083     3.059 r  pll_inst/inst/clkin1_bufg1/O
                         net (fo=1, routed)           1.796     4.855    pll_inst/inst/clk_in1_pll
    PLLE2_ADV_X1Y0       PLLE2_ADV (Prop_plle2_adv_CLKIN1_CLKOUT0)
                                                     -4.213     0.642 r  pll_inst/inst/plle2_adv_inst/CLKOUT0
                         net (fo=1, routed)           2.334     2.976    pll_inst/inst/clk_out1_pll
    BUFGCTRL_X0Y1        BUFG (Prop_bufg_I_O)         0.083     3.059 r  pll_inst/inst/clkout1_buf/O
                         net (fo=434, routed)         1.336     4.395    student_top_inst/bridge_inst/CLK
    SLICE_X16Y104        FDCE                                         r  student_top_inst/bridge_inst/LED_cnt_reg[1]/C

Slack:                    inf
  Source:                 student_top_inst/bridge_inst/led_tx_data_cpu_reg[28]/C
                            (rising edge-triggered cell FDCE clocked by clk_out2_pll  {rise@0.000ns fall@2.000ns period=4.000ns})
  Destination:            student_top_inst/bridge_inst/LED_cnt_reg[28]/D
                            (rising edge-triggered cell FDCE clocked by clk_out1_pll  {rise@0.000ns fall@10.000ns period=20.000ns})
  Path Group:             (none)
  Path Type:              Setup (Max at Slow Process Corner)
  Data Path Delay:        1.109ns  (logic 0.223ns (20.109%)  route 0.886ns (79.892%))
  Logic Levels:           0  
  Clock Path Skew:        -0.539ns (DCD - SCD + CPR)
    Destination Clock Delay (DCD):    4.395ns
    Source Clock Delay      (SCD):    4.935ns
    Clock Pessimism Removal (CPR):    0.000ns
  Clock Uncertainty:      0.194ns  ((TSJ^2 + DJ^2)^1/2) / 2 + PE
    Total System Jitter     (TSJ):    0.071ns
    Discrete Jitter          (DJ):    0.129ns
    Phase Error              (PE):    0.120ns
  Timing Exception:       Asynchronous Clock Groups

    Location             Delay type                Incr(ns)  Path(ns)    Netlist Resource(s)
  -------------------------------------------------------------------    -------------------
                         (clock clk_out2_pll rise edge)
                                                      0.000     0.000 r  
    AD12                                              0.000     0.000 r  i_sys_clk_p (IN)
                         net (fo=0)                   0.000     0.000    pll_inst/inst/clk_in1_p
    AD12                 IBUFDS (Prop_ibufds_I_O)     0.906     0.906 r  pll_inst/inst/clkin1_ibufgds/O
                         net (fo=1, routed)           2.299     3.205    pll_inst/inst/clk_in1_pll_buf
    BUFGCTRL_X0Y3        BUFG (Prop_bufg_I_O)         0.093     3.298 r  pll_inst/inst/clkin1_bufg1/O
                         net (fo=1, routed)           1.959     5.257    pll_inst/inst/clk_in1_pll
    PLLE2_ADV_X1Y0       PLLE2_ADV (Prop_plle2_adv_CLKIN1_CLKOUT1)
                                                     -4.519     0.738 r  pll_inst/inst/plle2_adv_inst/CLKOUT1
                         net (fo=1, routed)           2.467     3.205    pll_inst/inst/clk_out2_pll
    BUFGCTRL_X0Y0        BUFG (Prop_bufg_I_O)         0.093     3.298 r  pll_inst/inst/clkout2_buf/O
                         net (fo=3499, routed)        1.637     4.935    student_top_inst/bridge_inst/clk_out2
    SLICE_X25Y91         FDCE                                         r  student_top_inst/bridge_inst/led_tx_data_cpu_reg[28]/C
  -------------------------------------------------------------------    -------------------
    SLICE_X25Y91         FDCE (Prop_fdce_C_Q)         0.223     5.158 r  student_top_inst/bridge_inst/led_tx_data_cpu_reg[28]/Q
                         net (fo=2, routed)           0.886     6.044    student_top_inst/bridge_inst/led_sent_value_cpu[28]
    SLICE_X18Y105        FDCE                                         r  student_top_inst/bridge_inst/LED_cnt_reg[28]/D
  -------------------------------------------------------------------    -------------------

                         (clock clk_out1_pll rise edge)
                                                      0.000     0.000 r  
    AD12                                              0.000     0.000 r  i_sys_clk_p (IN)
                         net (fo=0)                   0.000     0.000    pll_inst/inst/clk_in1_p
    AD12                 IBUFDS (Prop_ibufds_I_O)     0.803     0.803 r  pll_inst/inst/clkin1_ibufgds/O
                         net (fo=1, routed)           2.173     2.976    pll_inst/inst/clk_in1_pll_buf
    BUFGCTRL_X0Y3        BUFG (Prop_bufg_I_O)         0.083     3.059 r  pll_inst/inst/clkin1_bufg1/O
                         net (fo=1, routed)           1.796     4.855    pll_inst/inst/clk_in1_pll
    PLLE2_ADV_X1Y0       PLLE2_ADV (Prop_plle2_adv_CLKIN1_CLKOUT0)
                                                     -4.213     0.642 r  pll_inst/inst/plle2_adv_inst/CLKOUT0
                         net (fo=1, routed)           2.334     2.976    pll_inst/inst/clk_out1_pll
    BUFGCTRL_X0Y1        BUFG (Prop_bufg_I_O)         0.083     3.059 r  pll_inst/inst/clkout1_buf/O
                         net (fo=434, routed)         1.336     4.395    student_top_inst/bridge_inst/CLK
    SLICE_X18Y105        FDCE                                         r  student_top_inst/bridge_inst/LED_cnt_reg[28]/C

Slack:                    inf
  Source:                 student_top_inst/bridge_inst/led_tx_data_cpu_reg[24]/C
                            (rising edge-triggered cell FDCE clocked by clk_out2_pll  {rise@0.000ns fall@2.000ns period=4.000ns})
  Destination:            student_top_inst/bridge_inst/LED_cnt_reg[24]/D
                            (rising edge-triggered cell FDCE clocked by clk_out1_pll  {rise@0.000ns fall@10.000ns period=20.000ns})
  Path Group:             (none)
  Path Type:              Setup (Max at Slow Process Corner)
  Data Path Delay:        1.039ns  (logic 0.223ns (21.465%)  route 0.816ns (78.535%))
  Logic Levels:           0  
  Clock Path Skew:        -0.539ns (DCD - SCD + CPR)
    Destination Clock Delay (DCD):    4.395ns
    Source Clock Delay      (SCD):    4.935ns
    Clock Pessimism Removal (CPR):    0.000ns
  Clock Uncertainty:      0.194ns  ((TSJ^2 + DJ^2)^1/2) / 2 + PE
    Total System Jitter     (TSJ):    0.071ns
    Discrete Jitter          (DJ):    0.129ns
    Phase Error              (PE):    0.120ns
  Timing Exception:       Asynchronous Clock Groups

    Location             Delay type                Incr(ns)  Path(ns)    Netlist Resource(s)
  -------------------------------------------------------------------    -------------------
                         (clock clk_out2_pll rise edge)
                                                      0.000     0.000 r  
    AD12                                              0.000     0.000 r  i_sys_clk_p (IN)
                         net (fo=0)                   0.000     0.000    pll_inst/inst/clk_in1_p
    AD12                 IBUFDS (Prop_ibufds_I_O)     0.906     0.906 r  pll_inst/inst/clkin1_ibufgds/O
                         net (fo=1, routed)           2.299     3.205    pll_inst/inst/clk_in1_pll_buf
    BUFGCTRL_X0Y3        BUFG (Prop_bufg_I_O)         0.093     3.298 r  pll_inst/inst/clkin1_bufg1/O
                         net (fo=1, routed)           1.959     5.257    pll_inst/inst/clk_in1_pll
    PLLE2_ADV_X1Y0       PLLE2_ADV (Prop_plle2_adv_CLKIN1_CLKOUT1)
                                                     -4.519     0.738 r  pll_inst/inst/plle2_adv_inst/CLKOUT1
                         net (fo=1, routed)           2.467     3.205    pll_inst/inst/clk_out2_pll
    BUFGCTRL_X0Y0        BUFG (Prop_bufg_I_O)         0.093     3.298 r  pll_inst/inst/clkout2_buf/O
                         net (fo=3499, routed)        1.637     4.935    student_top_inst/bridge_inst/clk_out2
    SLICE_X25Y91         FDCE                                         r  student_top_inst/bridge_inst/led_tx_data_cpu_reg[24]/C
  -------------------------------------------------------------------    -------------------
    SLICE_X25Y91         FDCE (Prop_fdce_C_Q)         0.223     5.158 r  student_top_inst/bridge_inst/led_tx_data_cpu_reg[24]/Q
                         net (fo=2, routed)           0.816     5.974    student_top_inst/bridge_inst/led_sent_value_cpu[24]
    SLICE_X17Y104        FDCE                                         r  student_top_inst/bridge_inst/LED_cnt_reg[24]/D
  -------------------------------------------------------------------    -------------------

                         (clock clk_out1_pll rise edge)
                                                      0.000     0.000 r  
    AD12                                              0.000     0.000 r  i_sys_clk_p (IN)
                         net (fo=0)                   0.000     0.000    pll_inst/inst/clk_in1_p
    AD12                 IBUFDS (Prop_ibufds_I_O)     0.803     0.803 r  pll_inst/inst/clkin1_ibufgds/O
                         net (fo=1, routed)           2.173     2.976    pll_inst/inst/clk_in1_pll_buf
    BUFGCTRL_X0Y3        BUFG (Prop_bufg_I_O)         0.083     3.059 r  pll_inst/inst/clkin1_bufg1/O
                         net (fo=1, routed)           1.796     4.855    pll_inst/inst/clk_in1_pll
    PLLE2_ADV_X1Y0       PLLE2_ADV (Prop_plle2_adv_CLKIN1_CLKOUT0)
                                                     -4.213     0.642 r  pll_inst/inst/plle2_adv_inst/CLKOUT0
                         net (fo=1, routed)           2.334     2.976    pll_inst/inst/clk_out1_pll
    BUFGCTRL_X0Y1        BUFG (Prop_bufg_I_O)         0.083     3.059 r  pll_inst/inst/clkout1_buf/O
                         net (fo=434, routed)         1.336     4.395    student_top_inst/bridge_inst/CLK
    SLICE_X17Y104        FDCE                                         r  student_top_inst/bridge_inst/LED_cnt_reg[24]/C

Slack:                    inf
  Source:                 student_top_inst/bridge_inst/led_tx_data_cpu_reg[5]/C
                            (rising edge-triggered cell FDCE clocked by clk_out2_pll  {rise@0.000ns fall@2.000ns period=4.000ns})
  Destination:            student_top_inst/bridge_inst/LED_cnt_reg[5]/D
                            (rising edge-triggered cell FDCE clocked by clk_out1_pll  {rise@0.000ns fall@10.000ns period=20.000ns})
  Path Group:             (none)
  Path Type:              Setup (Max at Slow Process Corner)
  Data Path Delay:        1.015ns  (logic 0.259ns (25.509%)  route 0.756ns (74.491%))
  Logic Levels:           0  
  Clock Path Skew:        -0.543ns (DCD - SCD + CPR)
    Destination Clock Delay (DCD):    4.395ns
    Source Clock Delay      (SCD):    4.939ns
    Clock Pessimism Removal (CPR):    0.000ns
  Clock Uncertainty:      0.194ns  ((TSJ^2 + DJ^2)^1/2) / 2 + PE
    Total System Jitter     (TSJ):    0.071ns
    Discrete Jitter          (DJ):    0.129ns
    Phase Error              (PE):    0.120ns
  Timing Exception:       Asynchronous Clock Groups

    Location             Delay type                Incr(ns)  Path(ns)    Netlist Resource(s)
  -------------------------------------------------------------------    -------------------
                         (clock clk_out2_pll rise edge)
                                                      0.000     0.000 r  
    AD12                                              0.000     0.000 r  i_sys_clk_p (IN)
                         net (fo=0)                   0.000     0.000    pll_inst/inst/clk_in1_p
    AD12                 IBUFDS (Prop_ibufds_I_O)     0.906     0.906 r  pll_inst/inst/clkin1_ibufgds/O
                         net (fo=1, routed)           2.299     3.205    pll_inst/inst/clk_in1_pll_buf
    BUFGCTRL_X0Y3        BUFG (Prop_bufg_I_O)         0.093     3.298 r  pll_inst/inst/clkin1_bufg1/O
                         net (fo=1, routed)           1.959     5.257    pll_inst/inst/clk_in1_pll
    PLLE2_ADV_X1Y0       PLLE2_ADV (Prop_plle2_adv_CLKIN1_CLKOUT1)
                                                     -4.519     0.738 r  pll_inst/inst/plle2_adv_inst/CLKOUT1
                         net (fo=1, routed)           2.467     3.205    pll_inst/inst/clk_out2_pll
    BUFGCTRL_X0Y0        BUFG (Prop_bufg_I_O)         0.093     3.298 r  pll_inst/inst/clkout2_buf/O
                         net (fo=3499, routed)        1.641     4.939    student_top_inst/bridge_inst/clk_out2
    SLICE_X20Y90         FDCE                                         r  student_top_inst/bridge_inst/led_tx_data_cpu_reg[5]/C
  -------------------------------------------------------------------    -------------------
    SLICE_X20Y90         FDCE (Prop_fdce_C_Q)         0.259     5.198 r  student_top_inst/bridge_inst/led_tx_data_cpu_reg[5]/Q
                         net (fo=2, routed)           0.756     5.954    student_top_inst/bridge_inst/led_sent_value_cpu[5]
    SLICE_X16Y100        FDCE                                         r  student_top_inst/bridge_inst/LED_cnt_reg[5]/D
  -------------------------------------------------------------------    -------------------

                         (clock clk_out1_pll rise edge)
                                                      0.000     0.000 r  
    AD12                                              0.000     0.000 r  i_sys_clk_p (IN)
                         net (fo=0)                   0.000     0.000    pll_inst/inst/clk_in1_p
    AD12                 IBUFDS (Prop_ibufds_I_O)     0.803     0.803 r  pll_inst/inst/clkin1_ibufgds/O
                         net (fo=1, routed)           2.173     2.976    pll_inst/inst/clk_in1_pll_buf
    BUFGCTRL_X0Y3        BUFG (Prop_bufg_I_O)         0.083     3.059 r  pll_inst/inst/clkin1_bufg1/O
                         net (fo=1, routed)           1.796     4.855    pll_inst/inst/clk_in1_pll
    PLLE2_ADV_X1Y0       PLLE2_ADV (Prop_plle2_adv_CLKIN1_CLKOUT0)
                                                     -4.213     0.642 r  pll_inst/inst/plle2_adv_inst/CLKOUT0
                         net (fo=1, routed)           2.334     2.976    pll_inst/inst/clk_out1_pll
    BUFGCTRL_X0Y1        BUFG (Prop_bufg_I_O)         0.083     3.059 r  pll_inst/inst/clkout1_buf/O
                         net (fo=434, routed)         1.336     4.395    student_top_inst/bridge_inst/CLK
    SLICE_X16Y100        FDCE                                         r  student_top_inst/bridge_inst/LED_cnt_reg[5]/C

Slack:                    inf
  Source:                 student_top_inst/bridge_inst/seg_tx_data_cpu_reg[26]/C
                            (rising edge-triggered cell FDCE clocked by clk_out2_pll  {rise@0.000ns fall@2.000ns period=4.000ns})
  Destination:            student_top_inst/bridge_inst/seg_wdata_cnt_reg[26]/D
                            (rising edge-triggered cell FDCE clocked by clk_out1_pll  {rise@0.000ns fall@10.000ns period=20.000ns})
  Path Group:             (none)
  Path Type:              Setup (Max at Slow Process Corner)
  Data Path Delay:        1.002ns  (logic 0.223ns (22.253%)  route 0.779ns (77.747%))
  Logic Levels:           0  
  Clock Path Skew:        -0.541ns (DCD - SCD + CPR)
    Destination Clock Delay (DCD):    4.394ns
    Source Clock Delay      (SCD):    4.936ns
    Clock Pessimism Removal (CPR):    0.000ns
  Clock Uncertainty:      0.194ns  ((TSJ^2 + DJ^2)^1/2) / 2 + PE
    Total System Jitter     (TSJ):    0.071ns
    Discrete Jitter          (DJ):    0.129ns
    Phase Error              (PE):    0.120ns
  Timing Exception:       Asynchronous Clock Groups

    Location             Delay type                Incr(ns)  Path(ns)    Netlist Resource(s)
  -------------------------------------------------------------------    -------------------
                         (clock clk_out2_pll rise edge)
                                                      0.000     0.000 r  
    AD12                                              0.000     0.000 r  i_sys_clk_p (IN)
                         net (fo=0)                   0.000     0.000    pll_inst/inst/clk_in1_p
    AD12                 IBUFDS (Prop_ibufds_I_O)     0.906     0.906 r  pll_inst/inst/clkin1_ibufgds/O
                         net (fo=1, routed)           2.299     3.205    pll_inst/inst/clk_in1_pll_buf
    BUFGCTRL_X0Y3        BUFG (Prop_bufg_I_O)         0.093     3.298 r  pll_inst/inst/clkin1_bufg1/O
                         net (fo=1, routed)           1.959     5.257    pll_inst/inst/clk_in1_pll
    PLLE2_ADV_X1Y0       PLLE2_ADV (Prop_plle2_adv_CLKIN1_CLKOUT1)
                                                     -4.519     0.738 r  pll_inst/inst/plle2_adv_inst/CLKOUT1
                         net (fo=1, routed)           2.467     3.205    pll_inst/inst/clk_out2_pll
    BUFGCTRL_X0Y0        BUFG (Prop_bufg_I_O)         0.093     3.298 r  pll_inst/inst/clkout2_buf/O
                         net (fo=3499, routed)        1.638     4.936    student_top_inst/bridge_inst/clk_out2
    SLICE_X24Y93         FDCE                                         r  student_top_inst/bridge_inst/seg_tx_data_cpu_reg[26]/C
  -------------------------------------------------------------------    -------------------
    SLICE_X24Y93         FDCE (Prop_fdce_C_Q)         0.223     5.159 r  student_top_inst/bridge_inst/seg_tx_data_cpu_reg[26]/Q
                         net (fo=2, routed)           0.779     5.938    student_top_inst/bridge_inst/seg_sent_value_cpu[26]
    SLICE_X20Y102        FDCE                                         r  student_top_inst/bridge_inst/seg_wdata_cnt_reg[26]/D
  -------------------------------------------------------------------    -------------------

                         (clock clk_out1_pll rise edge)
                                                      0.000     0.000 r  
    AD12                                              0.000     0.000 r  i_sys_clk_p (IN)
                         net (fo=0)                   0.000     0.000    pll_inst/inst/clk_in1_p
    AD12                 IBUFDS (Prop_ibufds_I_O)     0.803     0.803 r  pll_inst/inst/clkin1_ibufgds/O
                         net (fo=1, routed)           2.173     2.976    pll_inst/inst/clk_in1_pll_buf
    BUFGCTRL_X0Y3        BUFG (Prop_bufg_I_O)         0.083     3.059 r  pll_inst/inst/clkin1_bufg1/O
                         net (fo=1, routed)           1.796     4.855    pll_inst/inst/clk_in1_pll
    PLLE2_ADV_X1Y0       PLLE2_ADV (Prop_plle2_adv_CLKIN1_CLKOUT0)
                                                     -4.213     0.642 r  pll_inst/inst/plle2_adv_inst/CLKOUT0
                         net (fo=1, routed)           2.334     2.976    pll_inst/inst/clk_out1_pll
    BUFGCTRL_X0Y1        BUFG (Prop_bufg_I_O)         0.083     3.059 r  pll_inst/inst/clkout1_buf/O
                         net (fo=434, routed)         1.335     4.394    student_top_inst/bridge_inst/CLK
    SLICE_X20Y102        FDCE                                         r  student_top_inst/bridge_inst/seg_wdata_cnt_reg[26]/C

Slack:                    inf
  Source:                 student_top_inst/bridge_inst/led_tx_data_cpu_reg[2]/C
                            (rising edge-triggered cell FDCE clocked by clk_out2_pll  {rise@0.000ns fall@2.000ns period=4.000ns})
  Destination:            student_top_inst/bridge_inst/LED_cnt_reg[2]/D
                            (rising edge-triggered cell FDCE clocked by clk_out1_pll  {rise@0.000ns fall@10.000ns period=20.000ns})
  Path Group:             (none)
  Path Type:              Setup (Max at Slow Process Corner)
  Data Path Delay:        0.998ns  (logic 0.259ns (25.941%)  route 0.739ns (74.059%))
  Logic Levels:           0  
  Clock Path Skew:        -0.543ns (DCD - SCD + CPR)
    Destination Clock Delay (DCD):    4.395ns
    Source Clock Delay      (SCD):    4.939ns
    Clock Pessimism Removal (CPR):    0.000ns
  Clock Uncertainty:      0.194ns  ((TSJ^2 + DJ^2)^1/2) / 2 + PE
    Total System Jitter     (TSJ):    0.071ns
    Discrete Jitter          (DJ):    0.129ns
    Phase Error              (PE):    0.120ns
  Timing Exception:       Asynchronous Clock Groups

    Location             Delay type                Incr(ns)  Path(ns)    Netlist Resource(s)
  -------------------------------------------------------------------    -------------------
                         (clock clk_out2_pll rise edge)
                                                      0.000     0.000 r  
    AD12                                              0.000     0.000 r  i_sys_clk_p (IN)
                         net (fo=0)                   0.000     0.000    pll_inst/inst/clk_in1_p
    AD12                 IBUFDS (Prop_ibufds_I_O)     0.906     0.906 r  pll_inst/inst/clkin1_ibufgds/O
                         net (fo=1, routed)           2.299     3.205    pll_inst/inst/clk_in1_pll_buf
    BUFGCTRL_X0Y3        BUFG (Prop_bufg_I_O)         0.093     3.298 r  pll_inst/inst/clkin1_bufg1/O
                         net (fo=1, routed)           1.959     5.257    pll_inst/inst/clk_in1_pll
    PLLE2_ADV_X1Y0       PLLE2_ADV (Prop_plle2_adv_CLKIN1_CLKOUT1)
                                                     -4.519     0.738 r  pll_inst/inst/plle2_adv_inst/CLKOUT1
                         net (fo=1, routed)           2.467     3.205    pll_inst/inst/clk_out2_pll
    BUFGCTRL_X0Y0        BUFG (Prop_bufg_I_O)         0.093     3.298 r  pll_inst/inst/clkout2_buf/O
                         net (fo=3499, routed)        1.641     4.939    student_top_inst/bridge_inst/clk_out2
    SLICE_X20Y91         FDCE                                         r  student_top_inst/bridge_inst/led_tx_data_cpu_reg[2]/C
  -------------------------------------------------------------------    -------------------
    SLICE_X20Y91         FDCE (Prop_fdce_C_Q)         0.259     5.198 r  student_top_inst/bridge_inst/led_tx_data_cpu_reg[2]/Q
                         net (fo=2, routed)           0.739     5.937    student_top_inst/bridge_inst/led_sent_value_cpu[2]
    SLICE_X17Y103        FDCE                                         r  student_top_inst/bridge_inst/LED_cnt_reg[2]/D
  -------------------------------------------------------------------    -------------------

                         (clock clk_out1_pll rise edge)
                                                      0.000     0.000 r  
    AD12                                              0.000     0.000 r  i_sys_clk_p (IN)
                         net (fo=0)                   0.000     0.000    pll_inst/inst/clk_in1_p
    AD12                 IBUFDS (Prop_ibufds_I_O)     0.803     0.803 r  pll_inst/inst/clkin1_ibufgds/O
                         net (fo=1, routed)           2.173     2.976    pll_inst/inst/clk_in1_pll_buf
    BUFGCTRL_X0Y3        BUFG (Prop_bufg_I_O)         0.083     3.059 r  pll_inst/inst/clkin1_bufg1/O
                         net (fo=1, routed)           1.796     4.855    pll_inst/inst/clk_in1_pll
    PLLE2_ADV_X1Y0       PLLE2_ADV (Prop_plle2_adv_CLKIN1_CLKOUT0)
                                                     -4.213     0.642 r  pll_inst/inst/plle2_adv_inst/CLKOUT0
                         net (fo=1, routed)           2.334     2.976    pll_inst/inst/clk_out1_pll
    BUFGCTRL_X0Y1        BUFG (Prop_bufg_I_O)         0.083     3.059 r  pll_inst/inst/clkout1_buf/O
                         net (fo=434, routed)         1.336     4.395    student_top_inst/bridge_inst/CLK
    SLICE_X17Y103        FDCE                                         r  student_top_inst/bridge_inst/LED_cnt_reg[2]/C

Slack:                    inf
  Source:                 student_top_inst/bridge_inst/led_tx_data_cpu_reg[15]/C
                            (rising edge-triggered cell FDCE clocked by clk_out2_pll  {rise@0.000ns fall@2.000ns period=4.000ns})
  Destination:            student_top_inst/bridge_inst/LED_cnt_reg[15]/D
                            (rising edge-triggered cell FDCE clocked by clk_out1_pll  {rise@0.000ns fall@10.000ns period=20.000ns})
  Path Group:             (none)
  Path Type:              Setup (Max at Slow Process Corner)
  Data Path Delay:        0.990ns  (logic 0.259ns (26.171%)  route 0.731ns (73.829%))
  Logic Levels:           0  
  Clock Path Skew:        -0.543ns (DCD - SCD + CPR)
    Destination Clock Delay (DCD):    4.395ns
    Source Clock Delay      (SCD):    4.939ns
    Clock Pessimism Removal (CPR):    0.000ns
  Clock Uncertainty:      0.194ns  ((TSJ^2 + DJ^2)^1/2) / 2 + PE
    Total System Jitter     (TSJ):    0.071ns
    Discrete Jitter          (DJ):    0.129ns
    Phase Error              (PE):    0.120ns
  Timing Exception:       Asynchronous Clock Groups

    Location             Delay type                Incr(ns)  Path(ns)    Netlist Resource(s)
  -------------------------------------------------------------------    -------------------
                         (clock clk_out2_pll rise edge)
                                                      0.000     0.000 r  
    AD12                                              0.000     0.000 r  i_sys_clk_p (IN)
                         net (fo=0)                   0.000     0.000    pll_inst/inst/clk_in1_p
    AD12                 IBUFDS (Prop_ibufds_I_O)     0.906     0.906 r  pll_inst/inst/clkin1_ibufgds/O
                         net (fo=1, routed)           2.299     3.205    pll_inst/inst/clk_in1_pll_buf
    BUFGCTRL_X0Y3        BUFG (Prop_bufg_I_O)         0.093     3.298 r  pll_inst/inst/clkin1_bufg1/O
                         net (fo=1, routed)           1.959     5.257    pll_inst/inst/clk_in1_pll
    PLLE2_ADV_X1Y0       PLLE2_ADV (Prop_plle2_adv_CLKIN1_CLKOUT1)
                                                     -4.519     0.738 r  pll_inst/inst/plle2_adv_inst/CLKOUT1
                         net (fo=1, routed)           2.467     3.205    pll_inst/inst/clk_out2_pll
    BUFGCTRL_X0Y0        BUFG (Prop_bufg_I_O)         0.093     3.298 r  pll_inst/inst/clkout2_buf/O
                         net (fo=3499, routed)        1.641     4.939    student_top_inst/bridge_inst/clk_out2
    SLICE_X20Y91         FDCE                                         r  student_top_inst/bridge_inst/led_tx_data_cpu_reg[15]/C
  -------------------------------------------------------------------    -------------------
    SLICE_X20Y91         FDCE (Prop_fdce_C_Q)         0.259     5.198 r  student_top_inst/bridge_inst/led_tx_data_cpu_reg[15]/Q
                         net (fo=2, routed)           0.731     5.928    student_top_inst/bridge_inst/led_sent_value_cpu[15]
    SLICE_X17Y103        FDCE                                         r  student_top_inst/bridge_inst/LED_cnt_reg[15]/D
  -------------------------------------------------------------------    -------------------

                         (clock clk_out1_pll rise edge)
                                                      0.000     0.000 r  
    AD12                                              0.000     0.000 r  i_sys_clk_p (IN)
                         net (fo=0)                   0.000     0.000    pll_inst/inst/clk_in1_p
    AD12                 IBUFDS (Prop_ibufds_I_O)     0.803     0.803 r  pll_inst/inst/clkin1_ibufgds/O
                         net (fo=1, routed)           2.173     2.976    pll_inst/inst/clk_in1_pll_buf
    BUFGCTRL_X0Y3        BUFG (Prop_bufg_I_O)         0.083     3.059 r  pll_inst/inst/clkin1_bufg1/O
                         net (fo=1, routed)           1.796     4.855    pll_inst/inst/clk_in1_pll
    PLLE2_ADV_X1Y0       PLLE2_ADV (Prop_plle2_adv_CLKIN1_CLKOUT0)
                                                     -4.213     0.642 r  pll_inst/inst/plle2_adv_inst/CLKOUT0
                         net (fo=1, routed)           2.334     2.976    pll_inst/inst/clk_out1_pll
    BUFGCTRL_X0Y1        BUFG (Prop_bufg_I_O)         0.083     3.059 r  pll_inst/inst/clkout1_buf/O
                         net (fo=434, routed)         1.336     4.395    student_top_inst/bridge_inst/CLK
    SLICE_X17Y103        FDCE                                         r  student_top_inst/bridge_inst/LED_cnt_reg[15]/C

Slack:                    inf
  Source:                 student_top_inst/bridge_inst/led_tx_data_cpu_reg[25]/C
                            (rising edge-triggered cell FDCE clocked by clk_out2_pll  {rise@0.000ns fall@2.000ns period=4.000ns})
  Destination:            student_top_inst/bridge_inst/LED_cnt_reg[25]/D
                            (rising edge-triggered cell FDCE clocked by clk_out1_pll  {rise@0.000ns fall@10.000ns period=20.000ns})
  Path Group:             (none)
  Path Type:              Setup (Max at Slow Process Corner)
  Data Path Delay:        0.959ns  (logic 0.223ns (23.243%)  route 0.736ns (76.757%))
  Logic Levels:           0  
  Clock Path Skew:        -0.540ns (DCD - SCD + CPR)
    Destination Clock Delay (DCD):    4.395ns
    Source Clock Delay      (SCD):    4.936ns
    Clock Pessimism Removal (CPR):    0.000ns
  Clock Uncertainty:      0.194ns  ((TSJ^2 + DJ^2)^1/2) / 2 + PE
    Total System Jitter     (TSJ):    0.071ns
    Discrete Jitter          (DJ):    0.129ns
    Phase Error              (PE):    0.120ns
  Timing Exception:       Asynchronous Clock Groups

    Location             Delay type                Incr(ns)  Path(ns)    Netlist Resource(s)
  -------------------------------------------------------------------    -------------------
                         (clock clk_out2_pll rise edge)
                                                      0.000     0.000 r  
    AD12                                              0.000     0.000 r  i_sys_clk_p (IN)
                         net (fo=0)                   0.000     0.000    pll_inst/inst/clk_in1_p
    AD12                 IBUFDS (Prop_ibufds_I_O)     0.906     0.906 r  pll_inst/inst/clkin1_ibufgds/O
                         net (fo=1, routed)           2.299     3.205    pll_inst/inst/clk_in1_pll_buf
    BUFGCTRL_X0Y3        BUFG (Prop_bufg_I_O)         0.093     3.298 r  pll_inst/inst/clkin1_bufg1/O
                         net (fo=1, routed)           1.959     5.257    pll_inst/inst/clk_in1_pll
    PLLE2_ADV_X1Y0       PLLE2_ADV (Prop_plle2_adv_CLKIN1_CLKOUT1)
                                                     -4.519     0.738 r  pll_inst/inst/plle2_adv_inst/CLKOUT1
                         net (fo=1, routed)           2.467     3.205    pll_inst/inst/clk_out2_pll
    BUFGCTRL_X0Y0        BUFG (Prop_bufg_I_O)         0.093     3.298 r  pll_inst/inst/clkout2_buf/O
                         net (fo=3499, routed)        1.638     4.936    student_top_inst/bridge_inst/clk_out2
    SLICE_X24Y92         FDCE                                         r  student_top_inst/bridge_inst/led_tx_data_cpu_reg[25]/C
  -------------------------------------------------------------------    -------------------
    SLICE_X24Y92         FDCE (Prop_fdce_C_Q)         0.223     5.159 r  student_top_inst/bridge_inst/led_tx_data_cpu_reg[25]/Q
                         net (fo=2, routed)           0.736     5.895    student_top_inst/bridge_inst/led_sent_value_cpu[25]
    SLICE_X17Y105        FDCE                                         r  student_top_inst/bridge_inst/LED_cnt_reg[25]/D
  -------------------------------------------------------------------    -------------------

                         (clock clk_out1_pll rise edge)
                                                      0.000     0.000 r  
    AD12                                              0.000     0.000 r  i_sys_clk_p (IN)
                         net (fo=0)                   0.000     0.000    pll_inst/inst/clk_in1_p
    AD12                 IBUFDS (Prop_ibufds_I_O)     0.803     0.803 r  pll_inst/inst/clkin1_ibufgds/O
                         net (fo=1, routed)           2.173     2.976    pll_inst/inst/clk_in1_pll_buf
    BUFGCTRL_X0Y3        BUFG (Prop_bufg_I_O)         0.083     3.059 r  pll_inst/inst/clkin1_bufg1/O
                         net (fo=1, routed)           1.796     4.855    pll_inst/inst/clk_in1_pll
    PLLE2_ADV_X1Y0       PLLE2_ADV (Prop_plle2_adv_CLKIN1_CLKOUT0)
                                                     -4.213     0.642 r  pll_inst/inst/plle2_adv_inst/CLKOUT0
                         net (fo=1, routed)           2.334     2.976    pll_inst/inst/clk_out1_pll
    BUFGCTRL_X0Y1        BUFG (Prop_bufg_I_O)         0.083     3.059 r  pll_inst/inst/clkout1_buf/O
                         net (fo=434, routed)         1.336     4.395    student_top_inst/bridge_inst/CLK
    SLICE_X17Y105        FDCE                                         r  student_top_inst/bridge_inst/LED_cnt_reg[25]/C

Slack:                    inf
  Source:                 student_top_inst/bridge_inst/led_tx_data_cpu_reg[30]/C
                            (rising edge-triggered cell FDCE clocked by clk_out2_pll  {rise@0.000ns fall@2.000ns period=4.000ns})
  Destination:            student_top_inst/bridge_inst/LED_cnt_reg[30]/D
                            (rising edge-triggered cell FDCE clocked by clk_out1_pll  {rise@0.000ns fall@10.000ns period=20.000ns})
  Path Group:             (none)
  Path Type:              Setup (Max at Slow Process Corner)
  Data Path Delay:        0.958ns  (logic 0.223ns (23.276%)  route 0.735ns (76.724%))
  Logic Levels:           0  
  Clock Path Skew:        -0.540ns (DCD - SCD + CPR)
    Destination Clock Delay (DCD):    4.395ns
    Source Clock Delay      (SCD):    4.936ns
    Clock Pessimism Removal (CPR):    0.000ns
  Clock Uncertainty:      0.194ns  ((TSJ^2 + DJ^2)^1/2) / 2 + PE
    Total System Jitter     (TSJ):    0.071ns
    Discrete Jitter          (DJ):    0.129ns
    Phase Error              (PE):    0.120ns
  Timing Exception:       Asynchronous Clock Groups

    Location             Delay type                Incr(ns)  Path(ns)    Netlist Resource(s)
  -------------------------------------------------------------------    -------------------
                         (clock clk_out2_pll rise edge)
                                                      0.000     0.000 r  
    AD12                                              0.000     0.000 r  i_sys_clk_p (IN)
                         net (fo=0)                   0.000     0.000    pll_inst/inst/clk_in1_p
    AD12                 IBUFDS (Prop_ibufds_I_O)     0.906     0.906 r  pll_inst/inst/clkin1_ibufgds/O
                         net (fo=1, routed)           2.299     3.205    pll_inst/inst/clk_in1_pll_buf
    BUFGCTRL_X0Y3        BUFG (Prop_bufg_I_O)         0.093     3.298 r  pll_inst/inst/clkin1_bufg1/O
                         net (fo=1, routed)           1.959     5.257    pll_inst/inst/clk_in1_pll
    PLLE2_ADV_X1Y0       PLLE2_ADV (Prop_plle2_adv_CLKIN1_CLKOUT1)
                                                     -4.519     0.738 r  pll_inst/inst/plle2_adv_inst/CLKOUT1
                         net (fo=1, routed)           2.467     3.205    pll_inst/inst/clk_out2_pll
    BUFGCTRL_X0Y0        BUFG (Prop_bufg_I_O)         0.093     3.298 r  pll_inst/inst/clkout2_buf/O
                         net (fo=3499, routed)        1.638     4.936    student_top_inst/bridge_inst/clk_out2
    SLICE_X24Y92         FDCE                                         r  student_top_inst/bridge_inst/led_tx_data_cpu_reg[30]/C
  -------------------------------------------------------------------    -------------------
    SLICE_X24Y92         FDCE (Prop_fdce_C_Q)         0.223     5.159 r  student_top_inst/bridge_inst/led_tx_data_cpu_reg[30]/Q
                         net (fo=2, routed)           0.735     5.894    student_top_inst/bridge_inst/led_sent_value_cpu[30]
    SLICE_X18Y105        FDCE                                         r  student_top_inst/bridge_inst/LED_cnt_reg[30]/D
  -------------------------------------------------------------------    -------------------

                         (clock clk_out1_pll rise edge)
                                                      0.000     0.000 r  
    AD12                                              0.000     0.000 r  i_sys_clk_p (IN)
                         net (fo=0)                   0.000     0.000    pll_inst/inst/clk_in1_p
    AD12                 IBUFDS (Prop_ibufds_I_O)     0.803     0.803 r  pll_inst/inst/clkin1_ibufgds/O
                         net (fo=1, routed)           2.173     2.976    pll_inst/inst/clk_in1_pll_buf
    BUFGCTRL_X0Y3        BUFG (Prop_bufg_I_O)         0.083     3.059 r  pll_inst/inst/clkin1_bufg1/O
                         net (fo=1, routed)           1.796     4.855    pll_inst/inst/clk_in1_pll
    PLLE2_ADV_X1Y0       PLLE2_ADV (Prop_plle2_adv_CLKIN1_CLKOUT0)
                                                     -4.213     0.642 r  pll_inst/inst/plle2_adv_inst/CLKOUT0
                         net (fo=1, routed)           2.334     2.976    pll_inst/inst/clk_out1_pll
    BUFGCTRL_X0Y1        BUFG (Prop_bufg_I_O)         0.083     3.059 r  pll_inst/inst/clkout1_buf/O
                         net (fo=434, routed)         1.336     4.395    student_top_inst/bridge_inst/CLK
    SLICE_X18Y105        FDCE                                         r  student_top_inst/bridge_inst/LED_cnt_reg[30]/C





Min Delay Paths
--------------------------------------------------------------------------------------
Slack:                    inf
  Source:                 student_top_inst/bridge_inst/seg_tx_data_cpu_reg[19]/C
                            (rising edge-triggered cell FDCE clocked by clk_out2_pll  {rise@0.000ns fall@2.000ns period=4.000ns})
  Destination:            student_top_inst/bridge_inst/seg_wdata_cnt_reg[19]/D
                            (rising edge-triggered cell FDCE clocked by clk_out1_pll  {rise@0.000ns fall@10.000ns period=20.000ns})
  Path Group:             (none)
  Path Type:              Hold (Min at Fast Process Corner)
  Data Path Delay:        0.221ns  (logic 0.118ns (53.280%)  route 0.103ns (46.720%))
  Logic Levels:           0  
  Clock Path Skew:        0.396ns (DCD - SCD - CPR)
    Destination Clock Delay (DCD):    2.587ns
    Source Clock Delay      (SCD):    2.190ns
    Clock Pessimism Removal (CPR):    -0.000ns
  Clock Uncertainty:      0.194ns  ((TSJ^2 + DJ^2)^1/2) / 2 + PE
    Total System Jitter     (TSJ):    0.071ns
    Discrete Jitter          (DJ):    0.129ns
    Phase Error              (PE):    0.120ns
  Timing Exception:       Asynchronous Clock Groups

    Location             Delay type                Incr(ns)  Path(ns)    Netlist Resource(s)
  -------------------------------------------------------------------    -------------------
                         (clock clk_out2_pll rise edge)
                                                      0.000     0.000 r  
    AD12                                              0.000     0.000 r  i_sys_clk_p (IN)
                         net (fo=0)                   0.000     0.000    pll_inst/inst/clk_in1_p
    AD12                 IBUFDS (Prop_ibufds_I_O)     0.388     0.388 r  pll_inst/inst/clkin1_ibufgds/O
                         net (fo=1, routed)           1.083     1.471    pll_inst/inst/clk_in1_pll_buf
    BUFGCTRL_X0Y3        BUFG (Prop_bufg_I_O)         0.026     1.497 r  pll_inst/inst/clkin1_bufg1/O
                         net (fo=1, routed)           0.767     2.264    pll_inst/inst/clk_in1_pll
    PLLE2_ADV_X1Y0       PLLE2_ADV (Prop_plle2_adv_CLKIN1_CLKOUT1)
                                                     -1.938     0.326 r  pll_inst/inst/plle2_adv_inst/CLKOUT1
                         net (fo=1, routed)           1.145     1.471    pll_inst/inst/clk_out2_pll
    BUFGCTRL_X0Y0        BUFG (Prop_bufg_I_O)         0.026     1.497 r  pll_inst/inst/clkout2_buf/O
                         net (fo=3499, routed)        0.693     2.190    student_top_inst/bridge_inst/clk_out2
    SLICE_X22Y94         FDCE                                         r  student_top_inst/bridge_inst/seg_tx_data_cpu_reg[19]/C
  -------------------------------------------------------------------    -------------------
    SLICE_X22Y94         FDCE (Prop_fdce_C_Q)         0.118     2.308 r  student_top_inst/bridge_inst/seg_tx_data_cpu_reg[19]/Q
                         net (fo=2, routed)           0.103     2.412    student_top_inst/bridge_inst/seg_sent_value_cpu[19]
    SLICE_X23Y95         FDCE                                         r  student_top_inst/bridge_inst/seg_wdata_cnt_reg[19]/D
  -------------------------------------------------------------------    -------------------

                         (clock clk_out1_pll rise edge)
                                                      0.000     0.000 r  
    AD12                                              0.000     0.000 r  i_sys_clk_p (IN)
                         net (fo=0)                   0.000     0.000    pll_inst/inst/clk_in1_p
    AD12                 IBUFDS (Prop_ibufds_I_O)     0.470     0.470 r  pll_inst/inst/clkin1_ibufgds/O
                         net (fo=1, routed)           1.154     1.624    pll_inst/inst/clk_in1_pll_buf
    BUFGCTRL_X0Y3        BUFG (Prop_bufg_I_O)         0.030     1.654 r  pll_inst/inst/clkin1_bufg1/O
                         net (fo=1, routed)           1.037     2.691    pll_inst/inst/clk_in1_pll
    PLLE2_ADV_X1Y0       PLLE2_ADV (Prop_plle2_adv_CLKIN1_CLKOUT0)
                                                     -2.283     0.408 r  pll_inst/inst/plle2_adv_inst/CLKOUT0
                         net (fo=1, routed)           1.216     1.624    pll_inst/inst/clk_out1_pll
    BUFGCTRL_X0Y1        BUFG (Prop_bufg_I_O)         0.030     1.654 r  pll_inst/inst/clkout1_buf/O
                         net (fo=434, routed)         0.933     2.587    student_top_inst/bridge_inst/CLK
    SLICE_X23Y95         FDCE                                         r  student_top_inst/bridge_inst/seg_wdata_cnt_reg[19]/C

Slack:                    inf
  Source:                 student_top_inst/bridge_inst/seg_tx_data_cpu_reg[23]/C
                            (rising edge-triggered cell FDCE clocked by clk_out2_pll  {rise@0.000ns fall@2.000ns period=4.000ns})
  Destination:            student_top_inst/bridge_inst/seg_wdata_cnt_reg[23]/D
                            (rising edge-triggered cell FDCE clocked by clk_out1_pll  {rise@0.000ns fall@10.000ns period=20.000ns})
  Path Group:             (none)
  Path Type:              Hold (Min at Fast Process Corner)
  Data Path Delay:        0.229ns  (logic 0.118ns (51.526%)  route 0.111ns (48.474%))
  Logic Levels:           0  
  Clock Path Skew:        0.396ns (DCD - SCD - CPR)
    Destination Clock Delay (DCD):    2.587ns
    Source Clock Delay      (SCD):    2.190ns
    Clock Pessimism Removal (CPR):    -0.000ns
  Clock Uncertainty:      0.194ns  ((TSJ^2 + DJ^2)^1/2) / 2 + PE
    Total System Jitter     (TSJ):    0.071ns
    Discrete Jitter          (DJ):    0.129ns
    Phase Error              (PE):    0.120ns
  Timing Exception:       Asynchronous Clock Groups

    Location             Delay type                Incr(ns)  Path(ns)    Netlist Resource(s)
  -------------------------------------------------------------------    -------------------
                         (clock clk_out2_pll rise edge)
                                                      0.000     0.000 r  
    AD12                                              0.000     0.000 r  i_sys_clk_p (IN)
                         net (fo=0)                   0.000     0.000    pll_inst/inst/clk_in1_p
    AD12                 IBUFDS (Prop_ibufds_I_O)     0.388     0.388 r  pll_inst/inst/clkin1_ibufgds/O
                         net (fo=1, routed)           1.083     1.471    pll_inst/inst/clk_in1_pll_buf
    BUFGCTRL_X0Y3        BUFG (Prop_bufg_I_O)         0.026     1.497 r  pll_inst/inst/clkin1_bufg1/O
                         net (fo=1, routed)           0.767     2.264    pll_inst/inst/clk_in1_pll
    PLLE2_ADV_X1Y0       PLLE2_ADV (Prop_plle2_adv_CLKIN1_CLKOUT1)
                                                     -1.938     0.326 r  pll_inst/inst/plle2_adv_inst/CLKOUT1
                         net (fo=1, routed)           1.145     1.471    pll_inst/inst/clk_out2_pll
    BUFGCTRL_X0Y0        BUFG (Prop_bufg_I_O)         0.026     1.497 r  pll_inst/inst/clkout2_buf/O
                         net (fo=3499, routed)        0.693     2.190    student_top_inst/bridge_inst/clk_out2
    SLICE_X22Y93         FDCE                                         r  student_top_inst/bridge_inst/seg_tx_data_cpu_reg[23]/C
  -------------------------------------------------------------------    -------------------
    SLICE_X22Y93         FDCE (Prop_fdce_C_Q)         0.118     2.308 r  student_top_inst/bridge_inst/seg_tx_data_cpu_reg[23]/Q
                         net (fo=2, routed)           0.111     2.419    student_top_inst/bridge_inst/seg_sent_value_cpu[23]
    SLICE_X23Y95         FDCE                                         r  student_top_inst/bridge_inst/seg_wdata_cnt_reg[23]/D
  -------------------------------------------------------------------    -------------------

                         (clock clk_out1_pll rise edge)
                                                      0.000     0.000 r  
    AD12                                              0.000     0.000 r  i_sys_clk_p (IN)
                         net (fo=0)                   0.000     0.000    pll_inst/inst/clk_in1_p
    AD12                 IBUFDS (Prop_ibufds_I_O)     0.470     0.470 r  pll_inst/inst/clkin1_ibufgds/O
                         net (fo=1, routed)           1.154     1.624    pll_inst/inst/clk_in1_pll_buf
    BUFGCTRL_X0Y3        BUFG (Prop_bufg_I_O)         0.030     1.654 r  pll_inst/inst/clkin1_bufg1/O
                         net (fo=1, routed)           1.037     2.691    pll_inst/inst/clk_in1_pll
    PLLE2_ADV_X1Y0       PLLE2_ADV (Prop_plle2_adv_CLKIN1_CLKOUT0)
                                                     -2.283     0.408 r  pll_inst/inst/plle2_adv_inst/CLKOUT0
                         net (fo=1, routed)           1.216     1.624    pll_inst/inst/clk_out1_pll
    BUFGCTRL_X0Y1        BUFG (Prop_bufg_I_O)         0.030     1.654 r  pll_inst/inst/clkout1_buf/O
                         net (fo=434, routed)         0.933     2.587    student_top_inst/bridge_inst/CLK
    SLICE_X23Y95         FDCE                                         r  student_top_inst/bridge_inst/seg_wdata_cnt_reg[23]/C

Slack:                    inf
  Source:                 student_top_inst/bridge_inst/seg_tx_data_cpu_reg[27]/C
                            (rising edge-triggered cell FDCE clocked by clk_out2_pll  {rise@0.000ns fall@2.000ns period=4.000ns})
  Destination:            student_top_inst/bridge_inst/seg_wdata_cnt_reg[27]/D
                            (rising edge-triggered cell FDCE clocked by clk_out1_pll  {rise@0.000ns fall@10.000ns period=20.000ns})
  Path Group:             (none)
  Path Type:              Hold (Min at Fast Process Corner)
  Data Path Delay:        0.263ns  (logic 0.118ns (44.845%)  route 0.145ns (55.155%))
  Logic Levels:           0  
  Clock Path Skew:        0.396ns (DCD - SCD - CPR)
    Destination Clock Delay (DCD):    2.587ns
    Source Clock Delay      (SCD):    2.190ns
    Clock Pessimism Removal (CPR):    -0.000ns
  Clock Uncertainty:      0.194ns  ((TSJ^2 + DJ^2)^1/2) / 2 + PE
    Total System Jitter     (TSJ):    0.071ns
    Discrete Jitter          (DJ):    0.129ns
    Phase Error              (PE):    0.120ns
  Timing Exception:       Asynchronous Clock Groups

    Location             Delay type                Incr(ns)  Path(ns)    Netlist Resource(s)
  -------------------------------------------------------------------    -------------------
                         (clock clk_out2_pll rise edge)
                                                      0.000     0.000 r  
    AD12                                              0.000     0.000 r  i_sys_clk_p (IN)
                         net (fo=0)                   0.000     0.000    pll_inst/inst/clk_in1_p
    AD12                 IBUFDS (Prop_ibufds_I_O)     0.388     0.388 r  pll_inst/inst/clkin1_ibufgds/O
                         net (fo=1, routed)           1.083     1.471    pll_inst/inst/clk_in1_pll_buf
    BUFGCTRL_X0Y3        BUFG (Prop_bufg_I_O)         0.026     1.497 r  pll_inst/inst/clkin1_bufg1/O
                         net (fo=1, routed)           0.767     2.264    pll_inst/inst/clk_in1_pll
    PLLE2_ADV_X1Y0       PLLE2_ADV (Prop_plle2_adv_CLKIN1_CLKOUT1)
                                                     -1.938     0.326 r  pll_inst/inst/plle2_adv_inst/CLKOUT1
                         net (fo=1, routed)           1.145     1.471    pll_inst/inst/clk_out2_pll
    BUFGCTRL_X0Y0        BUFG (Prop_bufg_I_O)         0.026     1.497 r  pll_inst/inst/clkout2_buf/O
                         net (fo=3499, routed)        0.693     2.190    student_top_inst/bridge_inst/clk_out2
    SLICE_X22Y94         FDCE                                         r  student_top_inst/bridge_inst/seg_tx_data_cpu_reg[27]/C
  -------------------------------------------------------------------    -------------------
    SLICE_X22Y94         FDCE (Prop_fdce_C_Q)         0.118     2.308 r  student_top_inst/bridge_inst/seg_tx_data_cpu_reg[27]/Q
                         net (fo=2, routed)           0.145     2.454    student_top_inst/bridge_inst/seg_sent_value_cpu[27]
    SLICE_X23Y95         FDCE                                         r  student_top_inst/bridge_inst/seg_wdata_cnt_reg[27]/D
  -------------------------------------------------------------------    -------------------

                         (clock clk_out1_pll rise edge)
                                                      0.000     0.000 r  
    AD12                                              0.000     0.000 r  i_sys_clk_p (IN)
                         net (fo=0)                   0.000     0.000    pll_inst/inst/clk_in1_p
    AD12                 IBUFDS (Prop_ibufds_I_O)     0.470     0.470 r  pll_inst/inst/clkin1_ibufgds/O
                         net (fo=1, routed)           1.154     1.624    pll_inst/inst/clk_in1_pll_buf
    BUFGCTRL_X0Y3        BUFG (Prop_bufg_I_O)         0.030     1.654 r  pll_inst/inst/clkin1_bufg1/O
                         net (fo=1, routed)           1.037     2.691    pll_inst/inst/clk_in1_pll
    PLLE2_ADV_X1Y0       PLLE2_ADV (Prop_plle2_adv_CLKIN1_CLKOUT0)
                                                     -2.283     0.408 r  pll_inst/inst/plle2_adv_inst/CLKOUT0
                         net (fo=1, routed)           1.216     1.624    pll_inst/inst/clk_out1_pll
    BUFGCTRL_X0Y1        BUFG (Prop_bufg_I_O)         0.030     1.654 r  pll_inst/inst/clkout1_buf/O
                         net (fo=434, routed)         0.933     2.587    student_top_inst/bridge_inst/CLK
    SLICE_X23Y95         FDCE                                         r  student_top_inst/bridge_inst/seg_wdata_cnt_reg[27]/C

Slack:                    inf
  Source:                 student_top_inst/bridge_inst/seg_tx_data_cpu_reg[16]/C
                            (rising edge-triggered cell FDCE clocked by clk_out2_pll  {rise@0.000ns fall@2.000ns period=4.000ns})
  Destination:            student_top_inst/bridge_inst/seg_wdata_cnt_reg[16]/D
                            (rising edge-triggered cell FDCE clocked by clk_out1_pll  {rise@0.000ns fall@10.000ns period=20.000ns})
  Path Group:             (none)
  Path Type:              Hold (Min at Fast Process Corner)
  Data Path Delay:        0.273ns  (logic 0.118ns (43.187%)  route 0.155ns (56.813%))
  Logic Levels:           0  
  Clock Path Skew:        0.397ns (DCD - SCD - CPR)
    Destination Clock Delay (DCD):    2.588ns
    Source Clock Delay      (SCD):    2.190ns
    Clock Pessimism Removal (CPR):    -0.000ns
  Clock Uncertainty:      0.194ns  ((TSJ^2 + DJ^2)^1/2) / 2 + PE
    Total System Jitter     (TSJ):    0.071ns
    Discrete Jitter          (DJ):    0.129ns
    Phase Error              (PE):    0.120ns
  Timing Exception:       Asynchronous Clock Groups

    Location             Delay type                Incr(ns)  Path(ns)    Netlist Resource(s)
  -------------------------------------------------------------------    -------------------
                         (clock clk_out2_pll rise edge)
                                                      0.000     0.000 r  
    AD12                                              0.000     0.000 r  i_sys_clk_p (IN)
                         net (fo=0)                   0.000     0.000    pll_inst/inst/clk_in1_p
    AD12                 IBUFDS (Prop_ibufds_I_O)     0.388     0.388 r  pll_inst/inst/clkin1_ibufgds/O
                         net (fo=1, routed)           1.083     1.471    pll_inst/inst/clk_in1_pll_buf
    BUFGCTRL_X0Y3        BUFG (Prop_bufg_I_O)         0.026     1.497 r  pll_inst/inst/clkin1_bufg1/O
                         net (fo=1, routed)           0.767     2.264    pll_inst/inst/clk_in1_pll
    PLLE2_ADV_X1Y0       PLLE2_ADV (Prop_plle2_adv_CLKIN1_CLKOUT1)
                                                     -1.938     0.326 r  pll_inst/inst/plle2_adv_inst/CLKOUT1
                         net (fo=1, routed)           1.145     1.471    pll_inst/inst/clk_out2_pll
    BUFGCTRL_X0Y0        BUFG (Prop_bufg_I_O)         0.026     1.497 r  pll_inst/inst/clkout2_buf/O
                         net (fo=3499, routed)        0.693     2.190    student_top_inst/bridge_inst/clk_out2
    SLICE_X22Y93         FDCE                                         r  student_top_inst/bridge_inst/seg_tx_data_cpu_reg[16]/C
  -------------------------------------------------------------------    -------------------
    SLICE_X22Y93         FDCE (Prop_fdce_C_Q)         0.118     2.308 r  student_top_inst/bridge_inst/seg_tx_data_cpu_reg[16]/Q
                         net (fo=2, routed)           0.155     2.464    student_top_inst/bridge_inst/seg_sent_value_cpu[16]
    SLICE_X21Y95         FDCE                                         r  student_top_inst/bridge_inst/seg_wdata_cnt_reg[16]/D
  -------------------------------------------------------------------    -------------------

                         (clock clk_out1_pll rise edge)
                                                      0.000     0.000 r  
    AD12                                              0.000     0.000 r  i_sys_clk_p (IN)
                         net (fo=0)                   0.000     0.000    pll_inst/inst/clk_in1_p
    AD12                 IBUFDS (Prop_ibufds_I_O)     0.470     0.470 r  pll_inst/inst/clkin1_ibufgds/O
                         net (fo=1, routed)           1.154     1.624    pll_inst/inst/clk_in1_pll_buf
    BUFGCTRL_X0Y3        BUFG (Prop_bufg_I_O)         0.030     1.654 r  pll_inst/inst/clkin1_bufg1/O
                         net (fo=1, routed)           1.037     2.691    pll_inst/inst/clk_in1_pll
    PLLE2_ADV_X1Y0       PLLE2_ADV (Prop_plle2_adv_CLKIN1_CLKOUT0)
                                                     -2.283     0.408 r  pll_inst/inst/plle2_adv_inst/CLKOUT0
                         net (fo=1, routed)           1.216     1.624    pll_inst/inst/clk_out1_pll
    BUFGCTRL_X0Y1        BUFG (Prop_bufg_I_O)         0.030     1.654 r  pll_inst/inst/clkout1_buf/O
                         net (fo=434, routed)         0.934     2.588    student_top_inst/bridge_inst/CLK
    SLICE_X21Y95         FDCE                                         r  student_top_inst/bridge_inst/seg_wdata_cnt_reg[16]/C

Slack:                    inf
  Source:                 student_top_inst/bridge_inst/seg_tx_data_cpu_reg[18]/C
                            (rising edge-triggered cell FDCE clocked by clk_out2_pll  {rise@0.000ns fall@2.000ns period=4.000ns})
  Destination:            student_top_inst/bridge_inst/seg_wdata_cnt_reg[18]/D
                            (rising edge-triggered cell FDCE clocked by clk_out1_pll  {rise@0.000ns fall@10.000ns period=20.000ns})
  Path Group:             (none)
  Path Type:              Hold (Min at Fast Process Corner)
  Data Path Delay:        0.285ns  (logic 0.100ns (35.083%)  route 0.185ns (64.917%))
  Logic Levels:           0  
  Clock Path Skew:        0.396ns (DCD - SCD - CPR)
    Destination Clock Delay (DCD):    2.588ns
    Source Clock Delay      (SCD):    2.191ns
    Clock Pessimism Removal (CPR):    -0.000ns
  Clock Uncertainty:      0.194ns  ((TSJ^2 + DJ^2)^1/2) / 2 + PE
    Total System Jitter     (TSJ):    0.071ns
    Discrete Jitter          (DJ):    0.129ns
    Phase Error              (PE):    0.120ns
  Timing Exception:       Asynchronous Clock Groups

    Location             Delay type                Incr(ns)  Path(ns)    Netlist Resource(s)
  -------------------------------------------------------------------    -------------------
                         (clock clk_out2_pll rise edge)
                                                      0.000     0.000 r  
    AD12                                              0.000     0.000 r  i_sys_clk_p (IN)
                         net (fo=0)                   0.000     0.000    pll_inst/inst/clk_in1_p
    AD12                 IBUFDS (Prop_ibufds_I_O)     0.388     0.388 r  pll_inst/inst/clkin1_ibufgds/O
                         net (fo=1, routed)           1.083     1.471    pll_inst/inst/clk_in1_pll_buf
    BUFGCTRL_X0Y3        BUFG (Prop_bufg_I_O)         0.026     1.497 r  pll_inst/inst/clkin1_bufg1/O
                         net (fo=1, routed)           0.767     2.264    pll_inst/inst/clk_in1_pll
    PLLE2_ADV_X1Y0       PLLE2_ADV (Prop_plle2_adv_CLKIN1_CLKOUT1)
                                                     -1.938     0.326 r  pll_inst/inst/plle2_adv_inst/CLKOUT1
                         net (fo=1, routed)           1.145     1.471    pll_inst/inst/clk_out2_pll
    BUFGCTRL_X0Y0        BUFG (Prop_bufg_I_O)         0.026     1.497 r  pll_inst/inst/clkout2_buf/O
                         net (fo=3499, routed)        0.694     2.191    student_top_inst/bridge_inst/clk_out2
    SLICE_X21Y93         FDCE                                         r  student_top_inst/bridge_inst/seg_tx_data_cpu_reg[18]/C
  -------------------------------------------------------------------    -------------------
    SLICE_X21Y93         FDCE (Prop_fdce_C_Q)         0.100     2.291 r  student_top_inst/bridge_inst/seg_tx_data_cpu_reg[18]/Q
                         net (fo=2, routed)           0.185     2.476    student_top_inst/bridge_inst/seg_sent_value_cpu[18]
    SLICE_X21Y95         FDCE                                         r  student_top_inst/bridge_inst/seg_wdata_cnt_reg[18]/D
  -------------------------------------------------------------------    -------------------

                         (clock clk_out1_pll rise edge)
                                                      0.000     0.000 r  
    AD12                                              0.000     0.000 r  i_sys_clk_p (IN)
                         net (fo=0)                   0.000     0.000    pll_inst/inst/clk_in1_p
    AD12                 IBUFDS (Prop_ibufds_I_O)     0.470     0.470 r  pll_inst/inst/clkin1_ibufgds/O
                         net (fo=1, routed)           1.154     1.624    pll_inst/inst/clk_in1_pll_buf
    BUFGCTRL_X0Y3        BUFG (Prop_bufg_I_O)         0.030     1.654 r  pll_inst/inst/clkin1_bufg1/O
                         net (fo=1, routed)           1.037     2.691    pll_inst/inst/clk_in1_pll
    PLLE2_ADV_X1Y0       PLLE2_ADV (Prop_plle2_adv_CLKIN1_CLKOUT0)
                                                     -2.283     0.408 r  pll_inst/inst/plle2_adv_inst/CLKOUT0
                         net (fo=1, routed)           1.216     1.624    pll_inst/inst/clk_out1_pll
    BUFGCTRL_X0Y1        BUFG (Prop_bufg_I_O)         0.030     1.654 r  pll_inst/inst/clkout1_buf/O
                         net (fo=434, routed)         0.934     2.588    student_top_inst/bridge_inst/CLK
    SLICE_X21Y95         FDCE                                         r  student_top_inst/bridge_inst/seg_wdata_cnt_reg[18]/C

Slack:                    inf
  Source:                 student_top_inst/bridge_inst/seg_tx_data_cpu_reg[1]/C
                            (rising edge-triggered cell FDCE clocked by clk_out2_pll  {rise@0.000ns fall@2.000ns period=4.000ns})
  Destination:            student_top_inst/bridge_inst/seg_wdata_cnt_reg[1]/D
                            (rising edge-triggered cell FDCE clocked by clk_out1_pll  {rise@0.000ns fall@10.000ns period=20.000ns})
  Path Group:             (none)
  Path Type:              Hold (Min at Fast Process Corner)
  Data Path Delay:        0.302ns  (logic 0.118ns (39.093%)  route 0.184ns (60.907%))
  Logic Levels:           0  
  Clock Path Skew:        0.399ns (DCD - SCD - CPR)
    Destination Clock Delay (DCD):    2.589ns
    Source Clock Delay      (SCD):    2.189ns
    Clock Pessimism Removal (CPR):    -0.000ns
  Clock Uncertainty:      0.194ns  ((TSJ^2 + DJ^2)^1/2) / 2 + PE
    Total System Jitter     (TSJ):    0.071ns
    Discrete Jitter          (DJ):    0.129ns
    Phase Error              (PE):    0.120ns
  Timing Exception:       Asynchronous Clock Groups

    Location             Delay type                Incr(ns)  Path(ns)    Netlist Resource(s)
  -------------------------------------------------------------------    -------------------
                         (clock clk_out2_pll rise edge)
                                                      0.000     0.000 r  
    AD12                                              0.000     0.000 r  i_sys_clk_p (IN)
                         net (fo=0)                   0.000     0.000    pll_inst/inst/clk_in1_p
    AD12                 IBUFDS (Prop_ibufds_I_O)     0.388     0.388 r  pll_inst/inst/clkin1_ibufgds/O
                         net (fo=1, routed)           1.083     1.471    pll_inst/inst/clk_in1_pll_buf
    BUFGCTRL_X0Y3        BUFG (Prop_bufg_I_O)         0.026     1.497 r  pll_inst/inst/clkin1_bufg1/O
                         net (fo=1, routed)           0.767     2.264    pll_inst/inst/clk_in1_pll
    PLLE2_ADV_X1Y0       PLLE2_ADV (Prop_plle2_adv_CLKIN1_CLKOUT1)
                                                     -1.938     0.326 r  pll_inst/inst/plle2_adv_inst/CLKOUT1
                         net (fo=1, routed)           1.145     1.471    pll_inst/inst/clk_out2_pll
    BUFGCTRL_X0Y0        BUFG (Prop_bufg_I_O)         0.026     1.497 r  pll_inst/inst/clkout2_buf/O
                         net (fo=3499, routed)        0.692     2.189    student_top_inst/bridge_inst/clk_out2
    SLICE_X22Y91         FDCE                                         r  student_top_inst/bridge_inst/seg_tx_data_cpu_reg[1]/C
  -------------------------------------------------------------------    -------------------
    SLICE_X22Y91         FDCE (Prop_fdce_C_Q)         0.118     2.307 r  student_top_inst/bridge_inst/seg_tx_data_cpu_reg[1]/Q
                         net (fo=2, routed)           0.184     2.491    student_top_inst/bridge_inst/seg_sent_value_cpu[1]
    SLICE_X16Y95         FDCE                                         r  student_top_inst/bridge_inst/seg_wdata_cnt_reg[1]/D
  -------------------------------------------------------------------    -------------------

                         (clock clk_out1_pll rise edge)
                                                      0.000     0.000 r  
    AD12                                              0.000     0.000 r  i_sys_clk_p (IN)
                         net (fo=0)                   0.000     0.000    pll_inst/inst/clk_in1_p
    AD12                 IBUFDS (Prop_ibufds_I_O)     0.470     0.470 r  pll_inst/inst/clkin1_ibufgds/O
                         net (fo=1, routed)           1.154     1.624    pll_inst/inst/clk_in1_pll_buf
    BUFGCTRL_X0Y3        BUFG (Prop_bufg_I_O)         0.030     1.654 r  pll_inst/inst/clkin1_bufg1/O
                         net (fo=1, routed)           1.037     2.691    pll_inst/inst/clk_in1_pll
    PLLE2_ADV_X1Y0       PLLE2_ADV (Prop_plle2_adv_CLKIN1_CLKOUT0)
                                                     -2.283     0.408 r  pll_inst/inst/plle2_adv_inst/CLKOUT0
                         net (fo=1, routed)           1.216     1.624    pll_inst/inst/clk_out1_pll
    BUFGCTRL_X0Y1        BUFG (Prop_bufg_I_O)         0.030     1.654 r  pll_inst/inst/clkout1_buf/O
                         net (fo=434, routed)         0.935     2.589    student_top_inst/bridge_inst/CLK
    SLICE_X16Y95         FDCE                                         r  student_top_inst/bridge_inst/seg_wdata_cnt_reg[1]/C

Slack:                    inf
  Source:                 student_top_inst/bridge_inst/seg_tx_data_cpu_reg[21]/C
                            (rising edge-triggered cell FDCE clocked by clk_out2_pll  {rise@0.000ns fall@2.000ns period=4.000ns})
  Destination:            student_top_inst/bridge_inst/seg_wdata_cnt_reg[21]/D
                            (rising edge-triggered cell FDCE clocked by clk_out1_pll  {rise@0.000ns fall@10.000ns period=20.000ns})
  Path Group:             (none)
  Path Type:              Hold (Min at Fast Process Corner)
  Data Path Delay:        0.305ns  (logic 0.100ns (32.838%)  route 0.205ns (67.162%))
  Logic Levels:           0  
  Clock Path Skew:        0.397ns (DCD - SCD - CPR)
    Destination Clock Delay (DCD):    2.589ns
    Source Clock Delay      (SCD):    2.191ns
    Clock Pessimism Removal (CPR):    -0.000ns
  Clock Uncertainty:      0.194ns  ((TSJ^2 + DJ^2)^1/2) / 2 + PE
    Total System Jitter     (TSJ):    0.071ns
    Discrete Jitter          (DJ):    0.129ns
    Phase Error              (PE):    0.120ns
  Timing Exception:       Asynchronous Clock Groups

    Location             Delay type                Incr(ns)  Path(ns)    Netlist Resource(s)
  -------------------------------------------------------------------    -------------------
                         (clock clk_out2_pll rise edge)
                                                      0.000     0.000 r  
    AD12                                              0.000     0.000 r  i_sys_clk_p (IN)
                         net (fo=0)                   0.000     0.000    pll_inst/inst/clk_in1_p
    AD12                 IBUFDS (Prop_ibufds_I_O)     0.388     0.388 r  pll_inst/inst/clkin1_ibufgds/O
                         net (fo=1, routed)           1.083     1.471    pll_inst/inst/clk_in1_pll_buf
    BUFGCTRL_X0Y3        BUFG (Prop_bufg_I_O)         0.026     1.497 r  pll_inst/inst/clkin1_bufg1/O
                         net (fo=1, routed)           0.767     2.264    pll_inst/inst/clk_in1_pll
    PLLE2_ADV_X1Y0       PLLE2_ADV (Prop_plle2_adv_CLKIN1_CLKOUT1)
                                                     -1.938     0.326 r  pll_inst/inst/plle2_adv_inst/CLKOUT1
                         net (fo=1, routed)           1.145     1.471    pll_inst/inst/clk_out2_pll
    BUFGCTRL_X0Y0        BUFG (Prop_bufg_I_O)         0.026     1.497 r  pll_inst/inst/clkout2_buf/O
                         net (fo=3499, routed)        0.694     2.191    student_top_inst/bridge_inst/clk_out2
    SLICE_X21Y93         FDCE                                         r  student_top_inst/bridge_inst/seg_tx_data_cpu_reg[21]/C
  -------------------------------------------------------------------    -------------------
    SLICE_X21Y93         FDCE (Prop_fdce_C_Q)         0.100     2.291 r  student_top_inst/bridge_inst/seg_tx_data_cpu_reg[21]/Q
                         net (fo=2, routed)           0.205     2.496    student_top_inst/bridge_inst/seg_sent_value_cpu[21]
    SLICE_X18Y96         FDCE                                         r  student_top_inst/bridge_inst/seg_wdata_cnt_reg[21]/D
  -------------------------------------------------------------------    -------------------

                         (clock clk_out1_pll rise edge)
                                                      0.000     0.000 r  
    AD12                                              0.000     0.000 r  i_sys_clk_p (IN)
                         net (fo=0)                   0.000     0.000    pll_inst/inst/clk_in1_p
    AD12                 IBUFDS (Prop_ibufds_I_O)     0.470     0.470 r  pll_inst/inst/clkin1_ibufgds/O
                         net (fo=1, routed)           1.154     1.624    pll_inst/inst/clk_in1_pll_buf
    BUFGCTRL_X0Y3        BUFG (Prop_bufg_I_O)         0.030     1.654 r  pll_inst/inst/clkin1_bufg1/O
                         net (fo=1, routed)           1.037     2.691    pll_inst/inst/clk_in1_pll
    PLLE2_ADV_X1Y0       PLLE2_ADV (Prop_plle2_adv_CLKIN1_CLKOUT0)
                                                     -2.283     0.408 r  pll_inst/inst/plle2_adv_inst/CLKOUT0
                         net (fo=1, routed)           1.216     1.624    pll_inst/inst/clk_out1_pll
    BUFGCTRL_X0Y1        BUFG (Prop_bufg_I_O)         0.030     1.654 r  pll_inst/inst/clkout1_buf/O
                         net (fo=434, routed)         0.935     2.589    student_top_inst/bridge_inst/CLK
    SLICE_X18Y96         FDCE                                         r  student_top_inst/bridge_inst/seg_wdata_cnt_reg[21]/C

Slack:                    inf
  Source:                 student_top_inst/bridge_inst/seg_tx_data_cpu_reg[13]/C
                            (rising edge-triggered cell FDCE clocked by clk_out2_pll  {rise@0.000ns fall@2.000ns period=4.000ns})
  Destination:            student_top_inst/bridge_inst/seg_wdata_cnt_reg[13]/D
                            (rising edge-triggered cell FDCE clocked by clk_out1_pll  {rise@0.000ns fall@10.000ns period=20.000ns})
  Path Group:             (none)
  Path Type:              Hold (Min at Fast Process Corner)
  Data Path Delay:        0.317ns  (logic 0.118ns (37.204%)  route 0.199ns (62.796%))
  Logic Levels:           0  
  Clock Path Skew:        0.398ns (DCD - SCD - CPR)
    Destination Clock Delay (DCD):    2.588ns
    Source Clock Delay      (SCD):    2.189ns
    Clock Pessimism Removal (CPR):    -0.000ns
  Clock Uncertainty:      0.194ns  ((TSJ^2 + DJ^2)^1/2) / 2 + PE
    Total System Jitter     (TSJ):    0.071ns
    Discrete Jitter          (DJ):    0.129ns
    Phase Error              (PE):    0.120ns
  Timing Exception:       Asynchronous Clock Groups

    Location             Delay type                Incr(ns)  Path(ns)    Netlist Resource(s)
  -------------------------------------------------------------------    -------------------
                         (clock clk_out2_pll rise edge)
                                                      0.000     0.000 r  
    AD12                                              0.000     0.000 r  i_sys_clk_p (IN)
                         net (fo=0)                   0.000     0.000    pll_inst/inst/clk_in1_p
    AD12                 IBUFDS (Prop_ibufds_I_O)     0.388     0.388 r  pll_inst/inst/clkin1_ibufgds/O
                         net (fo=1, routed)           1.083     1.471    pll_inst/inst/clk_in1_pll_buf
    BUFGCTRL_X0Y3        BUFG (Prop_bufg_I_O)         0.026     1.497 r  pll_inst/inst/clkin1_bufg1/O
                         net (fo=1, routed)           0.767     2.264    pll_inst/inst/clk_in1_pll
    PLLE2_ADV_X1Y0       PLLE2_ADV (Prop_plle2_adv_CLKIN1_CLKOUT1)
                                                     -1.938     0.326 r  pll_inst/inst/plle2_adv_inst/CLKOUT1
                         net (fo=1, routed)           1.145     1.471    pll_inst/inst/clk_out2_pll
    BUFGCTRL_X0Y0        BUFG (Prop_bufg_I_O)         0.026     1.497 r  pll_inst/inst/clkout2_buf/O
                         net (fo=3499, routed)        0.692     2.189    student_top_inst/bridge_inst/clk_out2
    SLICE_X22Y92         FDCE                                         r  student_top_inst/bridge_inst/seg_tx_data_cpu_reg[13]/C
  -------------------------------------------------------------------    -------------------
    SLICE_X22Y92         FDCE (Prop_fdce_C_Q)         0.118     2.307 r  student_top_inst/bridge_inst/seg_tx_data_cpu_reg[13]/Q
                         net (fo=2, routed)           0.199     2.507    student_top_inst/bridge_inst/seg_sent_value_cpu[13]
    SLICE_X20Y95         FDCE                                         r  student_top_inst/bridge_inst/seg_wdata_cnt_reg[13]/D
  -------------------------------------------------------------------    -------------------

                         (clock clk_out1_pll rise edge)
                                                      0.000     0.000 r  
    AD12                                              0.000     0.000 r  i_sys_clk_p (IN)
                         net (fo=0)                   0.000     0.000    pll_inst/inst/clk_in1_p
    AD12                 IBUFDS (Prop_ibufds_I_O)     0.470     0.470 r  pll_inst/inst/clkin1_ibufgds/O
                         net (fo=1, routed)           1.154     1.624    pll_inst/inst/clk_in1_pll_buf
    BUFGCTRL_X0Y3        BUFG (Prop_bufg_I_O)         0.030     1.654 r  pll_inst/inst/clkin1_bufg1/O
                         net (fo=1, routed)           1.037     2.691    pll_inst/inst/clk_in1_pll
    PLLE2_ADV_X1Y0       PLLE2_ADV (Prop_plle2_adv_CLKIN1_CLKOUT0)
                                                     -2.283     0.408 r  pll_inst/inst/plle2_adv_inst/CLKOUT0
                         net (fo=1, routed)           1.216     1.624    pll_inst/inst/clk_out1_pll
    BUFGCTRL_X0Y1        BUFG (Prop_bufg_I_O)         0.030     1.654 r  pll_inst/inst/clkout1_buf/O
                         net (fo=434, routed)         0.934     2.588    student_top_inst/bridge_inst/CLK
    SLICE_X20Y95         FDCE                                         r  student_top_inst/bridge_inst/seg_wdata_cnt_reg[13]/C

Slack:                    inf
  Source:                 student_top_inst/bridge_inst/seg_tx_data_cpu_reg[22]/C
                            (rising edge-triggered cell FDCE clocked by clk_out2_pll  {rise@0.000ns fall@2.000ns period=4.000ns})
  Destination:            student_top_inst/bridge_inst/seg_wdata_cnt_reg[22]/D
                            (rising edge-triggered cell FDCE clocked by clk_out1_pll  {rise@0.000ns fall@10.000ns period=20.000ns})
  Path Group:             (none)
  Path Type:              Hold (Min at Fast Process Corner)
  Data Path Delay:        0.317ns  (logic 0.118ns (37.204%)  route 0.199ns (62.796%))
  Logic Levels:           0  
  Clock Path Skew:        0.398ns (DCD - SCD - CPR)
    Destination Clock Delay (DCD):    2.588ns
    Source Clock Delay      (SCD):    2.189ns
    Clock Pessimism Removal (CPR):    -0.000ns
  Clock Uncertainty:      0.194ns  ((TSJ^2 + DJ^2)^1/2) / 2 + PE
    Total System Jitter     (TSJ):    0.071ns
    Discrete Jitter          (DJ):    0.129ns
    Phase Error              (PE):    0.120ns
  Timing Exception:       Asynchronous Clock Groups

    Location             Delay type                Incr(ns)  Path(ns)    Netlist Resource(s)
  -------------------------------------------------------------------    -------------------
                         (clock clk_out2_pll rise edge)
                                                      0.000     0.000 r  
    AD12                                              0.000     0.000 r  i_sys_clk_p (IN)
                         net (fo=0)                   0.000     0.000    pll_inst/inst/clk_in1_p
    AD12                 IBUFDS (Prop_ibufds_I_O)     0.388     0.388 r  pll_inst/inst/clkin1_ibufgds/O
                         net (fo=1, routed)           1.083     1.471    pll_inst/inst/clk_in1_pll_buf
    BUFGCTRL_X0Y3        BUFG (Prop_bufg_I_O)         0.026     1.497 r  pll_inst/inst/clkin1_bufg1/O
                         net (fo=1, routed)           0.767     2.264    pll_inst/inst/clk_in1_pll
    PLLE2_ADV_X1Y0       PLLE2_ADV (Prop_plle2_adv_CLKIN1_CLKOUT1)
                                                     -1.938     0.326 r  pll_inst/inst/plle2_adv_inst/CLKOUT1
                         net (fo=1, routed)           1.145     1.471    pll_inst/inst/clk_out2_pll
    BUFGCTRL_X0Y0        BUFG (Prop_bufg_I_O)         0.026     1.497 r  pll_inst/inst/clkout2_buf/O
                         net (fo=3499, routed)        0.692     2.189    student_top_inst/bridge_inst/clk_out2
    SLICE_X22Y92         FDCE                                         r  student_top_inst/bridge_inst/seg_tx_data_cpu_reg[22]/C
  -------------------------------------------------------------------    -------------------
    SLICE_X22Y92         FDCE (Prop_fdce_C_Q)         0.118     2.307 r  student_top_inst/bridge_inst/seg_tx_data_cpu_reg[22]/Q
                         net (fo=2, routed)           0.199     2.507    student_top_inst/bridge_inst/seg_sent_value_cpu[22]
    SLICE_X21Y95         FDCE                                         r  student_top_inst/bridge_inst/seg_wdata_cnt_reg[22]/D
  -------------------------------------------------------------------    -------------------

                         (clock clk_out1_pll rise edge)
                                                      0.000     0.000 r  
    AD12                                              0.000     0.000 r  i_sys_clk_p (IN)
                         net (fo=0)                   0.000     0.000    pll_inst/inst/clk_in1_p
    AD12                 IBUFDS (Prop_ibufds_I_O)     0.470     0.470 r  pll_inst/inst/clkin1_ibufgds/O
                         net (fo=1, routed)           1.154     1.624    pll_inst/inst/clk_in1_pll_buf
    BUFGCTRL_X0Y3        BUFG (Prop_bufg_I_O)         0.030     1.654 r  pll_inst/inst/clkin1_bufg1/O
                         net (fo=1, routed)           1.037     2.691    pll_inst/inst/clk_in1_pll
    PLLE2_ADV_X1Y0       PLLE2_ADV (Prop_plle2_adv_CLKIN1_CLKOUT0)
                                                     -2.283     0.408 r  pll_inst/inst/plle2_adv_inst/CLKOUT0
                         net (fo=1, routed)           1.216     1.624    pll_inst/inst/clk_out1_pll
    BUFGCTRL_X0Y1        BUFG (Prop_bufg_I_O)         0.030     1.654 r  pll_inst/inst/clkout1_buf/O
                         net (fo=434, routed)         0.934     2.588    student_top_inst/bridge_inst/CLK
    SLICE_X21Y95         FDCE                                         r  student_top_inst/bridge_inst/seg_wdata_cnt_reg[22]/C

Slack:                    inf
  Source:                 student_top_inst/bridge_inst/seg_tx_data_cpu_reg[10]/C
                            (rising edge-triggered cell FDCE clocked by clk_out2_pll  {rise@0.000ns fall@2.000ns period=4.000ns})
  Destination:            student_top_inst/bridge_inst/seg_wdata_cnt_reg[10]/D
                            (rising edge-triggered cell FDCE clocked by clk_out1_pll  {rise@0.000ns fall@10.000ns period=20.000ns})
  Path Group:             (none)
  Path Type:              Hold (Min at Fast Process Corner)
  Data Path Delay:        0.317ns  (logic 0.118ns (37.191%)  route 0.199ns (62.809%))
  Logic Levels:           0  
  Clock Path Skew:        0.398ns (DCD - SCD - CPR)
    Destination Clock Delay (DCD):    2.588ns
    Source Clock Delay      (SCD):    2.189ns
    Clock Pessimism Removal (CPR):    -0.000ns
  Clock Uncertainty:      0.194ns  ((TSJ^2 + DJ^2)^1/2) / 2 + PE
    Total System Jitter     (TSJ):    0.071ns
    Discrete Jitter          (DJ):    0.129ns
    Phase Error              (PE):    0.120ns
  Timing Exception:       Asynchronous Clock Groups

    Location             Delay type                Incr(ns)  Path(ns)    Netlist Resource(s)
  -------------------------------------------------------------------    -------------------
                         (clock clk_out2_pll rise edge)
                                                      0.000     0.000 r  
    AD12                                              0.000     0.000 r  i_sys_clk_p (IN)
                         net (fo=0)                   0.000     0.000    pll_inst/inst/clk_in1_p
    AD12                 IBUFDS (Prop_ibufds_I_O)     0.388     0.388 r  pll_inst/inst/clkin1_ibufgds/O
                         net (fo=1, routed)           1.083     1.471    pll_inst/inst/clk_in1_pll_buf
    BUFGCTRL_X0Y3        BUFG (Prop_bufg_I_O)         0.026     1.497 r  pll_inst/inst/clkin1_bufg1/O
                         net (fo=1, routed)           0.767     2.264    pll_inst/inst/clk_in1_pll
    PLLE2_ADV_X1Y0       PLLE2_ADV (Prop_plle2_adv_CLKIN1_CLKOUT1)
                                                     -1.938     0.326 r  pll_inst/inst/plle2_adv_inst/CLKOUT1
                         net (fo=1, routed)           1.145     1.471    pll_inst/inst/clk_out2_pll
    BUFGCTRL_X0Y0        BUFG (Prop_bufg_I_O)         0.026     1.497 r  pll_inst/inst/clkout2_buf/O
                         net (fo=3499, routed)        0.692     2.189    student_top_inst/bridge_inst/clk_out2
    SLICE_X22Y92         FDCE                                         r  student_top_inst/bridge_inst/seg_tx_data_cpu_reg[10]/C
  -------------------------------------------------------------------    -------------------
    SLICE_X22Y92         FDCE (Prop_fdce_C_Q)         0.118     2.307 r  student_top_inst/bridge_inst/seg_tx_data_cpu_reg[10]/Q
                         net (fo=2, routed)           0.199     2.507    student_top_inst/bridge_inst/seg_sent_value_cpu[10]
    SLICE_X20Y95         FDCE                                         r  student_top_inst/bridge_inst/seg_wdata_cnt_reg[10]/D
  -------------------------------------------------------------------    -------------------

                         (clock clk_out1_pll rise edge)
                                                      0.000     0.000 r  
    AD12                                              0.000     0.000 r  i_sys_clk_p (IN)
                         net (fo=0)                   0.000     0.000    pll_inst/inst/clk_in1_p
    AD12                 IBUFDS (Prop_ibufds_I_O)     0.470     0.470 r  pll_inst/inst/clkin1_ibufgds/O
                         net (fo=1, routed)           1.154     1.624    pll_inst/inst/clk_in1_pll_buf
    BUFGCTRL_X0Y3        BUFG (Prop_bufg_I_O)         0.030     1.654 r  pll_inst/inst/clkin1_bufg1/O
                         net (fo=1, routed)           1.037     2.691    pll_inst/inst/clk_in1_pll
    PLLE2_ADV_X1Y0       PLLE2_ADV (Prop_plle2_adv_CLKIN1_CLKOUT0)
                                                     -2.283     0.408 r  pll_inst/inst/plle2_adv_inst/CLKOUT0
                         net (fo=1, routed)           1.216     1.624    pll_inst/inst/clk_out1_pll
    BUFGCTRL_X0Y1        BUFG (Prop_bufg_I_O)         0.030     1.654 r  pll_inst/inst/clkout1_buf/O
                         net (fo=434, routed)         0.934     2.588    student_top_inst/bridge_inst/CLK
    SLICE_X20Y95         FDCE                                         r  student_top_inst/bridge_inst/seg_wdata_cnt_reg[10]/C





--------------------------------------------------------------------------------------
Path Group:  (none)
From Clock:  clk_out1_pll
  To Clock:  clk_out2_pll

Max Delay           106 Endpoints
Min Delay           106 Endpoints
--------------------------------------------------------------------------------------


Max Delay Paths
--------------------------------------------------------------------------------------
Slack:                    inf
  Source:                 twin_controller_inst/sw_reg[25]/C
                            (rising edge-triggered cell FDCE clocked by clk_out1_pll  {rise@0.000ns fall@10.000ns period=20.000ns})
  Destination:            student_top_inst/bridge_inst/sw_meta_reg[25]/D
                            (rising edge-triggered cell FDCE clocked by clk_out2_pll  {rise@0.000ns fall@2.000ns period=4.000ns})
  Path Group:             (none)
  Path Type:              Setup (Max at Slow Process Corner)
  Data Path Delay:        2.195ns  (logic 0.259ns (11.797%)  route 1.936ns (88.203%))
  Logic Levels:           0  
  Clock Path Skew:        -0.283ns (DCD - SCD + CPR)
    Destination Clock Delay (DCD):    4.485ns
    Source Clock Delay      (SCD):    4.769ns
    Clock Pessimism Removal (CPR):    0.000ns
  Clock Uncertainty:      0.194ns  ((TSJ^2 + DJ^2)^1/2) / 2 + PE
    Total System Jitter     (TSJ):    0.071ns
    Discrete Jitter          (DJ):    0.129ns
    Phase Error              (PE):    0.120ns
  Timing Exception:       Asynchronous Clock Groups

    Location             Delay type                Incr(ns)  Path(ns)    Netlist Resource(s)
  -------------------------------------------------------------------    -------------------
                         (clock clk_out1_pll rise edge)
                                                      0.000     0.000 r  
    AD12                                              0.000     0.000 r  i_sys_clk_p (IN)
                         net (fo=0)                   0.000     0.000    pll_inst/inst/clk_in1_p
    AD12                 IBUFDS (Prop_ibufds_I_O)     0.906     0.906 r  pll_inst/inst/clkin1_ibufgds/O
                         net (fo=1, routed)           2.299     3.205    pll_inst/inst/clk_in1_pll_buf
    BUFGCTRL_X0Y3        BUFG (Prop_bufg_I_O)         0.093     3.298 r  pll_inst/inst/clkin1_bufg1/O
                         net (fo=1, routed)           1.959     5.257    pll_inst/inst/clk_in1_pll
    PLLE2_ADV_X1Y0       PLLE2_ADV (Prop_plle2_adv_CLKIN1_CLKOUT0)
                                                     -4.519     0.738 r  pll_inst/inst/plle2_adv_inst/CLKOUT0
                         net (fo=1, routed)           2.467     3.205    pll_inst/inst/clk_out1_pll
    BUFGCTRL_X0Y1        BUFG (Prop_bufg_I_O)         0.093     3.298 r  pll_inst/inst/clkout1_buf/O
                         net (fo=434, routed)         1.471     4.769    twin_controller_inst/CLK
    SLICE_X18Y102        FDCE                                         r  twin_controller_inst/sw_reg[25]/C
  -------------------------------------------------------------------    -------------------
    SLICE_X18Y102        FDCE (Prop_fdce_C_Q)         0.259     5.028 r  twin_controller_inst/sw_reg[25]/Q
                         net (fo=3, routed)           1.936     6.964    student_top_inst/bridge_inst/sw_meta_reg[63]_0[25]
    SLICE_X64Y63         FDCE                                         r  student_top_inst/bridge_inst/sw_meta_reg[25]/D
  -------------------------------------------------------------------    -------------------

                         (clock clk_out2_pll rise edge)
                                                      0.000     0.000 r  
    AD12                                              0.000     0.000 r  i_sys_clk_p (IN)
                         net (fo=0)                   0.000     0.000    pll_inst/inst/clk_in1_p
    AD12                 IBUFDS (Prop_ibufds_I_O)     0.803     0.803 r  pll_inst/inst/clkin1_ibufgds/O
                         net (fo=1, routed)           2.173     2.976    pll_inst/inst/clk_in1_pll_buf
    BUFGCTRL_X0Y3        BUFG (Prop_bufg_I_O)         0.083     3.059 r  pll_inst/inst/clkin1_bufg1/O
                         net (fo=1, routed)           1.796     4.855    pll_inst/inst/clk_in1_pll
    PLLE2_ADV_X1Y0       PLLE2_ADV (Prop_plle2_adv_CLKIN1_CLKOUT1)
                                                     -4.213     0.642 r  pll_inst/inst/plle2_adv_inst/CLKOUT1
                         net (fo=1, routed)           2.334     2.976    pll_inst/inst/clk_out2_pll
    BUFGCTRL_X0Y0        BUFG (Prop_bufg_I_O)         0.083     3.059 r  pll_inst/inst/clkout2_buf/O
                         net (fo=3499, routed)        1.426     4.485    student_top_inst/bridge_inst/clk_out2
    SLICE_X64Y63         FDCE                                         r  student_top_inst/bridge_inst/sw_meta_reg[25]/C

Slack:                    inf
  Source:                 twin_controller_inst/sw_reg[19]/C
                            (rising edge-triggered cell FDCE clocked by clk_out1_pll  {rise@0.000ns fall@10.000ns period=20.000ns})
  Destination:            student_top_inst/bridge_inst/sw_meta_reg[19]/D
                            (rising edge-triggered cell FDCE clocked by clk_out2_pll  {rise@0.000ns fall@2.000ns period=4.000ns})
  Path Group:             (none)
  Path Type:              Setup (Max at Slow Process Corner)
  Data Path Delay:        1.980ns  (logic 0.223ns (11.265%)  route 1.757ns (88.735%))
  Logic Levels:           0  
  Clock Path Skew:        -0.465ns (DCD - SCD + CPR)
    Destination Clock Delay (DCD):    4.476ns
    Source Clock Delay      (SCD):    4.942ns
    Clock Pessimism Removal (CPR):    0.000ns
  Clock Uncertainty:      0.194ns  ((TSJ^2 + DJ^2)^1/2) / 2 + PE
    Total System Jitter     (TSJ):    0.071ns
    Discrete Jitter          (DJ):    0.129ns
    Phase Error              (PE):    0.120ns
  Timing Exception:       Asynchronous Clock Groups

    Location             Delay type                Incr(ns)  Path(ns)    Netlist Resource(s)
  -------------------------------------------------------------------    -------------------
                         (clock clk_out1_pll rise edge)
                                                      0.000     0.000 r  
    AD12                                              0.000     0.000 r  i_sys_clk_p (IN)
                         net (fo=0)                   0.000     0.000    pll_inst/inst/clk_in1_p
    AD12                 IBUFDS (Prop_ibufds_I_O)     0.906     0.906 r  pll_inst/inst/clkin1_ibufgds/O
                         net (fo=1, routed)           2.299     3.205    pll_inst/inst/clk_in1_pll_buf
    BUFGCTRL_X0Y3        BUFG (Prop_bufg_I_O)         0.093     3.298 r  pll_inst/inst/clkin1_bufg1/O
                         net (fo=1, routed)           1.959     5.257    pll_inst/inst/clk_in1_pll
    PLLE2_ADV_X1Y0       PLLE2_ADV (Prop_plle2_adv_CLKIN1_CLKOUT0)
                                                     -4.519     0.738 r  pll_inst/inst/plle2_adv_inst/CLKOUT0
                         net (fo=1, routed)           2.467     3.205    pll_inst/inst/clk_out1_pll
    BUFGCTRL_X0Y1        BUFG (Prop_bufg_I_O)         0.093     3.298 r  pll_inst/inst/clkout1_buf/O
                         net (fo=434, routed)         1.644     4.942    twin_controller_inst/CLK
    SLICE_X13Y98         FDCE                                         r  twin_controller_inst/sw_reg[19]/C
  -------------------------------------------------------------------    -------------------
    SLICE_X13Y98         FDCE (Prop_fdce_C_Q)         0.223     5.165 r  twin_controller_inst/sw_reg[19]/Q
                         net (fo=3, routed)           1.757     6.921    student_top_inst/bridge_inst/sw_meta_reg[63]_0[19]
    SLICE_X54Y73         FDCE                                         r  student_top_inst/bridge_inst/sw_meta_reg[19]/D
  -------------------------------------------------------------------    -------------------

                         (clock clk_out2_pll rise edge)
                                                      0.000     0.000 r  
    AD12                                              0.000     0.000 r  i_sys_clk_p (IN)
                         net (fo=0)                   0.000     0.000    pll_inst/inst/clk_in1_p
    AD12                 IBUFDS (Prop_ibufds_I_O)     0.803     0.803 r  pll_inst/inst/clkin1_ibufgds/O
                         net (fo=1, routed)           2.173     2.976    pll_inst/inst/clk_in1_pll_buf
    BUFGCTRL_X0Y3        BUFG (Prop_bufg_I_O)         0.083     3.059 r  pll_inst/inst/clkin1_bufg1/O
                         net (fo=1, routed)           1.796     4.855    pll_inst/inst/clk_in1_pll
    PLLE2_ADV_X1Y0       PLLE2_ADV (Prop_plle2_adv_CLKIN1_CLKOUT1)
                                                     -4.213     0.642 r  pll_inst/inst/plle2_adv_inst/CLKOUT1
                         net (fo=1, routed)           2.334     2.976    pll_inst/inst/clk_out2_pll
    BUFGCTRL_X0Y0        BUFG (Prop_bufg_I_O)         0.083     3.059 r  pll_inst/inst/clkout2_buf/O
                         net (fo=3499, routed)        1.417     4.476    student_top_inst/bridge_inst/clk_out2
    SLICE_X54Y73         FDCE                                         r  student_top_inst/bridge_inst/sw_meta_reg[19]/C

Slack:                    inf
  Source:                 twin_controller_inst/sw_reg[57]/C
                            (rising edge-triggered cell FDCE clocked by clk_out1_pll  {rise@0.000ns fall@10.000ns period=20.000ns})
  Destination:            student_top_inst/bridge_inst/sw_meta_reg[57]/D
                            (rising edge-triggered cell FDCE clocked by clk_out2_pll  {rise@0.000ns fall@2.000ns period=4.000ns})
  Path Group:             (none)
  Path Type:              Setup (Max at Slow Process Corner)
  Data Path Delay:        2.124ns  (logic 0.259ns (12.192%)  route 1.865ns (87.808%))
  Logic Levels:           0  
  Clock Path Skew:        -0.283ns (DCD - SCD + CPR)
    Destination Clock Delay (DCD):    4.485ns
    Source Clock Delay      (SCD):    4.769ns
    Clock Pessimism Removal (CPR):    0.000ns
  Clock Uncertainty:      0.194ns  ((TSJ^2 + DJ^2)^1/2) / 2 + PE
    Total System Jitter     (TSJ):    0.071ns
    Discrete Jitter          (DJ):    0.129ns
    Phase Error              (PE):    0.120ns
  Timing Exception:       Asynchronous Clock Groups

    Location             Delay type                Incr(ns)  Path(ns)    Netlist Resource(s)
  -------------------------------------------------------------------    -------------------
                         (clock clk_out1_pll rise edge)
                                                      0.000     0.000 r  
    AD12                                              0.000     0.000 r  i_sys_clk_p (IN)
                         net (fo=0)                   0.000     0.000    pll_inst/inst/clk_in1_p
    AD12                 IBUFDS (Prop_ibufds_I_O)     0.906     0.906 r  pll_inst/inst/clkin1_ibufgds/O
                         net (fo=1, routed)           2.299     3.205    pll_inst/inst/clk_in1_pll_buf
    BUFGCTRL_X0Y3        BUFG (Prop_bufg_I_O)         0.093     3.298 r  pll_inst/inst/clkin1_bufg1/O
                         net (fo=1, routed)           1.959     5.257    pll_inst/inst/clk_in1_pll
    PLLE2_ADV_X1Y0       PLLE2_ADV (Prop_plle2_adv_CLKIN1_CLKOUT0)
                                                     -4.519     0.738 r  pll_inst/inst/plle2_adv_inst/CLKOUT0
                         net (fo=1, routed)           2.467     3.205    pll_inst/inst/clk_out1_pll
    BUFGCTRL_X0Y1        BUFG (Prop_bufg_I_O)         0.093     3.298 r  pll_inst/inst/clkout1_buf/O
                         net (fo=434, routed)         1.471     4.769    twin_controller_inst/CLK
    SLICE_X18Y102        FDCE                                         r  twin_controller_inst/sw_reg[57]/C
  -------------------------------------------------------------------    -------------------
    SLICE_X18Y102        FDCE (Prop_fdce_C_Q)         0.259     5.028 r  twin_controller_inst/sw_reg[57]/Q
                         net (fo=3, routed)           1.865     6.893    student_top_inst/bridge_inst/sw_meta_reg[63]_0[57]
    SLICE_X64Y63         FDCE                                         r  student_top_inst/bridge_inst/sw_meta_reg[57]/D
  -------------------------------------------------------------------    -------------------

                         (clock clk_out2_pll rise edge)
                                                      0.000     0.000 r  
    AD12                                              0.000     0.000 r  i_sys_clk_p (IN)
                         net (fo=0)                   0.000     0.000    pll_inst/inst/clk_in1_p
    AD12                 IBUFDS (Prop_ibufds_I_O)     0.803     0.803 r  pll_inst/inst/clkin1_ibufgds/O
                         net (fo=1, routed)           2.173     2.976    pll_inst/inst/clk_in1_pll_buf
    BUFGCTRL_X0Y3        BUFG (Prop_bufg_I_O)         0.083     3.059 r  pll_inst/inst/clkin1_bufg1/O
                         net (fo=1, routed)           1.796     4.855    pll_inst/inst/clk_in1_pll
    PLLE2_ADV_X1Y0       PLLE2_ADV (Prop_plle2_adv_CLKIN1_CLKOUT1)
                                                     -4.213     0.642 r  pll_inst/inst/plle2_adv_inst/CLKOUT1
                         net (fo=1, routed)           2.334     2.976    pll_inst/inst/clk_out2_pll
    BUFGCTRL_X0Y0        BUFG (Prop_bufg_I_O)         0.083     3.059 r  pll_inst/inst/clkout2_buf/O
                         net (fo=3499, routed)        1.426     4.485    student_top_inst/bridge_inst/clk_out2
    SLICE_X64Y63         FDCE                                         r  student_top_inst/bridge_inst/sw_meta_reg[57]/C

Slack:                    inf
  Source:                 twin_controller_inst/sw_reg[51]/C
                            (rising edge-triggered cell FDCE clocked by clk_out1_pll  {rise@0.000ns fall@10.000ns period=20.000ns})
  Destination:            student_top_inst/bridge_inst/sw_meta_reg[51]/D
                            (rising edge-triggered cell FDCE clocked by clk_out2_pll  {rise@0.000ns fall@2.000ns period=4.000ns})
  Path Group:             (none)
  Path Type:              Setup (Max at Slow Process Corner)
  Data Path Delay:        1.784ns  (logic 0.259ns (14.517%)  route 1.525ns (85.483%))
  Logic Levels:           0  
  Clock Path Skew:        -0.465ns (DCD - SCD + CPR)
    Destination Clock Delay (DCD):    4.476ns
    Source Clock Delay      (SCD):    4.942ns
    Clock Pessimism Removal (CPR):    0.000ns
  Clock Uncertainty:      0.194ns  ((TSJ^2 + DJ^2)^1/2) / 2 + PE
    Total System Jitter     (TSJ):    0.071ns
    Discrete Jitter          (DJ):    0.129ns
    Phase Error              (PE):    0.120ns
  Timing Exception:       Asynchronous Clock Groups

    Location             Delay type                Incr(ns)  Path(ns)    Netlist Resource(s)
  -------------------------------------------------------------------    -------------------
                         (clock clk_out1_pll rise edge)
                                                      0.000     0.000 r  
    AD12                                              0.000     0.000 r  i_sys_clk_p (IN)
                         net (fo=0)                   0.000     0.000    pll_inst/inst/clk_in1_p
    AD12                 IBUFDS (Prop_ibufds_I_O)     0.906     0.906 r  pll_inst/inst/clkin1_ibufgds/O
                         net (fo=1, routed)           2.299     3.205    pll_inst/inst/clk_in1_pll_buf
    BUFGCTRL_X0Y3        BUFG (Prop_bufg_I_O)         0.093     3.298 r  pll_inst/inst/clkin1_bufg1/O
                         net (fo=1, routed)           1.959     5.257    pll_inst/inst/clk_in1_pll
    PLLE2_ADV_X1Y0       PLLE2_ADV (Prop_plle2_adv_CLKIN1_CLKOUT0)
                                                     -4.519     0.738 r  pll_inst/inst/plle2_adv_inst/CLKOUT0
                         net (fo=1, routed)           2.467     3.205    pll_inst/inst/clk_out1_pll
    BUFGCTRL_X0Y1        BUFG (Prop_bufg_I_O)         0.093     3.298 r  pll_inst/inst/clkout1_buf/O
                         net (fo=434, routed)         1.644     4.942    twin_controller_inst/CLK
    SLICE_X14Y98         FDCE                                         r  twin_controller_inst/sw_reg[51]/C
  -------------------------------------------------------------------    -------------------
    SLICE_X14Y98         FDCE (Prop_fdce_C_Q)         0.259     5.201 r  twin_controller_inst/sw_reg[51]/Q
                         net (fo=3, routed)           1.525     6.726    student_top_inst/bridge_inst/sw_meta_reg[63]_0[51]
    SLICE_X54Y73         FDCE                                         r  student_top_inst/bridge_inst/sw_meta_reg[51]/D
  -------------------------------------------------------------------    -------------------

                         (clock clk_out2_pll rise edge)
                                                      0.000     0.000 r  
    AD12                                              0.000     0.000 r  i_sys_clk_p (IN)
                         net (fo=0)                   0.000     0.000    pll_inst/inst/clk_in1_p
    AD12                 IBUFDS (Prop_ibufds_I_O)     0.803     0.803 r  pll_inst/inst/clkin1_ibufgds/O
                         net (fo=1, routed)           2.173     2.976    pll_inst/inst/clk_in1_pll_buf
    BUFGCTRL_X0Y3        BUFG (Prop_bufg_I_O)         0.083     3.059 r  pll_inst/inst/clkin1_bufg1/O
                         net (fo=1, routed)           1.796     4.855    pll_inst/inst/clk_in1_pll
    PLLE2_ADV_X1Y0       PLLE2_ADV (Prop_plle2_adv_CLKIN1_CLKOUT1)
                                                     -4.213     0.642 r  pll_inst/inst/plle2_adv_inst/CLKOUT1
                         net (fo=1, routed)           2.334     2.976    pll_inst/inst/clk_out2_pll
    BUFGCTRL_X0Y0        BUFG (Prop_bufg_I_O)         0.083     3.059 r  pll_inst/inst/clkout2_buf/O
                         net (fo=3499, routed)        1.417     4.476    student_top_inst/bridge_inst/clk_out2
    SLICE_X54Y73         FDCE                                         r  student_top_inst/bridge_inst/sw_meta_reg[51]/C

Slack:                    inf
  Source:                 twin_controller_inst/sw_reg[35]/C
                            (rising edge-triggered cell FDCE clocked by clk_out1_pll  {rise@0.000ns fall@10.000ns period=20.000ns})
  Destination:            student_top_inst/bridge_inst/sw_meta_reg[35]/D
                            (rising edge-triggered cell FDCE clocked by clk_out2_pll  {rise@0.000ns fall@2.000ns period=4.000ns})
  Path Group:             (none)
  Path Type:              Setup (Max at Slow Process Corner)
  Data Path Delay:        1.910ns  (logic 0.259ns (13.561%)  route 1.651ns (86.439%))
  Logic Levels:           0  
  Clock Path Skew:        -0.294ns (DCD - SCD + CPR)
    Destination Clock Delay (DCD):    4.475ns
    Source Clock Delay      (SCD):    4.770ns
    Clock Pessimism Removal (CPR):    0.000ns
  Clock Uncertainty:      0.194ns  ((TSJ^2 + DJ^2)^1/2) / 2 + PE
    Total System Jitter     (TSJ):    0.071ns
    Discrete Jitter          (DJ):    0.129ns
    Phase Error              (PE):    0.120ns
  Timing Exception:       Asynchronous Clock Groups

    Location             Delay type                Incr(ns)  Path(ns)    Netlist Resource(s)
  -------------------------------------------------------------------    -------------------
                         (clock clk_out1_pll rise edge)
                                                      0.000     0.000 r  
    AD12                                              0.000     0.000 r  i_sys_clk_p (IN)
                         net (fo=0)                   0.000     0.000    pll_inst/inst/clk_in1_p
    AD12                 IBUFDS (Prop_ibufds_I_O)     0.906     0.906 r  pll_inst/inst/clkin1_ibufgds/O
                         net (fo=1, routed)           2.299     3.205    pll_inst/inst/clk_in1_pll_buf
    BUFGCTRL_X0Y3        BUFG (Prop_bufg_I_O)         0.093     3.298 r  pll_inst/inst/clkin1_bufg1/O
                         net (fo=1, routed)           1.959     5.257    pll_inst/inst/clk_in1_pll
    PLLE2_ADV_X1Y0       PLLE2_ADV (Prop_plle2_adv_CLKIN1_CLKOUT0)
                                                     -4.519     0.738 r  pll_inst/inst/plle2_adv_inst/CLKOUT0
                         net (fo=1, routed)           2.467     3.205    pll_inst/inst/clk_out1_pll
    BUFGCTRL_X0Y1        BUFG (Prop_bufg_I_O)         0.093     3.298 r  pll_inst/inst/clkout1_buf/O
                         net (fo=434, routed)         1.472     4.770    twin_controller_inst/CLK
    SLICE_X12Y100        FDCE                                         r  twin_controller_inst/sw_reg[35]/C
  -------------------------------------------------------------------    -------------------
    SLICE_X12Y100        FDCE (Prop_fdce_C_Q)         0.259     5.029 r  twin_controller_inst/sw_reg[35]/Q
                         net (fo=3, routed)           1.651     6.680    student_top_inst/bridge_inst/sw_meta_reg[63]_0[35]
    SLICE_X54Y75         FDCE                                         r  student_top_inst/bridge_inst/sw_meta_reg[35]/D
  -------------------------------------------------------------------    -------------------

                         (clock clk_out2_pll rise edge)
                                                      0.000     0.000 r  
    AD12                                              0.000     0.000 r  i_sys_clk_p (IN)
                         net (fo=0)                   0.000     0.000    pll_inst/inst/clk_in1_p
    AD12                 IBUFDS (Prop_ibufds_I_O)     0.803     0.803 r  pll_inst/inst/clkin1_ibufgds/O
                         net (fo=1, routed)           2.173     2.976    pll_inst/inst/clk_in1_pll_buf
    BUFGCTRL_X0Y3        BUFG (Prop_bufg_I_O)         0.083     3.059 r  pll_inst/inst/clkin1_bufg1/O
                         net (fo=1, routed)           1.796     4.855    pll_inst/inst/clk_in1_pll
    PLLE2_ADV_X1Y0       PLLE2_ADV (Prop_plle2_adv_CLKIN1_CLKOUT1)
                                                     -4.213     0.642 r  pll_inst/inst/plle2_adv_inst/CLKOUT1
                         net (fo=1, routed)           2.334     2.976    pll_inst/inst/clk_out2_pll
    BUFGCTRL_X0Y0        BUFG (Prop_bufg_I_O)         0.083     3.059 r  pll_inst/inst/clkout2_buf/O
                         net (fo=3499, routed)        1.416     4.475    student_top_inst/bridge_inst/clk_out2
    SLICE_X54Y75         FDCE                                         r  student_top_inst/bridge_inst/sw_meta_reg[35]/C

Slack:                    inf
  Source:                 twin_controller_inst/sw_reg[48]/C
                            (rising edge-triggered cell FDCE clocked by clk_out1_pll  {rise@0.000ns fall@10.000ns period=20.000ns})
  Destination:            student_top_inst/bridge_inst/sw_meta_reg[48]/D
                            (rising edge-triggered cell FDCE clocked by clk_out2_pll  {rise@0.000ns fall@2.000ns period=4.000ns})
  Path Group:             (none)
  Path Type:              Setup (Max at Slow Process Corner)
  Data Path Delay:        1.834ns  (logic 0.223ns (12.162%)  route 1.611ns (87.838%))
  Logic Levels:           0  
  Clock Path Skew:        -0.288ns (DCD - SCD + CPR)
    Destination Clock Delay (DCD):    4.481ns
    Source Clock Delay      (SCD):    4.770ns
    Clock Pessimism Removal (CPR):    0.000ns
  Clock Uncertainty:      0.194ns  ((TSJ^2 + DJ^2)^1/2) / 2 + PE
    Total System Jitter     (TSJ):    0.071ns
    Discrete Jitter          (DJ):    0.129ns
    Phase Error              (PE):    0.120ns
  Timing Exception:       Asynchronous Clock Groups

    Location             Delay type                Incr(ns)  Path(ns)    Netlist Resource(s)
  -------------------------------------------------------------------    -------------------
                         (clock clk_out1_pll rise edge)
                                                      0.000     0.000 r  
    AD12                                              0.000     0.000 r  i_sys_clk_p (IN)
                         net (fo=0)                   0.000     0.000    pll_inst/inst/clk_in1_p
    AD12                 IBUFDS (Prop_ibufds_I_O)     0.906     0.906 r  pll_inst/inst/clkin1_ibufgds/O
                         net (fo=1, routed)           2.299     3.205    pll_inst/inst/clk_in1_pll_buf
    BUFGCTRL_X0Y3        BUFG (Prop_bufg_I_O)         0.093     3.298 r  pll_inst/inst/clkin1_bufg1/O
                         net (fo=1, routed)           1.959     5.257    pll_inst/inst/clk_in1_pll
    PLLE2_ADV_X1Y0       PLLE2_ADV (Prop_plle2_adv_CLKIN1_CLKOUT0)
                                                     -4.519     0.738 r  pll_inst/inst/plle2_adv_inst/CLKOUT0
                         net (fo=1, routed)           2.467     3.205    pll_inst/inst/clk_out1_pll
    BUFGCTRL_X0Y1        BUFG (Prop_bufg_I_O)         0.093     3.298 r  pll_inst/inst/clkout1_buf/O
                         net (fo=434, routed)         1.472     4.770    twin_controller_inst/CLK
    SLICE_X15Y103        FDCE                                         r  twin_controller_inst/sw_reg[48]/C
  -------------------------------------------------------------------    -------------------
    SLICE_X15Y103        FDCE (Prop_fdce_C_Q)         0.223     4.993 r  twin_controller_inst/sw_reg[48]/Q
                         net (fo=3, routed)           1.611     6.603    student_top_inst/bridge_inst/sw_meta_reg[63]_0[48]
    SLICE_X50Y80         FDCE                                         r  student_top_inst/bridge_inst/sw_meta_reg[48]/D
  -------------------------------------------------------------------    -------------------

                         (clock clk_out2_pll rise edge)
                                                      0.000     0.000 r  
    AD12                                              0.000     0.000 r  i_sys_clk_p (IN)
                         net (fo=0)                   0.000     0.000    pll_inst/inst/clk_in1_p
    AD12                 IBUFDS (Prop_ibufds_I_O)     0.803     0.803 r  pll_inst/inst/clkin1_ibufgds/O
                         net (fo=1, routed)           2.173     2.976    pll_inst/inst/clk_in1_pll_buf
    BUFGCTRL_X0Y3        BUFG (Prop_bufg_I_O)         0.083     3.059 r  pll_inst/inst/clkin1_bufg1/O
                         net (fo=1, routed)           1.796     4.855    pll_inst/inst/clk_in1_pll
    PLLE2_ADV_X1Y0       PLLE2_ADV (Prop_plle2_adv_CLKIN1_CLKOUT1)
                                                     -4.213     0.642 r  pll_inst/inst/plle2_adv_inst/CLKOUT1
                         net (fo=1, routed)           2.334     2.976    pll_inst/inst/clk_out2_pll
    BUFGCTRL_X0Y0        BUFG (Prop_bufg_I_O)         0.083     3.059 r  pll_inst/inst/clkout2_buf/O
                         net (fo=3499, routed)        1.422     4.481    student_top_inst/bridge_inst/clk_out2
    SLICE_X50Y80         FDCE                                         r  student_top_inst/bridge_inst/sw_meta_reg[48]/C

Slack:                    inf
  Source:                 twin_controller_inst/sw_reg[24]/C
                            (rising edge-triggered cell FDCE clocked by clk_out1_pll  {rise@0.000ns fall@10.000ns period=20.000ns})
  Destination:            student_top_inst/bridge_inst/sw_meta_reg[24]/D
                            (rising edge-triggered cell FDCE clocked by clk_out2_pll  {rise@0.000ns fall@2.000ns period=4.000ns})
  Path Group:             (none)
  Path Type:              Setup (Max at Slow Process Corner)
  Data Path Delay:        1.795ns  (logic 0.223ns (12.427%)  route 1.572ns (87.573%))
  Logic Levels:           0  
  Clock Path Skew:        -0.292ns (DCD - SCD + CPR)
    Destination Clock Delay (DCD):    4.476ns
    Source Clock Delay      (SCD):    4.769ns
    Clock Pessimism Removal (CPR):    0.000ns
  Clock Uncertainty:      0.194ns  ((TSJ^2 + DJ^2)^1/2) / 2 + PE
    Total System Jitter     (TSJ):    0.071ns
    Discrete Jitter          (DJ):    0.129ns
    Phase Error              (PE):    0.120ns
  Timing Exception:       Asynchronous Clock Groups

    Location             Delay type                Incr(ns)  Path(ns)    Netlist Resource(s)
  -------------------------------------------------------------------    -------------------
                         (clock clk_out1_pll rise edge)
                                                      0.000     0.000 r  
    AD12                                              0.000     0.000 r  i_sys_clk_p (IN)
                         net (fo=0)                   0.000     0.000    pll_inst/inst/clk_in1_p
    AD12                 IBUFDS (Prop_ibufds_I_O)     0.906     0.906 r  pll_inst/inst/clkin1_ibufgds/O
                         net (fo=1, routed)           2.299     3.205    pll_inst/inst/clk_in1_pll_buf
    BUFGCTRL_X0Y3        BUFG (Prop_bufg_I_O)         0.093     3.298 r  pll_inst/inst/clkin1_bufg1/O
                         net (fo=1, routed)           1.959     5.257    pll_inst/inst/clk_in1_pll
    PLLE2_ADV_X1Y0       PLLE2_ADV (Prop_plle2_adv_CLKIN1_CLKOUT0)
                                                     -4.519     0.738 r  pll_inst/inst/plle2_adv_inst/CLKOUT0
                         net (fo=1, routed)           2.467     3.205    pll_inst/inst/clk_out1_pll
    BUFGCTRL_X0Y1        BUFG (Prop_bufg_I_O)         0.093     3.298 r  pll_inst/inst/clkout1_buf/O
                         net (fo=434, routed)         1.471     4.769    twin_controller_inst/CLK
    SLICE_X17Y102        FDCE                                         r  twin_controller_inst/sw_reg[24]/C
  -------------------------------------------------------------------    -------------------
    SLICE_X17Y102        FDCE (Prop_fdce_C_Q)         0.223     4.992 r  twin_controller_inst/sw_reg[24]/Q
                         net (fo=3, routed)           1.572     6.563    student_top_inst/bridge_inst/sw_meta_reg[63]_0[24]
    SLICE_X69Y78         FDCE                                         r  student_top_inst/bridge_inst/sw_meta_reg[24]/D
  -------------------------------------------------------------------    -------------------

                         (clock clk_out2_pll rise edge)
                                                      0.000     0.000 r  
    AD12                                              0.000     0.000 r  i_sys_clk_p (IN)
                         net (fo=0)                   0.000     0.000    pll_inst/inst/clk_in1_p
    AD12                 IBUFDS (Prop_ibufds_I_O)     0.803     0.803 r  pll_inst/inst/clkin1_ibufgds/O
                         net (fo=1, routed)           2.173     2.976    pll_inst/inst/clk_in1_pll_buf
    BUFGCTRL_X0Y3        BUFG (Prop_bufg_I_O)         0.083     3.059 r  pll_inst/inst/clkin1_bufg1/O
                         net (fo=1, routed)           1.796     4.855    pll_inst/inst/clk_in1_pll
    PLLE2_ADV_X1Y0       PLLE2_ADV (Prop_plle2_adv_CLKIN1_CLKOUT1)
                                                     -4.213     0.642 r  pll_inst/inst/plle2_adv_inst/CLKOUT1
                         net (fo=1, routed)           2.334     2.976    pll_inst/inst/clk_out2_pll
    BUFGCTRL_X0Y0        BUFG (Prop_bufg_I_O)         0.083     3.059 r  pll_inst/inst/clkout2_buf/O
                         net (fo=3499, routed)        1.417     4.476    student_top_inst/bridge_inst/clk_out2
    SLICE_X69Y78         FDCE                                         r  student_top_inst/bridge_inst/sw_meta_reg[24]/C

Slack:                    inf
  Source:                 twin_controller_inst/sw_reg[5]/C
                            (rising edge-triggered cell FDCE clocked by clk_out1_pll  {rise@0.000ns fall@10.000ns period=20.000ns})
  Destination:            student_top_inst/bridge_inst/sw_meta_reg[5]/D
                            (rising edge-triggered cell FDCE clocked by clk_out2_pll  {rise@0.000ns fall@2.000ns period=4.000ns})
  Path Group:             (none)
  Path Type:              Setup (Max at Slow Process Corner)
  Data Path Delay:        1.781ns  (logic 0.259ns (14.544%)  route 1.522ns (85.456%))
  Logic Levels:           0  
  Clock Path Skew:        -0.294ns (DCD - SCD + CPR)
    Destination Clock Delay (DCD):    4.475ns
    Source Clock Delay      (SCD):    4.770ns
    Clock Pessimism Removal (CPR):    0.000ns
  Clock Uncertainty:      0.194ns  ((TSJ^2 + DJ^2)^1/2) / 2 + PE
    Total System Jitter     (TSJ):    0.071ns
    Discrete Jitter          (DJ):    0.129ns
    Phase Error              (PE):    0.120ns
  Timing Exception:       Asynchronous Clock Groups

    Location             Delay type                Incr(ns)  Path(ns)    Netlist Resource(s)
  -------------------------------------------------------------------    -------------------
                         (clock clk_out1_pll rise edge)
                                                      0.000     0.000 r  
    AD12                                              0.000     0.000 r  i_sys_clk_p (IN)
                         net (fo=0)                   0.000     0.000    pll_inst/inst/clk_in1_p
    AD12                 IBUFDS (Prop_ibufds_I_O)     0.906     0.906 r  pll_inst/inst/clkin1_ibufgds/O
                         net (fo=1, routed)           2.299     3.205    pll_inst/inst/clk_in1_pll_buf
    BUFGCTRL_X0Y3        BUFG (Prop_bufg_I_O)         0.093     3.298 r  pll_inst/inst/clkin1_bufg1/O
                         net (fo=1, routed)           1.959     5.257    pll_inst/inst/clk_in1_pll
    PLLE2_ADV_X1Y0       PLLE2_ADV (Prop_plle2_adv_CLKIN1_CLKOUT0)
                                                     -4.519     0.738 r  pll_inst/inst/plle2_adv_inst/CLKOUT0
                         net (fo=1, routed)           2.467     3.205    pll_inst/inst/clk_out1_pll
    BUFGCTRL_X0Y1        BUFG (Prop_bufg_I_O)         0.093     3.298 r  pll_inst/inst/clkout1_buf/O
                         net (fo=434, routed)         1.472     4.770    twin_controller_inst/CLK
    SLICE_X14Y100        FDCE                                         r  twin_controller_inst/sw_reg[5]/C
  -------------------------------------------------------------------    -------------------
    SLICE_X14Y100        FDCE (Prop_fdce_C_Q)         0.259     5.029 r  twin_controller_inst/sw_reg[5]/Q
                         net (fo=3, routed)           1.522     6.550    student_top_inst/bridge_inst/sw_meta_reg[63]_0[5]
    SLICE_X54Y75         FDCE                                         r  student_top_inst/bridge_inst/sw_meta_reg[5]/D
  -------------------------------------------------------------------    -------------------

                         (clock clk_out2_pll rise edge)
                                                      0.000     0.000 r  
    AD12                                              0.000     0.000 r  i_sys_clk_p (IN)
                         net (fo=0)                   0.000     0.000    pll_inst/inst/clk_in1_p
    AD12                 IBUFDS (Prop_ibufds_I_O)     0.803     0.803 r  pll_inst/inst/clkin1_ibufgds/O
                         net (fo=1, routed)           2.173     2.976    pll_inst/inst/clk_in1_pll_buf
    BUFGCTRL_X0Y3        BUFG (Prop_bufg_I_O)         0.083     3.059 r  pll_inst/inst/clkin1_bufg1/O
                         net (fo=1, routed)           1.796     4.855    pll_inst/inst/clk_in1_pll
    PLLE2_ADV_X1Y0       PLLE2_ADV (Prop_plle2_adv_CLKIN1_CLKOUT1)
                                                     -4.213     0.642 r  pll_inst/inst/plle2_adv_inst/CLKOUT1
                         net (fo=1, routed)           2.334     2.976    pll_inst/inst/clk_out2_pll
    BUFGCTRL_X0Y0        BUFG (Prop_bufg_I_O)         0.083     3.059 r  pll_inst/inst/clkout2_buf/O
                         net (fo=3499, routed)        1.416     4.475    student_top_inst/bridge_inst/clk_out2
    SLICE_X54Y75         FDCE                                         r  student_top_inst/bridge_inst/sw_meta_reg[5]/C

Slack:                    inf
  Source:                 twin_controller_inst/sw_reg[55]/C
                            (rising edge-triggered cell FDCE clocked by clk_out1_pll  {rise@0.000ns fall@10.000ns period=20.000ns})
  Destination:            student_top_inst/bridge_inst/sw_meta_reg[55]/D
                            (rising edge-triggered cell FDCE clocked by clk_out2_pll  {rise@0.000ns fall@2.000ns period=4.000ns})
  Path Group:             (none)
  Path Type:              Setup (Max at Slow Process Corner)
  Data Path Delay:        1.777ns  (logic 0.223ns (12.551%)  route 1.554ns (87.449%))
  Logic Levels:           0  
  Clock Path Skew:        -0.292ns (DCD - SCD + CPR)
    Destination Clock Delay (DCD):    4.477ns
    Source Clock Delay      (SCD):    4.770ns
    Clock Pessimism Removal (CPR):    0.000ns
  Clock Uncertainty:      0.194ns  ((TSJ^2 + DJ^2)^1/2) / 2 + PE
    Total System Jitter     (TSJ):    0.071ns
    Discrete Jitter          (DJ):    0.129ns
    Phase Error              (PE):    0.120ns
  Timing Exception:       Asynchronous Clock Groups

    Location             Delay type                Incr(ns)  Path(ns)    Netlist Resource(s)
  -------------------------------------------------------------------    -------------------
                         (clock clk_out1_pll rise edge)
                                                      0.000     0.000 r  
    AD12                                              0.000     0.000 r  i_sys_clk_p (IN)
                         net (fo=0)                   0.000     0.000    pll_inst/inst/clk_in1_p
    AD12                 IBUFDS (Prop_ibufds_I_O)     0.906     0.906 r  pll_inst/inst/clkin1_ibufgds/O
                         net (fo=1, routed)           2.299     3.205    pll_inst/inst/clk_in1_pll_buf
    BUFGCTRL_X0Y3        BUFG (Prop_bufg_I_O)         0.093     3.298 r  pll_inst/inst/clkin1_bufg1/O
                         net (fo=1, routed)           1.959     5.257    pll_inst/inst/clk_in1_pll
    PLLE2_ADV_X1Y0       PLLE2_ADV (Prop_plle2_adv_CLKIN1_CLKOUT0)
                                                     -4.519     0.738 r  pll_inst/inst/plle2_adv_inst/CLKOUT0
                         net (fo=1, routed)           2.467     3.205    pll_inst/inst/clk_out1_pll
    BUFGCTRL_X0Y1        BUFG (Prop_bufg_I_O)         0.093     3.298 r  pll_inst/inst/clkout1_buf/O
                         net (fo=434, routed)         1.472     4.770    twin_controller_inst/CLK
    SLICE_X15Y103        FDCE                                         r  twin_controller_inst/sw_reg[55]/C
  -------------------------------------------------------------------    -------------------
    SLICE_X15Y103        FDCE (Prop_fdce_C_Q)         0.223     4.993 r  twin_controller_inst/sw_reg[55]/Q
                         net (fo=3, routed)           1.554     6.546    student_top_inst/bridge_inst/sw_meta_reg[63]_0[55]
    SLICE_X51Y72         FDCE                                         r  student_top_inst/bridge_inst/sw_meta_reg[55]/D
  -------------------------------------------------------------------    -------------------

                         (clock clk_out2_pll rise edge)
                                                      0.000     0.000 r  
    AD12                                              0.000     0.000 r  i_sys_clk_p (IN)
                         net (fo=0)                   0.000     0.000    pll_inst/inst/clk_in1_p
    AD12                 IBUFDS (Prop_ibufds_I_O)     0.803     0.803 r  pll_inst/inst/clkin1_ibufgds/O
                         net (fo=1, routed)           2.173     2.976    pll_inst/inst/clk_in1_pll_buf
    BUFGCTRL_X0Y3        BUFG (Prop_bufg_I_O)         0.083     3.059 r  pll_inst/inst/clkin1_bufg1/O
                         net (fo=1, routed)           1.796     4.855    pll_inst/inst/clk_in1_pll
    PLLE2_ADV_X1Y0       PLLE2_ADV (Prop_plle2_adv_CLKIN1_CLKOUT1)
                                                     -4.213     0.642 r  pll_inst/inst/plle2_adv_inst/CLKOUT1
                         net (fo=1, routed)           2.334     2.976    pll_inst/inst/clk_out2_pll
    BUFGCTRL_X0Y0        BUFG (Prop_bufg_I_O)         0.083     3.059 r  pll_inst/inst/clkout2_buf/O
                         net (fo=3499, routed)        1.418     4.477    student_top_inst/bridge_inst/clk_out2
    SLICE_X51Y72         FDCE                                         r  student_top_inst/bridge_inst/sw_meta_reg[55]/C

Slack:                    inf
  Source:                 twin_controller_inst/sw_reg[56]/C
                            (rising edge-triggered cell FDCE clocked by clk_out1_pll  {rise@0.000ns fall@10.000ns period=20.000ns})
  Destination:            student_top_inst/bridge_inst/sw_meta_reg[56]/D
                            (rising edge-triggered cell FDCE clocked by clk_out2_pll  {rise@0.000ns fall@2.000ns period=4.000ns})
  Path Group:             (none)
  Path Type:              Setup (Max at Slow Process Corner)
  Data Path Delay:        1.687ns  (logic 0.223ns (13.217%)  route 1.464ns (86.783%))
  Logic Levels:           0  
  Clock Path Skew:        -0.292ns (DCD - SCD + CPR)
    Destination Clock Delay (DCD):    4.476ns
    Source Clock Delay      (SCD):    4.769ns
    Clock Pessimism Removal (CPR):    0.000ns
  Clock Uncertainty:      0.194ns  ((TSJ^2 + DJ^2)^1/2) / 2 + PE
    Total System Jitter     (TSJ):    0.071ns
    Discrete Jitter          (DJ):    0.129ns
    Phase Error              (PE):    0.120ns
  Timing Exception:       Asynchronous Clock Groups

    Location             Delay type                Incr(ns)  Path(ns)    Netlist Resource(s)
  -------------------------------------------------------------------    -------------------
                         (clock clk_out1_pll rise edge)
                                                      0.000     0.000 r  
    AD12                                              0.000     0.000 r  i_sys_clk_p (IN)
                         net (fo=0)                   0.000     0.000    pll_inst/inst/clk_in1_p
    AD12                 IBUFDS (Prop_ibufds_I_O)     0.906     0.906 r  pll_inst/inst/clkin1_ibufgds/O
                         net (fo=1, routed)           2.299     3.205    pll_inst/inst/clk_in1_pll_buf
    BUFGCTRL_X0Y3        BUFG (Prop_bufg_I_O)         0.093     3.298 r  pll_inst/inst/clkin1_bufg1/O
                         net (fo=1, routed)           1.959     5.257    pll_inst/inst/clk_in1_pll
    PLLE2_ADV_X1Y0       PLLE2_ADV (Prop_plle2_adv_CLKIN1_CLKOUT0)
                                                     -4.519     0.738 r  pll_inst/inst/plle2_adv_inst/CLKOUT0
                         net (fo=1, routed)           2.467     3.205    pll_inst/inst/clk_out1_pll
    BUFGCTRL_X0Y1        BUFG (Prop_bufg_I_O)         0.093     3.298 r  pll_inst/inst/clkout1_buf/O
                         net (fo=434, routed)         1.471     4.769    twin_controller_inst/CLK
    SLICE_X17Y102        FDCE                                         r  twin_controller_inst/sw_reg[56]/C
  -------------------------------------------------------------------    -------------------
    SLICE_X17Y102        FDCE (Prop_fdce_C_Q)         0.223     4.992 r  twin_controller_inst/sw_reg[56]/Q
                         net (fo=3, routed)           1.464     6.456    student_top_inst/bridge_inst/sw_meta_reg[63]_0[56]
    SLICE_X69Y78         FDCE                                         r  student_top_inst/bridge_inst/sw_meta_reg[56]/D
  -------------------------------------------------------------------    -------------------

                         (clock clk_out2_pll rise edge)
                                                      0.000     0.000 r  
    AD12                                              0.000     0.000 r  i_sys_clk_p (IN)
                         net (fo=0)                   0.000     0.000    pll_inst/inst/clk_in1_p
    AD12                 IBUFDS (Prop_ibufds_I_O)     0.803     0.803 r  pll_inst/inst/clkin1_ibufgds/O
                         net (fo=1, routed)           2.173     2.976    pll_inst/inst/clk_in1_pll_buf
    BUFGCTRL_X0Y3        BUFG (Prop_bufg_I_O)         0.083     3.059 r  pll_inst/inst/clkin1_bufg1/O
                         net (fo=1, routed)           1.796     4.855    pll_inst/inst/clk_in1_pll
    PLLE2_ADV_X1Y0       PLLE2_ADV (Prop_plle2_adv_CLKIN1_CLKOUT1)
                                                     -4.213     0.642 r  pll_inst/inst/plle2_adv_inst/CLKOUT1
                         net (fo=1, routed)           2.334     2.976    pll_inst/inst/clk_out2_pll
    BUFGCTRL_X0Y0        BUFG (Prop_bufg_I_O)         0.083     3.059 r  pll_inst/inst/clkout2_buf/O
                         net (fo=3499, routed)        1.417     4.476    student_top_inst/bridge_inst/clk_out2
    SLICE_X69Y78         FDCE                                         r  student_top_inst/bridge_inst/sw_meta_reg[56]/C





Min Delay Paths
--------------------------------------------------------------------------------------
Slack:                    inf
  Source:                 student_top_inst/bridge_inst/counter_inst/cnt_ms_reg[24]/C
                            (rising edge-triggered cell FDRE clocked by clk_out1_pll  {rise@0.000ns fall@10.000ns period=20.000ns})
  Destination:            student_top_inst/bridge_inst/counter_inst/cnt_ms_gray_cpu_sync1_reg[23]/D
                            (rising edge-triggered cell FDRE clocked by clk_out2_pll  {rise@0.000ns fall@2.000ns period=4.000ns})
  Path Group:             (none)
  Path Type:              Hold (Min at Fast Process Corner)
  Data Path Delay:        0.219ns  (logic 0.128ns (58.384%)  route 0.091ns (41.616%))
  Logic Levels:           1  (LUT2=1)
  Clock Path Skew:        0.393ns (DCD - SCD - CPR)
    Destination Clock Delay (DCD):    2.531ns
    Source Clock Delay      (SCD):    2.137ns
    Clock Pessimism Removal (CPR):    -0.000ns
  Clock Uncertainty:      0.194ns  ((TSJ^2 + DJ^2)^1/2) / 2 + PE
    Total System Jitter     (TSJ):    0.071ns
    Discrete Jitter          (DJ):    0.129ns
    Phase Error              (PE):    0.120ns
  Timing Exception:       Asynchronous Clock Groups

    Location             Delay type                Incr(ns)  Path(ns)    Netlist Resource(s)
  -------------------------------------------------------------------    -------------------
                         (clock clk_out1_pll rise edge)
                                                      0.000     0.000 r  
    AD12                                              0.000     0.000 r  i_sys_clk_p (IN)
                         net (fo=0)                   0.000     0.000    pll_inst/inst/clk_in1_p
    AD12                 IBUFDS (Prop_ibufds_I_O)     0.388     0.388 r  pll_inst/inst/clkin1_ibufgds/O
                         net (fo=1, routed)           1.083     1.471    pll_inst/inst/clk_in1_pll_buf
    BUFGCTRL_X0Y3        BUFG (Prop_bufg_I_O)         0.026     1.497 r  pll_inst/inst/clkin1_bufg1/O
                         net (fo=1, routed)           0.767     2.264    pll_inst/inst/clk_in1_pll
    PLLE2_ADV_X1Y0       PLLE2_ADV (Prop_plle2_adv_CLKIN1_CLKOUT0)
                                                     -1.938     0.326 r  pll_inst/inst/plle2_adv_inst/CLKOUT0
                         net (fo=1, routed)           1.145     1.471    pll_inst/inst/clk_out1_pll
    BUFGCTRL_X0Y1        BUFG (Prop_bufg_I_O)         0.026     1.497 r  pll_inst/inst/clkout1_buf/O
                         net (fo=434, routed)         0.640     2.137    student_top_inst/bridge_inst/counter_inst/CLK
    SLICE_X61Y68         FDRE                                         r  student_top_inst/bridge_inst/counter_inst/cnt_ms_reg[24]/C
  -------------------------------------------------------------------    -------------------
    SLICE_X61Y68         FDRE (Prop_fdre_C_Q)         0.100     2.237 r  student_top_inst/bridge_inst/counter_inst/cnt_ms_reg[24]/Q
                         net (fo=3, routed)           0.091     2.329    student_top_inst/bridge_inst/counter_inst/cnt_ms_reg[30]_0[23]
    SLICE_X60Y68         LUT2 (Prop_lut2_I1_O)        0.028     2.357 r  student_top_inst/bridge_inst/counter_inst/cnt_ms_gray_cpu_sync1[23]_i_1/O
                         net (fo=1, routed)           0.000     2.357    student_top_inst/bridge_inst/counter_inst/cnt_ms_gray[23]
    SLICE_X60Y68         FDRE                                         r  student_top_inst/bridge_inst/counter_inst/cnt_ms_gray_cpu_sync1_reg[23]/D
  -------------------------------------------------------------------    -------------------

                         (clock clk_out2_pll rise edge)
                                                      0.000     0.000 r  
    AD12                                              0.000     0.000 r  i_sys_clk_p (IN)
                         net (fo=0)                   0.000     0.000    pll_inst/inst/clk_in1_p
    AD12                 IBUFDS (Prop_ibufds_I_O)     0.470     0.470 r  pll_inst/inst/clkin1_ibufgds/O
                         net (fo=1, routed)           1.154     1.624    pll_inst/inst/clk_in1_pll_buf
    BUFGCTRL_X0Y3        BUFG (Prop_bufg_I_O)         0.030     1.654 r  pll_inst/inst/clkin1_bufg1/O
                         net (fo=1, routed)           1.037     2.691    pll_inst/inst/clk_in1_pll
    PLLE2_ADV_X1Y0       PLLE2_ADV (Prop_plle2_adv_CLKIN1_CLKOUT1)
                                                     -2.283     0.408 r  pll_inst/inst/plle2_adv_inst/CLKOUT1
                         net (fo=1, routed)           1.216     1.624    pll_inst/inst/clk_out2_pll
    BUFGCTRL_X0Y0        BUFG (Prop_bufg_I_O)         0.030     1.654 r  pll_inst/inst/clkout2_buf/O
                         net (fo=3499, routed)        0.877     2.531    student_top_inst/bridge_inst/counter_inst/clk_out2
    SLICE_X60Y68         FDRE                                         r  student_top_inst/bridge_inst/counter_inst/cnt_ms_gray_cpu_sync1_reg[23]/C

Slack:                    inf
  Source:                 student_top_inst/bridge_inst/counter_inst/cnt_ms_reg[20]/C
                            (rising edge-triggered cell FDRE clocked by clk_out1_pll  {rise@0.000ns fall@10.000ns period=20.000ns})
  Destination:            student_top_inst/bridge_inst/counter_inst/cnt_ms_gray_cpu_sync1_reg[19]/D
                            (rising edge-triggered cell FDRE clocked by clk_out2_pll  {rise@0.000ns fall@2.000ns period=4.000ns})
  Path Group:             (none)
  Path Type:              Hold (Min at Fast Process Corner)
  Data Path Delay:        0.219ns  (logic 0.128ns (58.384%)  route 0.091ns (41.616%))
  Logic Levels:           1  (LUT2=1)
  Clock Path Skew:        0.393ns (DCD - SCD - CPR)
    Destination Clock Delay (DCD):    2.532ns
    Source Clock Delay      (SCD):    2.138ns
    Clock Pessimism Removal (CPR):    -0.000ns
  Clock Uncertainty:      0.194ns  ((TSJ^2 + DJ^2)^1/2) / 2 + PE
    Total System Jitter     (TSJ):    0.071ns
    Discrete Jitter          (DJ):    0.129ns
    Phase Error              (PE):    0.120ns
  Timing Exception:       Asynchronous Clock Groups

    Location             Delay type                Incr(ns)  Path(ns)    Netlist Resource(s)
  -------------------------------------------------------------------    -------------------
                         (clock clk_out1_pll rise edge)
                                                      0.000     0.000 r  
    AD12                                              0.000     0.000 r  i_sys_clk_p (IN)
                         net (fo=0)                   0.000     0.000    pll_inst/inst/clk_in1_p
    AD12                 IBUFDS (Prop_ibufds_I_O)     0.388     0.388 r  pll_inst/inst/clkin1_ibufgds/O
                         net (fo=1, routed)           1.083     1.471    pll_inst/inst/clk_in1_pll_buf
    BUFGCTRL_X0Y3        BUFG (Prop_bufg_I_O)         0.026     1.497 r  pll_inst/inst/clkin1_bufg1/O
                         net (fo=1, routed)           0.767     2.264    pll_inst/inst/clk_in1_pll
    PLLE2_ADV_X1Y0       PLLE2_ADV (Prop_plle2_adv_CLKIN1_CLKOUT0)
                                                     -1.938     0.326 r  pll_inst/inst/plle2_adv_inst/CLKOUT0
                         net (fo=1, routed)           1.145     1.471    pll_inst/inst/clk_out1_pll
    BUFGCTRL_X0Y1        BUFG (Prop_bufg_I_O)         0.026     1.497 r  pll_inst/inst/clkout1_buf/O
                         net (fo=434, routed)         0.641     2.138    student_top_inst/bridge_inst/counter_inst/CLK
    SLICE_X61Y67         FDRE                                         r  student_top_inst/bridge_inst/counter_inst/cnt_ms_reg[20]/C
  -------------------------------------------------------------------    -------------------
    SLICE_X61Y67         FDRE (Prop_fdre_C_Q)         0.100     2.238 r  student_top_inst/bridge_inst/counter_inst/cnt_ms_reg[20]/Q
                         net (fo=3, routed)           0.091     2.330    student_top_inst/bridge_inst/counter_inst/cnt_ms_reg[30]_0[19]
    SLICE_X60Y67         LUT2 (Prop_lut2_I1_O)        0.028     2.358 r  student_top_inst/bridge_inst/counter_inst/cnt_ms_gray_cpu_sync1[19]_i_1/O
                         net (fo=1, routed)           0.000     2.358    student_top_inst/bridge_inst/counter_inst/cnt_ms_gray[19]
    SLICE_X60Y67         FDRE                                         r  student_top_inst/bridge_inst/counter_inst/cnt_ms_gray_cpu_sync1_reg[19]/D
  -------------------------------------------------------------------    -------------------

                         (clock clk_out2_pll rise edge)
                                                      0.000     0.000 r  
    AD12                                              0.000     0.000 r  i_sys_clk_p (IN)
                         net (fo=0)                   0.000     0.000    pll_inst/inst/clk_in1_p
    AD12                 IBUFDS (Prop_ibufds_I_O)     0.470     0.470 r  pll_inst/inst/clkin1_ibufgds/O
                         net (fo=1, routed)           1.154     1.624    pll_inst/inst/clk_in1_pll_buf
    BUFGCTRL_X0Y3        BUFG (Prop_bufg_I_O)         0.030     1.654 r  pll_inst/inst/clkin1_bufg1/O
                         net (fo=1, routed)           1.037     2.691    pll_inst/inst/clk_in1_pll
    PLLE2_ADV_X1Y0       PLLE2_ADV (Prop_plle2_adv_CLKIN1_CLKOUT1)
                                                     -2.283     0.408 r  pll_inst/inst/plle2_adv_inst/CLKOUT1
                         net (fo=1, routed)           1.216     1.624    pll_inst/inst/clk_out2_pll
    BUFGCTRL_X0Y0        BUFG (Prop_bufg_I_O)         0.030     1.654 r  pll_inst/inst/clkout2_buf/O
                         net (fo=3499, routed)        0.878     2.532    student_top_inst/bridge_inst/counter_inst/clk_out2
    SLICE_X60Y67         FDRE                                         r  student_top_inst/bridge_inst/counter_inst/cnt_ms_gray_cpu_sync1_reg[19]/C

Slack:                    inf
  Source:                 student_top_inst/bridge_inst/counter_inst/cnt_ms_reg[16]/C
                            (rising edge-triggered cell FDRE clocked by clk_out1_pll  {rise@0.000ns fall@10.000ns period=20.000ns})
  Destination:            student_top_inst/bridge_inst/counter_inst/cnt_ms_gray_cpu_sync1_reg[15]/D
                            (rising edge-triggered cell FDRE clocked by clk_out2_pll  {rise@0.000ns fall@2.000ns period=4.000ns})
  Path Group:             (none)
  Path Type:              Hold (Min at Fast Process Corner)
  Data Path Delay:        0.219ns  (logic 0.128ns (58.384%)  route 0.091ns (41.616%))
  Logic Levels:           1  (LUT2=1)
  Clock Path Skew:        0.393ns (DCD - SCD - CPR)
    Destination Clock Delay (DCD):    2.533ns
    Source Clock Delay      (SCD):    2.139ns
    Clock Pessimism Removal (CPR):    -0.000ns
  Clock Uncertainty:      0.194ns  ((TSJ^2 + DJ^2)^1/2) / 2 + PE
    Total System Jitter     (TSJ):    0.071ns
    Discrete Jitter          (DJ):    0.129ns
    Phase Error              (PE):    0.120ns
  Timing Exception:       Asynchronous Clock Groups

    Location             Delay type                Incr(ns)  Path(ns)    Netlist Resource(s)
  -------------------------------------------------------------------    -------------------
                         (clock clk_out1_pll rise edge)
                                                      0.000     0.000 r  
    AD12                                              0.000     0.000 r  i_sys_clk_p (IN)
                         net (fo=0)                   0.000     0.000    pll_inst/inst/clk_in1_p
    AD12                 IBUFDS (Prop_ibufds_I_O)     0.388     0.388 r  pll_inst/inst/clkin1_ibufgds/O
                         net (fo=1, routed)           1.083     1.471    pll_inst/inst/clk_in1_pll_buf
    BUFGCTRL_X0Y3        BUFG (Prop_bufg_I_O)         0.026     1.497 r  pll_inst/inst/clkin1_bufg1/O
                         net (fo=1, routed)           0.767     2.264    pll_inst/inst/clk_in1_pll
    PLLE2_ADV_X1Y0       PLLE2_ADV (Prop_plle2_adv_CLKIN1_CLKOUT0)
                                                     -1.938     0.326 r  pll_inst/inst/plle2_adv_inst/CLKOUT0
                         net (fo=1, routed)           1.145     1.471    pll_inst/inst/clk_out1_pll
    BUFGCTRL_X0Y1        BUFG (Prop_bufg_I_O)         0.026     1.497 r  pll_inst/inst/clkout1_buf/O
                         net (fo=434, routed)         0.642     2.139    student_top_inst/bridge_inst/counter_inst/CLK
    SLICE_X61Y66         FDRE                                         r  student_top_inst/bridge_inst/counter_inst/cnt_ms_reg[16]/C
  -------------------------------------------------------------------    -------------------
    SLICE_X61Y66         FDRE (Prop_fdre_C_Q)         0.100     2.239 r  student_top_inst/bridge_inst/counter_inst/cnt_ms_reg[16]/Q
                         net (fo=3, routed)           0.091     2.331    student_top_inst/bridge_inst/counter_inst/cnt_ms_reg[30]_0[15]
    SLICE_X60Y66         LUT2 (Prop_lut2_I1_O)        0.028     2.359 r  student_top_inst/bridge_inst/counter_inst/cnt_ms_gray_cpu_sync1[15]_i_1/O
                         net (fo=1, routed)           0.000     2.359    student_top_inst/bridge_inst/counter_inst/cnt_ms_gray[15]
    SLICE_X60Y66         FDRE                                         r  student_top_inst/bridge_inst/counter_inst/cnt_ms_gray_cpu_sync1_reg[15]/D
  -------------------------------------------------------------------    -------------------

                         (clock clk_out2_pll rise edge)
                                                      0.000     0.000 r  
    AD12                                              0.000     0.000 r  i_sys_clk_p (IN)
                         net (fo=0)                   0.000     0.000    pll_inst/inst/clk_in1_p
    AD12                 IBUFDS (Prop_ibufds_I_O)     0.470     0.470 r  pll_inst/inst/clkin1_ibufgds/O
                         net (fo=1, routed)           1.154     1.624    pll_inst/inst/clk_in1_pll_buf
    BUFGCTRL_X0Y3        BUFG (Prop_bufg_I_O)         0.030     1.654 r  pll_inst/inst/clkin1_bufg1/O
                         net (fo=1, routed)           1.037     2.691    pll_inst/inst/clk_in1_pll
    PLLE2_ADV_X1Y0       PLLE2_ADV (Prop_plle2_adv_CLKIN1_CLKOUT1)
                                                     -2.283     0.408 r  pll_inst/inst/plle2_adv_inst/CLKOUT1
                         net (fo=1, routed)           1.216     1.624    pll_inst/inst/clk_out2_pll
    BUFGCTRL_X0Y0        BUFG (Prop_bufg_I_O)         0.030     1.654 r  pll_inst/inst/clkout2_buf/O
                         net (fo=3499, routed)        0.879     2.533    student_top_inst/bridge_inst/counter_inst/clk_out2
    SLICE_X60Y66         FDRE                                         r  student_top_inst/bridge_inst/counter_inst/cnt_ms_gray_cpu_sync1_reg[15]/C

Slack:                    inf
  Source:                 student_top_inst/bridge_inst/counter_inst/cnt_ms_reg[24]/C
                            (rising edge-triggered cell FDRE clocked by clk_out1_pll  {rise@0.000ns fall@10.000ns period=20.000ns})
  Destination:            student_top_inst/bridge_inst/counter_inst/cnt_ms_gray_cpu_sync1_reg[24]/D
                            (rising edge-triggered cell FDRE clocked by clk_out2_pll  {rise@0.000ns fall@2.000ns period=4.000ns})
  Path Group:             (none)
  Path Type:              Hold (Min at Fast Process Corner)
  Data Path Delay:        0.221ns  (logic 0.130ns (58.760%)  route 0.091ns (41.240%))
  Logic Levels:           1  (LUT2=1)
  Clock Path Skew:        0.393ns (DCD - SCD - CPR)
    Destination Clock Delay (DCD):    2.531ns
    Source Clock Delay      (SCD):    2.137ns
    Clock Pessimism Removal (CPR):    -0.000ns
  Clock Uncertainty:      0.194ns  ((TSJ^2 + DJ^2)^1/2) / 2 + PE
    Total System Jitter     (TSJ):    0.071ns
    Discrete Jitter          (DJ):    0.129ns
    Phase Error              (PE):    0.120ns
  Timing Exception:       Asynchronous Clock Groups

    Location             Delay type                Incr(ns)  Path(ns)    Netlist Resource(s)
  -------------------------------------------------------------------    -------------------
                         (clock clk_out1_pll rise edge)
                                                      0.000     0.000 r  
    AD12                                              0.000     0.000 r  i_sys_clk_p (IN)
                         net (fo=0)                   0.000     0.000    pll_inst/inst/clk_in1_p
    AD12                 IBUFDS (Prop_ibufds_I_O)     0.388     0.388 r  pll_inst/inst/clkin1_ibufgds/O
                         net (fo=1, routed)           1.083     1.471    pll_inst/inst/clk_in1_pll_buf
    BUFGCTRL_X0Y3        BUFG (Prop_bufg_I_O)         0.026     1.497 r  pll_inst/inst/clkin1_bufg1/O
                         net (fo=1, routed)           0.767     2.264    pll_inst/inst/clk_in1_pll
    PLLE2_ADV_X1Y0       PLLE2_ADV (Prop_plle2_adv_CLKIN1_CLKOUT0)
                                                     -1.938     0.326 r  pll_inst/inst/plle2_adv_inst/CLKOUT0
                         net (fo=1, routed)           1.145     1.471    pll_inst/inst/clk_out1_pll
    BUFGCTRL_X0Y1        BUFG (Prop_bufg_I_O)         0.026     1.497 r  pll_inst/inst/clkout1_buf/O
                         net (fo=434, routed)         0.640     2.137    student_top_inst/bridge_inst/counter_inst/CLK
    SLICE_X61Y68         FDRE                                         r  student_top_inst/bridge_inst/counter_inst/cnt_ms_reg[24]/C
  -------------------------------------------------------------------    -------------------
    SLICE_X61Y68         FDRE (Prop_fdre_C_Q)         0.100     2.237 r  student_top_inst/bridge_inst/counter_inst/cnt_ms_reg[24]/Q
                         net (fo=3, routed)           0.091     2.329    student_top_inst/bridge_inst/counter_inst/cnt_ms_reg[30]_0[23]
    SLICE_X60Y68         LUT2 (Prop_lut2_I0_O)        0.030     2.359 r  student_top_inst/bridge_inst/counter_inst/cnt_ms_gray_cpu_sync1[24]_i_1/O
                         net (fo=1, routed)           0.000     2.359    student_top_inst/bridge_inst/counter_inst/cnt_ms_gray[24]
    SLICE_X60Y68         FDRE                                         r  student_top_inst/bridge_inst/counter_inst/cnt_ms_gray_cpu_sync1_reg[24]/D
  -------------------------------------------------------------------    -------------------

                         (clock clk_out2_pll rise edge)
                                                      0.000     0.000 r  
    AD12                                              0.000     0.000 r  i_sys_clk_p (IN)
                         net (fo=0)                   0.000     0.000    pll_inst/inst/clk_in1_p
    AD12                 IBUFDS (Prop_ibufds_I_O)     0.470     0.470 r  pll_inst/inst/clkin1_ibufgds/O
                         net (fo=1, routed)           1.154     1.624    pll_inst/inst/clk_in1_pll_buf
    BUFGCTRL_X0Y3        BUFG (Prop_bufg_I_O)         0.030     1.654 r  pll_inst/inst/clkin1_bufg1/O
                         net (fo=1, routed)           1.037     2.691    pll_inst/inst/clk_in1_pll
    PLLE2_ADV_X1Y0       PLLE2_ADV (Prop_plle2_adv_CLKIN1_CLKOUT1)
                                                     -2.283     0.408 r  pll_inst/inst/plle2_adv_inst/CLKOUT1
                         net (fo=1, routed)           1.216     1.624    pll_inst/inst/clk_out2_pll
    BUFGCTRL_X0Y0        BUFG (Prop_bufg_I_O)         0.030     1.654 r  pll_inst/inst/clkout2_buf/O
                         net (fo=3499, routed)        0.877     2.531    student_top_inst/bridge_inst/counter_inst/clk_out2
    SLICE_X60Y68         FDRE                                         r  student_top_inst/bridge_inst/counter_inst/cnt_ms_gray_cpu_sync1_reg[24]/C

Slack:                    inf
  Source:                 student_top_inst/bridge_inst/counter_inst/cnt_ms_reg[20]/C
                            (rising edge-triggered cell FDRE clocked by clk_out1_pll  {rise@0.000ns fall@10.000ns period=20.000ns})
  Destination:            student_top_inst/bridge_inst/counter_inst/cnt_ms_gray_cpu_sync1_reg[20]/D
                            (rising edge-triggered cell FDRE clocked by clk_out2_pll  {rise@0.000ns fall@2.000ns period=4.000ns})
  Path Group:             (none)
  Path Type:              Hold (Min at Fast Process Corner)
  Data Path Delay:        0.221ns  (logic 0.130ns (58.760%)  route 0.091ns (41.240%))
  Logic Levels:           1  (LUT2=1)
  Clock Path Skew:        0.393ns (DCD - SCD - CPR)
    Destination Clock Delay (DCD):    2.532ns
    Source Clock Delay      (SCD):    2.138ns
    Clock Pessimism Removal (CPR):    -0.000ns
  Clock Uncertainty:      0.194ns  ((TSJ^2 + DJ^2)^1/2) / 2 + PE
    Total System Jitter     (TSJ):    0.071ns
    Discrete Jitter          (DJ):    0.129ns
    Phase Error              (PE):    0.120ns
  Timing Exception:       Asynchronous Clock Groups

    Location             Delay type                Incr(ns)  Path(ns)    Netlist Resource(s)
  -------------------------------------------------------------------    -------------------
                         (clock clk_out1_pll rise edge)
                                                      0.000     0.000 r  
    AD12                                              0.000     0.000 r  i_sys_clk_p (IN)
                         net (fo=0)                   0.000     0.000    pll_inst/inst/clk_in1_p
    AD12                 IBUFDS (Prop_ibufds_I_O)     0.388     0.388 r  pll_inst/inst/clkin1_ibufgds/O
                         net (fo=1, routed)           1.083     1.471    pll_inst/inst/clk_in1_pll_buf
    BUFGCTRL_X0Y3        BUFG (Prop_bufg_I_O)         0.026     1.497 r  pll_inst/inst/clkin1_bufg1/O
                         net (fo=1, routed)           0.767     2.264    pll_inst/inst/clk_in1_pll
    PLLE2_ADV_X1Y0       PLLE2_ADV (Prop_plle2_adv_CLKIN1_CLKOUT0)
                                                     -1.938     0.326 r  pll_inst/inst/plle2_adv_inst/CLKOUT0
                         net (fo=1, routed)           1.145     1.471    pll_inst/inst/clk_out1_pll
    BUFGCTRL_X0Y1        BUFG (Prop_bufg_I_O)         0.026     1.497 r  pll_inst/inst/clkout1_buf/O
                         net (fo=434, routed)         0.641     2.138    student_top_inst/bridge_inst/counter_inst/CLK
    SLICE_X61Y67         FDRE                                         r  student_top_inst/bridge_inst/counter_inst/cnt_ms_reg[20]/C
  -------------------------------------------------------------------    -------------------
    SLICE_X61Y67         FDRE (Prop_fdre_C_Q)         0.100     2.238 r  student_top_inst/bridge_inst/counter_inst/cnt_ms_reg[20]/Q
                         net (fo=3, routed)           0.091     2.330    student_top_inst/bridge_inst/counter_inst/cnt_ms_reg[30]_0[19]
    SLICE_X60Y67         LUT2 (Prop_lut2_I0_O)        0.030     2.360 r  student_top_inst/bridge_inst/counter_inst/cnt_ms_gray_cpu_sync1[20]_i_1/O
                         net (fo=1, routed)           0.000     2.360    student_top_inst/bridge_inst/counter_inst/cnt_ms_gray[20]
    SLICE_X60Y67         FDRE                                         r  student_top_inst/bridge_inst/counter_inst/cnt_ms_gray_cpu_sync1_reg[20]/D
  -------------------------------------------------------------------    -------------------

                         (clock clk_out2_pll rise edge)
                                                      0.000     0.000 r  
    AD12                                              0.000     0.000 r  i_sys_clk_p (IN)
                         net (fo=0)                   0.000     0.000    pll_inst/inst/clk_in1_p
    AD12                 IBUFDS (Prop_ibufds_I_O)     0.470     0.470 r  pll_inst/inst/clkin1_ibufgds/O
                         net (fo=1, routed)           1.154     1.624    pll_inst/inst/clk_in1_pll_buf
    BUFGCTRL_X0Y3        BUFG (Prop_bufg_I_O)         0.030     1.654 r  pll_inst/inst/clkin1_bufg1/O
                         net (fo=1, routed)           1.037     2.691    pll_inst/inst/clk_in1_pll
    PLLE2_ADV_X1Y0       PLLE2_ADV (Prop_plle2_adv_CLKIN1_CLKOUT1)
                                                     -2.283     0.408 r  pll_inst/inst/plle2_adv_inst/CLKOUT1
                         net (fo=1, routed)           1.216     1.624    pll_inst/inst/clk_out2_pll
    BUFGCTRL_X0Y0        BUFG (Prop_bufg_I_O)         0.030     1.654 r  pll_inst/inst/clkout2_buf/O
                         net (fo=3499, routed)        0.878     2.532    student_top_inst/bridge_inst/counter_inst/clk_out2
    SLICE_X60Y67         FDRE                                         r  student_top_inst/bridge_inst/counter_inst/cnt_ms_gray_cpu_sync1_reg[20]/C

Slack:                    inf
  Source:                 student_top_inst/bridge_inst/counter_inst/cnt_ms_reg[16]/C
                            (rising edge-triggered cell FDRE clocked by clk_out1_pll  {rise@0.000ns fall@10.000ns period=20.000ns})
  Destination:            student_top_inst/bridge_inst/counter_inst/cnt_ms_gray_cpu_sync1_reg[16]/D
                            (rising edge-triggered cell FDRE clocked by clk_out2_pll  {rise@0.000ns fall@2.000ns period=4.000ns})
  Path Group:             (none)
  Path Type:              Hold (Min at Fast Process Corner)
  Data Path Delay:        0.221ns  (logic 0.130ns (58.760%)  route 0.091ns (41.240%))
  Logic Levels:           1  (LUT2=1)
  Clock Path Skew:        0.393ns (DCD - SCD - CPR)
    Destination Clock Delay (DCD):    2.533ns
    Source Clock Delay      (SCD):    2.139ns
    Clock Pessimism Removal (CPR):    -0.000ns
  Clock Uncertainty:      0.194ns  ((TSJ^2 + DJ^2)^1/2) / 2 + PE
    Total System Jitter     (TSJ):    0.071ns
    Discrete Jitter          (DJ):    0.129ns
    Phase Error              (PE):    0.120ns
  Timing Exception:       Asynchronous Clock Groups

    Location             Delay type                Incr(ns)  Path(ns)    Netlist Resource(s)
  -------------------------------------------------------------------    -------------------
                         (clock clk_out1_pll rise edge)
                                                      0.000     0.000 r  
    AD12                                              0.000     0.000 r  i_sys_clk_p (IN)
                         net (fo=0)                   0.000     0.000    pll_inst/inst/clk_in1_p
    AD12                 IBUFDS (Prop_ibufds_I_O)     0.388     0.388 r  pll_inst/inst/clkin1_ibufgds/O
                         net (fo=1, routed)           1.083     1.471    pll_inst/inst/clk_in1_pll_buf
    BUFGCTRL_X0Y3        BUFG (Prop_bufg_I_O)         0.026     1.497 r  pll_inst/inst/clkin1_bufg1/O
                         net (fo=1, routed)           0.767     2.264    pll_inst/inst/clk_in1_pll
    PLLE2_ADV_X1Y0       PLLE2_ADV (Prop_plle2_adv_CLKIN1_CLKOUT0)
                                                     -1.938     0.326 r  pll_inst/inst/plle2_adv_inst/CLKOUT0
                         net (fo=1, routed)           1.145     1.471    pll_inst/inst/clk_out1_pll
    BUFGCTRL_X0Y1        BUFG (Prop_bufg_I_O)         0.026     1.497 r  pll_inst/inst/clkout1_buf/O
                         net (fo=434, routed)         0.642     2.139    student_top_inst/bridge_inst/counter_inst/CLK
    SLICE_X61Y66         FDRE                                         r  student_top_inst/bridge_inst/counter_inst/cnt_ms_reg[16]/C
  -------------------------------------------------------------------    -------------------
    SLICE_X61Y66         FDRE (Prop_fdre_C_Q)         0.100     2.239 r  student_top_inst/bridge_inst/counter_inst/cnt_ms_reg[16]/Q
                         net (fo=3, routed)           0.091     2.331    student_top_inst/bridge_inst/counter_inst/cnt_ms_reg[30]_0[15]
    SLICE_X60Y66         LUT2 (Prop_lut2_I0_O)        0.030     2.361 r  student_top_inst/bridge_inst/counter_inst/cnt_ms_gray_cpu_sync1[16]_i_1/O
                         net (fo=1, routed)           0.000     2.361    student_top_inst/bridge_inst/counter_inst/cnt_ms_gray[16]
    SLICE_X60Y66         FDRE                                         r  student_top_inst/bridge_inst/counter_inst/cnt_ms_gray_cpu_sync1_reg[16]/D
  -------------------------------------------------------------------    -------------------

                         (clock clk_out2_pll rise edge)
                                                      0.000     0.000 r  
    AD12                                              0.000     0.000 r  i_sys_clk_p (IN)
                         net (fo=0)                   0.000     0.000    pll_inst/inst/clk_in1_p
    AD12                 IBUFDS (Prop_ibufds_I_O)     0.470     0.470 r  pll_inst/inst/clkin1_ibufgds/O
                         net (fo=1, routed)           1.154     1.624    pll_inst/inst/clk_in1_pll_buf
    BUFGCTRL_X0Y3        BUFG (Prop_bufg_I_O)         0.030     1.654 r  pll_inst/inst/clkin1_bufg1/O
                         net (fo=1, routed)           1.037     2.691    pll_inst/inst/clk_in1_pll
    PLLE2_ADV_X1Y0       PLLE2_ADV (Prop_plle2_adv_CLKIN1_CLKOUT1)
                                                     -2.283     0.408 r  pll_inst/inst/plle2_adv_inst/CLKOUT1
                         net (fo=1, routed)           1.216     1.624    pll_inst/inst/clk_out2_pll
    BUFGCTRL_X0Y0        BUFG (Prop_bufg_I_O)         0.030     1.654 r  pll_inst/inst/clkout2_buf/O
                         net (fo=3499, routed)        0.879     2.533    student_top_inst/bridge_inst/counter_inst/clk_out2
    SLICE_X60Y66         FDRE                                         r  student_top_inst/bridge_inst/counter_inst/cnt_ms_gray_cpu_sync1_reg[16]/C

Slack:                    inf
  Source:                 student_top_inst/bridge_inst/led_ack_toggle_cnt_reg/C
                            (rising edge-triggered cell FDCE clocked by clk_out1_pll  {rise@0.000ns fall@10.000ns period=20.000ns})
  Destination:            student_top_inst/bridge_inst/led_ack_meta_cpu_reg/D
                            (rising edge-triggered cell FDCE clocked by clk_out2_pll  {rise@0.000ns fall@2.000ns period=4.000ns})
  Path Group:             (none)
  Path Type:              Hold (Min at Fast Process Corner)
  Data Path Delay:        0.235ns  (logic 0.118ns (50.263%)  route 0.117ns (49.737%))
  Logic Levels:           0  
  Clock Path Skew:        0.377ns (DCD - SCD - CPR)
    Destination Clock Delay (DCD):    2.516ns
    Source Clock Delay      (SCD):    2.138ns
    Clock Pessimism Removal (CPR):    -0.000ns
  Clock Uncertainty:      0.194ns  ((TSJ^2 + DJ^2)^1/2) / 2 + PE
    Total System Jitter     (TSJ):    0.071ns
    Discrete Jitter          (DJ):    0.129ns
    Phase Error              (PE):    0.120ns
  Timing Exception:       Asynchronous Clock Groups

    Location             Delay type                Incr(ns)  Path(ns)    Netlist Resource(s)
  -------------------------------------------------------------------    -------------------
                         (clock clk_out1_pll rise edge)
                                                      0.000     0.000 r  
    AD12                                              0.000     0.000 r  i_sys_clk_p (IN)
                         net (fo=0)                   0.000     0.000    pll_inst/inst/clk_in1_p
    AD12                 IBUFDS (Prop_ibufds_I_O)     0.388     0.388 r  pll_inst/inst/clkin1_ibufgds/O
                         net (fo=1, routed)           1.083     1.471    pll_inst/inst/clk_in1_pll_buf
    BUFGCTRL_X0Y3        BUFG (Prop_bufg_I_O)         0.026     1.497 r  pll_inst/inst/clkin1_bufg1/O
                         net (fo=1, routed)           0.767     2.264    pll_inst/inst/clk_in1_pll
    PLLE2_ADV_X1Y0       PLLE2_ADV (Prop_plle2_adv_CLKIN1_CLKOUT0)
                                                     -1.938     0.326 r  pll_inst/inst/plle2_adv_inst/CLKOUT0
                         net (fo=1, routed)           1.145     1.471    pll_inst/inst/clk_out1_pll
    BUFGCTRL_X0Y1        BUFG (Prop_bufg_I_O)         0.026     1.497 r  pll_inst/inst/clkout1_buf/O
                         net (fo=434, routed)         0.641     2.138    student_top_inst/bridge_inst/CLK
    SLICE_X20Y103        FDCE                                         r  student_top_inst/bridge_inst/led_ack_toggle_cnt_reg/C
  -------------------------------------------------------------------    -------------------
    SLICE_X20Y103        FDCE (Prop_fdce_C_Q)         0.118     2.256 r  student_top_inst/bridge_inst/led_ack_toggle_cnt_reg/Q
                         net (fo=2, routed)           0.117     2.373    student_top_inst/bridge_inst/led_ack_toggle_cnt
    SLICE_X21Y103        FDCE                                         r  student_top_inst/bridge_inst/led_ack_meta_cpu_reg/D
  -------------------------------------------------------------------    -------------------

                         (clock clk_out2_pll rise edge)
                                                      0.000     0.000 r  
    AD12                                              0.000     0.000 r  i_sys_clk_p (IN)
                         net (fo=0)                   0.000     0.000    pll_inst/inst/clk_in1_p
    AD12                 IBUFDS (Prop_ibufds_I_O)     0.470     0.470 r  pll_inst/inst/clkin1_ibufgds/O
                         net (fo=1, routed)           1.154     1.624    pll_inst/inst/clk_in1_pll_buf
    BUFGCTRL_X0Y3        BUFG (Prop_bufg_I_O)         0.030     1.654 r  pll_inst/inst/clkin1_bufg1/O
                         net (fo=1, routed)           1.037     2.691    pll_inst/inst/clk_in1_pll
    PLLE2_ADV_X1Y0       PLLE2_ADV (Prop_plle2_adv_CLKIN1_CLKOUT1)
                                                     -2.283     0.408 r  pll_inst/inst/plle2_adv_inst/CLKOUT1
                         net (fo=1, routed)           1.216     1.624    pll_inst/inst/clk_out2_pll
    BUFGCTRL_X0Y0        BUFG (Prop_bufg_I_O)         0.030     1.654 r  pll_inst/inst/clkout2_buf/O
                         net (fo=3499, routed)        0.862     2.516    student_top_inst/bridge_inst/clk_out2
    SLICE_X21Y103        FDCE                                         r  student_top_inst/bridge_inst/led_ack_meta_cpu_reg/C

Slack:                    inf
  Source:                 student_top_inst/bridge_inst/counter_inst/cnt_ms_reg[21]/C
                            (rising edge-triggered cell FDRE clocked by clk_out1_pll  {rise@0.000ns fall@10.000ns period=20.000ns})
  Destination:            student_top_inst/bridge_inst/counter_inst/cnt_ms_gray_cpu_sync1_reg[21]/D
                            (rising edge-triggered cell FDRE clocked by clk_out2_pll  {rise@0.000ns fall@2.000ns period=4.000ns})
  Path Group:             (none)
  Path Type:              Hold (Min at Fast Process Corner)
  Data Path Delay:        0.263ns  (logic 0.128ns (48.690%)  route 0.135ns (51.310%))
  Logic Levels:           1  (LUT2=1)
  Clock Path Skew:        0.393ns (DCD - SCD - CPR)
    Destination Clock Delay (DCD):    2.532ns
    Source Clock Delay      (SCD):    2.138ns
    Clock Pessimism Removal (CPR):    -0.000ns
  Clock Uncertainty:      0.194ns  ((TSJ^2 + DJ^2)^1/2) / 2 + PE
    Total System Jitter     (TSJ):    0.071ns
    Discrete Jitter          (DJ):    0.129ns
    Phase Error              (PE):    0.120ns
  Timing Exception:       Asynchronous Clock Groups

    Location             Delay type                Incr(ns)  Path(ns)    Netlist Resource(s)
  -------------------------------------------------------------------    -------------------
                         (clock clk_out1_pll rise edge)
                                                      0.000     0.000 r  
    AD12                                              0.000     0.000 r  i_sys_clk_p (IN)
                         net (fo=0)                   0.000     0.000    pll_inst/inst/clk_in1_p
    AD12                 IBUFDS (Prop_ibufds_I_O)     0.388     0.388 r  pll_inst/inst/clkin1_ibufgds/O
                         net (fo=1, routed)           1.083     1.471    pll_inst/inst/clk_in1_pll_buf
    BUFGCTRL_X0Y3        BUFG (Prop_bufg_I_O)         0.026     1.497 r  pll_inst/inst/clkin1_bufg1/O
                         net (fo=1, routed)           0.767     2.264    pll_inst/inst/clk_in1_pll
    PLLE2_ADV_X1Y0       PLLE2_ADV (Prop_plle2_adv_CLKIN1_CLKOUT0)
                                                     -1.938     0.326 r  pll_inst/inst/plle2_adv_inst/CLKOUT0
                         net (fo=1, routed)           1.145     1.471    pll_inst/inst/clk_out1_pll
    BUFGCTRL_X0Y1        BUFG (Prop_bufg_I_O)         0.026     1.497 r  pll_inst/inst/clkout1_buf/O
                         net (fo=434, routed)         0.641     2.138    student_top_inst/bridge_inst/counter_inst/CLK
    SLICE_X61Y67         FDRE                                         r  student_top_inst/bridge_inst/counter_inst/cnt_ms_reg[21]/C
  -------------------------------------------------------------------    -------------------
    SLICE_X61Y67         FDRE (Prop_fdre_C_Q)         0.100     2.238 r  student_top_inst/bridge_inst/counter_inst/cnt_ms_reg[21]/Q
                         net (fo=3, routed)           0.135     2.373    student_top_inst/bridge_inst/counter_inst/cnt_ms_reg[30]_0[20]
    SLICE_X60Y67         LUT2 (Prop_lut2_I0_O)        0.028     2.401 r  student_top_inst/bridge_inst/counter_inst/cnt_ms_gray_cpu_sync1[21]_i_1/O
                         net (fo=1, routed)           0.000     2.401    student_top_inst/bridge_inst/counter_inst/cnt_ms_gray[21]
    SLICE_X60Y67         FDRE                                         r  student_top_inst/bridge_inst/counter_inst/cnt_ms_gray_cpu_sync1_reg[21]/D
  -------------------------------------------------------------------    -------------------

                         (clock clk_out2_pll rise edge)
                                                      0.000     0.000 r  
    AD12                                              0.000     0.000 r  i_sys_clk_p (IN)
                         net (fo=0)                   0.000     0.000    pll_inst/inst/clk_in1_p
    AD12                 IBUFDS (Prop_ibufds_I_O)     0.470     0.470 r  pll_inst/inst/clkin1_ibufgds/O
                         net (fo=1, routed)           1.154     1.624    pll_inst/inst/clk_in1_pll_buf
    BUFGCTRL_X0Y3        BUFG (Prop_bufg_I_O)         0.030     1.654 r  pll_inst/inst/clkin1_bufg1/O
                         net (fo=1, routed)           1.037     2.691    pll_inst/inst/clk_in1_pll
    PLLE2_ADV_X1Y0       PLLE2_ADV (Prop_plle2_adv_CLKIN1_CLKOUT1)
                                                     -2.283     0.408 r  pll_inst/inst/plle2_adv_inst/CLKOUT1
                         net (fo=1, routed)           1.216     1.624    pll_inst/inst/clk_out2_pll
    BUFGCTRL_X0Y0        BUFG (Prop_bufg_I_O)         0.030     1.654 r  pll_inst/inst/clkout2_buf/O
                         net (fo=3499, routed)        0.878     2.532    student_top_inst/bridge_inst/counter_inst/clk_out2
    SLICE_X60Y67         FDRE                                         r  student_top_inst/bridge_inst/counter_inst/cnt_ms_gray_cpu_sync1_reg[21]/C

Slack:                    inf
  Source:                 student_top_inst/bridge_inst/counter_inst/cnt_ms_reg[17]/C
                            (rising edge-triggered cell FDRE clocked by clk_out1_pll  {rise@0.000ns fall@10.000ns period=20.000ns})
  Destination:            student_top_inst/bridge_inst/counter_inst/cnt_ms_gray_cpu_sync1_reg[17]/D
                            (rising edge-triggered cell FDRE clocked by clk_out2_pll  {rise@0.000ns fall@2.000ns period=4.000ns})
  Path Group:             (none)
  Path Type:              Hold (Min at Fast Process Corner)
  Data Path Delay:        0.263ns  (logic 0.128ns (48.725%)  route 0.135ns (51.275%))
  Logic Levels:           1  (LUT2=1)
  Clock Path Skew:        0.393ns (DCD - SCD - CPR)
    Destination Clock Delay (DCD):    2.533ns
    Source Clock Delay      (SCD):    2.139ns
    Clock Pessimism Removal (CPR):    -0.000ns
  Clock Uncertainty:      0.194ns  ((TSJ^2 + DJ^2)^1/2) / 2 + PE
    Total System Jitter     (TSJ):    0.071ns
    Discrete Jitter          (DJ):    0.129ns
    Phase Error              (PE):    0.120ns
  Timing Exception:       Asynchronous Clock Groups

    Location             Delay type                Incr(ns)  Path(ns)    Netlist Resource(s)
  -------------------------------------------------------------------    -------------------
                         (clock clk_out1_pll rise edge)
                                                      0.000     0.000 r  
    AD12                                              0.000     0.000 r  i_sys_clk_p (IN)
                         net (fo=0)                   0.000     0.000    pll_inst/inst/clk_in1_p
    AD12                 IBUFDS (Prop_ibufds_I_O)     0.388     0.388 r  pll_inst/inst/clkin1_ibufgds/O
                         net (fo=1, routed)           1.083     1.471    pll_inst/inst/clk_in1_pll_buf
    BUFGCTRL_X0Y3        BUFG (Prop_bufg_I_O)         0.026     1.497 r  pll_inst/inst/clkin1_bufg1/O
                         net (fo=1, routed)           0.767     2.264    pll_inst/inst/clk_in1_pll
    PLLE2_ADV_X1Y0       PLLE2_ADV (Prop_plle2_adv_CLKIN1_CLKOUT0)
                                                     -1.938     0.326 r  pll_inst/inst/plle2_adv_inst/CLKOUT0
                         net (fo=1, routed)           1.145     1.471    pll_inst/inst/clk_out1_pll
    BUFGCTRL_X0Y1        BUFG (Prop_bufg_I_O)         0.026     1.497 r  pll_inst/inst/clkout1_buf/O
                         net (fo=434, routed)         0.642     2.139    student_top_inst/bridge_inst/counter_inst/CLK
    SLICE_X61Y66         FDRE                                         r  student_top_inst/bridge_inst/counter_inst/cnt_ms_reg[17]/C
  -------------------------------------------------------------------    -------------------
    SLICE_X61Y66         FDRE (Prop_fdre_C_Q)         0.100     2.239 r  student_top_inst/bridge_inst/counter_inst/cnt_ms_reg[17]/Q
                         net (fo=3, routed)           0.135     2.374    student_top_inst/bridge_inst/counter_inst/cnt_ms_reg[30]_0[16]
    SLICE_X60Y66         LUT2 (Prop_lut2_I0_O)        0.028     2.402 r  student_top_inst/bridge_inst/counter_inst/cnt_ms_gray_cpu_sync1[17]_i_1/O
                         net (fo=1, routed)           0.000     2.402    student_top_inst/bridge_inst/counter_inst/cnt_ms_gray[17]
    SLICE_X60Y66         FDRE                                         r  student_top_inst/bridge_inst/counter_inst/cnt_ms_gray_cpu_sync1_reg[17]/D
  -------------------------------------------------------------------    -------------------

                         (clock clk_out2_pll rise edge)
                                                      0.000     0.000 r  
    AD12                                              0.000     0.000 r  i_sys_clk_p (IN)
                         net (fo=0)                   0.000     0.000    pll_inst/inst/clk_in1_p
    AD12                 IBUFDS (Prop_ibufds_I_O)     0.470     0.470 r  pll_inst/inst/clkin1_ibufgds/O
                         net (fo=1, routed)           1.154     1.624    pll_inst/inst/clk_in1_pll_buf
    BUFGCTRL_X0Y3        BUFG (Prop_bufg_I_O)         0.030     1.654 r  pll_inst/inst/clkin1_bufg1/O
                         net (fo=1, routed)           1.037     2.691    pll_inst/inst/clk_in1_pll
    PLLE2_ADV_X1Y0       PLLE2_ADV (Prop_plle2_adv_CLKIN1_CLKOUT1)
                                                     -2.283     0.408 r  pll_inst/inst/plle2_adv_inst/CLKOUT1
                         net (fo=1, routed)           1.216     1.624    pll_inst/inst/clk_out2_pll
    BUFGCTRL_X0Y0        BUFG (Prop_bufg_I_O)         0.030     1.654 r  pll_inst/inst/clkout2_buf/O
                         net (fo=3499, routed)        0.879     2.533    student_top_inst/bridge_inst/counter_inst/clk_out2
    SLICE_X60Y66         FDRE                                         r  student_top_inst/bridge_inst/counter_inst/cnt_ms_gray_cpu_sync1_reg[17]/C

Slack:                    inf
  Source:                 student_top_inst/bridge_inst/seg_ack_toggle_cnt_reg/C
                            (rising edge-triggered cell FDCE clocked by clk_out1_pll  {rise@0.000ns fall@10.000ns period=20.000ns})
  Destination:            student_top_inst/bridge_inst/seg_ack_meta_cpu_reg/D
                            (rising edge-triggered cell FDCE clocked by clk_out2_pll  {rise@0.000ns fall@2.000ns period=4.000ns})
  Path Group:             (none)
  Path Type:              Hold (Min at Fast Process Corner)
  Data Path Delay:        0.235ns  (logic 0.118ns (50.263%)  route 0.117ns (49.737%))
  Logic Levels:           0  
  Clock Path Skew:        0.396ns (DCD - SCD - CPR)
    Destination Clock Delay (DCD):    2.588ns
    Source Clock Delay      (SCD):    2.191ns
    Clock Pessimism Removal (CPR):    -0.000ns
  Clock Uncertainty:      0.194ns  ((TSJ^2 + DJ^2)^1/2) / 2 + PE
    Total System Jitter     (TSJ):    0.071ns
    Discrete Jitter          (DJ):    0.129ns
    Phase Error              (PE):    0.120ns
  Timing Exception:       Asynchronous Clock Groups

    Location             Delay type                Incr(ns)  Path(ns)    Netlist Resource(s)
  -------------------------------------------------------------------    -------------------
                         (clock clk_out1_pll rise edge)
                                                      0.000     0.000 r  
    AD12                                              0.000     0.000 r  i_sys_clk_p (IN)
                         net (fo=0)                   0.000     0.000    pll_inst/inst/clk_in1_p
    AD12                 IBUFDS (Prop_ibufds_I_O)     0.388     0.388 r  pll_inst/inst/clkin1_ibufgds/O
                         net (fo=1, routed)           1.083     1.471    pll_inst/inst/clk_in1_pll_buf
    BUFGCTRL_X0Y3        BUFG (Prop_bufg_I_O)         0.026     1.497 r  pll_inst/inst/clkin1_bufg1/O
                         net (fo=1, routed)           0.767     2.264    pll_inst/inst/clk_in1_pll
    PLLE2_ADV_X1Y0       PLLE2_ADV (Prop_plle2_adv_CLKIN1_CLKOUT0)
                                                     -1.938     0.326 r  pll_inst/inst/plle2_adv_inst/CLKOUT0
                         net (fo=1, routed)           1.145     1.471    pll_inst/inst/clk_out1_pll
    BUFGCTRL_X0Y1        BUFG (Prop_bufg_I_O)         0.026     1.497 r  pll_inst/inst/clkout1_buf/O
                         net (fo=434, routed)         0.694     2.191    student_top_inst/bridge_inst/CLK
    SLICE_X20Y94         FDCE                                         r  student_top_inst/bridge_inst/seg_ack_toggle_cnt_reg/C
  -------------------------------------------------------------------    -------------------
    SLICE_X20Y94         FDCE (Prop_fdce_C_Q)         0.118     2.309 r  student_top_inst/bridge_inst/seg_ack_toggle_cnt_reg/Q
                         net (fo=2, routed)           0.117     2.426    student_top_inst/bridge_inst/seg_ack_toggle_cnt
    SLICE_X21Y94         FDCE                                         r  student_top_inst/bridge_inst/seg_ack_meta_cpu_reg/D
  -------------------------------------------------------------------    -------------------

                         (clock clk_out2_pll rise edge)
                                                      0.000     0.000 r  
    AD12                                              0.000     0.000 r  i_sys_clk_p (IN)
                         net (fo=0)                   0.000     0.000    pll_inst/inst/clk_in1_p
    AD12                 IBUFDS (Prop_ibufds_I_O)     0.470     0.470 r  pll_inst/inst/clkin1_ibufgds/O
                         net (fo=1, routed)           1.154     1.624    pll_inst/inst/clk_in1_pll_buf
    BUFGCTRL_X0Y3        BUFG (Prop_bufg_I_O)         0.030     1.654 r  pll_inst/inst/clkin1_bufg1/O
                         net (fo=1, routed)           1.037     2.691    pll_inst/inst/clk_in1_pll
    PLLE2_ADV_X1Y0       PLLE2_ADV (Prop_plle2_adv_CLKIN1_CLKOUT1)
                                                     -2.283     0.408 r  pll_inst/inst/plle2_adv_inst/CLKOUT1
                         net (fo=1, routed)           1.216     1.624    pll_inst/inst/clk_out2_pll
    BUFGCTRL_X0Y0        BUFG (Prop_bufg_I_O)         0.030     1.654 r  pll_inst/inst/clkout2_buf/O
                         net (fo=3499, routed)        0.934     2.588    student_top_inst/bridge_inst/clk_out2
    SLICE_X21Y94         FDCE                                         r  student_top_inst/bridge_inst/seg_ack_meta_cpu_reg/C





--------------------------------------------------------------------------------------
Path Group:  (none)
From Clock:  clk_out1_pll
  To Clock:  

Max Delay            69 Endpoints
Min Delay            69 Endpoints
--------------------------------------------------------------------------------------


Max Delay Paths
--------------------------------------------------------------------------------------
Slack:                    inf
  Source:                 student_top_inst/bridge_inst/seg_driver/count_reg[4]/C
                            (rising edge-triggered cell FDCE clocked by clk_out1_pll  {rise@0.000ns fall@10.000ns period=20.000ns})
  Destination:            virtual_seg[32]
                            (output port)
  Path Group:             (none)
  Path Type:              Max at Slow Process Corner
  Data Path Delay:        10.257ns  (logic 3.753ns (36.588%)  route 6.504ns (63.412%))
  Logic Levels:           3  (LUT3=1 LUT6=1 OBUF=1)
  Clock Uncertainty:      0.159ns  ((TSJ^2 + DJ^2)^1/2) / 2 + PE
    Total System Jitter     (TSJ):    0.050ns
    Discrete Jitter          (DJ):    0.129ns
    Phase Error              (PE):    0.090ns

    Location             Delay type                Incr(ns)  Path(ns)    Netlist Resource(s)
  -------------------------------------------------------------------    -------------------
                         (clock clk_out1_pll rise edge)
                                                      0.000     0.000 r  
    AD12                                              0.000     0.000 r  i_sys_clk_p (IN)
                         net (fo=0)                   0.000     0.000    pll_inst/inst/clk_in1_p
    AD12                 IBUFDS (Prop_ibufds_I_O)     0.906     0.906 r  pll_inst/inst/clkin1_ibufgds/O
                         net (fo=1, routed)           2.299     3.205    pll_inst/inst/clk_in1_pll_buf
    BUFGCTRL_X0Y3        BUFG (Prop_bufg_I_O)         0.093     3.298 r  pll_inst/inst/clkin1_bufg1/O
                         net (fo=1, routed)           1.959     5.257    pll_inst/inst/clk_in1_pll
    PLLE2_ADV_X1Y0       PLLE2_ADV (Prop_plle2_adv_CLKIN1_CLKOUT0)
                                                     -4.519     0.738 r  pll_inst/inst/plle2_adv_inst/CLKOUT0
                         net (fo=1, routed)           2.467     3.205    pll_inst/inst/clk_out1_pll
    BUFGCTRL_X0Y1        BUFG (Prop_bufg_I_O)         0.093     3.298 r  pll_inst/inst/clkout1_buf/O
                         net (fo=434, routed)         1.528     4.826    student_top_inst/bridge_inst/seg_driver/CLK
    SLICE_X0Y103         FDCE                                         r  student_top_inst/bridge_inst/seg_driver/count_reg[4]/C
  -------------------------------------------------------------------    -------------------
    SLICE_X0Y103         FDCE (Prop_fdce_C_Q)         0.204     5.030 r  student_top_inst/bridge_inst/seg_driver/count_reg[4]/Q
                         net (fo=48, routed)          1.744     6.774    student_top_inst/bridge_inst/seg_driver/Q[0]
    SLICE_X23Y95         LUT3 (Prop_lut3_I1_O)        0.129     6.903 r  student_top_inst/bridge_inst/seg_driver/virtual_seg_OBUF[36]_inst_i_4/O
                         net (fo=7, routed)           0.963     7.865    student_top_inst/bridge_inst/seg_driver/virtual_seg_OBUF[36]_inst_i_4_n_0
    SLICE_X8Y105         LUT6 (Prop_lut6_I4_O)        0.136     8.001 r  student_top_inst/bridge_inst/seg_driver/virtual_seg_OBUF[32]_inst_i_1/O
                         net (fo=2, routed)           3.797    11.799    virtual_seg_OBUF[32]
    J24                  OBUF (Prop_obuf_I_O)         3.284    15.082 r  virtual_seg_OBUF[32]_inst/O
                         net (fo=0)                   0.000    15.082    virtual_seg[32]
    J24                                                               r  virtual_seg[32] (OUT)
  -------------------------------------------------------------------    -------------------

Slack:                    inf
  Source:                 student_top_inst/bridge_inst/seg_driver/count_reg[4]/C
                            (rising edge-triggered cell FDCE clocked by clk_out1_pll  {rise@0.000ns fall@10.000ns period=20.000ns})
  Destination:            virtual_seg[34]
                            (output port)
  Path Group:             (none)
  Path Type:              Max at Slow Process Corner
  Data Path Delay:        10.071ns  (logic 3.725ns (36.987%)  route 6.346ns (63.013%))
  Logic Levels:           3  (LUT3=1 LUT6=1 OBUF=1)
  Clock Uncertainty:      0.159ns  ((TSJ^2 + DJ^2)^1/2) / 2 + PE
    Total System Jitter     (TSJ):    0.050ns
    Discrete Jitter          (DJ):    0.129ns
    Phase Error              (PE):    0.090ns

    Location             Delay type                Incr(ns)  Path(ns)    Netlist Resource(s)
  -------------------------------------------------------------------    -------------------
                         (clock clk_out1_pll rise edge)
                                                      0.000     0.000 r  
    AD12                                              0.000     0.000 r  i_sys_clk_p (IN)
                         net (fo=0)                   0.000     0.000    pll_inst/inst/clk_in1_p
    AD12                 IBUFDS (Prop_ibufds_I_O)     0.906     0.906 r  pll_inst/inst/clkin1_ibufgds/O
                         net (fo=1, routed)           2.299     3.205    pll_inst/inst/clk_in1_pll_buf
    BUFGCTRL_X0Y3        BUFG (Prop_bufg_I_O)         0.093     3.298 r  pll_inst/inst/clkin1_bufg1/O
                         net (fo=1, routed)           1.959     5.257    pll_inst/inst/clk_in1_pll
    PLLE2_ADV_X1Y0       PLLE2_ADV (Prop_plle2_adv_CLKIN1_CLKOUT0)
                                                     -4.519     0.738 r  pll_inst/inst/plle2_adv_inst/CLKOUT0
                         net (fo=1, routed)           2.467     3.205    pll_inst/inst/clk_out1_pll
    BUFGCTRL_X0Y1        BUFG (Prop_bufg_I_O)         0.093     3.298 r  pll_inst/inst/clkout1_buf/O
                         net (fo=434, routed)         1.528     4.826    student_top_inst/bridge_inst/seg_driver/CLK
    SLICE_X0Y103         FDCE                                         r  student_top_inst/bridge_inst/seg_driver/count_reg[4]/C
  -------------------------------------------------------------------    -------------------
    SLICE_X0Y103         FDCE (Prop_fdce_C_Q)         0.204     5.030 r  student_top_inst/bridge_inst/seg_driver/count_reg[4]/Q
                         net (fo=48, routed)          1.744     6.774    student_top_inst/bridge_inst/seg_driver/Q[0]
    SLICE_X23Y95         LUT3 (Prop_lut3_I1_O)        0.129     6.903 r  student_top_inst/bridge_inst/seg_driver/virtual_seg_OBUF[36]_inst_i_4/O
                         net (fo=7, routed)           0.971     7.873    student_top_inst/bridge_inst/seg_driver/virtual_seg_OBUF[36]_inst_i_4_n_0
    SLICE_X8Y105         LUT6 (Prop_lut6_I5_O)        0.136     8.009 r  student_top_inst/bridge_inst/seg_driver/virtual_seg_OBUF[34]_inst_i_1/O
                         net (fo=2, routed)           3.631    11.641    virtual_seg_OBUF[34]
    L21                  OBUF (Prop_obuf_I_O)         3.256    14.897 r  virtual_seg_OBUF[34]_inst/O
                         net (fo=0)                   0.000    14.897    virtual_seg[34]
    L21                                                               r  virtual_seg[34] (OUT)
  -------------------------------------------------------------------    -------------------

Slack:                    inf
  Source:                 student_top_inst/bridge_inst/seg_driver/count_reg[4]/C
                            (rising edge-triggered cell FDCE clocked by clk_out1_pll  {rise@0.000ns fall@10.000ns period=20.000ns})
  Destination:            virtual_seg[31]
                            (output port)
  Path Group:             (none)
  Path Type:              Max at Slow Process Corner
  Data Path Delay:        10.006ns  (logic 3.749ns (37.462%)  route 6.258ns (62.538%))
  Logic Levels:           3  (LUT3=1 LUT6=1 OBUF=1)
  Clock Uncertainty:      0.159ns  ((TSJ^2 + DJ^2)^1/2) / 2 + PE
    Total System Jitter     (TSJ):    0.050ns
    Discrete Jitter          (DJ):    0.129ns
    Phase Error              (PE):    0.090ns

    Location             Delay type                Incr(ns)  Path(ns)    Netlist Resource(s)
  -------------------------------------------------------------------    -------------------
                         (clock clk_out1_pll rise edge)
                                                      0.000     0.000 r  
    AD12                                              0.000     0.000 r  i_sys_clk_p (IN)
                         net (fo=0)                   0.000     0.000    pll_inst/inst/clk_in1_p
    AD12                 IBUFDS (Prop_ibufds_I_O)     0.906     0.906 r  pll_inst/inst/clkin1_ibufgds/O
                         net (fo=1, routed)           2.299     3.205    pll_inst/inst/clk_in1_pll_buf
    BUFGCTRL_X0Y3        BUFG (Prop_bufg_I_O)         0.093     3.298 r  pll_inst/inst/clkin1_bufg1/O
                         net (fo=1, routed)           1.959     5.257    pll_inst/inst/clk_in1_pll
    PLLE2_ADV_X1Y0       PLLE2_ADV (Prop_plle2_adv_CLKIN1_CLKOUT0)
                                                     -4.519     0.738 r  pll_inst/inst/plle2_adv_inst/CLKOUT0
                         net (fo=1, routed)           2.467     3.205    pll_inst/inst/clk_out1_pll
    BUFGCTRL_X0Y1        BUFG (Prop_bufg_I_O)         0.093     3.298 r  pll_inst/inst/clkout1_buf/O
                         net (fo=434, routed)         1.528     4.826    student_top_inst/bridge_inst/seg_driver/CLK
    SLICE_X0Y103         FDCE                                         r  student_top_inst/bridge_inst/seg_driver/count_reg[4]/C
  -------------------------------------------------------------------    -------------------
    SLICE_X0Y103         FDCE (Prop_fdce_C_Q)         0.204     5.030 r  student_top_inst/bridge_inst/seg_driver/count_reg[4]/Q
                         net (fo=48, routed)          1.744     6.774    student_top_inst/bridge_inst/seg_driver/Q[0]
    SLICE_X23Y95         LUT3 (Prop_lut3_I1_O)        0.129     6.903 r  student_top_inst/bridge_inst/seg_driver/virtual_seg_OBUF[36]_inst_i_4/O
                         net (fo=7, routed)           0.971     7.874    student_top_inst/bridge_inst/seg_driver/virtual_seg_OBUF[36]_inst_i_4_n_0
    SLICE_X8Y105         LUT6 (Prop_lut6_I1_O)        0.136     8.010 r  student_top_inst/bridge_inst/seg_driver/virtual_seg_OBUF[31]_inst_i_1/O
                         net (fo=2, routed)           3.543    11.552    virtual_seg_OBUF[31]
    K23                  OBUF (Prop_obuf_I_O)         3.280    14.832 r  virtual_seg_OBUF[31]_inst/O
                         net (fo=0)                   0.000    14.832    virtual_seg[31]
    K23                                                               r  virtual_seg[31] (OUT)
  -------------------------------------------------------------------    -------------------

Slack:                    inf
  Source:                 student_top_inst/bridge_inst/seg_driver/count_reg[4]/C
                            (rising edge-triggered cell FDCE clocked by clk_out1_pll  {rise@0.000ns fall@10.000ns period=20.000ns})
  Destination:            virtual_seg[36]
                            (output port)
  Path Group:             (none)
  Path Type:              Max at Slow Process Corner
  Data Path Delay:        9.726ns  (logic 3.733ns (38.384%)  route 5.993ns (61.616%))
  Logic Levels:           3  (LUT3=1 LUT6=1 OBUF=1)
  Clock Uncertainty:      0.159ns  ((TSJ^2 + DJ^2)^1/2) / 2 + PE
    Total System Jitter     (TSJ):    0.050ns
    Discrete Jitter          (DJ):    0.129ns
    Phase Error              (PE):    0.090ns

    Location             Delay type                Incr(ns)  Path(ns)    Netlist Resource(s)
  -------------------------------------------------------------------    -------------------
                         (clock clk_out1_pll rise edge)
                                                      0.000     0.000 r  
    AD12                                              0.000     0.000 r  i_sys_clk_p (IN)
                         net (fo=0)                   0.000     0.000    pll_inst/inst/clk_in1_p
    AD12                 IBUFDS (Prop_ibufds_I_O)     0.906     0.906 r  pll_inst/inst/clkin1_ibufgds/O
                         net (fo=1, routed)           2.299     3.205    pll_inst/inst/clk_in1_pll_buf
    BUFGCTRL_X0Y3        BUFG (Prop_bufg_I_O)         0.093     3.298 r  pll_inst/inst/clkin1_bufg1/O
                         net (fo=1, routed)           1.959     5.257    pll_inst/inst/clk_in1_pll
    PLLE2_ADV_X1Y0       PLLE2_ADV (Prop_plle2_adv_CLKIN1_CLKOUT0)
                                                     -4.519     0.738 r  pll_inst/inst/plle2_adv_inst/CLKOUT0
                         net (fo=1, routed)           2.467     3.205    pll_inst/inst/clk_out1_pll
    BUFGCTRL_X0Y1        BUFG (Prop_bufg_I_O)         0.093     3.298 r  pll_inst/inst/clkout1_buf/O
                         net (fo=434, routed)         1.528     4.826    student_top_inst/bridge_inst/seg_driver/CLK
    SLICE_X0Y103         FDCE                                         r  student_top_inst/bridge_inst/seg_driver/count_reg[4]/C
  -------------------------------------------------------------------    -------------------
    SLICE_X0Y103         FDCE (Prop_fdce_C_Q)         0.204     5.030 r  student_top_inst/bridge_inst/seg_driver/count_reg[4]/Q
                         net (fo=48, routed)          1.744     6.774    student_top_inst/bridge_inst/seg_driver/Q[0]
    SLICE_X23Y95         LUT3 (Prop_lut3_I1_O)        0.129     6.903 r  student_top_inst/bridge_inst/seg_driver/virtual_seg_OBUF[36]_inst_i_4/O
                         net (fo=7, routed)           0.853     7.756    student_top_inst/bridge_inst/seg_driver/virtual_seg_OBUF[36]_inst_i_4_n_0
    SLICE_X11Y105        LUT6 (Prop_lut6_I5_O)        0.136     7.892 r  student_top_inst/bridge_inst/seg_driver/virtual_seg_OBUF[36]_inst_i_1/O
                         net (fo=2, routed)           3.395    11.288    virtual_seg_OBUF[36]
    K21                  OBUF (Prop_obuf_I_O)         3.264    14.552 r  virtual_seg_OBUF[36]_inst/O
                         net (fo=0)                   0.000    14.552    virtual_seg[36]
    K21                                                               r  virtual_seg[36] (OUT)
  -------------------------------------------------------------------    -------------------

Slack:                    inf
  Source:                 student_top_inst/bridge_inst/seg_driver/count_reg[4]/C
                            (rising edge-triggered cell FDCE clocked by clk_out1_pll  {rise@0.000ns fall@10.000ns period=20.000ns})
  Destination:            virtual_seg[30]
                            (output port)
  Path Group:             (none)
  Path Type:              Max at Slow Process Corner
  Data Path Delay:        9.161ns  (logic 3.767ns (41.118%)  route 5.394ns (58.882%))
  Logic Levels:           3  (LUT3=1 LUT6=1 OBUF=1)
  Clock Uncertainty:      0.159ns  ((TSJ^2 + DJ^2)^1/2) / 2 + PE
    Total System Jitter     (TSJ):    0.050ns
    Discrete Jitter          (DJ):    0.129ns
    Phase Error              (PE):    0.090ns

    Location             Delay type                Incr(ns)  Path(ns)    Netlist Resource(s)
  -------------------------------------------------------------------    -------------------
                         (clock clk_out1_pll rise edge)
                                                      0.000     0.000 r  
    AD12                                              0.000     0.000 r  i_sys_clk_p (IN)
                         net (fo=0)                   0.000     0.000    pll_inst/inst/clk_in1_p
    AD12                 IBUFDS (Prop_ibufds_I_O)     0.906     0.906 r  pll_inst/inst/clkin1_ibufgds/O
                         net (fo=1, routed)           2.299     3.205    pll_inst/inst/clk_in1_pll_buf
    BUFGCTRL_X0Y3        BUFG (Prop_bufg_I_O)         0.093     3.298 r  pll_inst/inst/clkin1_bufg1/O
                         net (fo=1, routed)           1.959     5.257    pll_inst/inst/clk_in1_pll
    PLLE2_ADV_X1Y0       PLLE2_ADV (Prop_plle2_adv_CLKIN1_CLKOUT0)
                                                     -4.519     0.738 r  pll_inst/inst/plle2_adv_inst/CLKOUT0
                         net (fo=1, routed)           2.467     3.205    pll_inst/inst/clk_out1_pll
    BUFGCTRL_X0Y1        BUFG (Prop_bufg_I_O)         0.093     3.298 r  pll_inst/inst/clkout1_buf/O
                         net (fo=434, routed)         1.528     4.826    student_top_inst/bridge_inst/seg_driver/CLK
    SLICE_X0Y103         FDCE                                         r  student_top_inst/bridge_inst/seg_driver/count_reg[4]/C
  -------------------------------------------------------------------    -------------------
    SLICE_X0Y103         FDCE (Prop_fdce_C_Q)         0.204     5.030 r  student_top_inst/bridge_inst/seg_driver/count_reg[4]/Q
                         net (fo=48, routed)          1.744     6.774    student_top_inst/bridge_inst/seg_driver/Q[0]
    SLICE_X23Y95         LUT3 (Prop_lut3_I1_O)        0.129     6.903 r  student_top_inst/bridge_inst/seg_driver/virtual_seg_OBUF[36]_inst_i_4/O
                         net (fo=7, routed)           0.971     7.874    student_top_inst/bridge_inst/seg_driver/virtual_seg_OBUF[36]_inst_i_4_n_0
    SLICE_X8Y105         LUT6 (Prop_lut6_I1_O)        0.136     8.010 r  student_top_inst/bridge_inst/seg_driver/virtual_seg_OBUF[30]_inst_i_1/O
                         net (fo=2, routed)           2.679    10.689    virtual_seg_OBUF[30]
    J23                  OBUF (Prop_obuf_I_O)         3.298    13.987 r  virtual_seg_OBUF[30]_inst/O
                         net (fo=0)                   0.000    13.987    virtual_seg[30]
    J23                                                               r  virtual_seg[30] (OUT)
  -------------------------------------------------------------------    -------------------

Slack:                    inf
  Source:                 student_top_inst/bridge_inst/seg_driver/count_reg[4]/C
                            (rising edge-triggered cell FDCE clocked by clk_out1_pll  {rise@0.000ns fall@10.000ns period=20.000ns})
  Destination:            virtual_seg[35]
                            (output port)
  Path Group:             (none)
  Path Type:              Max at Slow Process Corner
  Data Path Delay:        9.057ns  (logic 3.724ns (41.122%)  route 5.332ns (58.878%))
  Logic Levels:           3  (LUT3=1 LUT6=1 OBUF=1)
  Clock Uncertainty:      0.159ns  ((TSJ^2 + DJ^2)^1/2) / 2 + PE
    Total System Jitter     (TSJ):    0.050ns
    Discrete Jitter          (DJ):    0.129ns
    Phase Error              (PE):    0.090ns

    Location             Delay type                Incr(ns)  Path(ns)    Netlist Resource(s)
  -------------------------------------------------------------------    -------------------
                         (clock clk_out1_pll rise edge)
                                                      0.000     0.000 r  
    AD12                                              0.000     0.000 r  i_sys_clk_p (IN)
                         net (fo=0)                   0.000     0.000    pll_inst/inst/clk_in1_p
    AD12                 IBUFDS (Prop_ibufds_I_O)     0.906     0.906 r  pll_inst/inst/clkin1_ibufgds/O
                         net (fo=1, routed)           2.299     3.205    pll_inst/inst/clk_in1_pll_buf
    BUFGCTRL_X0Y3        BUFG (Prop_bufg_I_O)         0.093     3.298 r  pll_inst/inst/clkin1_bufg1/O
                         net (fo=1, routed)           1.959     5.257    pll_inst/inst/clk_in1_pll
    PLLE2_ADV_X1Y0       PLLE2_ADV (Prop_plle2_adv_CLKIN1_CLKOUT0)
                                                     -4.519     0.738 r  pll_inst/inst/plle2_adv_inst/CLKOUT0
                         net (fo=1, routed)           2.467     3.205    pll_inst/inst/clk_out1_pll
    BUFGCTRL_X0Y1        BUFG (Prop_bufg_I_O)         0.093     3.298 r  pll_inst/inst/clkout1_buf/O
                         net (fo=434, routed)         1.528     4.826    student_top_inst/bridge_inst/seg_driver/CLK
    SLICE_X0Y103         FDCE                                         r  student_top_inst/bridge_inst/seg_driver/count_reg[4]/C
  -------------------------------------------------------------------    -------------------
    SLICE_X0Y103         FDCE (Prop_fdce_C_Q)         0.204     5.030 r  student_top_inst/bridge_inst/seg_driver/count_reg[4]/Q
                         net (fo=48, routed)          1.744     6.774    student_top_inst/bridge_inst/seg_driver/Q[0]
    SLICE_X23Y95         LUT3 (Prop_lut3_I1_O)        0.129     6.903 r  student_top_inst/bridge_inst/seg_driver/virtual_seg_OBUF[36]_inst_i_4/O
                         net (fo=7, routed)           0.747     7.650    student_top_inst/bridge_inst/seg_driver/virtual_seg_OBUF[36]_inst_i_4_n_0
    SLICE_X10Y105        LUT6 (Prop_lut6_I5_O)        0.136     7.786 r  student_top_inst/bridge_inst/seg_driver/virtual_seg_OBUF[35]_inst_i_1/O
                         net (fo=2, routed)           2.841    10.627    virtual_seg_OBUF[35]
    L22                  OBUF (Prop_obuf_I_O)         3.255    13.882 r  virtual_seg_OBUF[35]_inst/O
                         net (fo=0)                   0.000    13.882    virtual_seg[35]
    L22                                                               r  virtual_seg[35] (OUT)
  -------------------------------------------------------------------    -------------------

Slack:                    inf
  Source:                 student_top_inst/bridge_inst/seg_driver/count_reg[4]/C
                            (rising edge-triggered cell FDCE clocked by clk_out1_pll  {rise@0.000ns fall@10.000ns period=20.000ns})
  Destination:            virtual_seg[33]
                            (output port)
  Path Group:             (none)
  Path Type:              Max at Slow Process Corner
  Data Path Delay:        8.732ns  (logic 3.628ns (41.545%)  route 5.104ns (58.455%))
  Logic Levels:           3  (LUT3=1 LUT6=1 OBUF=1)
  Clock Uncertainty:      0.159ns  ((TSJ^2 + DJ^2)^1/2) / 2 + PE
    Total System Jitter     (TSJ):    0.050ns
    Discrete Jitter          (DJ):    0.129ns
    Phase Error              (PE):    0.090ns

    Location             Delay type                Incr(ns)  Path(ns)    Netlist Resource(s)
  -------------------------------------------------------------------    -------------------
                         (clock clk_out1_pll rise edge)
                                                      0.000     0.000 r  
    AD12                                              0.000     0.000 r  i_sys_clk_p (IN)
                         net (fo=0)                   0.000     0.000    pll_inst/inst/clk_in1_p
    AD12                 IBUFDS (Prop_ibufds_I_O)     0.906     0.906 r  pll_inst/inst/clkin1_ibufgds/O
                         net (fo=1, routed)           2.299     3.205    pll_inst/inst/clk_in1_pll_buf
    BUFGCTRL_X0Y3        BUFG (Prop_bufg_I_O)         0.093     3.298 r  pll_inst/inst/clkin1_bufg1/O
                         net (fo=1, routed)           1.959     5.257    pll_inst/inst/clk_in1_pll
    PLLE2_ADV_X1Y0       PLLE2_ADV (Prop_plle2_adv_CLKIN1_CLKOUT0)
                                                     -4.519     0.738 r  pll_inst/inst/plle2_adv_inst/CLKOUT0
                         net (fo=1, routed)           2.467     3.205    pll_inst/inst/clk_out1_pll
    BUFGCTRL_X0Y1        BUFG (Prop_bufg_I_O)         0.093     3.298 r  pll_inst/inst/clkout1_buf/O
                         net (fo=434, routed)         1.528     4.826    student_top_inst/bridge_inst/seg_driver/CLK
    SLICE_X0Y103         FDCE                                         r  student_top_inst/bridge_inst/seg_driver/count_reg[4]/C
  -------------------------------------------------------------------    -------------------
    SLICE_X0Y103         FDCE (Prop_fdce_C_Q)         0.204     5.030 r  student_top_inst/bridge_inst/seg_driver/count_reg[4]/Q
                         net (fo=48, routed)          1.799     6.829    student_top_inst/bridge_inst/seg_driver/Q[0]
    SLICE_X20Y102        LUT3 (Prop_lut3_I1_O)        0.123     6.952 r  student_top_inst/bridge_inst/seg_driver/virtual_seg_OBUF[36]_inst_i_2/O
                         net (fo=7, routed)           0.742     7.694    student_top_inst/bridge_inst/seg_driver/virtual_seg_OBUF[36]_inst_i_2_n_0
    SLICE_X10Y105        LUT6 (Prop_lut6_I5_O)        0.043     7.737 r  student_top_inst/bridge_inst/seg_driver/virtual_seg_OBUF[33]_inst_i_1/O
                         net (fo=2, routed)           2.563    10.300    virtual_seg_OBUF[33]
    L23                  OBUF (Prop_obuf_I_O)         3.258    13.558 r  virtual_seg_OBUF[33]_inst/O
                         net (fo=0)                   0.000    13.558    virtual_seg[33]
    L23                                                               r  virtual_seg[33] (OUT)
  -------------------------------------------------------------------    -------------------

Slack:                    inf
  Source:                 student_top_inst/bridge_inst/seg_driver/count_reg[4]/C
                            (rising edge-triggered cell FDCE clocked by clk_out1_pll  {rise@0.000ns fall@10.000ns period=20.000ns})
  Destination:            virtual_seg[23]
                            (output port)
  Path Group:             (none)
  Path Type:              Max at Slow Process Corner
  Data Path Delay:        8.717ns  (logic 3.603ns (41.338%)  route 5.114ns (58.662%))
  Logic Levels:           3  (LUT3=1 LUT6=1 OBUF=1)
  Clock Uncertainty:      0.159ns  ((TSJ^2 + DJ^2)^1/2) / 2 + PE
    Total System Jitter     (TSJ):    0.050ns
    Discrete Jitter          (DJ):    0.129ns
    Phase Error              (PE):    0.090ns

    Location             Delay type                Incr(ns)  Path(ns)    Netlist Resource(s)
  -------------------------------------------------------------------    -------------------
                         (clock clk_out1_pll rise edge)
                                                      0.000     0.000 r  
    AD12                                              0.000     0.000 r  i_sys_clk_p (IN)
                         net (fo=0)                   0.000     0.000    pll_inst/inst/clk_in1_p
    AD12                 IBUFDS (Prop_ibufds_I_O)     0.906     0.906 r  pll_inst/inst/clkin1_ibufgds/O
                         net (fo=1, routed)           2.299     3.205    pll_inst/inst/clk_in1_pll_buf
    BUFGCTRL_X0Y3        BUFG (Prop_bufg_I_O)         0.093     3.298 r  pll_inst/inst/clkin1_bufg1/O
                         net (fo=1, routed)           1.959     5.257    pll_inst/inst/clk_in1_pll
    PLLE2_ADV_X1Y0       PLLE2_ADV (Prop_plle2_adv_CLKIN1_CLKOUT0)
                                                     -4.519     0.738 r  pll_inst/inst/plle2_adv_inst/CLKOUT0
                         net (fo=1, routed)           2.467     3.205    pll_inst/inst/clk_out1_pll
    BUFGCTRL_X0Y1        BUFG (Prop_bufg_I_O)         0.093     3.298 r  pll_inst/inst/clkout1_buf/O
                         net (fo=434, routed)         1.528     4.826    student_top_inst/bridge_inst/seg_driver/CLK
    SLICE_X0Y103         FDCE                                         r  student_top_inst/bridge_inst/seg_driver/count_reg[4]/C
  -------------------------------------------------------------------    -------------------
    SLICE_X0Y103         FDCE (Prop_fdce_C_Q)         0.204     5.030 r  student_top_inst/bridge_inst/seg_driver/count_reg[4]/Q
                         net (fo=48, routed)          1.744     6.774    student_top_inst/bridge_inst/seg_driver/Q[0]
    SLICE_X23Y95         LUT3 (Prop_lut3_I1_O)        0.123     6.897 r  student_top_inst/bridge_inst/seg_driver/virtual_seg_OBUF[26]_inst_i_2/O
                         net (fo=7, routed)           0.925     7.822    student_top_inst/bridge_inst/seg_driver/virtual_seg_OBUF[26]_inst_i_2_n_0
    SLICE_X16Y102        LUT6 (Prop_lut6_I0_O)        0.043     7.865 r  student_top_inst/bridge_inst/seg_driver/virtual_seg_OBUF[23]_inst_i_1/O
                         net (fo=2, routed)           2.444    10.309    virtual_seg_OBUF[23]
    T20                  OBUF (Prop_obuf_I_O)         3.233    13.543 r  virtual_seg_OBUF[23]_inst/O
                         net (fo=0)                   0.000    13.543    virtual_seg[23]
    T20                                                               r  virtual_seg[23] (OUT)
  -------------------------------------------------------------------    -------------------

Slack:                    inf
  Source:                 student_top_inst/bridge_inst/seg_driver/count_reg[4]/C
                            (rising edge-triggered cell FDCE clocked by clk_out1_pll  {rise@0.000ns fall@10.000ns period=20.000ns})
  Destination:            virtual_seg[26]
                            (output port)
  Path Group:             (none)
  Path Type:              Max at Slow Process Corner
  Data Path Delay:        8.651ns  (logic 3.598ns (41.591%)  route 5.053ns (58.409%))
  Logic Levels:           3  (LUT3=1 LUT6=1 OBUF=1)
  Clock Uncertainty:      0.159ns  ((TSJ^2 + DJ^2)^1/2) / 2 + PE
    Total System Jitter     (TSJ):    0.050ns
    Discrete Jitter          (DJ):    0.129ns
    Phase Error              (PE):    0.090ns

    Location             Delay type                Incr(ns)  Path(ns)    Netlist Resource(s)
  -------------------------------------------------------------------    -------------------
                         (clock clk_out1_pll rise edge)
                                                      0.000     0.000 r  
    AD12                                              0.000     0.000 r  i_sys_clk_p (IN)
                         net (fo=0)                   0.000     0.000    pll_inst/inst/clk_in1_p
    AD12                 IBUFDS (Prop_ibufds_I_O)     0.906     0.906 r  pll_inst/inst/clkin1_ibufgds/O
                         net (fo=1, routed)           2.299     3.205    pll_inst/inst/clk_in1_pll_buf
    BUFGCTRL_X0Y3        BUFG (Prop_bufg_I_O)         0.093     3.298 r  pll_inst/inst/clkin1_bufg1/O
                         net (fo=1, routed)           1.959     5.257    pll_inst/inst/clk_in1_pll
    PLLE2_ADV_X1Y0       PLLE2_ADV (Prop_plle2_adv_CLKIN1_CLKOUT0)
                                                     -4.519     0.738 r  pll_inst/inst/plle2_adv_inst/CLKOUT0
                         net (fo=1, routed)           2.467     3.205    pll_inst/inst/clk_out1_pll
    BUFGCTRL_X0Y1        BUFG (Prop_bufg_I_O)         0.093     3.298 r  pll_inst/inst/clkout1_buf/O
                         net (fo=434, routed)         1.528     4.826    student_top_inst/bridge_inst/seg_driver/CLK
    SLICE_X0Y103         FDCE                                         r  student_top_inst/bridge_inst/seg_driver/count_reg[4]/C
  -------------------------------------------------------------------    -------------------
    SLICE_X0Y103         FDCE (Prop_fdce_C_Q)         0.204     5.030 r  student_top_inst/bridge_inst/seg_driver/count_reg[4]/Q
                         net (fo=48, routed)          1.744     6.774    student_top_inst/bridge_inst/seg_driver/Q[0]
    SLICE_X23Y95         LUT3 (Prop_lut3_I1_O)        0.123     6.897 r  student_top_inst/bridge_inst/seg_driver/virtual_seg_OBUF[26]_inst_i_2/O
                         net (fo=7, routed)           0.925     7.822    student_top_inst/bridge_inst/seg_driver/virtual_seg_OBUF[26]_inst_i_2_n_0
    SLICE_X16Y102        LUT6 (Prop_lut6_I0_O)        0.043     7.865 r  student_top_inst/bridge_inst/seg_driver/virtual_seg_OBUF[26]_inst_i_1/O
                         net (fo=2, routed)           2.383    10.248    virtual_seg_OBUF[26]
    T21                  OBUF (Prop_obuf_I_O)         3.228    13.476 r  virtual_seg_OBUF[26]_inst/O
                         net (fo=0)                   0.000    13.476    virtual_seg[26]
    T21                                                               r  virtual_seg[26] (OUT)
  -------------------------------------------------------------------    -------------------

Slack:                    inf
  Source:                 student_top_inst/bridge_inst/seg_driver/count_reg[4]/C
                            (rising edge-triggered cell FDCE clocked by clk_out1_pll  {rise@0.000ns fall@10.000ns period=20.000ns})
  Destination:            virtual_seg[22]
                            (output port)
  Path Group:             (none)
  Path Type:              Max at Slow Process Corner
  Data Path Delay:        8.576ns  (logic 3.600ns (41.980%)  route 4.976ns (58.020%))
  Logic Levels:           3  (LUT3=1 LUT6=1 OBUF=1)
  Clock Uncertainty:      0.159ns  ((TSJ^2 + DJ^2)^1/2) / 2 + PE
    Total System Jitter     (TSJ):    0.050ns
    Discrete Jitter          (DJ):    0.129ns
    Phase Error              (PE):    0.090ns

    Location             Delay type                Incr(ns)  Path(ns)    Netlist Resource(s)
  -------------------------------------------------------------------    -------------------
                         (clock clk_out1_pll rise edge)
                                                      0.000     0.000 r  
    AD12                                              0.000     0.000 r  i_sys_clk_p (IN)
                         net (fo=0)                   0.000     0.000    pll_inst/inst/clk_in1_p
    AD12                 IBUFDS (Prop_ibufds_I_O)     0.906     0.906 r  pll_inst/inst/clkin1_ibufgds/O
                         net (fo=1, routed)           2.299     3.205    pll_inst/inst/clk_in1_pll_buf
    BUFGCTRL_X0Y3        BUFG (Prop_bufg_I_O)         0.093     3.298 r  pll_inst/inst/clkin1_bufg1/O
                         net (fo=1, routed)           1.959     5.257    pll_inst/inst/clk_in1_pll
    PLLE2_ADV_X1Y0       PLLE2_ADV (Prop_plle2_adv_CLKIN1_CLKOUT0)
                                                     -4.519     0.738 r  pll_inst/inst/plle2_adv_inst/CLKOUT0
                         net (fo=1, routed)           2.467     3.205    pll_inst/inst/clk_out1_pll
    BUFGCTRL_X0Y1        BUFG (Prop_bufg_I_O)         0.093     3.298 r  pll_inst/inst/clkout1_buf/O
                         net (fo=434, routed)         1.528     4.826    student_top_inst/bridge_inst/seg_driver/CLK
    SLICE_X0Y103         FDCE                                         r  student_top_inst/bridge_inst/seg_driver/count_reg[4]/C
  -------------------------------------------------------------------    -------------------
    SLICE_X0Y103         FDCE (Prop_fdce_C_Q)         0.204     5.030 r  student_top_inst/bridge_inst/seg_driver/count_reg[4]/Q
                         net (fo=48, routed)          1.744     6.774    student_top_inst/bridge_inst/seg_driver/Q[0]
    SLICE_X23Y95         LUT3 (Prop_lut3_I1_O)        0.123     6.897 r  student_top_inst/bridge_inst/seg_driver/virtual_seg_OBUF[26]_inst_i_2/O
                         net (fo=7, routed)           0.939     7.836    student_top_inst/bridge_inst/seg_driver/virtual_seg_OBUF[26]_inst_i_2_n_0
    SLICE_X16Y101        LUT6 (Prop_lut6_I0_O)        0.043     7.879 r  student_top_inst/bridge_inst/seg_driver/virtual_seg_OBUF[22]_inst_i_1/O
                         net (fo=2, routed)           2.292    10.171    virtual_seg_OBUF[22]
    T22                  OBUF (Prop_obuf_I_O)         3.230    13.402 r  virtual_seg_OBUF[22]_inst/O
                         net (fo=0)                   0.000    13.402    virtual_seg[22]
    T22                                                               r  virtual_seg[22] (OUT)
  -------------------------------------------------------------------    -------------------





Min Delay Paths
--------------------------------------------------------------------------------------
Slack:                    inf
  Source:                 student_top_inst/bridge_inst/seg_driver/count_reg[4]/C
                            (rising edge-triggered cell FDCE clocked by clk_out1_pll  {rise@0.000ns fall@10.000ns period=20.000ns})
  Destination:            virtual_seg[8]
                            (output port)
  Path Group:             (none)
  Path Type:              Min at Fast Process Corner
  Data Path Delay:        1.871ns  (logic 1.481ns (79.132%)  route 0.390ns (20.868%))
  Logic Levels:           1  (OBUF=1)
  Clock Uncertainty:      0.159ns  ((TSJ^2 + DJ^2)^1/2) / 2 + PE
    Total System Jitter     (TSJ):    0.050ns
    Discrete Jitter          (DJ):    0.129ns
    Phase Error              (PE):    0.090ns

    Location             Delay type                Incr(ns)  Path(ns)    Netlist Resource(s)
  -------------------------------------------------------------------    -------------------
                         (clock clk_out1_pll rise edge)
                                                      0.000     0.000 r  
    AD12                                              0.000     0.000 r  i_sys_clk_p (IN)
                         net (fo=0)                   0.000     0.000    pll_inst/inst/clk_in1_p
    AD12                 IBUFDS (Prop_ibufds_I_O)     0.388     0.388 r  pll_inst/inst/clkin1_ibufgds/O
                         net (fo=1, routed)           1.083     1.471    pll_inst/inst/clk_in1_pll_buf
    BUFGCTRL_X0Y3        BUFG (Prop_bufg_I_O)         0.026     1.497 r  pll_inst/inst/clkin1_bufg1/O
                         net (fo=1, routed)           0.767     2.264    pll_inst/inst/clk_in1_pll
    PLLE2_ADV_X1Y0       PLLE2_ADV (Prop_plle2_adv_CLKIN1_CLKOUT0)
                                                     -1.938     0.326 r  pll_inst/inst/plle2_adv_inst/CLKOUT0
                         net (fo=1, routed)           1.145     1.471    pll_inst/inst/clk_out1_pll
    BUFGCTRL_X0Y1        BUFG (Prop_bufg_I_O)         0.026     1.497 r  pll_inst/inst/clkout1_buf/O
                         net (fo=434, routed)         0.676     2.173    student_top_inst/bridge_inst/seg_driver/CLK
    SLICE_X0Y103         FDCE                                         r  student_top_inst/bridge_inst/seg_driver/count_reg[4]/C
  -------------------------------------------------------------------    -------------------
    SLICE_X0Y103         FDCE (Prop_fdce_C_Q)         0.091     2.264 r  student_top_inst/bridge_inst/seg_driver/count_reg[4]/Q
                         net (fo=48, routed)          0.390     2.655    virtual_seg_OBUF[8]
    U23                  OBUF (Prop_obuf_I_O)         1.390     4.045 r  virtual_seg_OBUF[8]_inst/O
                         net (fo=0)                   0.000     4.045    virtual_seg[8]
    U23                                                               r  virtual_seg[8] (OUT)
  -------------------------------------------------------------------    -------------------

Slack:                    inf
  Source:                 student_top_inst/bridge_inst/seg_driver/count_reg[4]/C
                            (rising edge-triggered cell FDCE clocked by clk_out1_pll  {rise@0.000ns fall@10.000ns period=20.000ns})
  Destination:            virtual_seg[18]
                            (output port)
  Path Group:             (none)
  Path Type:              Min at Fast Process Corner
  Data Path Delay:        1.917ns  (logic 1.483ns (77.381%)  route 0.434ns (22.619%))
  Logic Levels:           1  (OBUF=1)
  Clock Uncertainty:      0.159ns  ((TSJ^2 + DJ^2)^1/2) / 2 + PE
    Total System Jitter     (TSJ):    0.050ns
    Discrete Jitter          (DJ):    0.129ns
    Phase Error              (PE):    0.090ns

    Location             Delay type                Incr(ns)  Path(ns)    Netlist Resource(s)
  -------------------------------------------------------------------    -------------------
                         (clock clk_out1_pll rise edge)
                                                      0.000     0.000 r  
    AD12                                              0.000     0.000 r  i_sys_clk_p (IN)
                         net (fo=0)                   0.000     0.000    pll_inst/inst/clk_in1_p
    AD12                 IBUFDS (Prop_ibufds_I_O)     0.388     0.388 r  pll_inst/inst/clkin1_ibufgds/O
                         net (fo=1, routed)           1.083     1.471    pll_inst/inst/clk_in1_pll_buf
    BUFGCTRL_X0Y3        BUFG (Prop_bufg_I_O)         0.026     1.497 r  pll_inst/inst/clkin1_bufg1/O
                         net (fo=1, routed)           0.767     2.264    pll_inst/inst/clk_in1_pll
    PLLE2_ADV_X1Y0       PLLE2_ADV (Prop_plle2_adv_CLKIN1_CLKOUT0)
                                                     -1.938     0.326 r  pll_inst/inst/plle2_adv_inst/CLKOUT0
                         net (fo=1, routed)           1.145     1.471    pll_inst/inst/clk_out1_pll
    BUFGCTRL_X0Y1        BUFG (Prop_bufg_I_O)         0.026     1.497 r  pll_inst/inst/clkout1_buf/O
                         net (fo=434, routed)         0.676     2.173    student_top_inst/bridge_inst/seg_driver/CLK
    SLICE_X0Y103         FDCE                                         r  student_top_inst/bridge_inst/seg_driver/count_reg[4]/C
  -------------------------------------------------------------------    -------------------
    SLICE_X0Y103         FDCE (Prop_fdce_C_Q)         0.091     2.264 r  student_top_inst/bridge_inst/seg_driver/count_reg[4]/Q
                         net (fo=48, routed)          0.434     2.698    virtual_seg_OBUF[8]
    U22                  OBUF (Prop_obuf_I_O)         1.392     4.090 r  virtual_seg_OBUF[18]_inst/O
                         net (fo=0)                   0.000     4.090    virtual_seg[18]
    U22                                                               r  virtual_seg[18] (OUT)
  -------------------------------------------------------------------    -------------------

Slack:                    inf
  Source:                 student_top_inst/bridge_inst/LED_cnt_reg[17]/C
                            (rising edge-triggered cell FDCE clocked by clk_out1_pll  {rise@0.000ns fall@10.000ns period=20.000ns})
  Destination:            virtual_led[17]
                            (output port)
  Path Group:             (none)
  Path Type:              Min at Fast Process Corner
  Data Path Delay:        2.086ns  (logic 1.429ns (68.509%)  route 0.657ns (31.491%))
  Logic Levels:           1  (OBUF=1)
  Clock Uncertainty:      0.159ns  ((TSJ^2 + DJ^2)^1/2) / 2 + PE
    Total System Jitter     (TSJ):    0.050ns
    Discrete Jitter          (DJ):    0.129ns
    Phase Error              (PE):    0.090ns

    Location             Delay type                Incr(ns)  Path(ns)    Netlist Resource(s)
  -------------------------------------------------------------------    -------------------
                         (clock clk_out1_pll rise edge)
                                                      0.000     0.000 r  
    AD12                                              0.000     0.000 r  i_sys_clk_p (IN)
                         net (fo=0)                   0.000     0.000    pll_inst/inst/clk_in1_p
    AD12                 IBUFDS (Prop_ibufds_I_O)     0.388     0.388 r  pll_inst/inst/clkin1_ibufgds/O
                         net (fo=1, routed)           1.083     1.471    pll_inst/inst/clk_in1_pll_buf
    BUFGCTRL_X0Y3        BUFG (Prop_bufg_I_O)         0.026     1.497 r  pll_inst/inst/clkin1_bufg1/O
                         net (fo=1, routed)           0.767     2.264    pll_inst/inst/clk_in1_pll
    PLLE2_ADV_X1Y0       PLLE2_ADV (Prop_plle2_adv_CLKIN1_CLKOUT0)
                                                     -1.938     0.326 r  pll_inst/inst/plle2_adv_inst/CLKOUT0
                         net (fo=1, routed)           1.145     1.471    pll_inst/inst/clk_out1_pll
    BUFGCTRL_X0Y1        BUFG (Prop_bufg_I_O)         0.026     1.497 r  pll_inst/inst/clkout1_buf/O
                         net (fo=434, routed)         0.642     2.139    student_top_inst/bridge_inst/CLK
    SLICE_X17Y105        FDCE                                         r  student_top_inst/bridge_inst/LED_cnt_reg[17]/C
  -------------------------------------------------------------------    -------------------
    SLICE_X17Y105        FDCE (Prop_fdce_C_Q)         0.100     2.239 r  student_top_inst/bridge_inst/LED_cnt_reg[17]/Q
                         net (fo=2, routed)           0.657     2.896    virtual_led_OBUF[17]
    V20                  OBUF (Prop_obuf_I_O)         1.329     4.225 r  virtual_led_OBUF[17]_inst/O
                         net (fo=0)                   0.000     4.225    virtual_led[17]
    V20                                                               r  virtual_led[17] (OUT)
  -------------------------------------------------------------------    -------------------

Slack:                    inf
  Source:                 student_top_inst/bridge_inst/LED_cnt_reg[28]/C
                            (rising edge-triggered cell FDCE clocked by clk_out1_pll  {rise@0.000ns fall@10.000ns period=20.000ns})
  Destination:            virtual_led[28]
                            (output port)
  Path Group:             (none)
  Path Type:              Min at Fast Process Corner
  Data Path Delay:        2.098ns  (logic 1.468ns (69.982%)  route 0.630ns (30.018%))
  Logic Levels:           1  (OBUF=1)
  Clock Uncertainty:      0.159ns  ((TSJ^2 + DJ^2)^1/2) / 2 + PE
    Total System Jitter     (TSJ):    0.050ns
    Discrete Jitter          (DJ):    0.129ns
    Phase Error              (PE):    0.090ns

    Location             Delay type                Incr(ns)  Path(ns)    Netlist Resource(s)
  -------------------------------------------------------------------    -------------------
                         (clock clk_out1_pll rise edge)
                                                      0.000     0.000 r  
    AD12                                              0.000     0.000 r  i_sys_clk_p (IN)
                         net (fo=0)                   0.000     0.000    pll_inst/inst/clk_in1_p
    AD12                 IBUFDS (Prop_ibufds_I_O)     0.388     0.388 r  pll_inst/inst/clkin1_ibufgds/O
                         net (fo=1, routed)           1.083     1.471    pll_inst/inst/clk_in1_pll_buf
    BUFGCTRL_X0Y3        BUFG (Prop_bufg_I_O)         0.026     1.497 r  pll_inst/inst/clkin1_bufg1/O
                         net (fo=1, routed)           0.767     2.264    pll_inst/inst/clk_in1_pll
    PLLE2_ADV_X1Y0       PLLE2_ADV (Prop_plle2_adv_CLKIN1_CLKOUT0)
                                                     -1.938     0.326 r  pll_inst/inst/plle2_adv_inst/CLKOUT0
                         net (fo=1, routed)           1.145     1.471    pll_inst/inst/clk_out1_pll
    BUFGCTRL_X0Y1        BUFG (Prop_bufg_I_O)         0.026     1.497 r  pll_inst/inst/clkout1_buf/O
                         net (fo=434, routed)         0.642     2.139    student_top_inst/bridge_inst/CLK
    SLICE_X18Y105        FDCE                                         r  student_top_inst/bridge_inst/LED_cnt_reg[28]/C
  -------------------------------------------------------------------    -------------------
    SLICE_X18Y105        FDCE (Prop_fdce_C_Q)         0.118     2.257 r  student_top_inst/bridge_inst/LED_cnt_reg[28]/Q
                         net (fo=2, routed)           0.630     2.887    virtual_led_OBUF[28]
    W23                  OBUF (Prop_obuf_I_O)         1.350     4.237 r  virtual_led_OBUF[28]_inst/O
                         net (fo=0)                   0.000     4.237    virtual_led[28]
    W23                                                               r  virtual_led[28] (OUT)
  -------------------------------------------------------------------    -------------------

Slack:                    inf
  Source:                 student_top_inst/bridge_inst/seg_driver/count_reg[4]/C
                            (rising edge-triggered cell FDCE clocked by clk_out1_pll  {rise@0.000ns fall@10.000ns period=20.000ns})
  Destination:            virtual_seg[28]
                            (output port)
  Path Group:             (none)
  Path Type:              Min at Fast Process Corner
  Data Path Delay:        2.077ns  (logic 1.498ns (72.146%)  route 0.578ns (27.854%))
  Logic Levels:           1  (OBUF=1)
  Clock Uncertainty:      0.159ns  ((TSJ^2 + DJ^2)^1/2) / 2 + PE
    Total System Jitter     (TSJ):    0.050ns
    Discrete Jitter          (DJ):    0.129ns
    Phase Error              (PE):    0.090ns

    Location             Delay type                Incr(ns)  Path(ns)    Netlist Resource(s)
  -------------------------------------------------------------------    -------------------
                         (clock clk_out1_pll rise edge)
                                                      0.000     0.000 r  
    AD12                                              0.000     0.000 r  i_sys_clk_p (IN)
                         net (fo=0)                   0.000     0.000    pll_inst/inst/clk_in1_p
    AD12                 IBUFDS (Prop_ibufds_I_O)     0.388     0.388 r  pll_inst/inst/clkin1_ibufgds/O
                         net (fo=1, routed)           1.083     1.471    pll_inst/inst/clk_in1_pll_buf
    BUFGCTRL_X0Y3        BUFG (Prop_bufg_I_O)         0.026     1.497 r  pll_inst/inst/clkin1_bufg1/O
                         net (fo=1, routed)           0.767     2.264    pll_inst/inst/clk_in1_pll
    PLLE2_ADV_X1Y0       PLLE2_ADV (Prop_plle2_adv_CLKIN1_CLKOUT0)
                                                     -1.938     0.326 r  pll_inst/inst/plle2_adv_inst/CLKOUT0
                         net (fo=1, routed)           1.145     1.471    pll_inst/inst/clk_out1_pll
    BUFGCTRL_X0Y1        BUFG (Prop_bufg_I_O)         0.026     1.497 r  pll_inst/inst/clkout1_buf/O
                         net (fo=434, routed)         0.676     2.173    student_top_inst/bridge_inst/seg_driver/CLK
    SLICE_X0Y103         FDCE                                         r  student_top_inst/bridge_inst/seg_driver/count_reg[4]/C
  -------------------------------------------------------------------    -------------------
    SLICE_X0Y103         FDCE (Prop_fdce_C_Q)         0.091     2.264 r  student_top_inst/bridge_inst/seg_driver/count_reg[4]/Q
                         net (fo=48, routed)          0.578     2.843    virtual_seg_OBUF[8]
    U25                  OBUF (Prop_obuf_I_O)         1.407     4.250 r  virtual_seg_OBUF[28]_inst/O
                         net (fo=0)                   0.000     4.250    virtual_seg[28]
    U25                                                               r  virtual_seg[28] (OUT)
  -------------------------------------------------------------------    -------------------

Slack:                    inf
  Source:                 student_top_inst/bridge_inst/seg_driver/count_reg[4]/C
                            (rising edge-triggered cell FDCE clocked by clk_out1_pll  {rise@0.000ns fall@10.000ns period=20.000ns})
  Destination:            virtual_seg[38]
                            (output port)
  Path Group:             (none)
  Path Type:              Min at Fast Process Corner
  Data Path Delay:        2.122ns  (logic 1.500ns (70.708%)  route 0.622ns (29.292%))
  Logic Levels:           1  (OBUF=1)
  Clock Uncertainty:      0.159ns  ((TSJ^2 + DJ^2)^1/2) / 2 + PE
    Total System Jitter     (TSJ):    0.050ns
    Discrete Jitter          (DJ):    0.129ns
    Phase Error              (PE):    0.090ns

    Location             Delay type                Incr(ns)  Path(ns)    Netlist Resource(s)
  -------------------------------------------------------------------    -------------------
                         (clock clk_out1_pll rise edge)
                                                      0.000     0.000 r  
    AD12                                              0.000     0.000 r  i_sys_clk_p (IN)
                         net (fo=0)                   0.000     0.000    pll_inst/inst/clk_in1_p
    AD12                 IBUFDS (Prop_ibufds_I_O)     0.388     0.388 r  pll_inst/inst/clkin1_ibufgds/O
                         net (fo=1, routed)           1.083     1.471    pll_inst/inst/clk_in1_pll_buf
    BUFGCTRL_X0Y3        BUFG (Prop_bufg_I_O)         0.026     1.497 r  pll_inst/inst/clkin1_bufg1/O
                         net (fo=1, routed)           0.767     2.264    pll_inst/inst/clk_in1_pll
    PLLE2_ADV_X1Y0       PLLE2_ADV (Prop_plle2_adv_CLKIN1_CLKOUT0)
                                                     -1.938     0.326 r  pll_inst/inst/plle2_adv_inst/CLKOUT0
                         net (fo=1, routed)           1.145     1.471    pll_inst/inst/clk_out1_pll
    BUFGCTRL_X0Y1        BUFG (Prop_bufg_I_O)         0.026     1.497 r  pll_inst/inst/clkout1_buf/O
                         net (fo=434, routed)         0.676     2.173    student_top_inst/bridge_inst/seg_driver/CLK
    SLICE_X0Y103         FDCE                                         r  student_top_inst/bridge_inst/seg_driver/count_reg[4]/C
  -------------------------------------------------------------------    -------------------
    SLICE_X0Y103         FDCE (Prop_fdce_C_Q)         0.091     2.264 r  student_top_inst/bridge_inst/seg_driver/count_reg[4]/Q
                         net (fo=48, routed)          0.622     2.886    virtual_seg_OBUF[8]
    T25                  OBUF (Prop_obuf_I_O)         1.409     4.295 r  virtual_seg_OBUF[38]_inst/O
                         net (fo=0)                   0.000     4.295    virtual_seg[38]
    T25                                                               r  virtual_seg[38] (OUT)
  -------------------------------------------------------------------    -------------------

Slack:                    inf
  Source:                 student_top_inst/bridge_inst/LED_cnt_reg[0]/C
                            (rising edge-triggered cell FDCE clocked by clk_out1_pll  {rise@0.000ns fall@10.000ns period=20.000ns})
  Destination:            virtual_led[0]
                            (output port)
  Path Group:             (none)
  Path Type:              Min at Fast Process Corner
  Data Path Delay:        2.174ns  (logic 1.426ns (65.626%)  route 0.747ns (34.374%))
  Logic Levels:           1  (OBUF=1)
  Clock Uncertainty:      0.159ns  ((TSJ^2 + DJ^2)^1/2) / 2 + PE
    Total System Jitter     (TSJ):    0.050ns
    Discrete Jitter          (DJ):    0.129ns
    Phase Error              (PE):    0.090ns

    Location             Delay type                Incr(ns)  Path(ns)    Netlist Resource(s)
  -------------------------------------------------------------------    -------------------
                         (clock clk_out1_pll rise edge)
                                                      0.000     0.000 r  
    AD12                                              0.000     0.000 r  i_sys_clk_p (IN)
                         net (fo=0)                   0.000     0.000    pll_inst/inst/clk_in1_p
    AD12                 IBUFDS (Prop_ibufds_I_O)     0.388     0.388 r  pll_inst/inst/clkin1_ibufgds/O
                         net (fo=1, routed)           1.083     1.471    pll_inst/inst/clk_in1_pll_buf
    BUFGCTRL_X0Y3        BUFG (Prop_bufg_I_O)         0.026     1.497 r  pll_inst/inst/clkin1_bufg1/O
                         net (fo=1, routed)           0.767     2.264    pll_inst/inst/clk_in1_pll
    PLLE2_ADV_X1Y0       PLLE2_ADV (Prop_plle2_adv_CLKIN1_CLKOUT0)
                                                     -1.938     0.326 r  pll_inst/inst/plle2_adv_inst/CLKOUT0
                         net (fo=1, routed)           1.145     1.471    pll_inst/inst/clk_out1_pll
    BUFGCTRL_X0Y1        BUFG (Prop_bufg_I_O)         0.026     1.497 r  pll_inst/inst/clkout1_buf/O
                         net (fo=434, routed)         0.642     2.139    student_top_inst/bridge_inst/CLK
    SLICE_X17Y103        FDCE                                         r  student_top_inst/bridge_inst/LED_cnt_reg[0]/C
  -------------------------------------------------------------------    -------------------
    SLICE_X17Y103        FDCE (Prop_fdce_C_Q)         0.100     2.239 r  student_top_inst/bridge_inst/LED_cnt_reg[0]/Q
                         net (fo=2, routed)           0.747     2.987    virtual_led_OBUF[0]
    V19                  OBUF (Prop_obuf_I_O)         1.326     4.313 r  virtual_led_OBUF[0]_inst/O
                         net (fo=0)                   0.000     4.313    virtual_led[0]
    V19                                                               r  virtual_led[0] (OUT)
  -------------------------------------------------------------------    -------------------

Slack:                    inf
  Source:                 uart_inst/tx_reg/C
                            (rising edge-triggered cell FDPE clocked by clk_out1_pll  {rise@0.000ns fall@10.000ns period=20.000ns})
  Destination:            o_uart_tx
                            (output port)
  Path Group:             (none)
  Path Type:              Min at Fast Process Corner
  Data Path Delay:        2.228ns  (logic 1.015ns (45.560%)  route 1.213ns (54.440%))
  Logic Levels:           1  (OBUF=1)
  Clock Uncertainty:      0.159ns  ((TSJ^2 + DJ^2)^1/2) / 2 + PE
    Total System Jitter     (TSJ):    0.050ns
    Discrete Jitter          (DJ):    0.129ns
    Phase Error              (PE):    0.090ns

    Location             Delay type                Incr(ns)  Path(ns)    Netlist Resource(s)
  -------------------------------------------------------------------    -------------------
                         (clock clk_out1_pll rise edge)
                                                      0.000     0.000 r  
    AD12                                              0.000     0.000 r  i_sys_clk_p (IN)
                         net (fo=0)                   0.000     0.000    pll_inst/inst/clk_in1_p
    AD12                 IBUFDS (Prop_ibufds_I_O)     0.388     0.388 r  pll_inst/inst/clkin1_ibufgds/O
                         net (fo=1, routed)           1.083     1.471    pll_inst/inst/clk_in1_pll_buf
    BUFGCTRL_X0Y3        BUFG (Prop_bufg_I_O)         0.026     1.497 r  pll_inst/inst/clkin1_bufg1/O
                         net (fo=1, routed)           0.767     2.264    pll_inst/inst/clk_in1_pll
    PLLE2_ADV_X1Y0       PLLE2_ADV (Prop_plle2_adv_CLKIN1_CLKOUT0)
                                                     -1.938     0.326 r  pll_inst/inst/plle2_adv_inst/CLKOUT0
                         net (fo=1, routed)           1.145     1.471    pll_inst/inst/clk_out1_pll
    BUFGCTRL_X0Y1        BUFG (Prop_bufg_I_O)         0.026     1.497 r  pll_inst/inst/clkout1_buf/O
                         net (fo=434, routed)         0.670     2.167    uart_inst/clk_out1
    SLICE_X4Y113         FDPE                                         r  uart_inst/tx_reg/C
  -------------------------------------------------------------------    -------------------
    SLICE_X4Y113         FDPE (Prop_fdpe_C_Q)         0.100     2.267 r  uart_inst/tx_reg/Q
                         net (fo=1, routed)           1.213     3.480    o_uart_tx_OBUF
    E23                  OBUF (Prop_obuf_I_O)         0.915     4.395 r  o_uart_tx_OBUF_inst/O
                         net (fo=0)                   0.000     4.395    o_uart_tx
    E23                                                               r  o_uart_tx (OUT)
  -------------------------------------------------------------------    -------------------

Slack:                    inf
  Source:                 student_top_inst/bridge_inst/LED_cnt_reg[8]/C
                            (rising edge-triggered cell FDCE clocked by clk_out1_pll  {rise@0.000ns fall@10.000ns period=20.000ns})
  Destination:            virtual_led[8]
                            (output port)
  Path Group:             (none)
  Path Type:              Min at Fast Process Corner
  Data Path Delay:        2.291ns  (logic 1.523ns (66.499%)  route 0.767ns (33.501%))
  Logic Levels:           1  (OBUF=1)
  Clock Uncertainty:      0.159ns  ((TSJ^2 + DJ^2)^1/2) / 2 + PE
    Total System Jitter     (TSJ):    0.050ns
    Discrete Jitter          (DJ):    0.129ns
    Phase Error              (PE):    0.090ns

    Location             Delay type                Incr(ns)  Path(ns)    Netlist Resource(s)
  -------------------------------------------------------------------    -------------------
                         (clock clk_out1_pll rise edge)
                                                      0.000     0.000 r  
    AD12                                              0.000     0.000 r  i_sys_clk_p (IN)
                         net (fo=0)                   0.000     0.000    pll_inst/inst/clk_in1_p
    AD12                 IBUFDS (Prop_ibufds_I_O)     0.388     0.388 r  pll_inst/inst/clkin1_ibufgds/O
                         net (fo=1, routed)           1.083     1.471    pll_inst/inst/clk_in1_pll_buf
    BUFGCTRL_X0Y3        BUFG (Prop_bufg_I_O)         0.026     1.497 r  pll_inst/inst/clkin1_bufg1/O
                         net (fo=1, routed)           0.767     2.264    pll_inst/inst/clk_in1_pll
    PLLE2_ADV_X1Y0       PLLE2_ADV (Prop_plle2_adv_CLKIN1_CLKOUT0)
                                                     -1.938     0.326 r  pll_inst/inst/plle2_adv_inst/CLKOUT0
                         net (fo=1, routed)           1.145     1.471    pll_inst/inst/clk_out1_pll
    BUFGCTRL_X0Y1        BUFG (Prop_bufg_I_O)         0.026     1.497 r  pll_inst/inst/clkout1_buf/O
                         net (fo=434, routed)         0.642     2.139    student_top_inst/bridge_inst/CLK
    SLICE_X16Y104        FDCE                                         r  student_top_inst/bridge_inst/LED_cnt_reg[8]/C
  -------------------------------------------------------------------    -------------------
    SLICE_X16Y104        FDCE (Prop_fdce_C_Q)         0.118     2.257 r  student_top_inst/bridge_inst/LED_cnt_reg[8]/Q
                         net (fo=2, routed)           0.767     3.025    virtual_led_OBUF[8]
    U29                  OBUF (Prop_obuf_I_O)         1.405     4.430 r  virtual_led_OBUF[8]_inst/O
                         net (fo=0)                   0.000     4.430    virtual_led[8]
    U29                                                               r  virtual_led[8] (OUT)
  -------------------------------------------------------------------    -------------------

Slack:                    inf
  Source:                 student_top_inst/bridge_inst/LED_cnt_reg[1]/C
                            (rising edge-triggered cell FDCE clocked by clk_out1_pll  {rise@0.000ns fall@10.000ns period=20.000ns})
  Destination:            virtual_led[1]
                            (output port)
  Path Group:             (none)
  Path Type:              Min at Fast Process Corner
  Data Path Delay:        2.322ns  (logic 1.525ns (65.702%)  route 0.796ns (34.298%))
  Logic Levels:           1  (OBUF=1)
  Clock Uncertainty:      0.159ns  ((TSJ^2 + DJ^2)^1/2) / 2 + PE
    Total System Jitter     (TSJ):    0.050ns
    Discrete Jitter          (DJ):    0.129ns
    Phase Error              (PE):    0.090ns

    Location             Delay type                Incr(ns)  Path(ns)    Netlist Resource(s)
  -------------------------------------------------------------------    -------------------
                         (clock clk_out1_pll rise edge)
                                                      0.000     0.000 r  
    AD12                                              0.000     0.000 r  i_sys_clk_p (IN)
                         net (fo=0)                   0.000     0.000    pll_inst/inst/clk_in1_p
    AD12                 IBUFDS (Prop_ibufds_I_O)     0.388     0.388 r  pll_inst/inst/clkin1_ibufgds/O
                         net (fo=1, routed)           1.083     1.471    pll_inst/inst/clk_in1_pll_buf
    BUFGCTRL_X0Y3        BUFG (Prop_bufg_I_O)         0.026     1.497 r  pll_inst/inst/clkin1_bufg1/O
                         net (fo=1, routed)           0.767     2.264    pll_inst/inst/clk_in1_pll
    PLLE2_ADV_X1Y0       PLLE2_ADV (Prop_plle2_adv_CLKIN1_CLKOUT0)
                                                     -1.938     0.326 r  pll_inst/inst/plle2_adv_inst/CLKOUT0
                         net (fo=1, routed)           1.145     1.471    pll_inst/inst/clk_out1_pll
    BUFGCTRL_X0Y1        BUFG (Prop_bufg_I_O)         0.026     1.497 r  pll_inst/inst/clkout1_buf/O
                         net (fo=434, routed)         0.642     2.139    student_top_inst/bridge_inst/CLK
    SLICE_X16Y104        FDCE                                         r  student_top_inst/bridge_inst/LED_cnt_reg[1]/C
  -------------------------------------------------------------------    -------------------
    SLICE_X16Y104        FDCE (Prop_fdce_C_Q)         0.118     2.257 r  student_top_inst/bridge_inst/LED_cnt_reg[1]/Q
                         net (fo=2, routed)           0.796     3.054    virtual_led_OBUF[1]
    U30                  OBUF (Prop_obuf_I_O)         1.407     4.461 r  virtual_led_OBUF[1]_inst/O
                         net (fo=0)                   0.000     4.461    virtual_led[1]
    U30                                                               r  virtual_led[1] (OUT)
  -------------------------------------------------------------------    -------------------





--------------------------------------------------------------------------------------
Path Group:  (none)
From Clock:  
  To Clock:  clk_out1_pll

Max Delay             1 Endpoint
Min Delay             1 Endpoint
--------------------------------------------------------------------------------------


Max Delay Paths
--------------------------------------------------------------------------------------
Slack:                    inf
  Source:                 i_uart_rx
                            (input port)
  Destination:            uart_inst/rx_d0_reg/D
                            (rising edge-triggered cell FDPE clocked by clk_out1_pll  {rise@0.000ns fall@10.000ns period=20.000ns})
  Path Group:             (none)
  Path Type:              Setup (Max at Slow Process Corner)
  Data Path Delay:        3.654ns  (logic 1.027ns (28.098%)  route 2.627ns (71.902%))
  Logic Levels:           1  (IBUF=1)
  Clock Path Skew:        4.447ns (DCD - SCD + CPR)
    Destination Clock Delay (DCD):    4.447ns
    Source Clock Delay      (SCD):    0.000ns
    Clock Pessimism Removal (CPR):    0.000ns
  Clock Uncertainty:      0.159ns  ((TSJ^2 + DJ^2)^1/2) / 2 + PE
    Total System Jitter     (TSJ):    0.050ns
    Discrete Jitter          (DJ):    0.129ns
    Phase Error              (PE):    0.090ns

    Location             Delay type                Incr(ns)  Path(ns)    Netlist Resource(s)
  -------------------------------------------------------------------    -------------------
    D23                                               0.000     0.000 r  i_uart_rx (IN)
                         net (fo=0)                   0.000     0.000    i_uart_rx
    D23                  IBUF (Prop_ibuf_I_O)         1.027     1.027 r  i_uart_rx_IBUF_inst/O
                         net (fo=1, routed)           2.627     3.654    uart_inst/i_uart_rx_IBUF
    SLICE_X1Y111         FDPE                                         r  uart_inst/rx_d0_reg/D
  -------------------------------------------------------------------    -------------------

                         (clock clk_out1_pll rise edge)
                                                      0.000     0.000 r  
    AD12                                              0.000     0.000 r  i_sys_clk_p (IN)
                         net (fo=0)                   0.000     0.000    pll_inst/inst/clk_in1_p
    AD12                 IBUFDS (Prop_ibufds_I_O)     0.803     0.803 r  pll_inst/inst/clkin1_ibufgds/O
                         net (fo=1, routed)           2.173     2.976    pll_inst/inst/clk_in1_pll_buf
    BUFGCTRL_X0Y3        BUFG (Prop_bufg_I_O)         0.083     3.059 r  pll_inst/inst/clkin1_bufg1/O
                         net (fo=1, routed)           1.796     4.855    pll_inst/inst/clk_in1_pll
    PLLE2_ADV_X1Y0       PLLE2_ADV (Prop_plle2_adv_CLKIN1_CLKOUT0)
                                                     -4.213     0.642 r  pll_inst/inst/plle2_adv_inst/CLKOUT0
                         net (fo=1, routed)           2.334     2.976    pll_inst/inst/clk_out1_pll
    BUFGCTRL_X0Y1        BUFG (Prop_bufg_I_O)         0.083     3.059 r  pll_inst/inst/clkout1_buf/O
                         net (fo=434, routed)         1.388     4.447    uart_inst/clk_out1
    SLICE_X1Y111         FDPE                                         r  uart_inst/rx_d0_reg/C





Min Delay Paths
--------------------------------------------------------------------------------------
Slack:                    inf
  Source:                 i_uart_rx
                            (input port)
  Destination:            uart_inst/rx_d0_reg/D
                            (rising edge-triggered cell FDPE clocked by clk_out1_pll  {rise@0.000ns fall@10.000ns period=20.000ns})
  Path Group:             (none)
  Path Type:              Hold (Min at Fast Process Corner)
  Data Path Delay:        1.557ns  (logic 0.186ns (11.977%)  route 1.370ns (88.023%))
  Logic Levels:           1  (IBUF=1)
  Clock Path Skew:        2.548ns (DCD - SCD - CPR)
    Destination Clock Delay (DCD):    2.548ns
    Source Clock Delay      (SCD):    0.000ns
    Clock Pessimism Removal (CPR):    -0.000ns

    Location             Delay type                Incr(ns)  Path(ns)    Netlist Resource(s)
  -------------------------------------------------------------------    -------------------
    D23                                               0.000     0.000 r  i_uart_rx (IN)
                         net (fo=0)                   0.000     0.000    i_uart_rx
    D23                  IBUF (Prop_ibuf_I_O)         0.186     0.186 r  i_uart_rx_IBUF_inst/O
                         net (fo=1, routed)           1.370     1.557    uart_inst/i_uart_rx_IBUF
    SLICE_X1Y111         FDPE                                         r  uart_inst/rx_d0_reg/D
  -------------------------------------------------------------------    -------------------

                         (clock clk_out1_pll rise edge)
                                                      0.000     0.000 r  
    AD12                                              0.000     0.000 r  i_sys_clk_p (IN)
                         net (fo=0)                   0.000     0.000    pll_inst/inst/clk_in1_p
    AD12                 IBUFDS (Prop_ibufds_I_O)     0.470     0.470 r  pll_inst/inst/clkin1_ibufgds/O
                         net (fo=1, routed)           1.154     1.624    pll_inst/inst/clk_in1_pll_buf
    BUFGCTRL_X0Y3        BUFG (Prop_bufg_I_O)         0.030     1.654 r  pll_inst/inst/clkin1_bufg1/O
                         net (fo=1, routed)           1.037     2.691    pll_inst/inst/clk_in1_pll
    PLLE2_ADV_X1Y0       PLLE2_ADV (Prop_plle2_adv_CLKIN1_CLKOUT0)
                                                     -2.283     0.408 r  pll_inst/inst/plle2_adv_inst/CLKOUT0
                         net (fo=1, routed)           1.216     1.624    pll_inst/inst/clk_out1_pll
    BUFGCTRL_X0Y1        BUFG (Prop_bufg_I_O)         0.030     1.654 r  pll_inst/inst/clkout1_buf/O
                         net (fo=434, routed)         0.894     2.548    uart_inst/clk_out1
    SLICE_X1Y111         FDPE                                         r  uart_inst/rx_d0_reg/C





