Copyright 1986-2022 Xilinx, Inc. All Rights Reserved. Copyright 2022-2026 Advanced Micro Devices, Inc. All Rights Reserved.
-----------------------------------------------------------------------------------------------------------------------------------------------
| Tool Version : Vivado v.2025.2.1 (win64) Build 6403652 Thu Mar 19 19:48:24 GMT 2026
| Date         : Fri Jul 17 19:11:09 2026
| Host         : KuonjiAlice running 64-bit major release  (build 9200)
| Command      : report_methodology -file top_methodology_drc_routed.rpt -pb top_methodology_drc_routed.pb -rpx top_methodology_drc_routed.rpx
| Design       : top
| Device       : xc7k325tffg900-2
| Speed File   : -2
| Design State : Fully Routed
-----------------------------------------------------------------------------------------------------------------------------------------------

Report Methodology

Table of Contents
-----------------
1. REPORT SUMMARY
2. REPORT DETAILS

1. REPORT SUMMARY
-----------------
            Netlist: netlist
          Floorplan: design_1
      Design limits: <entire design considered>
             Max checks: <unlimited>
             Checks found: 1014
+-----------+----------+-------------------------------------------------------------------------------------------------------+--------+
| Rule      | Severity | Description                                                                                           | Checks |
+-----------+----------+-------------------------------------------------------------------------------------------------------+--------+
| SYNTH-5   | Warning  | Mapped onto distributed RAM because of timing constraints                                             | 4      |
| SYNTH-10  | Warning  | Wide multiplier                                                                                       | 4      |
| TIMING-9  | Warning  | Unknown CDC Logic                                                                                     | 1      |
| TIMING-10 | Warning  | Missing property on synchronizer                                                                      | 1      |
| TIMING-16 | Warning  | Large setup violation                                                                                 | 1000   |
| TIMING-28 | Warning  | Auto-derived clock referenced by a timing constraint                                                  | 2      |
| TIMING-47 | Warning  | False path, asynchronous clock group or max delay datapath only constraint between synchronous clocks | 2      |
+-----------+----------+-------------------------------------------------------------------------------------------------------+--------+

2. REPORT DETAILS
-----------------
SYNTH-5#1 Warning
Mapped onto distributed RAM because of timing constraints  
The instance student_top_inst/Core_cpu/BPU_inst/bht_reg_0_127_0_0 is implemented as distributed LUT RAM for the following reason: The timing constraints suggest that the chosen mapping will yield a better timing.
Related violations: <none>

SYNTH-5#2 Warning
Mapped onto distributed RAM because of timing constraints  
The instance student_top_inst/Core_cpu/BPU_inst/bht_reg_0_127_1_1 is implemented as distributed LUT RAM for the following reason: The timing constraints suggest that the chosen mapping will yield a better timing.
Related violations: <none>

SYNTH-5#3 Warning
Mapped onto distributed RAM because of timing constraints  
The instance student_top_inst/Core_cpu/BPU_inst/bht_reg_128_255_0_0 is implemented as distributed LUT RAM for the following reason: The timing constraints suggest that the chosen mapping will yield a better timing.
Related violations: <none>

SYNTH-5#4 Warning
Mapped onto distributed RAM because of timing constraints  
The instance student_top_inst/Core_cpu/BPU_inst/bht_reg_128_255_1_1 is implemented as distributed LUT RAM for the following reason: The timing constraints suggest that the chosen mapping will yield a better timing.
Related violations: <none>

SYNTH-10#1 Warning
Wide multiplier  
Detected multiplier at student_top_inst/Core_cpu/MulDiv_inst/mul_prod_r0 of size 16x18, it is decomposed from a wide multipler into 4 DSP blocks.
Related violations: <none>

SYNTH-10#2 Warning
Wide multiplier  
Detected multiplier at student_top_inst/Core_cpu/MulDiv_inst/mul_prod_r0__0 of size 18x18, it is decomposed from a wide multipler into 4 DSP blocks.
Related violations: <none>

SYNTH-10#3 Warning
Wide multiplier  
Detected multiplier at student_top_inst/Core_cpu/MulDiv_inst/mul_prod_r_reg of size 16x16, it is decomposed from a wide multipler into 4 DSP blocks.
Related violations: <none>

SYNTH-10#4 Warning
Wide multiplier  
Detected multiplier at student_top_inst/Core_cpu/MulDiv_inst/mul_prod_r_reg__0 of size 18x16, it is decomposed from a wide multipler into 4 DSP blocks.
Related violations: <none>

TIMING-9#1 Warning
Unknown CDC Logic  
One or more asynchronous Clock Domain Crossing has been detected between 2 clock domains through a set_false_path or a set_clock_groups or set_max_delay -datapath_only constraint but no double-registers logic synchronizer has been found on the side of the capture clock. It is recommended to run report_cdc for a complete and detailed CDC coverage. Please consider using XPM_CDC to avoid Critical severities
Related violations: <none>

TIMING-10#1 Warning
Missing property on synchronizer  
One or more logic synchronizer has been detected between 2 clock domains but the synchronizer does not have the property ASYNC_REG defined on one or both registers. It is recommended to run report_cdc for a complete and detailed CDC coverage
Related violations: <none>

TIMING-16#1 Warning
Large setup violation  
There is a large setup violation of -1.000 ns between student_top_inst/Core_cpu/SegReg_ID_EX_inst/inst_ex_reg[21]/C (clocked by clk_out2_pll) and student_top_inst/Core_cpu/BPU_inst/ras_top_reg[22]/D (clocked by clk_out2_pll). Large setup violations at the end of those stages might be difficult to fix during the post-placement implementation flow and could be the result of non-optimal XDC constraints or non-optimal design architecture
Related violations: <none>

TIMING-16#2 Warning
Large setup violation  
There is a large setup violation of -1.005 ns between student_top_inst/Core_cpu/SegReg_ID_EX_inst/inst_ex_reg[21]/C (clocked by clk_out2_pll) and student_top_inst/Core_cpu/BPU_inst/ras_top_reg[10]/D (clocked by clk_out2_pll). Large setup violations at the end of those stages might be difficult to fix during the post-placement implementation flow and could be the result of non-optimal XDC constraints or non-optimal design architecture
Related violations: <none>

TIMING-16#3 Warning
Large setup violation  
There is a large setup violation of -1.009 ns between student_top_inst/Core_cpu/SegReg_ID_EX_inst/inst_ex_reg[15]/C (clocked by clk_out2_pll) and student_top_inst/Core_cpu/SegReg_EX_LS1_inst/alu_result_ls1_reg[9]/D (clocked by clk_out2_pll). Large setup violations at the end of those stages might be difficult to fix during the post-placement implementation flow and could be the result of non-optimal XDC constraints or non-optimal design architecture
Related violations: <none>

TIMING-16#4 Warning
Large setup violation  
There is a large setup violation of -1.015 ns between student_top_inst/Core_cpu/SegReg_ID_EX_inst/inst_ex_reg[23]/C (clocked by clk_out2_pll) and student_top_inst/Core_cpu/SegReg_EX_LS1_inst/alu_result_ls1_reg[1]/D (clocked by clk_out2_pll). Large setup violations at the end of those stages might be difficult to fix during the post-placement implementation flow and could be the result of non-optimal XDC constraints or non-optimal design architecture
Related violations: <none>

TIMING-16#5 Warning
Large setup violation  
There is a large setup violation of -1.022 ns between student_top_inst/Core_cpu/MulDiv_inst/rem_r_reg[2]/C (clocked by clk_out2_pll) and student_top_inst/Core_cpu/MulDiv_inst/result_reg[22]/D (clocked by clk_out2_pll). Large setup violations at the end of those stages might be difficult to fix during the post-placement implementation flow and could be the result of non-optimal XDC constraints or non-optimal design architecture
Related violations: <none>

TIMING-16#6 Warning
Large setup violation  
There is a large setup violation of -1.022 ns between student_top_inst/Core_cpu/SegReg_ID_EX_inst/inst_ex_reg[23]/C (clocked by clk_out2_pll) and student_top_inst/Core_cpu/MulDiv_inst/result_reg[10]/D (clocked by clk_out2_pll). Large setup violations at the end of those stages might be difficult to fix during the post-placement implementation flow and could be the result of non-optimal XDC constraints or non-optimal design architecture
Related violations: <none>

TIMING-16#7 Warning
Large setup violation  
There is a large setup violation of -1.023 ns between student_top_inst/Core_cpu/SegReg_ID_EX_inst/inst_ex_reg[23]/C (clocked by clk_out2_pll) and student_top_inst/Core_cpu/MulDiv_inst/result_reg[26]/D (clocked by clk_out2_pll). Large setup violations at the end of those stages might be difficult to fix during the post-placement implementation flow and could be the result of non-optimal XDC constraints or non-optimal design architecture
Related violations: <none>

TIMING-16#8 Warning
Large setup violation  
There is a large setup violation of -1.028 ns between student_top_inst/Core_cpu/SegReg_ID_EX_inst/inst_ex_reg[23]/C (clocked by clk_out2_pll) and student_top_inst/Core_cpu/SegReg_EX_LS1_inst/alu_result_ls1_reg[15]/D (clocked by clk_out2_pll). Large setup violations at the end of those stages might be difficult to fix during the post-placement implementation flow and could be the result of non-optimal XDC constraints or non-optimal design architecture
Related violations: <none>

TIMING-16#9 Warning
Large setup violation  
There is a large setup violation of -1.032 ns between student_top_inst/Core_cpu/SegReg_ID_EX_inst/inst_ex_reg[23]/C (clocked by clk_out2_pll) and student_top_inst/Core_cpu/SegReg_EX_LS1_inst/alu_result_ls1_reg[13]/D (clocked by clk_out2_pll). Large setup violations at the end of those stages might be difficult to fix during the post-placement implementation flow and could be the result of non-optimal XDC constraints or non-optimal design architecture
Related violations: <none>

TIMING-16#10 Warning
Large setup violation  
There is a large setup violation of -1.043 ns between student_top_inst/Core_cpu/SegReg_ID_EX_inst/inst_ex_reg[23]/C (clocked by clk_out2_pll) and student_top_inst/Core_cpu/SegReg_EX_LS1_inst/alu_result_ls1_reg[26]/D (clocked by clk_out2_pll). Large setup violations at the end of those stages might be difficult to fix during the post-placement implementation flow and could be the result of non-optimal XDC constraints or non-optimal design architecture
Related violations: <none>

TIMING-16#11 Warning
Large setup violation  
There is a large setup violation of -1.051 ns between student_top_inst/Core_cpu/SegReg_ID_EX_inst/inst_ex_reg[21]/C (clocked by clk_out2_pll) and student_top_inst/Core_cpu/BPU_inst/bht_reg_0_127_0_0/SP.LOW/I (clocked by clk_out2_pll). Large setup violations at the end of those stages might be difficult to fix during the post-placement implementation flow and could be the result of non-optimal XDC constraints or non-optimal design architecture
Related violations: <none>

TIMING-16#12 Warning
Large setup violation  
There is a large setup violation of -1.052 ns between student_top_inst/Core_cpu/SegReg_ID_EX_inst/inst_ex_reg[15]/C (clocked by clk_out2_pll) and student_top_inst/Core_cpu/SegReg_ID_EX_inst/have_inst_ex_reg[0]/D (clocked by clk_out2_pll). Large setup violations at the end of those stages might be difficult to fix during the post-placement implementation flow and could be the result of non-optimal XDC constraints or non-optimal design architecture
Related violations: <none>

TIMING-16#13 Warning
Large setup violation  
There is a large setup violation of -1.060 ns between student_top_inst/Core_cpu/SegReg_ID_EX_inst/inst_ex_reg[23]/C (clocked by clk_out2_pll) and student_top_inst/Core_cpu/SegReg_EX_LS1_inst/alu_result_ls1_reg[29]/D (clocked by clk_out2_pll). Large setup violations at the end of those stages might be difficult to fix during the post-placement implementation flow and could be the result of non-optimal XDC constraints or non-optimal design architecture
Related violations: <none>

TIMING-16#14 Warning
Large setup violation  
There is a large setup violation of -1.090 ns between student_top_inst/Core_cpu/SegReg_ID_EX_inst/inst_ex_reg[23]/C (clocked by clk_out2_pll) and student_top_inst/Core_cpu/SegReg_EX_LS1_inst/alu_result_ls1_reg[5]/D (clocked by clk_out2_pll). Large setup violations at the end of those stages might be difficult to fix during the post-placement implementation flow and could be the result of non-optimal XDC constraints or non-optimal design architecture
Related violations: <none>

TIMING-16#15 Warning
Large setup violation  
There is a large setup violation of -1.100 ns between student_top_inst/Core_cpu/SegReg_ID_EX_inst/inst_ex_reg[23]/C (clocked by clk_out2_pll) and student_top_inst/Core_cpu/SegReg_EX_LS1_inst/alu_result_ls1_reg[2]/D (clocked by clk_out2_pll). Large setup violations at the end of those stages might be difficult to fix during the post-placement implementation flow and could be the result of non-optimal XDC constraints or non-optimal design architecture
Related violations: <none>

TIMING-16#16 Warning
Large setup violation  
There is a large setup violation of -1.103 ns between student_top_inst/Core_cpu/SegReg_ID_EX_inst/inst_ex_reg[23]/C (clocked by clk_out2_pll) and student_top_inst/Core_cpu/SegReg_EX_LS1_inst/alu_result_ls1_reg[21]/D (clocked by clk_out2_pll). Large setup violations at the end of those stages might be difficult to fix during the post-placement implementation flow and could be the result of non-optimal XDC constraints or non-optimal design architecture
Related violations: <none>

TIMING-16#17 Warning
Large setup violation  
There is a large setup violation of -1.103 ns between student_top_inst/Core_cpu/SegReg_ID_EX_inst/inst_ex_reg[23]/C (clocked by clk_out2_pll) and student_top_inst/Core_cpu/SegReg_EX_LS1_inst/alu_result_ls1_reg[28]/D (clocked by clk_out2_pll). Large setup violations at the end of those stages might be difficult to fix during the post-placement implementation flow and could be the result of non-optimal XDC constraints or non-optimal design architecture
Related violations: <none>

TIMING-16#18 Warning
Large setup violation  
There is a large setup violation of -1.114 ns between student_top_inst/Core_cpu/SegReg_ID_EX_inst/inst_ex_reg[21]/C (clocked by clk_out2_pll) and student_top_inst/Core_cpu/BPU_inst/ras_sp_reg[0]/D (clocked by clk_out2_pll). Large setup violations at the end of those stages might be difficult to fix during the post-placement implementation flow and could be the result of non-optimal XDC constraints or non-optimal design architecture
Related violations: <none>

TIMING-16#19 Warning
Large setup violation  
There is a large setup violation of -1.115 ns between student_top_inst/Core_cpu/SegReg_ID_EX_inst/inst_ex_reg[21]/C (clocked by clk_out2_pll) and student_top_inst/Core_cpu/BPU_inst/ras_sp_reg[2]/D (clocked by clk_out2_pll). Large setup violations at the end of those stages might be difficult to fix during the post-placement implementation flow and could be the result of non-optimal XDC constraints or non-optimal design architecture
Related violations: <none>

TIMING-16#20 Warning
Large setup violation  
There is a large setup violation of -1.115 ns between student_top_inst/Core_cpu/SegReg_ID_EX_inst/inst_ex_reg[23]/C (clocked by clk_out2_pll) and student_top_inst/Core_cpu/SegReg_EX_LS1_inst/alu_result_ls1_reg[4]/D (clocked by clk_out2_pll). Large setup violations at the end of those stages might be difficult to fix during the post-placement implementation flow and could be the result of non-optimal XDC constraints or non-optimal design architecture
Related violations: <none>

TIMING-16#21 Warning
Large setup violation  
There is a large setup violation of -1.117 ns between student_top_inst/Core_cpu/SegReg_ID_EX_inst/inst_ex_reg[21]/C (clocked by clk_out2_pll) and student_top_inst/Core_cpu/BPU_inst/ras_sp_reg[1]/D (clocked by clk_out2_pll). Large setup violations at the end of those stages might be difficult to fix during the post-placement implementation flow and could be the result of non-optimal XDC constraints or non-optimal design architecture
Related violations: <none>

TIMING-16#22 Warning
Large setup violation  
There is a large setup violation of -1.118 ns between student_top_inst/Core_cpu/SegReg_ID_EX_inst/inst_ex_reg[23]/C (clocked by clk_out2_pll) and student_top_inst/Core_cpu/SegReg_EX_LS1_inst/alu_result_ls1_reg[0]/D (clocked by clk_out2_pll). Large setup violations at the end of those stages might be difficult to fix during the post-placement implementation flow and could be the result of non-optimal XDC constraints or non-optimal design architecture
Related violations: <none>

TIMING-16#23 Warning
Large setup violation  
There is a large setup violation of -1.118 ns between student_top_inst/Core_cpu/SegReg_ID_EX_inst/inst_ex_reg[23]/C (clocked by clk_out2_pll) and student_top_inst/Core_cpu/SegReg_EX_LS1_inst/alu_result_ls1_reg[25]/D (clocked by clk_out2_pll). Large setup violations at the end of those stages might be difficult to fix during the post-placement implementation flow and could be the result of non-optimal XDC constraints or non-optimal design architecture
Related violations: <none>

TIMING-16#24 Warning
Large setup violation  
There is a large setup violation of -1.135 ns between student_top_inst/Core_cpu/SegReg_ID_EX_inst/inst_ex_reg[23]/C (clocked by clk_out2_pll) and student_top_inst/Core_cpu/SegReg_EX_LS1_inst/alu_result_ls1_reg[17]/D (clocked by clk_out2_pll). Large setup violations at the end of those stages might be difficult to fix during the post-placement implementation flow and could be the result of non-optimal XDC constraints or non-optimal design architecture
Related violations: <none>

TIMING-16#25 Warning
Large setup violation  
There is a large setup violation of -1.147 ns between student_top_inst/Core_cpu/SegReg_ID_EX_inst/inst_ex_reg[23]/C (clocked by clk_out2_pll) and student_top_inst/Core_cpu/SegReg_EX_LS1_inst/alu_result_ls1_reg[23]/D (clocked by clk_out2_pll). Large setup violations at the end of those stages might be difficult to fix during the post-placement implementation flow and could be the result of non-optimal XDC constraints or non-optimal design architecture
Related violations: <none>

TIMING-16#26 Warning
Large setup violation  
There is a large setup violation of -1.150 ns between student_top_inst/Core_cpu/SegReg_ID_EX_inst/inst_ex_reg[21]/C (clocked by clk_out2_pll) and student_top_inst/Core_cpu/BPU_inst/btb_reg_64_127_27_29/RAMA/WE (clocked by clk_out2_pll). Large setup violations at the end of those stages might be difficult to fix during the post-placement implementation flow and could be the result of non-optimal XDC constraints or non-optimal design architecture
Related violations: <none>

TIMING-16#27 Warning
Large setup violation  
There is a large setup violation of -1.150 ns between student_top_inst/Core_cpu/SegReg_ID_EX_inst/inst_ex_reg[21]/C (clocked by clk_out2_pll) and student_top_inst/Core_cpu/BPU_inst/btb_reg_64_127_27_29/RAMB/WE (clocked by clk_out2_pll). Large setup violations at the end of those stages might be difficult to fix during the post-placement implementation flow and could be the result of non-optimal XDC constraints or non-optimal design architecture
Related violations: <none>

TIMING-16#28 Warning
Large setup violation  
There is a large setup violation of -1.150 ns between student_top_inst/Core_cpu/SegReg_ID_EX_inst/inst_ex_reg[21]/C (clocked by clk_out2_pll) and student_top_inst/Core_cpu/BPU_inst/btb_reg_64_127_27_29/RAMC/WE (clocked by clk_out2_pll). Large setup violations at the end of those stages might be difficult to fix during the post-placement implementation flow and could be the result of non-optimal XDC constraints or non-optimal design architecture
Related violations: <none>

TIMING-16#29 Warning
Large setup violation  
There is a large setup violation of -1.150 ns between student_top_inst/Core_cpu/SegReg_ID_EX_inst/inst_ex_reg[21]/C (clocked by clk_out2_pll) and student_top_inst/Core_cpu/BPU_inst/btb_reg_64_127_27_29/RAMD/WE (clocked by clk_out2_pll). Large setup violations at the end of those stages might be difficult to fix during the post-placement implementation flow and could be the result of non-optimal XDC constraints or non-optimal design architecture
Related violations: <none>

TIMING-16#30 Warning
Large setup violation  
There is a large setup violation of -1.153 ns between student_top_inst/Core_cpu/SegReg_ID_EX_inst/inst_ex_reg[21]/C (clocked by clk_out2_pll) and student_top_inst/Core_cpu/BPU_inst/btb_reg_64_127_18_20/RAMA/WE (clocked by clk_out2_pll). Large setup violations at the end of those stages might be difficult to fix during the post-placement implementation flow and could be the result of non-optimal XDC constraints or non-optimal design architecture
Related violations: <none>

TIMING-16#31 Warning
Large setup violation  
There is a large setup violation of -1.153 ns between student_top_inst/Core_cpu/SegReg_ID_EX_inst/inst_ex_reg[21]/C (clocked by clk_out2_pll) and student_top_inst/Core_cpu/BPU_inst/btb_reg_64_127_18_20/RAMB/WE (clocked by clk_out2_pll). Large setup violations at the end of those stages might be difficult to fix during the post-placement implementation flow and could be the result of non-optimal XDC constraints or non-optimal design architecture
Related violations: <none>

TIMING-16#32 Warning
Large setup violation  
There is a large setup violation of -1.153 ns between student_top_inst/Core_cpu/SegReg_ID_EX_inst/inst_ex_reg[21]/C (clocked by clk_out2_pll) and student_top_inst/Core_cpu/BPU_inst/btb_reg_64_127_18_20/RAMC/WE (clocked by clk_out2_pll). Large setup violations at the end of those stages might be difficult to fix during the post-placement implementation flow and could be the result of non-optimal XDC constraints or non-optimal design architecture
Related violations: <none>

TIMING-16#33 Warning
Large setup violation  
There is a large setup violation of -1.153 ns between student_top_inst/Core_cpu/SegReg_ID_EX_inst/inst_ex_reg[21]/C (clocked by clk_out2_pll) and student_top_inst/Core_cpu/BPU_inst/btb_reg_64_127_18_20/RAMD/WE (clocked by clk_out2_pll). Large setup violations at the end of those stages might be difficult to fix during the post-placement implementation flow and could be the result of non-optimal XDC constraints or non-optimal design architecture
Related violations: <none>

TIMING-16#34 Warning
Large setup violation  
There is a large setup violation of -1.161 ns between student_top_inst/Core_cpu/SegReg_ID_EX_inst/inst_ex_reg[15]/C (clocked by clk_out2_pll) and student_top_inst/Core_cpu/SegReg_EX_LS1_inst/alu_result_ls1_reg[27]/D (clocked by clk_out2_pll). Large setup violations at the end of those stages might be difficult to fix during the post-placement implementation flow and could be the result of non-optimal XDC constraints or non-optimal design architecture
Related violations: <none>

TIMING-16#35 Warning
Large setup violation  
There is a large setup violation of -1.162 ns between student_top_inst/Core_cpu/MulDiv_inst/rem_r_reg[2]/C (clocked by clk_out2_pll) and student_top_inst/Core_cpu/MulDiv_inst/result_reg[27]/D (clocked by clk_out2_pll). Large setup violations at the end of those stages might be difficult to fix during the post-placement implementation flow and could be the result of non-optimal XDC constraints or non-optimal design architecture
Related violations: <none>

TIMING-16#36 Warning
Large setup violation  
There is a large setup violation of -1.170 ns between student_top_inst/Core_cpu/SegReg_ID_EX_inst/inst_ex_reg[15]/C (clocked by clk_out2_pll) and student_top_inst/Core_cpu/SegReg_EX_LS1_inst/alu_result_ls1_reg[12]/D (clocked by clk_out2_pll). Large setup violations at the end of those stages might be difficult to fix during the post-placement implementation flow and could be the result of non-optimal XDC constraints or non-optimal design architecture
Related violations: <none>

TIMING-16#37 Warning
Large setup violation  
There is a large setup violation of -1.187 ns between student_top_inst/Core_cpu/SegReg_ID_EX_inst/inst_ex_reg[21]/C (clocked by clk_out2_pll) and student_top_inst/Core_cpu/BPU_inst/btb_reg_64_127_24_26/RAMA/WE (clocked by clk_out2_pll). Large setup violations at the end of those stages might be difficult to fix during the post-placement implementation flow and could be the result of non-optimal XDC constraints or non-optimal design architecture
Related violations: <none>

TIMING-16#38 Warning
Large setup violation  
There is a large setup violation of -1.187 ns between student_top_inst/Core_cpu/SegReg_ID_EX_inst/inst_ex_reg[21]/C (clocked by clk_out2_pll) and student_top_inst/Core_cpu/BPU_inst/btb_reg_64_127_24_26/RAMB/WE (clocked by clk_out2_pll). Large setup violations at the end of those stages might be difficult to fix during the post-placement implementation flow and could be the result of non-optimal XDC constraints or non-optimal design architecture
Related violations: <none>

TIMING-16#39 Warning
Large setup violation  
There is a large setup violation of -1.187 ns between student_top_inst/Core_cpu/SegReg_ID_EX_inst/inst_ex_reg[21]/C (clocked by clk_out2_pll) and student_top_inst/Core_cpu/BPU_inst/btb_reg_64_127_24_26/RAMC/WE (clocked by clk_out2_pll). Large setup violations at the end of those stages might be difficult to fix during the post-placement implementation flow and could be the result of non-optimal XDC constraints or non-optimal design architecture
Related violations: <none>

TIMING-16#40 Warning
Large setup violation  
There is a large setup violation of -1.187 ns between student_top_inst/Core_cpu/SegReg_ID_EX_inst/inst_ex_reg[21]/C (clocked by clk_out2_pll) and student_top_inst/Core_cpu/BPU_inst/btb_reg_64_127_24_26/RAMD/WE (clocked by clk_out2_pll). Large setup violations at the end of those stages might be difficult to fix during the post-placement implementation flow and could be the result of non-optimal XDC constraints or non-optimal design architecture
Related violations: <none>

TIMING-16#41 Warning
Large setup violation  
There is a large setup violation of -1.187 ns between student_top_inst/Core_cpu/SegReg_ID_EX_inst/inst_ex_reg[23]/C (clocked by clk_out2_pll) and student_top_inst/Core_cpu/MulDiv_inst/divisor_r_reg[28]/CE (clocked by clk_out2_pll). Large setup violations at the end of those stages might be difficult to fix during the post-placement implementation flow and could be the result of non-optimal XDC constraints or non-optimal design architecture
Related violations: <none>

TIMING-16#42 Warning
Large setup violation  
There is a large setup violation of -1.187 ns between student_top_inst/Core_cpu/SegReg_ID_EX_inst/inst_ex_reg[23]/C (clocked by clk_out2_pll) and student_top_inst/Core_cpu/MulDiv_inst/divisor_r_reg[29]/CE (clocked by clk_out2_pll). Large setup violations at the end of those stages might be difficult to fix during the post-placement implementation flow and could be the result of non-optimal XDC constraints or non-optimal design architecture
Related violations: <none>

TIMING-16#43 Warning
Large setup violation  
There is a large setup violation of -1.187 ns between student_top_inst/Core_cpu/SegReg_ID_EX_inst/inst_ex_reg[23]/C (clocked by clk_out2_pll) and student_top_inst/Core_cpu/MulDiv_inst/divisor_r_reg[30]/CE (clocked by clk_out2_pll). Large setup violations at the end of those stages might be difficult to fix during the post-placement implementation flow and could be the result of non-optimal XDC constraints or non-optimal design architecture
Related violations: <none>

TIMING-16#44 Warning
Large setup violation  
There is a large setup violation of -1.187 ns between student_top_inst/Core_cpu/SegReg_ID_EX_inst/inst_ex_reg[23]/C (clocked by clk_out2_pll) and student_top_inst/Core_cpu/MulDiv_inst/divisor_r_reg[31]/CE (clocked by clk_out2_pll). Large setup violations at the end of those stages might be difficult to fix during the post-placement implementation flow and could be the result of non-optimal XDC constraints or non-optimal design architecture
Related violations: <none>

TIMING-16#45 Warning
Large setup violation  
There is a large setup violation of -1.190 ns between student_top_inst/Core_cpu/SegReg_ID_EX_inst/inst_ex_reg[23]/C (clocked by clk_out2_pll) and student_top_inst/Core_cpu/SegReg_EX_LS1_inst/alu_result_ls1_reg[31]/D (clocked by clk_out2_pll). Large setup violations at the end of those stages might be difficult to fix during the post-placement implementation flow and could be the result of non-optimal XDC constraints or non-optimal design architecture
Related violations: <none>

TIMING-16#46 Warning
Large setup violation  
There is a large setup violation of -1.192 ns between student_top_inst/Core_cpu/SegReg_ID_EX_inst/inst_ex_reg[15]/C (clocked by clk_out2_pll) and student_top_inst/Core_cpu/SegReg_EX_LS1_inst/alu_result_ls1_reg[30]/D (clocked by clk_out2_pll). Large setup violations at the end of those stages might be difficult to fix during the post-placement implementation flow and could be the result of non-optimal XDC constraints or non-optimal design architecture
Related violations: <none>

TIMING-16#47 Warning
Large setup violation  
There is a large setup violation of -1.192 ns between student_top_inst/Core_cpu/SegReg_ID_EX_inst/inst_ex_reg[23]/C (clocked by clk_out2_pll) and student_top_inst/Core_cpu/SegReg_EX_LS1_inst/alu_result_ls1_reg[19]/D (clocked by clk_out2_pll). Large setup violations at the end of those stages might be difficult to fix during the post-placement implementation flow and could be the result of non-optimal XDC constraints or non-optimal design architecture
Related violations: <none>

TIMING-16#48 Warning
Large setup violation  
There is a large setup violation of -1.197 ns between student_top_inst/Core_cpu/SegReg_ID_EX_inst/inst_ex_reg[21]/C (clocked by clk_out2_pll) and student_top_inst/Core_cpu/BPU_inst/bht_reg_0_127_0_0/DP.LOW/I (clocked by clk_out2_pll). Large setup violations at the end of those stages might be difficult to fix during the post-placement implementation flow and could be the result of non-optimal XDC constraints or non-optimal design architecture
Related violations: <none>

TIMING-16#49 Warning
Large setup violation  
There is a large setup violation of -1.197 ns between student_top_inst/Core_cpu/SegReg_ID_EX_inst/inst_ex_reg[21]/C (clocked by clk_out2_pll) and student_top_inst/Core_cpu/BPU_inst/btb_reg_64_127_12_14/RAMA/WE (clocked by clk_out2_pll). Large setup violations at the end of those stages might be difficult to fix during the post-placement implementation flow and could be the result of non-optimal XDC constraints or non-optimal design architecture
Related violations: <none>

TIMING-16#50 Warning
Large setup violation  
There is a large setup violation of -1.197 ns between student_top_inst/Core_cpu/SegReg_ID_EX_inst/inst_ex_reg[21]/C (clocked by clk_out2_pll) and student_top_inst/Core_cpu/BPU_inst/btb_reg_64_127_12_14/RAMB/WE (clocked by clk_out2_pll). Large setup violations at the end of those stages might be difficult to fix during the post-placement implementation flow and could be the result of non-optimal XDC constraints or non-optimal design architecture
Related violations: <none>

TIMING-16#51 Warning
Large setup violation  
There is a large setup violation of -1.197 ns between student_top_inst/Core_cpu/SegReg_ID_EX_inst/inst_ex_reg[21]/C (clocked by clk_out2_pll) and student_top_inst/Core_cpu/BPU_inst/btb_reg_64_127_12_14/RAMC/WE (clocked by clk_out2_pll). Large setup violations at the end of those stages might be difficult to fix during the post-placement implementation flow and could be the result of non-optimal XDC constraints or non-optimal design architecture
Related violations: <none>

TIMING-16#52 Warning
Large setup violation  
There is a large setup violation of -1.197 ns between student_top_inst/Core_cpu/SegReg_ID_EX_inst/inst_ex_reg[21]/C (clocked by clk_out2_pll) and student_top_inst/Core_cpu/BPU_inst/btb_reg_64_127_12_14/RAMD/WE (clocked by clk_out2_pll). Large setup violations at the end of those stages might be difficult to fix during the post-placement implementation flow and could be the result of non-optimal XDC constraints or non-optimal design architecture
Related violations: <none>

TIMING-16#53 Warning
Large setup violation  
There is a large setup violation of -1.203 ns between student_top_inst/Core_cpu/SegReg_ID_EX_inst/inst_ex_reg[23]/C (clocked by clk_out2_pll) and student_top_inst/Core_cpu/MulDiv_inst/div_cnt_reg[2]/CE (clocked by clk_out2_pll). Large setup violations at the end of those stages might be difficult to fix during the post-placement implementation flow and could be the result of non-optimal XDC constraints or non-optimal design architecture
Related violations: <none>

TIMING-16#54 Warning
Large setup violation  
There is a large setup violation of -1.203 ns between student_top_inst/Core_cpu/SegReg_ID_EX_inst/inst_ex_reg[23]/C (clocked by clk_out2_pll) and student_top_inst/Core_cpu/MulDiv_inst/div_cnt_reg[3]/CE (clocked by clk_out2_pll). Large setup violations at the end of those stages might be difficult to fix during the post-placement implementation flow and could be the result of non-optimal XDC constraints or non-optimal design architecture
Related violations: <none>

TIMING-16#55 Warning
Large setup violation  
There is a large setup violation of -1.203 ns between student_top_inst/Core_cpu/SegReg_ID_EX_inst/inst_ex_reg[23]/C (clocked by clk_out2_pll) and student_top_inst/Core_cpu/MulDiv_inst/div_cnt_reg[4]/CE (clocked by clk_out2_pll). Large setup violations at the end of those stages might be difficult to fix during the post-placement implementation flow and could be the result of non-optimal XDC constraints or non-optimal design architecture
Related violations: <none>

TIMING-16#56 Warning
Large setup violation  
There is a large setup violation of -1.204 ns between student_top_inst/Core_cpu/SegReg_ID_EX_inst/inst_ex_reg[21]/C (clocked by clk_out2_pll) and student_top_inst/Core_cpu/BPU_inst/btb_reg_64_127_15_17/RAMA/WE (clocked by clk_out2_pll). Large setup violations at the end of those stages might be difficult to fix during the post-placement implementation flow and could be the result of non-optimal XDC constraints or non-optimal design architecture
Related violations: <none>

TIMING-16#57 Warning
Large setup violation  
There is a large setup violation of -1.204 ns between student_top_inst/Core_cpu/SegReg_ID_EX_inst/inst_ex_reg[21]/C (clocked by clk_out2_pll) and student_top_inst/Core_cpu/BPU_inst/btb_reg_64_127_15_17/RAMB/WE (clocked by clk_out2_pll). Large setup violations at the end of those stages might be difficult to fix during the post-placement implementation flow and could be the result of non-optimal XDC constraints or non-optimal design architecture
Related violations: <none>

TIMING-16#58 Warning
Large setup violation  
There is a large setup violation of -1.204 ns between student_top_inst/Core_cpu/SegReg_ID_EX_inst/inst_ex_reg[21]/C (clocked by clk_out2_pll) and student_top_inst/Core_cpu/BPU_inst/btb_reg_64_127_15_17/RAMC/WE (clocked by clk_out2_pll). Large setup violations at the end of those stages might be difficult to fix during the post-placement implementation flow and could be the result of non-optimal XDC constraints or non-optimal design architecture
Related violations: <none>

TIMING-16#59 Warning
Large setup violation  
There is a large setup violation of -1.204 ns between student_top_inst/Core_cpu/SegReg_ID_EX_inst/inst_ex_reg[21]/C (clocked by clk_out2_pll) and student_top_inst/Core_cpu/BPU_inst/btb_reg_64_127_15_17/RAMD/WE (clocked by clk_out2_pll). Large setup violations at the end of those stages might be difficult to fix during the post-placement implementation flow and could be the result of non-optimal XDC constraints or non-optimal design architecture
Related violations: <none>

TIMING-16#60 Warning
Large setup violation  
There is a large setup violation of -1.205 ns between student_top_inst/Core_cpu/SegReg_ID_EX_inst/inst_ex_reg[21]/C (clocked by clk_out2_pll) and student_top_inst/Core_cpu/BPU_inst/bht_reg_0_127_0_0/SP.HIGH/I (clocked by clk_out2_pll). Large setup violations at the end of those stages might be difficult to fix during the post-placement implementation flow and could be the result of non-optimal XDC constraints or non-optimal design architecture
Related violations: <none>

TIMING-16#61 Warning
Large setup violation  
There is a large setup violation of -1.209 ns between student_top_inst/Core_cpu/SegReg_ID_EX_inst/inst_ex_reg[21]/C (clocked by clk_out2_pll) and student_top_inst/Core_cpu/BPU_inst/btb_reg_64_127_0_2/RAMA/WE (clocked by clk_out2_pll). Large setup violations at the end of those stages might be difficult to fix during the post-placement implementation flow and could be the result of non-optimal XDC constraints or non-optimal design architecture
Related violations: <none>

TIMING-16#62 Warning
Large setup violation  
There is a large setup violation of -1.209 ns between student_top_inst/Core_cpu/SegReg_ID_EX_inst/inst_ex_reg[21]/C (clocked by clk_out2_pll) and student_top_inst/Core_cpu/BPU_inst/btb_reg_64_127_0_2/RAMB/WE (clocked by clk_out2_pll). Large setup violations at the end of those stages might be difficult to fix during the post-placement implementation flow and could be the result of non-optimal XDC constraints or non-optimal design architecture
Related violations: <none>

TIMING-16#63 Warning
Large setup violation  
There is a large setup violation of -1.209 ns between student_top_inst/Core_cpu/SegReg_ID_EX_inst/inst_ex_reg[21]/C (clocked by clk_out2_pll) and student_top_inst/Core_cpu/BPU_inst/btb_reg_64_127_0_2/RAMC/WE (clocked by clk_out2_pll). Large setup violations at the end of those stages might be difficult to fix during the post-placement implementation flow and could be the result of non-optimal XDC constraints or non-optimal design architecture
Related violations: <none>

TIMING-16#64 Warning
Large setup violation  
There is a large setup violation of -1.209 ns between student_top_inst/Core_cpu/SegReg_ID_EX_inst/inst_ex_reg[21]/C (clocked by clk_out2_pll) and student_top_inst/Core_cpu/BPU_inst/btb_reg_64_127_0_2/RAMD/WE (clocked by clk_out2_pll). Large setup violations at the end of those stages might be difficult to fix during the post-placement implementation flow and could be the result of non-optimal XDC constraints or non-optimal design architecture
Related violations: <none>

TIMING-16#65 Warning
Large setup violation  
There is a large setup violation of -1.214 ns between student_top_inst/Core_cpu/SegReg_ID_EX_inst/inst_ex_reg[21]/C (clocked by clk_out2_pll) and student_top_inst/Core_cpu/BPU_inst/bht_reg_0_127_1_1/SP.LOW/I (clocked by clk_out2_pll). Large setup violations at the end of those stages might be difficult to fix during the post-placement implementation flow and could be the result of non-optimal XDC constraints or non-optimal design architecture
Related violations: <none>

TIMING-16#66 Warning
Large setup violation  
There is a large setup violation of -1.214 ns between student_top_inst/Core_cpu/SegReg_ID_EX_inst/inst_ex_reg[23]/C (clocked by clk_out2_pll) and student_top_inst/Core_cpu/MulDiv_inst/quotient_r_reg[13]/CE (clocked by clk_out2_pll). Large setup violations at the end of those stages might be difficult to fix during the post-placement implementation flow and could be the result of non-optimal XDC constraints or non-optimal design architecture
Related violations: <none>

TIMING-16#67 Warning
Large setup violation  
There is a large setup violation of -1.214 ns between student_top_inst/Core_cpu/SegReg_ID_EX_inst/inst_ex_reg[23]/C (clocked by clk_out2_pll) and student_top_inst/Core_cpu/MulDiv_inst/quotient_r_reg[14]/CE (clocked by clk_out2_pll). Large setup violations at the end of those stages might be difficult to fix during the post-placement implementation flow and could be the result of non-optimal XDC constraints or non-optimal design architecture
Related violations: <none>

TIMING-16#68 Warning
Large setup violation  
There is a large setup violation of -1.214 ns between student_top_inst/Core_cpu/SegReg_ID_EX_inst/inst_ex_reg[23]/C (clocked by clk_out2_pll) and student_top_inst/Core_cpu/MulDiv_inst/rem_r_reg[12]/CE (clocked by clk_out2_pll). Large setup violations at the end of those stages might be difficult to fix during the post-placement implementation flow and could be the result of non-optimal XDC constraints or non-optimal design architecture
Related violations: <none>

TIMING-16#69 Warning
Large setup violation  
There is a large setup violation of -1.214 ns between student_top_inst/Core_cpu/SegReg_ID_EX_inst/inst_ex_reg[23]/C (clocked by clk_out2_pll) and student_top_inst/Core_cpu/MulDiv_inst/rem_r_reg[13]/CE (clocked by clk_out2_pll). Large setup violations at the end of those stages might be difficult to fix during the post-placement implementation flow and could be the result of non-optimal XDC constraints or non-optimal design architecture
Related violations: <none>

TIMING-16#70 Warning
Large setup violation  
There is a large setup violation of -1.215 ns between student_top_inst/Core_cpu/SegReg_ID_EX_inst/inst_ex_reg[21]/C (clocked by clk_out2_pll) and student_top_inst/Core_cpu/BPU_inst/btb_reg_128_191_21_23/RAMA/WE (clocked by clk_out2_pll). Large setup violations at the end of those stages might be difficult to fix during the post-placement implementation flow and could be the result of non-optimal XDC constraints or non-optimal design architecture
Related violations: <none>

TIMING-16#71 Warning
Large setup violation  
There is a large setup violation of -1.215 ns between student_top_inst/Core_cpu/SegReg_ID_EX_inst/inst_ex_reg[21]/C (clocked by clk_out2_pll) and student_top_inst/Core_cpu/BPU_inst/btb_reg_128_191_21_23/RAMB/WE (clocked by clk_out2_pll). Large setup violations at the end of those stages might be difficult to fix during the post-placement implementation flow and could be the result of non-optimal XDC constraints or non-optimal design architecture
Related violations: <none>

TIMING-16#72 Warning
Large setup violation  
There is a large setup violation of -1.215 ns between student_top_inst/Core_cpu/SegReg_ID_EX_inst/inst_ex_reg[21]/C (clocked by clk_out2_pll) and student_top_inst/Core_cpu/BPU_inst/btb_reg_128_191_21_23/RAMC/WE (clocked by clk_out2_pll). Large setup violations at the end of those stages might be difficult to fix during the post-placement implementation flow and could be the result of non-optimal XDC constraints or non-optimal design architecture
Related violations: <none>

TIMING-16#73 Warning
Large setup violation  
There is a large setup violation of -1.215 ns between student_top_inst/Core_cpu/SegReg_ID_EX_inst/inst_ex_reg[21]/C (clocked by clk_out2_pll) and student_top_inst/Core_cpu/BPU_inst/btb_reg_128_191_21_23/RAMD/WE (clocked by clk_out2_pll). Large setup violations at the end of those stages might be difficult to fix during the post-placement implementation flow and could be the result of non-optimal XDC constraints or non-optimal design architecture
Related violations: <none>

TIMING-16#74 Warning
Large setup violation  
There is a large setup violation of -1.217 ns between student_top_inst/Core_cpu/SegReg_ID_EX_inst/inst_ex_reg[23]/C (clocked by clk_out2_pll) and student_top_inst/Core_cpu/MulDiv_inst/div_cnt_reg[0]/CE (clocked by clk_out2_pll). Large setup violations at the end of those stages might be difficult to fix during the post-placement implementation flow and could be the result of non-optimal XDC constraints or non-optimal design architecture
Related violations: <none>

TIMING-16#75 Warning
Large setup violation  
There is a large setup violation of -1.217 ns between student_top_inst/Core_cpu/SegReg_ID_EX_inst/inst_ex_reg[23]/C (clocked by clk_out2_pll) and student_top_inst/Core_cpu/MulDiv_inst/div_cnt_reg[1]/CE (clocked by clk_out2_pll). Large setup violations at the end of those stages might be difficult to fix during the post-placement implementation flow and could be the result of non-optimal XDC constraints or non-optimal design architecture
Related violations: <none>

TIMING-16#76 Warning
Large setup violation  
There is a large setup violation of -1.217 ns between student_top_inst/Core_cpu/SegReg_ID_EX_inst/inst_ex_reg[23]/C (clocked by clk_out2_pll) and student_top_inst/Core_cpu/MulDiv_inst/div_cnt_reg[5]/CE (clocked by clk_out2_pll). Large setup violations at the end of those stages might be difficult to fix during the post-placement implementation flow and could be the result of non-optimal XDC constraints or non-optimal design architecture
Related violations: <none>

TIMING-16#77 Warning
Large setup violation  
There is a large setup violation of -1.223 ns between student_top_inst/Core_cpu/SegReg_ID_EX_inst/inst_ex_reg[21]/C (clocked by clk_out2_pll) and student_top_inst/Core_cpu/BPU_inst/btb_reg_192_255_18_20/RAMA/WE (clocked by clk_out2_pll). Large setup violations at the end of those stages might be difficult to fix during the post-placement implementation flow and could be the result of non-optimal XDC constraints or non-optimal design architecture
Related violations: <none>

TIMING-16#78 Warning
Large setup violation  
There is a large setup violation of -1.223 ns between student_top_inst/Core_cpu/SegReg_ID_EX_inst/inst_ex_reg[21]/C (clocked by clk_out2_pll) and student_top_inst/Core_cpu/BPU_inst/btb_reg_192_255_18_20/RAMB/WE (clocked by clk_out2_pll). Large setup violations at the end of those stages might be difficult to fix during the post-placement implementation flow and could be the result of non-optimal XDC constraints or non-optimal design architecture
Related violations: <none>

TIMING-16#79 Warning
Large setup violation  
There is a large setup violation of -1.223 ns between student_top_inst/Core_cpu/SegReg_ID_EX_inst/inst_ex_reg[21]/C (clocked by clk_out2_pll) and student_top_inst/Core_cpu/BPU_inst/btb_reg_192_255_18_20/RAMC/WE (clocked by clk_out2_pll). Large setup violations at the end of those stages might be difficult to fix during the post-placement implementation flow and could be the result of non-optimal XDC constraints or non-optimal design architecture
Related violations: <none>

TIMING-16#80 Warning
Large setup violation  
There is a large setup violation of -1.223 ns between student_top_inst/Core_cpu/SegReg_ID_EX_inst/inst_ex_reg[21]/C (clocked by clk_out2_pll) and student_top_inst/Core_cpu/BPU_inst/btb_reg_192_255_18_20/RAMD/WE (clocked by clk_out2_pll). Large setup violations at the end of those stages might be difficult to fix during the post-placement implementation flow and could be the result of non-optimal XDC constraints or non-optimal design architecture
Related violations: <none>

TIMING-16#81 Warning
Large setup violation  
There is a large setup violation of -1.226 ns between student_top_inst/Core_cpu/SegReg_ID_EX_inst/inst_ex_reg[21]/C (clocked by clk_out2_pll) and student_top_inst/Core_cpu/BPU_inst/bht_reg_128_255_0_0/SP.LOW/I (clocked by clk_out2_pll). Large setup violations at the end of those stages might be difficult to fix during the post-placement implementation flow and could be the result of non-optimal XDC constraints or non-optimal design architecture
Related violations: <none>

TIMING-16#82 Warning
Large setup violation  
There is a large setup violation of -1.227 ns between student_top_inst/Core_cpu/SegReg_ID_EX_inst/inst_ex_reg[21]/C (clocked by clk_out2_pll) and student_top_inst/Core_cpu/BPU_inst/btb_reg_64_127_36_38/RAMA/WE (clocked by clk_out2_pll). Large setup violations at the end of those stages might be difficult to fix during the post-placement implementation flow and could be the result of non-optimal XDC constraints or non-optimal design architecture
Related violations: <none>

TIMING-16#83 Warning
Large setup violation  
There is a large setup violation of -1.227 ns between student_top_inst/Core_cpu/SegReg_ID_EX_inst/inst_ex_reg[21]/C (clocked by clk_out2_pll) and student_top_inst/Core_cpu/BPU_inst/btb_reg_64_127_36_38/RAMB/WE (clocked by clk_out2_pll). Large setup violations at the end of those stages might be difficult to fix during the post-placement implementation flow and could be the result of non-optimal XDC constraints or non-optimal design architecture
Related violations: <none>

TIMING-16#84 Warning
Large setup violation  
There is a large setup violation of -1.227 ns between student_top_inst/Core_cpu/SegReg_ID_EX_inst/inst_ex_reg[21]/C (clocked by clk_out2_pll) and student_top_inst/Core_cpu/BPU_inst/btb_reg_64_127_36_38/RAMC/WE (clocked by clk_out2_pll). Large setup violations at the end of those stages might be difficult to fix during the post-placement implementation flow and could be the result of non-optimal XDC constraints or non-optimal design architecture
Related violations: <none>

TIMING-16#85 Warning
Large setup violation  
There is a large setup violation of -1.227 ns between student_top_inst/Core_cpu/SegReg_ID_EX_inst/inst_ex_reg[21]/C (clocked by clk_out2_pll) and student_top_inst/Core_cpu/BPU_inst/btb_reg_64_127_36_38/RAMD/WE (clocked by clk_out2_pll). Large setup violations at the end of those stages might be difficult to fix during the post-placement implementation flow and could be the result of non-optimal XDC constraints or non-optimal design architecture
Related violations: <none>

TIMING-16#86 Warning
Large setup violation  
There is a large setup violation of -1.229 ns between student_top_inst/Core_cpu/SegReg_ID_EX_inst/inst_ex_reg[23]/C (clocked by clk_out2_pll) and student_top_inst/Core_cpu/MulDiv_inst/FSM_sequential_cs_reg[1]/D (clocked by clk_out2_pll). Large setup violations at the end of those stages might be difficult to fix during the post-placement implementation flow and could be the result of non-optimal XDC constraints or non-optimal design architecture
Related violations: <none>

TIMING-16#87 Warning
Large setup violation  
There is a large setup violation of -1.230 ns between student_top_inst/Core_cpu/SegReg_ID_EX_inst/inst_ex_reg[21]/C (clocked by clk_out2_pll) and student_top_inst/Core_cpu/BPU_inst/btb_reg_192_255_12_14/RAMA/WE (clocked by clk_out2_pll). Large setup violations at the end of those stages might be difficult to fix during the post-placement implementation flow and could be the result of non-optimal XDC constraints or non-optimal design architecture
Related violations: <none>

TIMING-16#88 Warning
Large setup violation  
There is a large setup violation of -1.230 ns between student_top_inst/Core_cpu/SegReg_ID_EX_inst/inst_ex_reg[21]/C (clocked by clk_out2_pll) and student_top_inst/Core_cpu/BPU_inst/btb_reg_192_255_12_14/RAMB/WE (clocked by clk_out2_pll). Large setup violations at the end of those stages might be difficult to fix during the post-placement implementation flow and could be the result of non-optimal XDC constraints or non-optimal design architecture
Related violations: <none>

TIMING-16#89 Warning
Large setup violation  
There is a large setup violation of -1.230 ns between student_top_inst/Core_cpu/SegReg_ID_EX_inst/inst_ex_reg[21]/C (clocked by clk_out2_pll) and student_top_inst/Core_cpu/BPU_inst/btb_reg_192_255_12_14/RAMC/WE (clocked by clk_out2_pll). Large setup violations at the end of those stages might be difficult to fix during the post-placement implementation flow and could be the result of non-optimal XDC constraints or non-optimal design architecture
Related violations: <none>

TIMING-16#90 Warning
Large setup violation  
There is a large setup violation of -1.230 ns between student_top_inst/Core_cpu/SegReg_ID_EX_inst/inst_ex_reg[21]/C (clocked by clk_out2_pll) and student_top_inst/Core_cpu/BPU_inst/btb_reg_192_255_12_14/RAMD/WE (clocked by clk_out2_pll). Large setup violations at the end of those stages might be difficult to fix during the post-placement implementation flow and could be the result of non-optimal XDC constraints or non-optimal design architecture
Related violations: <none>

TIMING-16#91 Warning
Large setup violation  
There is a large setup violation of -1.240 ns between student_top_inst/Core_cpu/SegReg_ID_EX_inst/inst_ex_reg[21]/C (clocked by clk_out2_pll) and student_top_inst/Core_cpu/BPU_inst/btb_reg_128_191_18_20/RAMA/WE (clocked by clk_out2_pll). Large setup violations at the end of those stages might be difficult to fix during the post-placement implementation flow and could be the result of non-optimal XDC constraints or non-optimal design architecture
Related violations: <none>

TIMING-16#92 Warning
Large setup violation  
There is a large setup violation of -1.240 ns between student_top_inst/Core_cpu/SegReg_ID_EX_inst/inst_ex_reg[21]/C (clocked by clk_out2_pll) and student_top_inst/Core_cpu/BPU_inst/btb_reg_128_191_18_20/RAMB/WE (clocked by clk_out2_pll). Large setup violations at the end of those stages might be difficult to fix during the post-placement implementation flow and could be the result of non-optimal XDC constraints or non-optimal design architecture
Related violations: <none>

TIMING-16#93 Warning
Large setup violation  
There is a large setup violation of -1.240 ns between student_top_inst/Core_cpu/SegReg_ID_EX_inst/inst_ex_reg[21]/C (clocked by clk_out2_pll) and student_top_inst/Core_cpu/BPU_inst/btb_reg_128_191_18_20/RAMC/WE (clocked by clk_out2_pll). Large setup violations at the end of those stages might be difficult to fix during the post-placement implementation flow and could be the result of non-optimal XDC constraints or non-optimal design architecture
Related violations: <none>

TIMING-16#94 Warning
Large setup violation  
There is a large setup violation of -1.240 ns between student_top_inst/Core_cpu/SegReg_ID_EX_inst/inst_ex_reg[21]/C (clocked by clk_out2_pll) and student_top_inst/Core_cpu/BPU_inst/btb_reg_128_191_18_20/RAMD/WE (clocked by clk_out2_pll). Large setup violations at the end of those stages might be difficult to fix during the post-placement implementation flow and could be the result of non-optimal XDC constraints or non-optimal design architecture
Related violations: <none>

TIMING-16#95 Warning
Large setup violation  
There is a large setup violation of -1.245 ns between student_top_inst/Core_cpu/SegReg_ID_EX_inst/inst_ex_reg[23]/C (clocked by clk_out2_pll) and student_top_inst/Core_cpu/MulDiv_inst/result_reg[18]/CE (clocked by clk_out2_pll). Large setup violations at the end of those stages might be difficult to fix during the post-placement implementation flow and could be the result of non-optimal XDC constraints or non-optimal design architecture
Related violations: <none>

TIMING-16#96 Warning
Large setup violation  
There is a large setup violation of -1.245 ns between student_top_inst/Core_cpu/SegReg_ID_EX_inst/inst_ex_reg[23]/C (clocked by clk_out2_pll) and student_top_inst/Core_cpu/MulDiv_inst/result_reg[25]/CE (clocked by clk_out2_pll). Large setup violations at the end of those stages might be difficult to fix during the post-placement implementation flow and could be the result of non-optimal XDC constraints or non-optimal design architecture
Related violations: <none>

TIMING-16#97 Warning
Large setup violation  
There is a large setup violation of -1.245 ns between student_top_inst/Core_cpu/SegReg_ID_EX_inst/inst_ex_reg[23]/C (clocked by clk_out2_pll) and student_top_inst/Core_cpu/MulDiv_inst/result_reg[30]/CE (clocked by clk_out2_pll). Large setup violations at the end of those stages might be difficult to fix during the post-placement implementation flow and could be the result of non-optimal XDC constraints or non-optimal design architecture
Related violations: <none>

TIMING-16#98 Warning
Large setup violation  
There is a large setup violation of -1.245 ns between student_top_inst/Core_cpu/SegReg_ID_EX_inst/inst_ex_reg[23]/C (clocked by clk_out2_pll) and student_top_inst/Core_cpu/MulDiv_inst/result_reg[31]/CE (clocked by clk_out2_pll). Large setup violations at the end of those stages might be difficult to fix during the post-placement implementation flow and could be the result of non-optimal XDC constraints or non-optimal design architecture
Related violations: <none>

TIMING-16#99 Warning
Large setup violation  
There is a large setup violation of -1.245 ns between student_top_inst/Core_cpu/SegReg_ID_EX_inst/inst_ex_reg[23]/C (clocked by clk_out2_pll) and student_top_inst/Core_cpu/MulDiv_inst/result_reg[3]/CE (clocked by clk_out2_pll). Large setup violations at the end of those stages might be difficult to fix during the post-placement implementation flow and could be the result of non-optimal XDC constraints or non-optimal design architecture
Related violations: <none>

TIMING-16#100 Warning
Large setup violation  
There is a large setup violation of -1.246 ns between student_top_inst/Core_cpu/SegReg_ID_EX_inst/inst_ex_reg[15]/C (clocked by clk_out2_pll) and student_top_inst/Core_cpu/SegReg_EX_LS1_inst/alu_result_ls1_reg[6]_replica/D (clocked by clk_out2_pll). Large setup violations at the end of those stages might be difficult to fix during the post-placement implementation flow and could be the result of non-optimal XDC constraints or non-optimal design architecture
Related violations: <none>

TIMING-16#101 Warning
Large setup violation  
There is a large setup violation of -1.256 ns between student_top_inst/Core_cpu/SegReg_ID_EX_inst/inst_ex_reg[21]/C (clocked by clk_out2_pll) and student_top_inst/Core_cpu/BPU_inst/btb_reg_128_191_24_26/RAMA/WE (clocked by clk_out2_pll). Large setup violations at the end of those stages might be difficult to fix during the post-placement implementation flow and could be the result of non-optimal XDC constraints or non-optimal design architecture
Related violations: <none>

TIMING-16#102 Warning
Large setup violation  
There is a large setup violation of -1.256 ns between student_top_inst/Core_cpu/SegReg_ID_EX_inst/inst_ex_reg[21]/C (clocked by clk_out2_pll) and student_top_inst/Core_cpu/BPU_inst/btb_reg_128_191_24_26/RAMB/WE (clocked by clk_out2_pll). Large setup violations at the end of those stages might be difficult to fix during the post-placement implementation flow and could be the result of non-optimal XDC constraints or non-optimal design architecture
Related violations: <none>

TIMING-16#103 Warning
Large setup violation  
There is a large setup violation of -1.256 ns between student_top_inst/Core_cpu/SegReg_ID_EX_inst/inst_ex_reg[21]/C (clocked by clk_out2_pll) and student_top_inst/Core_cpu/BPU_inst/btb_reg_128_191_24_26/RAMC/WE (clocked by clk_out2_pll). Large setup violations at the end of those stages might be difficult to fix during the post-placement implementation flow and could be the result of non-optimal XDC constraints or non-optimal design architecture
Related violations: <none>

TIMING-16#104 Warning
Large setup violation  
There is a large setup violation of -1.256 ns between student_top_inst/Core_cpu/SegReg_ID_EX_inst/inst_ex_reg[21]/C (clocked by clk_out2_pll) and student_top_inst/Core_cpu/BPU_inst/btb_reg_128_191_24_26/RAMD/WE (clocked by clk_out2_pll). Large setup violations at the end of those stages might be difficult to fix during the post-placement implementation flow and could be the result of non-optimal XDC constraints or non-optimal design architecture
Related violations: <none>

TIMING-16#105 Warning
Large setup violation  
There is a large setup violation of -1.267 ns between student_top_inst/Core_cpu/SegReg_ID_EX_inst/inst_ex_reg[23]/C (clocked by clk_out2_pll) and student_top_inst/Core_cpu/MulDiv_inst/done_reg/D (clocked by clk_out2_pll). Large setup violations at the end of those stages might be difficult to fix during the post-placement implementation flow and could be the result of non-optimal XDC constraints or non-optimal design architecture
Related violations: <none>

TIMING-16#106 Warning
Large setup violation  
There is a large setup violation of -1.270 ns between student_top_inst/Core_cpu/SegReg_ID_EX_inst/inst_ex_reg[21]/C (clocked by clk_out2_pll) and student_top_inst/Core_cpu/BPU_inst/btb_reg_192_255_3_5/RAMA/WE (clocked by clk_out2_pll). Large setup violations at the end of those stages might be difficult to fix during the post-placement implementation flow and could be the result of non-optimal XDC constraints or non-optimal design architecture
Related violations: <none>

TIMING-16#107 Warning
Large setup violation  
There is a large setup violation of -1.270 ns between student_top_inst/Core_cpu/SegReg_ID_EX_inst/inst_ex_reg[21]/C (clocked by clk_out2_pll) and student_top_inst/Core_cpu/BPU_inst/btb_reg_192_255_3_5/RAMB/WE (clocked by clk_out2_pll). Large setup violations at the end of those stages might be difficult to fix during the post-placement implementation flow and could be the result of non-optimal XDC constraints or non-optimal design architecture
Related violations: <none>

TIMING-16#108 Warning
Large setup violation  
There is a large setup violation of -1.270 ns between student_top_inst/Core_cpu/SegReg_ID_EX_inst/inst_ex_reg[21]/C (clocked by clk_out2_pll) and student_top_inst/Core_cpu/BPU_inst/btb_reg_192_255_3_5/RAMC/WE (clocked by clk_out2_pll). Large setup violations at the end of those stages might be difficult to fix during the post-placement implementation flow and could be the result of non-optimal XDC constraints or non-optimal design architecture
Related violations: <none>

TIMING-16#109 Warning
Large setup violation  
There is a large setup violation of -1.270 ns between student_top_inst/Core_cpu/SegReg_ID_EX_inst/inst_ex_reg[21]/C (clocked by clk_out2_pll) and student_top_inst/Core_cpu/BPU_inst/btb_reg_192_255_3_5/RAMD/WE (clocked by clk_out2_pll). Large setup violations at the end of those stages might be difficult to fix during the post-placement implementation flow and could be the result of non-optimal XDC constraints or non-optimal design architecture
Related violations: <none>

TIMING-16#110 Warning
Large setup violation  
There is a large setup violation of -1.272 ns between student_top_inst/Core_cpu/SegReg_ID_EX_inst/inst_ex_reg[21]/C (clocked by clk_out2_pll) and student_top_inst/Core_cpu/BPU_inst/ras_stack_reg[3][0]/CE (clocked by clk_out2_pll). Large setup violations at the end of those stages might be difficult to fix during the post-placement implementation flow and could be the result of non-optimal XDC constraints or non-optimal design architecture
Related violations: <none>

TIMING-16#111 Warning
Large setup violation  
There is a large setup violation of -1.272 ns between student_top_inst/Core_cpu/SegReg_ID_EX_inst/inst_ex_reg[21]/C (clocked by clk_out2_pll) and student_top_inst/Core_cpu/BPU_inst/ras_stack_reg[3][21]/CE (clocked by clk_out2_pll). Large setup violations at the end of those stages might be difficult to fix during the post-placement implementation flow and could be the result of non-optimal XDC constraints or non-optimal design architecture
Related violations: <none>

TIMING-16#112 Warning
Large setup violation  
There is a large setup violation of -1.272 ns between student_top_inst/Core_cpu/SegReg_ID_EX_inst/inst_ex_reg[21]/C (clocked by clk_out2_pll) and student_top_inst/Core_cpu/BPU_inst/ras_stack_reg[3][26]/CE (clocked by clk_out2_pll). Large setup violations at the end of those stages might be difficult to fix during the post-placement implementation flow and could be the result of non-optimal XDC constraints or non-optimal design architecture
Related violations: <none>

TIMING-16#113 Warning
Large setup violation  
There is a large setup violation of -1.272 ns between student_top_inst/Core_cpu/SegReg_ID_EX_inst/inst_ex_reg[21]/C (clocked by clk_out2_pll) and student_top_inst/Core_cpu/BPU_inst/ras_stack_reg[3][27]/CE (clocked by clk_out2_pll). Large setup violations at the end of those stages might be difficult to fix during the post-placement implementation flow and could be the result of non-optimal XDC constraints or non-optimal design architecture
Related violations: <none>

TIMING-16#114 Warning
Large setup violation  
There is a large setup violation of -1.272 ns between student_top_inst/Core_cpu/SegReg_ID_EX_inst/inst_ex_reg[21]/C (clocked by clk_out2_pll) and student_top_inst/Core_cpu/BPU_inst/ras_stack_reg[3][30]/CE (clocked by clk_out2_pll). Large setup violations at the end of those stages might be difficult to fix during the post-placement implementation flow and could be the result of non-optimal XDC constraints or non-optimal design architecture
Related violations: <none>

TIMING-16#115 Warning
Large setup violation  
There is a large setup violation of -1.272 ns between student_top_inst/Core_cpu/SegReg_ID_EX_inst/inst_ex_reg[21]/C (clocked by clk_out2_pll) and student_top_inst/Core_cpu/BPU_inst/ras_stack_reg[3][4]/CE (clocked by clk_out2_pll). Large setup violations at the end of those stages might be difficult to fix during the post-placement implementation flow and could be the result of non-optimal XDC constraints or non-optimal design architecture
Related violations: <none>

TIMING-16#116 Warning
Large setup violation  
There is a large setup violation of -1.272 ns between student_top_inst/Core_cpu/SegReg_ID_EX_inst/inst_ex_reg[21]/C (clocked by clk_out2_pll) and student_top_inst/Core_cpu/BPU_inst/ras_stack_reg[3][6]/CE (clocked by clk_out2_pll). Large setup violations at the end of those stages might be difficult to fix during the post-placement implementation flow and could be the result of non-optimal XDC constraints or non-optimal design architecture
Related violations: <none>

TIMING-16#117 Warning
Large setup violation  
There is a large setup violation of -1.272 ns between student_top_inst/Core_cpu/SegReg_ID_EX_inst/inst_ex_reg[21]/C (clocked by clk_out2_pll) and student_top_inst/Core_cpu/BPU_inst/ras_stack_reg[3][8]/CE (clocked by clk_out2_pll). Large setup violations at the end of those stages might be difficult to fix during the post-placement implementation flow and could be the result of non-optimal XDC constraints or non-optimal design architecture
Related violations: <none>

TIMING-16#118 Warning
Large setup violation  
There is a large setup violation of -1.276 ns between student_top_inst/Core_cpu/SegReg_ID_EX_inst/inst_ex_reg[23]/C (clocked by clk_out2_pll) and student_top_inst/Core_cpu/SegReg_EX_LS1_inst/alu_result_ls1_reg[24]/D (clocked by clk_out2_pll). Large setup violations at the end of those stages might be difficult to fix during the post-placement implementation flow and could be the result of non-optimal XDC constraints or non-optimal design architecture
Related violations: <none>

TIMING-16#119 Warning
Large setup violation  
There is a large setup violation of -1.277 ns between student_top_inst/Core_cpu/SegReg_ID_EX_inst/inst_ex_reg[21]/C (clocked by clk_out2_pll) and student_top_inst/Core_cpu/BPU_inst/btb_reg_64_127_39_41/RAMA/WE (clocked by clk_out2_pll). Large setup violations at the end of those stages might be difficult to fix during the post-placement implementation flow and could be the result of non-optimal XDC constraints or non-optimal design architecture
Related violations: <none>

TIMING-16#120 Warning
Large setup violation  
There is a large setup violation of -1.277 ns between student_top_inst/Core_cpu/SegReg_ID_EX_inst/inst_ex_reg[21]/C (clocked by clk_out2_pll) and student_top_inst/Core_cpu/BPU_inst/btb_reg_64_127_39_41/RAMB/WE (clocked by clk_out2_pll). Large setup violations at the end of those stages might be difficult to fix during the post-placement implementation flow and could be the result of non-optimal XDC constraints or non-optimal design architecture
Related violations: <none>

TIMING-16#121 Warning
Large setup violation  
There is a large setup violation of -1.277 ns between student_top_inst/Core_cpu/SegReg_ID_EX_inst/inst_ex_reg[21]/C (clocked by clk_out2_pll) and student_top_inst/Core_cpu/BPU_inst/btb_reg_64_127_39_41/RAMC/WE (clocked by clk_out2_pll). Large setup violations at the end of those stages might be difficult to fix during the post-placement implementation flow and could be the result of non-optimal XDC constraints or non-optimal design architecture
Related violations: <none>

TIMING-16#122 Warning
Large setup violation  
There is a large setup violation of -1.277 ns between student_top_inst/Core_cpu/SegReg_ID_EX_inst/inst_ex_reg[21]/C (clocked by clk_out2_pll) and student_top_inst/Core_cpu/BPU_inst/btb_reg_64_127_39_41/RAMD/WE (clocked by clk_out2_pll). Large setup violations at the end of those stages might be difficult to fix during the post-placement implementation flow and could be the result of non-optimal XDC constraints or non-optimal design architecture
Related violations: <none>

TIMING-16#123 Warning
Large setup violation  
There is a large setup violation of -1.279 ns between student_top_inst/Core_cpu/SegReg_ID_EX_inst/inst_ex_reg[23]/C (clocked by clk_out2_pll) and student_top_inst/Core_cpu/MulDiv_inst/divisor_r_reg[20]/CE (clocked by clk_out2_pll). Large setup violations at the end of those stages might be difficult to fix during the post-placement implementation flow and could be the result of non-optimal XDC constraints or non-optimal design architecture
Related violations: <none>

TIMING-16#124 Warning
Large setup violation  
There is a large setup violation of -1.279 ns between student_top_inst/Core_cpu/SegReg_ID_EX_inst/inst_ex_reg[23]/C (clocked by clk_out2_pll) and student_top_inst/Core_cpu/MulDiv_inst/divisor_r_reg[21]/CE (clocked by clk_out2_pll). Large setup violations at the end of those stages might be difficult to fix during the post-placement implementation flow and could be the result of non-optimal XDC constraints or non-optimal design architecture
Related violations: <none>

TIMING-16#125 Warning
Large setup violation  
There is a large setup violation of -1.279 ns between student_top_inst/Core_cpu/SegReg_ID_EX_inst/inst_ex_reg[23]/C (clocked by clk_out2_pll) and student_top_inst/Core_cpu/MulDiv_inst/divisor_r_reg[22]/CE (clocked by clk_out2_pll). Large setup violations at the end of those stages might be difficult to fix during the post-placement implementation flow and could be the result of non-optimal XDC constraints or non-optimal design architecture
Related violations: <none>

TIMING-16#126 Warning
Large setup violation  
There is a large setup violation of -1.279 ns between student_top_inst/Core_cpu/SegReg_ID_EX_inst/inst_ex_reg[23]/C (clocked by clk_out2_pll) and student_top_inst/Core_cpu/MulDiv_inst/divisor_r_reg[23]/CE (clocked by clk_out2_pll). Large setup violations at the end of those stages might be difficult to fix during the post-placement implementation flow and could be the result of non-optimal XDC constraints or non-optimal design architecture
Related violations: <none>

TIMING-16#127 Warning
Large setup violation  
There is a large setup violation of -1.280 ns between student_top_inst/Core_cpu/SegReg_ID_EX_inst/inst_ex_reg[21]/C (clocked by clk_out2_pll) and student_top_inst/Core_cpu/BPU_inst/btb_reg_64_127_48_50/RAMA/WE (clocked by clk_out2_pll). Large setup violations at the end of those stages might be difficult to fix during the post-placement implementation flow and could be the result of non-optimal XDC constraints or non-optimal design architecture
Related violations: <none>

TIMING-16#128 Warning
Large setup violation  
There is a large setup violation of -1.280 ns between student_top_inst/Core_cpu/SegReg_ID_EX_inst/inst_ex_reg[21]/C (clocked by clk_out2_pll) and student_top_inst/Core_cpu/BPU_inst/btb_reg_64_127_48_50/RAMB/WE (clocked by clk_out2_pll). Large setup violations at the end of those stages might be difficult to fix during the post-placement implementation flow and could be the result of non-optimal XDC constraints or non-optimal design architecture
Related violations: <none>

TIMING-16#129 Warning
Large setup violation  
There is a large setup violation of -1.280 ns between student_top_inst/Core_cpu/SegReg_ID_EX_inst/inst_ex_reg[21]/C (clocked by clk_out2_pll) and student_top_inst/Core_cpu/BPU_inst/btb_reg_64_127_48_50/RAMC/WE (clocked by clk_out2_pll). Large setup violations at the end of those stages might be difficult to fix during the post-placement implementation flow and could be the result of non-optimal XDC constraints or non-optimal design architecture
Related violations: <none>

TIMING-16#130 Warning
Large setup violation  
There is a large setup violation of -1.280 ns between student_top_inst/Core_cpu/SegReg_ID_EX_inst/inst_ex_reg[21]/C (clocked by clk_out2_pll) and student_top_inst/Core_cpu/BPU_inst/btb_reg_64_127_48_50/RAMD/WE (clocked by clk_out2_pll). Large setup violations at the end of those stages might be difficult to fix during the post-placement implementation flow and could be the result of non-optimal XDC constraints or non-optimal design architecture
Related violations: <none>

TIMING-16#131 Warning
Large setup violation  
There is a large setup violation of -1.281 ns between student_top_inst/Core_cpu/SegReg_ID_EX_inst/inst_ex_reg[21]/C (clocked by clk_out2_pll) and student_top_inst/Core_cpu/BPU_inst/btb_reg_192_255_15_17/RAMA/WE (clocked by clk_out2_pll). Large setup violations at the end of those stages might be difficult to fix during the post-placement implementation flow and could be the result of non-optimal XDC constraints or non-optimal design architecture
Related violations: <none>

TIMING-16#132 Warning
Large setup violation  
There is a large setup violation of -1.281 ns between student_top_inst/Core_cpu/SegReg_ID_EX_inst/inst_ex_reg[21]/C (clocked by clk_out2_pll) and student_top_inst/Core_cpu/BPU_inst/btb_reg_192_255_15_17/RAMB/WE (clocked by clk_out2_pll). Large setup violations at the end of those stages might be difficult to fix during the post-placement implementation flow and could be the result of non-optimal XDC constraints or non-optimal design architecture
Related violations: <none>

TIMING-16#133 Warning
Large setup violation  
There is a large setup violation of -1.281 ns between student_top_inst/Core_cpu/SegReg_ID_EX_inst/inst_ex_reg[21]/C (clocked by clk_out2_pll) and student_top_inst/Core_cpu/BPU_inst/btb_reg_192_255_15_17/RAMC/WE (clocked by clk_out2_pll). Large setup violations at the end of those stages might be difficult to fix during the post-placement implementation flow and could be the result of non-optimal XDC constraints or non-optimal design architecture
Related violations: <none>

TIMING-16#134 Warning
Large setup violation  
There is a large setup violation of -1.281 ns between student_top_inst/Core_cpu/SegReg_ID_EX_inst/inst_ex_reg[21]/C (clocked by clk_out2_pll) and student_top_inst/Core_cpu/BPU_inst/btb_reg_192_255_15_17/RAMD/WE (clocked by clk_out2_pll). Large setup violations at the end of those stages might be difficult to fix during the post-placement implementation flow and could be the result of non-optimal XDC constraints or non-optimal design architecture
Related violations: <none>

TIMING-16#135 Warning
Large setup violation  
There is a large setup violation of -1.290 ns between student_top_inst/Core_cpu/SegReg_ID_EX_inst/inst_ex_reg[21]/C (clocked by clk_out2_pll) and student_top_inst/Core_cpu/BPU_inst/ras_top_reg[16]/CE (clocked by clk_out2_pll). Large setup violations at the end of those stages might be difficult to fix during the post-placement implementation flow and could be the result of non-optimal XDC constraints or non-optimal design architecture
Related violations: <none>

TIMING-16#136 Warning
Large setup violation  
There is a large setup violation of -1.290 ns between student_top_inst/Core_cpu/SegReg_ID_EX_inst/inst_ex_reg[21]/C (clocked by clk_out2_pll) and student_top_inst/Core_cpu/BPU_inst/ras_top_reg[26]/CE (clocked by clk_out2_pll). Large setup violations at the end of those stages might be difficult to fix during the post-placement implementation flow and could be the result of non-optimal XDC constraints or non-optimal design architecture
Related violations: <none>

TIMING-16#137 Warning
Large setup violation  
There is a large setup violation of -1.290 ns between student_top_inst/Core_cpu/SegReg_ID_EX_inst/inst_ex_reg[21]/C (clocked by clk_out2_pll) and student_top_inst/Core_cpu/BPU_inst/ras_top_reg[31]/CE (clocked by clk_out2_pll). Large setup violations at the end of those stages might be difficult to fix during the post-placement implementation flow and could be the result of non-optimal XDC constraints or non-optimal design architecture
Related violations: <none>

TIMING-16#138 Warning
Large setup violation  
There is a large setup violation of -1.290 ns between student_top_inst/Core_cpu/SegReg_ID_EX_inst/inst_ex_reg[21]/C (clocked by clk_out2_pll) and student_top_inst/Core_cpu/BPU_inst/ras_top_reg[7]/CE (clocked by clk_out2_pll). Large setup violations at the end of those stages might be difficult to fix during the post-placement implementation flow and could be the result of non-optimal XDC constraints or non-optimal design architecture
Related violations: <none>

TIMING-16#139 Warning
Large setup violation  
There is a large setup violation of -1.291 ns between student_top_inst/Core_cpu/SegReg_ID_EX_inst/inst_ex_reg[21]/C (clocked by clk_out2_pll) and student_top_inst/Core_cpu/BPU_inst/btb_reg_192_255_6_8/RAMA/WE (clocked by clk_out2_pll). Large setup violations at the end of those stages might be difficult to fix during the post-placement implementation flow and could be the result of non-optimal XDC constraints or non-optimal design architecture
Related violations: <none>

TIMING-16#140 Warning
Large setup violation  
There is a large setup violation of -1.291 ns between student_top_inst/Core_cpu/SegReg_ID_EX_inst/inst_ex_reg[21]/C (clocked by clk_out2_pll) and student_top_inst/Core_cpu/BPU_inst/btb_reg_192_255_6_8/RAMB/WE (clocked by clk_out2_pll). Large setup violations at the end of those stages might be difficult to fix during the post-placement implementation flow and could be the result of non-optimal XDC constraints or non-optimal design architecture
Related violations: <none>

TIMING-16#141 Warning
Large setup violation  
There is a large setup violation of -1.291 ns between student_top_inst/Core_cpu/SegReg_ID_EX_inst/inst_ex_reg[21]/C (clocked by clk_out2_pll) and student_top_inst/Core_cpu/BPU_inst/btb_reg_192_255_6_8/RAMC/WE (clocked by clk_out2_pll). Large setup violations at the end of those stages might be difficult to fix during the post-placement implementation flow and could be the result of non-optimal XDC constraints or non-optimal design architecture
Related violations: <none>

TIMING-16#142 Warning
Large setup violation  
There is a large setup violation of -1.291 ns between student_top_inst/Core_cpu/SegReg_ID_EX_inst/inst_ex_reg[21]/C (clocked by clk_out2_pll) and student_top_inst/Core_cpu/BPU_inst/btb_reg_192_255_6_8/RAMD/WE (clocked by clk_out2_pll). Large setup violations at the end of those stages might be difficult to fix during the post-placement implementation flow and could be the result of non-optimal XDC constraints or non-optimal design architecture
Related violations: <none>

TIMING-16#143 Warning
Large setup violation  
There is a large setup violation of -1.298 ns between student_top_inst/Core_cpu/SegReg_ID_EX_inst/inst_ex_reg[21]/C (clocked by clk_out2_pll) and student_top_inst/Core_cpu/BPU_inst/bht_reg_128_255_1_1/SP.LOW/I (clocked by clk_out2_pll). Large setup violations at the end of those stages might be difficult to fix during the post-placement implementation flow and could be the result of non-optimal XDC constraints or non-optimal design architecture
Related violations: <none>

TIMING-16#144 Warning
Large setup violation  
There is a large setup violation of -1.311 ns between student_top_inst/Core_cpu/SegReg_ID_EX_inst/inst_ex_reg[21]/C (clocked by clk_out2_pll) and student_top_inst/Core_cpu/BPU_inst/btb_reg_192_255_36_38/RAMA/WE (clocked by clk_out2_pll). Large setup violations at the end of those stages might be difficult to fix during the post-placement implementation flow and could be the result of non-optimal XDC constraints or non-optimal design architecture
Related violations: <none>

TIMING-16#145 Warning
Large setup violation  
There is a large setup violation of -1.311 ns between student_top_inst/Core_cpu/SegReg_ID_EX_inst/inst_ex_reg[21]/C (clocked by clk_out2_pll) and student_top_inst/Core_cpu/BPU_inst/btb_reg_192_255_36_38/RAMB/WE (clocked by clk_out2_pll). Large setup violations at the end of those stages might be difficult to fix during the post-placement implementation flow and could be the result of non-optimal XDC constraints or non-optimal design architecture
Related violations: <none>

TIMING-16#146 Warning
Large setup violation  
There is a large setup violation of -1.311 ns between student_top_inst/Core_cpu/SegReg_ID_EX_inst/inst_ex_reg[21]/C (clocked by clk_out2_pll) and student_top_inst/Core_cpu/BPU_inst/btb_reg_192_255_36_38/RAMC/WE (clocked by clk_out2_pll). Large setup violations at the end of those stages might be difficult to fix during the post-placement implementation flow and could be the result of non-optimal XDC constraints or non-optimal design architecture
Related violations: <none>

TIMING-16#147 Warning
Large setup violation  
There is a large setup violation of -1.311 ns between student_top_inst/Core_cpu/SegReg_ID_EX_inst/inst_ex_reg[21]/C (clocked by clk_out2_pll) and student_top_inst/Core_cpu/BPU_inst/btb_reg_192_255_36_38/RAMD/WE (clocked by clk_out2_pll). Large setup violations at the end of those stages might be difficult to fix during the post-placement implementation flow and could be the result of non-optimal XDC constraints or non-optimal design architecture
Related violations: <none>

TIMING-16#148 Warning
Large setup violation  
There is a large setup violation of -1.322 ns between student_top_inst/Core_cpu/SegReg_ID_EX_inst/inst_ex_reg[21]/C (clocked by clk_out2_pll) and student_top_inst/Core_cpu/BPU_inst/btb_reg_192_255_0_2/RAMA/WE (clocked by clk_out2_pll). Large setup violations at the end of those stages might be difficult to fix during the post-placement implementation flow and could be the result of non-optimal XDC constraints or non-optimal design architecture
Related violations: <none>

TIMING-16#149 Warning
Large setup violation  
There is a large setup violation of -1.322 ns between student_top_inst/Core_cpu/SegReg_ID_EX_inst/inst_ex_reg[21]/C (clocked by clk_out2_pll) and student_top_inst/Core_cpu/BPU_inst/btb_reg_192_255_0_2/RAMB/WE (clocked by clk_out2_pll). Large setup violations at the end of those stages might be difficult to fix during the post-placement implementation flow and could be the result of non-optimal XDC constraints or non-optimal design architecture
Related violations: <none>

TIMING-16#150 Warning
Large setup violation  
There is a large setup violation of -1.322 ns between student_top_inst/Core_cpu/SegReg_ID_EX_inst/inst_ex_reg[21]/C (clocked by clk_out2_pll) and student_top_inst/Core_cpu/BPU_inst/btb_reg_192_255_0_2/RAMC/WE (clocked by clk_out2_pll). Large setup violations at the end of those stages might be difficult to fix during the post-placement implementation flow and could be the result of non-optimal XDC constraints or non-optimal design architecture
Related violations: <none>

TIMING-16#151 Warning
Large setup violation  
There is a large setup violation of -1.322 ns between student_top_inst/Core_cpu/SegReg_ID_EX_inst/inst_ex_reg[21]/C (clocked by clk_out2_pll) and student_top_inst/Core_cpu/BPU_inst/btb_reg_192_255_0_2/RAMD/WE (clocked by clk_out2_pll). Large setup violations at the end of those stages might be difficult to fix during the post-placement implementation flow and could be the result of non-optimal XDC constraints or non-optimal design architecture
Related violations: <none>

TIMING-16#152 Warning
Large setup violation  
There is a large setup violation of -1.322 ns between student_top_inst/Core_cpu/SegReg_ID_EX_inst/inst_ex_reg[23]/C (clocked by clk_out2_pll) and student_top_inst/Core_cpu/MulDiv_inst/quotient_r_reg[30]/CE (clocked by clk_out2_pll). Large setup violations at the end of those stages might be difficult to fix during the post-placement implementation flow and could be the result of non-optimal XDC constraints or non-optimal design architecture
Related violations: <none>

TIMING-16#153 Warning
Large setup violation  
There is a large setup violation of -1.322 ns between student_top_inst/Core_cpu/SegReg_ID_EX_inst/inst_ex_reg[23]/C (clocked by clk_out2_pll) and student_top_inst/Core_cpu/MulDiv_inst/rem_r_reg[25]/CE (clocked by clk_out2_pll). Large setup violations at the end of those stages might be difficult to fix during the post-placement implementation flow and could be the result of non-optimal XDC constraints or non-optimal design architecture
Related violations: <none>

TIMING-16#154 Warning
Large setup violation  
There is a large setup violation of -1.323 ns between student_top_inst/Core_cpu/SegReg_ID_EX_inst/inst_ex_reg[21]/C (clocked by clk_out2_pll) and student_top_inst/Core_cpu/BPU_inst/btb_reg_128_191_27_29/RAMA/WE (clocked by clk_out2_pll). Large setup violations at the end of those stages might be difficult to fix during the post-placement implementation flow and could be the result of non-optimal XDC constraints or non-optimal design architecture
Related violations: <none>

TIMING-16#155 Warning
Large setup violation  
There is a large setup violation of -1.323 ns between student_top_inst/Core_cpu/SegReg_ID_EX_inst/inst_ex_reg[21]/C (clocked by clk_out2_pll) and student_top_inst/Core_cpu/BPU_inst/btb_reg_128_191_27_29/RAMB/WE (clocked by clk_out2_pll). Large setup violations at the end of those stages might be difficult to fix during the post-placement implementation flow and could be the result of non-optimal XDC constraints or non-optimal design architecture
Related violations: <none>

TIMING-16#156 Warning
Large setup violation  
There is a large setup violation of -1.323 ns between student_top_inst/Core_cpu/SegReg_ID_EX_inst/inst_ex_reg[21]/C (clocked by clk_out2_pll) and student_top_inst/Core_cpu/BPU_inst/btb_reg_128_191_27_29/RAMC/WE (clocked by clk_out2_pll). Large setup violations at the end of those stages might be difficult to fix during the post-placement implementation flow and could be the result of non-optimal XDC constraints or non-optimal design architecture
Related violations: <none>

TIMING-16#157 Warning
Large setup violation  
There is a large setup violation of -1.323 ns between student_top_inst/Core_cpu/SegReg_ID_EX_inst/inst_ex_reg[21]/C (clocked by clk_out2_pll) and student_top_inst/Core_cpu/BPU_inst/btb_reg_128_191_27_29/RAMD/WE (clocked by clk_out2_pll). Large setup violations at the end of those stages might be difficult to fix during the post-placement implementation flow and could be the result of non-optimal XDC constraints or non-optimal design architecture
Related violations: <none>

TIMING-16#158 Warning
Large setup violation  
There is a large setup violation of -1.323 ns between student_top_inst/Core_cpu/SegReg_ID_EX_inst/inst_ex_reg[21]/C (clocked by clk_out2_pll) and student_top_inst/Core_cpu/BPU_inst/btb_reg_128_191_39_41/RAMA/WE (clocked by clk_out2_pll). Large setup violations at the end of those stages might be difficult to fix during the post-placement implementation flow and could be the result of non-optimal XDC constraints or non-optimal design architecture
Related violations: <none>

TIMING-16#159 Warning
Large setup violation  
There is a large setup violation of -1.323 ns between student_top_inst/Core_cpu/SegReg_ID_EX_inst/inst_ex_reg[21]/C (clocked by clk_out2_pll) and student_top_inst/Core_cpu/BPU_inst/btb_reg_128_191_39_41/RAMB/WE (clocked by clk_out2_pll). Large setup violations at the end of those stages might be difficult to fix during the post-placement implementation flow and could be the result of non-optimal XDC constraints or non-optimal design architecture
Related violations: <none>

TIMING-16#160 Warning
Large setup violation  
There is a large setup violation of -1.323 ns between student_top_inst/Core_cpu/SegReg_ID_EX_inst/inst_ex_reg[21]/C (clocked by clk_out2_pll) and student_top_inst/Core_cpu/BPU_inst/btb_reg_128_191_39_41/RAMC/WE (clocked by clk_out2_pll). Large setup violations at the end of those stages might be difficult to fix during the post-placement implementation flow and could be the result of non-optimal XDC constraints or non-optimal design architecture
Related violations: <none>

TIMING-16#161 Warning
Large setup violation  
There is a large setup violation of -1.323 ns between student_top_inst/Core_cpu/SegReg_ID_EX_inst/inst_ex_reg[21]/C (clocked by clk_out2_pll) and student_top_inst/Core_cpu/BPU_inst/btb_reg_128_191_39_41/RAMD/WE (clocked by clk_out2_pll). Large setup violations at the end of those stages might be difficult to fix during the post-placement implementation flow and could be the result of non-optimal XDC constraints or non-optimal design architecture
Related violations: <none>

TIMING-16#162 Warning
Large setup violation  
There is a large setup violation of -1.323 ns between student_top_inst/Core_cpu/SegReg_ID_EX_inst/inst_ex_reg[23]/C (clocked by clk_out2_pll) and student_top_inst/Core_cpu/MulDiv_inst/quotient_r_reg[10]/CE (clocked by clk_out2_pll). Large setup violations at the end of those stages might be difficult to fix during the post-placement implementation flow and could be the result of non-optimal XDC constraints or non-optimal design architecture
Related violations: <none>

TIMING-16#163 Warning
Large setup violation  
There is a large setup violation of -1.323 ns between student_top_inst/Core_cpu/SegReg_ID_EX_inst/inst_ex_reg[23]/C (clocked by clk_out2_pll) and student_top_inst/Core_cpu/MulDiv_inst/quotient_r_reg[11]/CE (clocked by clk_out2_pll). Large setup violations at the end of those stages might be difficult to fix during the post-placement implementation flow and could be the result of non-optimal XDC constraints or non-optimal design architecture
Related violations: <none>

TIMING-16#164 Warning
Large setup violation  
There is a large setup violation of -1.323 ns between student_top_inst/Core_cpu/SegReg_ID_EX_inst/inst_ex_reg[23]/C (clocked by clk_out2_pll) and student_top_inst/Core_cpu/MulDiv_inst/quotient_r_reg[1]/CE (clocked by clk_out2_pll). Large setup violations at the end of those stages might be difficult to fix during the post-placement implementation flow and could be the result of non-optimal XDC constraints or non-optimal design architecture
Related violations: <none>

TIMING-16#165 Warning
Large setup violation  
There is a large setup violation of -1.323 ns between student_top_inst/Core_cpu/SegReg_ID_EX_inst/inst_ex_reg[23]/C (clocked by clk_out2_pll) and student_top_inst/Core_cpu/MulDiv_inst/quotient_r_reg[2]/CE (clocked by clk_out2_pll). Large setup violations at the end of those stages might be difficult to fix during the post-placement implementation flow and could be the result of non-optimal XDC constraints or non-optimal design architecture
Related violations: <none>

TIMING-16#166 Warning
Large setup violation  
There is a large setup violation of -1.323 ns between student_top_inst/Core_cpu/SegReg_ID_EX_inst/inst_ex_reg[23]/C (clocked by clk_out2_pll) and student_top_inst/Core_cpu/MulDiv_inst/rem_r_reg[0]/CE (clocked by clk_out2_pll). Large setup violations at the end of those stages might be difficult to fix during the post-placement implementation flow and could be the result of non-optimal XDC constraints or non-optimal design architecture
Related violations: <none>

TIMING-16#167 Warning
Large setup violation  
There is a large setup violation of -1.323 ns between student_top_inst/Core_cpu/SegReg_ID_EX_inst/inst_ex_reg[23]/C (clocked by clk_out2_pll) and student_top_inst/Core_cpu/MulDiv_inst/rem_r_reg[10]/CE (clocked by clk_out2_pll). Large setup violations at the end of those stages might be difficult to fix during the post-placement implementation flow and could be the result of non-optimal XDC constraints or non-optimal design architecture
Related violations: <none>

TIMING-16#168 Warning
Large setup violation  
There is a large setup violation of -1.323 ns between student_top_inst/Core_cpu/SegReg_ID_EX_inst/inst_ex_reg[23]/C (clocked by clk_out2_pll) and student_top_inst/Core_cpu/MulDiv_inst/rem_r_reg[1]/CE (clocked by clk_out2_pll). Large setup violations at the end of those stages might be difficult to fix during the post-placement implementation flow and could be the result of non-optimal XDC constraints or non-optimal design architecture
Related violations: <none>

TIMING-16#169 Warning
Large setup violation  
There is a large setup violation of -1.323 ns between student_top_inst/Core_cpu/SegReg_ID_EX_inst/inst_ex_reg[23]/C (clocked by clk_out2_pll) and student_top_inst/Core_cpu/MulDiv_inst/rem_r_reg[9]/CE (clocked by clk_out2_pll). Large setup violations at the end of those stages might be difficult to fix during the post-placement implementation flow and could be the result of non-optimal XDC constraints or non-optimal design architecture
Related violations: <none>

TIMING-16#170 Warning
Large setup violation  
There is a large setup violation of -1.324 ns between student_top_inst/Core_cpu/SegReg_ID_EX_inst/inst_ex_reg[23]/C (clocked by clk_out2_pll) and student_top_inst/Core_cpu/MulDiv_inst/divisor_r_reg[24]/CE (clocked by clk_out2_pll). Large setup violations at the end of those stages might be difficult to fix during the post-placement implementation flow and could be the result of non-optimal XDC constraints or non-optimal design architecture
Related violations: <none>

TIMING-16#171 Warning
Large setup violation  
There is a large setup violation of -1.324 ns between student_top_inst/Core_cpu/SegReg_ID_EX_inst/inst_ex_reg[23]/C (clocked by clk_out2_pll) and student_top_inst/Core_cpu/MulDiv_inst/divisor_r_reg[25]/CE (clocked by clk_out2_pll). Large setup violations at the end of those stages might be difficult to fix during the post-placement implementation flow and could be the result of non-optimal XDC constraints or non-optimal design architecture
Related violations: <none>

TIMING-16#172 Warning
Large setup violation  
There is a large setup violation of -1.324 ns between student_top_inst/Core_cpu/SegReg_ID_EX_inst/inst_ex_reg[23]/C (clocked by clk_out2_pll) and student_top_inst/Core_cpu/MulDiv_inst/divisor_r_reg[26]/CE (clocked by clk_out2_pll). Large setup violations at the end of those stages might be difficult to fix during the post-placement implementation flow and could be the result of non-optimal XDC constraints or non-optimal design architecture
Related violations: <none>

TIMING-16#173 Warning
Large setup violation  
There is a large setup violation of -1.324 ns between student_top_inst/Core_cpu/SegReg_ID_EX_inst/inst_ex_reg[23]/C (clocked by clk_out2_pll) and student_top_inst/Core_cpu/MulDiv_inst/divisor_r_reg[27]/CE (clocked by clk_out2_pll). Large setup violations at the end of those stages might be difficult to fix during the post-placement implementation flow and could be the result of non-optimal XDC constraints or non-optimal design architecture
Related violations: <none>

TIMING-16#174 Warning
Large setup violation  
There is a large setup violation of -1.324 ns between student_top_inst/Core_cpu/SegReg_ID_EX_inst/inst_ex_reg[23]/C (clocked by clk_out2_pll) and student_top_inst/Core_cpu/MulDiv_inst/result_reg[0]/CE (clocked by clk_out2_pll). Large setup violations at the end of those stages might be difficult to fix during the post-placement implementation flow and could be the result of non-optimal XDC constraints or non-optimal design architecture
Related violations: <none>

TIMING-16#175 Warning
Large setup violation  
There is a large setup violation of -1.324 ns between student_top_inst/Core_cpu/SegReg_ID_EX_inst/inst_ex_reg[23]/C (clocked by clk_out2_pll) and student_top_inst/Core_cpu/MulDiv_inst/result_reg[21]/CE (clocked by clk_out2_pll). Large setup violations at the end of those stages might be difficult to fix during the post-placement implementation flow and could be the result of non-optimal XDC constraints or non-optimal design architecture
Related violations: <none>

TIMING-16#176 Warning
Large setup violation  
There is a large setup violation of -1.326 ns between student_top_inst/Core_cpu/SegReg_ID_EX_inst/inst_ex_reg[21]/C (clocked by clk_out2_pll) and student_top_inst/Core_cpu/BPU_inst/btb_reg_128_191_36_38/RAMA/WE (clocked by clk_out2_pll). Large setup violations at the end of those stages might be difficult to fix during the post-placement implementation flow and could be the result of non-optimal XDC constraints or non-optimal design architecture
Related violations: <none>

TIMING-16#177 Warning
Large setup violation  
There is a large setup violation of -1.326 ns between student_top_inst/Core_cpu/SegReg_ID_EX_inst/inst_ex_reg[21]/C (clocked by clk_out2_pll) and student_top_inst/Core_cpu/BPU_inst/btb_reg_128_191_36_38/RAMB/WE (clocked by clk_out2_pll). Large setup violations at the end of those stages might be difficult to fix during the post-placement implementation flow and could be the result of non-optimal XDC constraints or non-optimal design architecture
Related violations: <none>

TIMING-16#178 Warning
Large setup violation  
There is a large setup violation of -1.326 ns between student_top_inst/Core_cpu/SegReg_ID_EX_inst/inst_ex_reg[21]/C (clocked by clk_out2_pll) and student_top_inst/Core_cpu/BPU_inst/btb_reg_128_191_36_38/RAMC/WE (clocked by clk_out2_pll). Large setup violations at the end of those stages might be difficult to fix during the post-placement implementation flow and could be the result of non-optimal XDC constraints or non-optimal design architecture
Related violations: <none>

TIMING-16#179 Warning
Large setup violation  
There is a large setup violation of -1.326 ns between student_top_inst/Core_cpu/SegReg_ID_EX_inst/inst_ex_reg[21]/C (clocked by clk_out2_pll) and student_top_inst/Core_cpu/BPU_inst/btb_reg_128_191_36_38/RAMD/WE (clocked by clk_out2_pll). Large setup violations at the end of those stages might be difficult to fix during the post-placement implementation flow and could be the result of non-optimal XDC constraints or non-optimal design architecture
Related violations: <none>

TIMING-16#180 Warning
Large setup violation  
There is a large setup violation of -1.328 ns between student_top_inst/Core_cpu/SegReg_ID_EX_inst/inst_ex_reg[21]/C (clocked by clk_out2_pll) and student_top_inst/Core_cpu/BPU_inst/btb_reg_64_127_30_32/RAMA/WE (clocked by clk_out2_pll). Large setup violations at the end of those stages might be difficult to fix during the post-placement implementation flow and could be the result of non-optimal XDC constraints or non-optimal design architecture
Related violations: <none>

TIMING-16#181 Warning
Large setup violation  
There is a large setup violation of -1.328 ns between student_top_inst/Core_cpu/SegReg_ID_EX_inst/inst_ex_reg[21]/C (clocked by clk_out2_pll) and student_top_inst/Core_cpu/BPU_inst/btb_reg_64_127_30_32/RAMB/WE (clocked by clk_out2_pll). Large setup violations at the end of those stages might be difficult to fix during the post-placement implementation flow and could be the result of non-optimal XDC constraints or non-optimal design architecture
Related violations: <none>

TIMING-16#182 Warning
Large setup violation  
There is a large setup violation of -1.328 ns between student_top_inst/Core_cpu/SegReg_ID_EX_inst/inst_ex_reg[21]/C (clocked by clk_out2_pll) and student_top_inst/Core_cpu/BPU_inst/btb_reg_64_127_30_32/RAMC/WE (clocked by clk_out2_pll). Large setup violations at the end of those stages might be difficult to fix during the post-placement implementation flow and could be the result of non-optimal XDC constraints or non-optimal design architecture
Related violations: <none>

TIMING-16#183 Warning
Large setup violation  
There is a large setup violation of -1.328 ns between student_top_inst/Core_cpu/SegReg_ID_EX_inst/inst_ex_reg[21]/C (clocked by clk_out2_pll) and student_top_inst/Core_cpu/BPU_inst/btb_reg_64_127_30_32/RAMD/WE (clocked by clk_out2_pll). Large setup violations at the end of those stages might be difficult to fix during the post-placement implementation flow and could be the result of non-optimal XDC constraints or non-optimal design architecture
Related violations: <none>

TIMING-16#184 Warning
Large setup violation  
There is a large setup violation of -1.330 ns between student_top_inst/Core_cpu/SegReg_ID_EX_inst/inst_ex_reg[23]/C (clocked by clk_out2_pll) and student_top_inst/Core_cpu/MulDiv_inst/quotient_r_reg[3]/CE (clocked by clk_out2_pll). Large setup violations at the end of those stages might be difficult to fix during the post-placement implementation flow and could be the result of non-optimal XDC constraints or non-optimal design architecture
Related violations: <none>

TIMING-16#185 Warning
Large setup violation  
There is a large setup violation of -1.330 ns between student_top_inst/Core_cpu/SegReg_ID_EX_inst/inst_ex_reg[23]/C (clocked by clk_out2_pll) and student_top_inst/Core_cpu/MulDiv_inst/quotient_r_reg[4]/CE (clocked by clk_out2_pll). Large setup violations at the end of those stages might be difficult to fix during the post-placement implementation flow and could be the result of non-optimal XDC constraints or non-optimal design architecture
Related violations: <none>

TIMING-16#186 Warning
Large setup violation  
There is a large setup violation of -1.330 ns between student_top_inst/Core_cpu/SegReg_ID_EX_inst/inst_ex_reg[23]/C (clocked by clk_out2_pll) and student_top_inst/Core_cpu/MulDiv_inst/rem_r_reg[2]/CE (clocked by clk_out2_pll). Large setup violations at the end of those stages might be difficult to fix during the post-placement implementation flow and could be the result of non-optimal XDC constraints or non-optimal design architecture
Related violations: <none>

TIMING-16#187 Warning
Large setup violation  
There is a large setup violation of -1.330 ns between student_top_inst/Core_cpu/SegReg_ID_EX_inst/inst_ex_reg[23]/C (clocked by clk_out2_pll) and student_top_inst/Core_cpu/MulDiv_inst/rem_r_reg[3]/CE (clocked by clk_out2_pll). Large setup violations at the end of those stages might be difficult to fix during the post-placement implementation flow and could be the result of non-optimal XDC constraints or non-optimal design architecture
Related violations: <none>

TIMING-16#188 Warning
Large setup violation  
There is a large setup violation of -1.331 ns between student_top_inst/Core_cpu/SegReg_ID_EX_inst/inst_ex_reg[23]/C (clocked by clk_out2_pll) and student_top_inst/Core_cpu/MulDiv_inst/result_reg[15]/CE (clocked by clk_out2_pll). Large setup violations at the end of those stages might be difficult to fix during the post-placement implementation flow and could be the result of non-optimal XDC constraints or non-optimal design architecture
Related violations: <none>

TIMING-16#189 Warning
Large setup violation  
There is a large setup violation of -1.331 ns between student_top_inst/Core_cpu/SegReg_ID_EX_inst/inst_ex_reg[23]/C (clocked by clk_out2_pll) and student_top_inst/Core_cpu/MulDiv_inst/result_reg[16]/CE (clocked by clk_out2_pll). Large setup violations at the end of those stages might be difficult to fix during the post-placement implementation flow and could be the result of non-optimal XDC constraints or non-optimal design architecture
Related violations: <none>

TIMING-16#190 Warning
Large setup violation  
There is a large setup violation of -1.333 ns between student_top_inst/Core_cpu/SegReg_ID_EX_inst/inst_ex_reg[23]/C (clocked by clk_out2_pll) and student_top_inst/Core_cpu/MulDiv_inst/quotient_r_reg[0]/CE (clocked by clk_out2_pll). Large setup violations at the end of those stages might be difficult to fix during the post-placement implementation flow and could be the result of non-optimal XDC constraints or non-optimal design architecture
Related violations: <none>

TIMING-16#191 Warning
Large setup violation  
There is a large setup violation of -1.333 ns between student_top_inst/Core_cpu/SegReg_ID_EX_inst/inst_ex_reg[23]/C (clocked by clk_out2_pll) and student_top_inst/Core_cpu/MulDiv_inst/quotient_r_reg[28]/CE (clocked by clk_out2_pll). Large setup violations at the end of those stages might be difficult to fix during the post-placement implementation flow and could be the result of non-optimal XDC constraints or non-optimal design architecture
Related violations: <none>

TIMING-16#192 Warning
Large setup violation  
There is a large setup violation of -1.333 ns between student_top_inst/Core_cpu/SegReg_ID_EX_inst/inst_ex_reg[23]/C (clocked by clk_out2_pll) and student_top_inst/Core_cpu/MulDiv_inst/rem_r_reg[28]/CE (clocked by clk_out2_pll). Large setup violations at the end of those stages might be difficult to fix during the post-placement implementation flow and could be the result of non-optimal XDC constraints or non-optimal design architecture
Related violations: <none>

TIMING-16#193 Warning
Large setup violation  
There is a large setup violation of -1.333 ns between student_top_inst/Core_cpu/SegReg_ID_EX_inst/inst_ex_reg[23]/C (clocked by clk_out2_pll) and student_top_inst/Core_cpu/MulDiv_inst/rem_r_reg[29]/CE (clocked by clk_out2_pll). Large setup violations at the end of those stages might be difficult to fix during the post-placement implementation flow and could be the result of non-optimal XDC constraints or non-optimal design architecture
Related violations: <none>

TIMING-16#194 Warning
Large setup violation  
There is a large setup violation of -1.334 ns between student_top_inst/Core_cpu/SegReg_ID_EX_inst/inst_ex_reg[23]/C (clocked by clk_out2_pll) and student_top_inst/Core_cpu/MulDiv_inst/quotient_r_reg[24]/CE (clocked by clk_out2_pll). Large setup violations at the end of those stages might be difficult to fix during the post-placement implementation flow and could be the result of non-optimal XDC constraints or non-optimal design architecture
Related violations: <none>

TIMING-16#195 Warning
Large setup violation  
There is a large setup violation of -1.334 ns between student_top_inst/Core_cpu/SegReg_ID_EX_inst/inst_ex_reg[23]/C (clocked by clk_out2_pll) and student_top_inst/Core_cpu/MulDiv_inst/rem_r_reg[24]/CE (clocked by clk_out2_pll). Large setup violations at the end of those stages might be difficult to fix during the post-placement implementation flow and could be the result of non-optimal XDC constraints or non-optimal design architecture
Related violations: <none>

TIMING-16#196 Warning
Large setup violation  
There is a large setup violation of -1.335 ns between student_top_inst/Core_cpu/SegReg_ID_EX_inst/inst_ex_reg[21]/C (clocked by clk_out2_pll) and student_top_inst/Core_cpu/BPU_inst/btb_reg_128_191_33_35/RAMA/WE (clocked by clk_out2_pll). Large setup violations at the end of those stages might be difficult to fix during the post-placement implementation flow and could be the result of non-optimal XDC constraints or non-optimal design architecture
Related violations: <none>

TIMING-16#197 Warning
Large setup violation  
There is a large setup violation of -1.335 ns between student_top_inst/Core_cpu/SegReg_ID_EX_inst/inst_ex_reg[21]/C (clocked by clk_out2_pll) and student_top_inst/Core_cpu/BPU_inst/btb_reg_128_191_33_35/RAMB/WE (clocked by clk_out2_pll). Large setup violations at the end of those stages might be difficult to fix during the post-placement implementation flow and could be the result of non-optimal XDC constraints or non-optimal design architecture
Related violations: <none>

TIMING-16#198 Warning
Large setup violation  
There is a large setup violation of -1.335 ns between student_top_inst/Core_cpu/SegReg_ID_EX_inst/inst_ex_reg[21]/C (clocked by clk_out2_pll) and student_top_inst/Core_cpu/BPU_inst/btb_reg_128_191_33_35/RAMC/WE (clocked by clk_out2_pll). Large setup violations at the end of those stages might be difficult to fix during the post-placement implementation flow and could be the result of non-optimal XDC constraints or non-optimal design architecture
Related violations: <none>

TIMING-16#199 Warning
Large setup violation  
There is a large setup violation of -1.335 ns between student_top_inst/Core_cpu/SegReg_ID_EX_inst/inst_ex_reg[21]/C (clocked by clk_out2_pll) and student_top_inst/Core_cpu/BPU_inst/btb_reg_128_191_33_35/RAMD/WE (clocked by clk_out2_pll). Large setup violations at the end of those stages might be difficult to fix during the post-placement implementation flow and could be the result of non-optimal XDC constraints or non-optimal design architecture
Related violations: <none>

TIMING-16#200 Warning
Large setup violation  
There is a large setup violation of -1.338 ns between student_top_inst/Core_cpu/SegReg_ID_EX_inst/inst_ex_reg[21]/C (clocked by clk_out2_pll) and student_top_inst/Core_cpu/BPU_inst/btb_reg_64_127_42_44/RAMA/WE (clocked by clk_out2_pll). Large setup violations at the end of those stages might be difficult to fix during the post-placement implementation flow and could be the result of non-optimal XDC constraints or non-optimal design architecture
Related violations: <none>

TIMING-16#201 Warning
Large setup violation  
There is a large setup violation of -1.338 ns between student_top_inst/Core_cpu/SegReg_ID_EX_inst/inst_ex_reg[21]/C (clocked by clk_out2_pll) and student_top_inst/Core_cpu/BPU_inst/btb_reg_64_127_42_44/RAMB/WE (clocked by clk_out2_pll). Large setup violations at the end of those stages might be difficult to fix during the post-placement implementation flow and could be the result of non-optimal XDC constraints or non-optimal design architecture
Related violations: <none>

TIMING-16#202 Warning
Large setup violation  
There is a large setup violation of -1.338 ns between student_top_inst/Core_cpu/SegReg_ID_EX_inst/inst_ex_reg[21]/C (clocked by clk_out2_pll) and student_top_inst/Core_cpu/BPU_inst/btb_reg_64_127_42_44/RAMC/WE (clocked by clk_out2_pll). Large setup violations at the end of those stages might be difficult to fix during the post-placement implementation flow and could be the result of non-optimal XDC constraints or non-optimal design architecture
Related violations: <none>

TIMING-16#203 Warning
Large setup violation  
There is a large setup violation of -1.338 ns between student_top_inst/Core_cpu/SegReg_ID_EX_inst/inst_ex_reg[21]/C (clocked by clk_out2_pll) and student_top_inst/Core_cpu/BPU_inst/btb_reg_64_127_42_44/RAMD/WE (clocked by clk_out2_pll). Large setup violations at the end of those stages might be difficult to fix during the post-placement implementation flow and could be the result of non-optimal XDC constraints or non-optimal design architecture
Related violations: <none>

TIMING-16#204 Warning
Large setup violation  
There is a large setup violation of -1.340 ns between student_top_inst/Core_cpu/SegReg_ID_EX_inst/inst_ex_reg[21]/C (clocked by clk_out2_pll) and student_top_inst/Core_cpu/BPU_inst/btb_reg_64_127_3_5/RAMA/WE (clocked by clk_out2_pll). Large setup violations at the end of those stages might be difficult to fix during the post-placement implementation flow and could be the result of non-optimal XDC constraints or non-optimal design architecture
Related violations: <none>

TIMING-16#205 Warning
Large setup violation  
There is a large setup violation of -1.340 ns between student_top_inst/Core_cpu/SegReg_ID_EX_inst/inst_ex_reg[21]/C (clocked by clk_out2_pll) and student_top_inst/Core_cpu/BPU_inst/btb_reg_64_127_3_5/RAMB/WE (clocked by clk_out2_pll). Large setup violations at the end of those stages might be difficult to fix during the post-placement implementation flow and could be the result of non-optimal XDC constraints or non-optimal design architecture
Related violations: <none>

TIMING-16#206 Warning
Large setup violation  
There is a large setup violation of -1.340 ns between student_top_inst/Core_cpu/SegReg_ID_EX_inst/inst_ex_reg[21]/C (clocked by clk_out2_pll) and student_top_inst/Core_cpu/BPU_inst/btb_reg_64_127_3_5/RAMC/WE (clocked by clk_out2_pll). Large setup violations at the end of those stages might be difficult to fix during the post-placement implementation flow and could be the result of non-optimal XDC constraints or non-optimal design architecture
Related violations: <none>

TIMING-16#207 Warning
Large setup violation  
There is a large setup violation of -1.340 ns between student_top_inst/Core_cpu/SegReg_ID_EX_inst/inst_ex_reg[21]/C (clocked by clk_out2_pll) and student_top_inst/Core_cpu/BPU_inst/btb_reg_64_127_3_5/RAMD/WE (clocked by clk_out2_pll). Large setup violations at the end of those stages might be difficult to fix during the post-placement implementation flow and could be the result of non-optimal XDC constraints or non-optimal design architecture
Related violations: <none>

TIMING-16#208 Warning
Large setup violation  
There is a large setup violation of -1.340 ns between student_top_inst/Core_cpu/SegReg_ID_EX_inst/inst_ex_reg[21]/C (clocked by clk_out2_pll) and student_top_inst/Core_cpu/SegReg_IF1_IF2_inst/pc_if2_reg[15]/CE (clocked by clk_out2_pll). Large setup violations at the end of those stages might be difficult to fix during the post-placement implementation flow and could be the result of non-optimal XDC constraints or non-optimal design architecture
Related violations: <none>

TIMING-16#209 Warning
Large setup violation  
There is a large setup violation of -1.340 ns between student_top_inst/Core_cpu/SegReg_ID_EX_inst/inst_ex_reg[21]/C (clocked by clk_out2_pll) and student_top_inst/Core_cpu/SegReg_IF1_IF2_inst/pc_if2_reg[16]/CE (clocked by clk_out2_pll). Large setup violations at the end of those stages might be difficult to fix during the post-placement implementation flow and could be the result of non-optimal XDC constraints or non-optimal design architecture
Related violations: <none>

TIMING-16#210 Warning
Large setup violation  
There is a large setup violation of -1.340 ns between student_top_inst/Core_cpu/SegReg_ID_EX_inst/inst_ex_reg[23]/C (clocked by clk_out2_pll) and student_top_inst/Core_cpu/MulDiv_inst/dividend_r_reg[27]/CE (clocked by clk_out2_pll). Large setup violations at the end of those stages might be difficult to fix during the post-placement implementation flow and could be the result of non-optimal XDC constraints or non-optimal design architecture
Related violations: <none>

TIMING-16#211 Warning
Large setup violation  
There is a large setup violation of -1.340 ns between student_top_inst/Core_cpu/SegReg_ID_EX_inst/inst_ex_reg[23]/C (clocked by clk_out2_pll) and student_top_inst/Core_cpu/MulDiv_inst/dividend_r_reg[28]/CE (clocked by clk_out2_pll). Large setup violations at the end of those stages might be difficult to fix during the post-placement implementation flow and could be the result of non-optimal XDC constraints or non-optimal design architecture
Related violations: <none>

TIMING-16#212 Warning
Large setup violation  
There is a large setup violation of -1.343 ns between student_top_inst/Core_cpu/SegReg_ID_EX_inst/inst_ex_reg[21]/C (clocked by clk_out2_pll) and student_top_inst/Core_cpu/PC_inst/pc_reg[26]/D (clocked by clk_out2_pll). Large setup violations at the end of those stages might be difficult to fix during the post-placement implementation flow and could be the result of non-optimal XDC constraints or non-optimal design architecture
Related violations: <none>

TIMING-16#213 Warning
Large setup violation  
There is a large setup violation of -1.344 ns between student_top_inst/Core_cpu/SegReg_ID_EX_inst/inst_ex_reg[21]/C (clocked by clk_out2_pll) and student_top_inst/Core_cpu/SegReg_IF1_IF2_inst/pc_if2_reg[14]/CE (clocked by clk_out2_pll). Large setup violations at the end of those stages might be difficult to fix during the post-placement implementation flow and could be the result of non-optimal XDC constraints or non-optimal design architecture
Related violations: <none>

TIMING-16#214 Warning
Large setup violation  
There is a large setup violation of -1.344 ns between student_top_inst/Core_cpu/SegReg_ID_EX_inst/inst_ex_reg[23]/C (clocked by clk_out2_pll) and student_top_inst/Core_cpu/MulDiv_inst/result_reg[29]/CE (clocked by clk_out2_pll). Large setup violations at the end of those stages might be difficult to fix during the post-placement implementation flow and could be the result of non-optimal XDC constraints or non-optimal design architecture
Related violations: <none>

TIMING-16#215 Warning
Large setup violation  
There is a large setup violation of -1.348 ns between student_top_inst/Core_cpu/SegReg_ID_EX_inst/inst_ex_reg[23]/C (clocked by clk_out2_pll) and student_top_inst/Core_cpu/MulDiv_inst/dividend_r_reg[24]/CE (clocked by clk_out2_pll). Large setup violations at the end of those stages might be difficult to fix during the post-placement implementation flow and could be the result of non-optimal XDC constraints or non-optimal design architecture
Related violations: <none>

TIMING-16#216 Warning
Large setup violation  
There is a large setup violation of -1.348 ns between student_top_inst/Core_cpu/SegReg_ID_EX_inst/inst_ex_reg[23]/C (clocked by clk_out2_pll) and student_top_inst/Core_cpu/MulDiv_inst/dividend_r_reg[25]/CE (clocked by clk_out2_pll). Large setup violations at the end of those stages might be difficult to fix during the post-placement implementation flow and could be the result of non-optimal XDC constraints or non-optimal design architecture
Related violations: <none>

TIMING-16#217 Warning
Large setup violation  
There is a large setup violation of -1.348 ns between student_top_inst/Core_cpu/SegReg_ID_EX_inst/inst_ex_reg[23]/C (clocked by clk_out2_pll) and student_top_inst/Core_cpu/MulDiv_inst/dividend_r_reg[30]/CE (clocked by clk_out2_pll). Large setup violations at the end of those stages might be difficult to fix during the post-placement implementation flow and could be the result of non-optimal XDC constraints or non-optimal design architecture
Related violations: <none>

TIMING-16#218 Warning
Large setup violation  
There is a large setup violation of -1.348 ns between student_top_inst/Core_cpu/SegReg_ID_EX_inst/inst_ex_reg[23]/C (clocked by clk_out2_pll) and student_top_inst/Core_cpu/MulDiv_inst/dividend_r_reg[31]/CE (clocked by clk_out2_pll). Large setup violations at the end of those stages might be difficult to fix during the post-placement implementation flow and could be the result of non-optimal XDC constraints or non-optimal design architecture
Related violations: <none>

TIMING-16#219 Warning
Large setup violation  
There is a large setup violation of -1.348 ns between student_top_inst/Core_cpu/SegReg_ID_EX_inst/inst_ex_reg[23]/C (clocked by clk_out2_pll) and student_top_inst/Core_cpu/MulDiv_inst/result_reg[19]/CE (clocked by clk_out2_pll). Large setup violations at the end of those stages might be difficult to fix during the post-placement implementation flow and could be the result of non-optimal XDC constraints or non-optimal design architecture
Related violations: <none>

TIMING-16#220 Warning
Large setup violation  
There is a large setup violation of -1.348 ns between student_top_inst/Core_cpu/SegReg_ID_EX_inst/inst_ex_reg[23]/C (clocked by clk_out2_pll) and student_top_inst/Core_cpu/MulDiv_inst/result_reg[23]/CE (clocked by clk_out2_pll). Large setup violations at the end of those stages might be difficult to fix during the post-placement implementation flow and could be the result of non-optimal XDC constraints or non-optimal design architecture
Related violations: <none>

TIMING-16#221 Warning
Large setup violation  
There is a large setup violation of -1.348 ns between student_top_inst/Core_cpu/SegReg_ID_EX_inst/inst_ex_reg[23]/C (clocked by clk_out2_pll) and student_top_inst/Core_cpu/MulDiv_inst/result_reg[7]/CE (clocked by clk_out2_pll). Large setup violations at the end of those stages might be difficult to fix during the post-placement implementation flow and could be the result of non-optimal XDC constraints or non-optimal design architecture
Related violations: <none>

TIMING-16#222 Warning
Large setup violation  
There is a large setup violation of -1.355 ns between student_top_inst/Core_cpu/SegReg_ID_EX_inst/inst_ex_reg[21]/C (clocked by clk_out2_pll) and student_top_inst/Core_cpu/BPU_inst/btb_reg_192_255_24_26/RAMA/WE (clocked by clk_out2_pll). Large setup violations at the end of those stages might be difficult to fix during the post-placement implementation flow and could be the result of non-optimal XDC constraints or non-optimal design architecture
Related violations: <none>

TIMING-16#223 Warning
Large setup violation  
There is a large setup violation of -1.355 ns between student_top_inst/Core_cpu/SegReg_ID_EX_inst/inst_ex_reg[21]/C (clocked by clk_out2_pll) and student_top_inst/Core_cpu/BPU_inst/btb_reg_192_255_24_26/RAMB/WE (clocked by clk_out2_pll). Large setup violations at the end of those stages might be difficult to fix during the post-placement implementation flow and could be the result of non-optimal XDC constraints or non-optimal design architecture
Related violations: <none>

TIMING-16#224 Warning
Large setup violation  
There is a large setup violation of -1.355 ns between student_top_inst/Core_cpu/SegReg_ID_EX_inst/inst_ex_reg[21]/C (clocked by clk_out2_pll) and student_top_inst/Core_cpu/BPU_inst/btb_reg_192_255_24_26/RAMC/WE (clocked by clk_out2_pll). Large setup violations at the end of those stages might be difficult to fix during the post-placement implementation flow and could be the result of non-optimal XDC constraints or non-optimal design architecture
Related violations: <none>

TIMING-16#225 Warning
Large setup violation  
There is a large setup violation of -1.355 ns between student_top_inst/Core_cpu/SegReg_ID_EX_inst/inst_ex_reg[21]/C (clocked by clk_out2_pll) and student_top_inst/Core_cpu/BPU_inst/btb_reg_192_255_24_26/RAMD/WE (clocked by clk_out2_pll). Large setup violations at the end of those stages might be difficult to fix during the post-placement implementation flow and could be the result of non-optimal XDC constraints or non-optimal design architecture
Related violations: <none>

TIMING-16#226 Warning
Large setup violation  
There is a large setup violation of -1.356 ns between student_top_inst/Core_cpu/SegReg_ID_EX_inst/inst_ex_reg[21]/C (clocked by clk_out2_pll) and student_top_inst/Core_cpu/BPU_inst/btb_reg_64_127_9_11/RAMA/WE (clocked by clk_out2_pll). Large setup violations at the end of those stages might be difficult to fix during the post-placement implementation flow and could be the result of non-optimal XDC constraints or non-optimal design architecture
Related violations: <none>

TIMING-16#227 Warning
Large setup violation  
There is a large setup violation of -1.356 ns between student_top_inst/Core_cpu/SegReg_ID_EX_inst/inst_ex_reg[21]/C (clocked by clk_out2_pll) and student_top_inst/Core_cpu/BPU_inst/btb_reg_64_127_9_11/RAMB/WE (clocked by clk_out2_pll). Large setup violations at the end of those stages might be difficult to fix during the post-placement implementation flow and could be the result of non-optimal XDC constraints or non-optimal design architecture
Related violations: <none>

TIMING-16#228 Warning
Large setup violation  
There is a large setup violation of -1.356 ns between student_top_inst/Core_cpu/SegReg_ID_EX_inst/inst_ex_reg[21]/C (clocked by clk_out2_pll) and student_top_inst/Core_cpu/BPU_inst/btb_reg_64_127_9_11/RAMC/WE (clocked by clk_out2_pll). Large setup violations at the end of those stages might be difficult to fix during the post-placement implementation flow and could be the result of non-optimal XDC constraints or non-optimal design architecture
Related violations: <none>

TIMING-16#229 Warning
Large setup violation  
There is a large setup violation of -1.356 ns between student_top_inst/Core_cpu/SegReg_ID_EX_inst/inst_ex_reg[21]/C (clocked by clk_out2_pll) and student_top_inst/Core_cpu/BPU_inst/btb_reg_64_127_9_11/RAMD/WE (clocked by clk_out2_pll). Large setup violations at the end of those stages might be difficult to fix during the post-placement implementation flow and could be the result of non-optimal XDC constraints or non-optimal design architecture
Related violations: <none>

TIMING-16#230 Warning
Large setup violation  
There is a large setup violation of -1.358 ns between student_top_inst/Core_cpu/SegReg_ID_EX_inst/inst_ex_reg[21]/C (clocked by clk_out2_pll) and student_top_inst/Core_cpu/BPU_inst/btb_reg_192_255_9_11/RAMA/WE (clocked by clk_out2_pll). Large setup violations at the end of those stages might be difficult to fix during the post-placement implementation flow and could be the result of non-optimal XDC constraints or non-optimal design architecture
Related violations: <none>

TIMING-16#231 Warning
Large setup violation  
There is a large setup violation of -1.358 ns between student_top_inst/Core_cpu/SegReg_ID_EX_inst/inst_ex_reg[21]/C (clocked by clk_out2_pll) and student_top_inst/Core_cpu/BPU_inst/btb_reg_192_255_9_11/RAMB/WE (clocked by clk_out2_pll). Large setup violations at the end of those stages might be difficult to fix during the post-placement implementation flow and could be the result of non-optimal XDC constraints or non-optimal design architecture
Related violations: <none>

TIMING-16#232 Warning
Large setup violation  
There is a large setup violation of -1.358 ns between student_top_inst/Core_cpu/SegReg_ID_EX_inst/inst_ex_reg[21]/C (clocked by clk_out2_pll) and student_top_inst/Core_cpu/BPU_inst/btb_reg_192_255_9_11/RAMC/WE (clocked by clk_out2_pll). Large setup violations at the end of those stages might be difficult to fix during the post-placement implementation flow and could be the result of non-optimal XDC constraints or non-optimal design architecture
Related violations: <none>

TIMING-16#233 Warning
Large setup violation  
There is a large setup violation of -1.358 ns between student_top_inst/Core_cpu/SegReg_ID_EX_inst/inst_ex_reg[21]/C (clocked by clk_out2_pll) and student_top_inst/Core_cpu/BPU_inst/btb_reg_192_255_9_11/RAMD/WE (clocked by clk_out2_pll). Large setup violations at the end of those stages might be difficult to fix during the post-placement implementation flow and could be the result of non-optimal XDC constraints or non-optimal design architecture
Related violations: <none>

TIMING-16#234 Warning
Large setup violation  
There is a large setup violation of -1.358 ns between student_top_inst/Core_cpu/SegReg_ID_EX_inst/inst_ex_reg[21]/C (clocked by clk_out2_pll) and student_top_inst/Core_cpu/BPU_inst/ras_stack_reg[3][12]/CE (clocked by clk_out2_pll). Large setup violations at the end of those stages might be difficult to fix during the post-placement implementation flow and could be the result of non-optimal XDC constraints or non-optimal design architecture
Related violations: <none>

TIMING-16#235 Warning
Large setup violation  
There is a large setup violation of -1.358 ns between student_top_inst/Core_cpu/SegReg_ID_EX_inst/inst_ex_reg[21]/C (clocked by clk_out2_pll) and student_top_inst/Core_cpu/BPU_inst/ras_stack_reg[3][15]/CE (clocked by clk_out2_pll). Large setup violations at the end of those stages might be difficult to fix during the post-placement implementation flow and could be the result of non-optimal XDC constraints or non-optimal design architecture
Related violations: <none>

TIMING-16#236 Warning
Large setup violation  
There is a large setup violation of -1.358 ns between student_top_inst/Core_cpu/SegReg_ID_EX_inst/inst_ex_reg[21]/C (clocked by clk_out2_pll) and student_top_inst/Core_cpu/BPU_inst/ras_stack_reg[3][17]/CE (clocked by clk_out2_pll). Large setup violations at the end of those stages might be difficult to fix during the post-placement implementation flow and could be the result of non-optimal XDC constraints or non-optimal design architecture
Related violations: <none>

TIMING-16#237 Warning
Large setup violation  
There is a large setup violation of -1.358 ns between student_top_inst/Core_cpu/SegReg_ID_EX_inst/inst_ex_reg[21]/C (clocked by clk_out2_pll) and student_top_inst/Core_cpu/BPU_inst/ras_stack_reg[3][18]/CE (clocked by clk_out2_pll). Large setup violations at the end of those stages might be difficult to fix during the post-placement implementation flow and could be the result of non-optimal XDC constraints or non-optimal design architecture
Related violations: <none>

TIMING-16#238 Warning
Large setup violation  
There is a large setup violation of -1.360 ns between student_top_inst/Core_cpu/SegReg_ID_EX_inst/inst_ex_reg[21]/C (clocked by clk_out2_pll) and student_top_inst/Core_cpu/BPU_inst/bht_reg_0_127_1_1/DP.LOW/I (clocked by clk_out2_pll). Large setup violations at the end of those stages might be difficult to fix during the post-placement implementation flow and could be the result of non-optimal XDC constraints or non-optimal design architecture
Related violations: <none>

TIMING-16#239 Warning
Large setup violation  
There is a large setup violation of -1.362 ns between student_top_inst/Core_cpu/SegReg_ID_EX_inst/inst_ex_reg[23]/C (clocked by clk_out2_pll) and student_top_inst/Core_cpu/MulDiv_inst/result_reg[22]/CE (clocked by clk_out2_pll). Large setup violations at the end of those stages might be difficult to fix during the post-placement implementation flow and could be the result of non-optimal XDC constraints or non-optimal design architecture
Related violations: <none>

TIMING-16#240 Warning
Large setup violation  
There is a large setup violation of -1.362 ns between student_top_inst/Core_cpu/SegReg_ID_EX_inst/inst_ex_reg[23]/C (clocked by clk_out2_pll) and student_top_inst/Core_cpu/MulDiv_inst/result_reg[27]/CE (clocked by clk_out2_pll). Large setup violations at the end of those stages might be difficult to fix during the post-placement implementation flow and could be the result of non-optimal XDC constraints or non-optimal design architecture
Related violations: <none>

TIMING-16#241 Warning
Large setup violation  
There is a large setup violation of -1.362 ns between student_top_inst/Core_cpu/SegReg_ID_EX_inst/inst_ex_reg[23]/C (clocked by clk_out2_pll) and student_top_inst/Core_cpu/MulDiv_inst/result_reg[2]/CE (clocked by clk_out2_pll). Large setup violations at the end of those stages might be difficult to fix during the post-placement implementation flow and could be the result of non-optimal XDC constraints or non-optimal design architecture
Related violations: <none>

TIMING-16#242 Warning
Large setup violation  
There is a large setup violation of -1.364 ns between student_top_inst/Core_cpu/SegReg_ID_EX_inst/inst_ex_reg[15]/C (clocked by clk_out2_pll) and student_top_inst/Core_cpu/SegReg_EX_LS1_inst/alu_result_ls1_reg[6]_replica_1/D (clocked by clk_out2_pll). Large setup violations at the end of those stages might be difficult to fix during the post-placement implementation flow and could be the result of non-optimal XDC constraints or non-optimal design architecture
Related violations: <none>

TIMING-16#243 Warning
Large setup violation  
There is a large setup violation of -1.364 ns between student_top_inst/Core_cpu/SegReg_ID_EX_inst/inst_ex_reg[21]/C (clocked by clk_out2_pll) and student_top_inst/Core_cpu/BPU_inst/ras_stack_reg[3][22]/CE (clocked by clk_out2_pll). Large setup violations at the end of those stages might be difficult to fix during the post-placement implementation flow and could be the result of non-optimal XDC constraints or non-optimal design architecture
Related violations: <none>

TIMING-16#244 Warning
Large setup violation  
There is a large setup violation of -1.364 ns between student_top_inst/Core_cpu/SegReg_ID_EX_inst/inst_ex_reg[21]/C (clocked by clk_out2_pll) and student_top_inst/Core_cpu/BPU_inst/ras_stack_reg[3][24]/CE (clocked by clk_out2_pll). Large setup violations at the end of those stages might be difficult to fix during the post-placement implementation flow and could be the result of non-optimal XDC constraints or non-optimal design architecture
Related violations: <none>

TIMING-16#245 Warning
Large setup violation  
There is a large setup violation of -1.364 ns between student_top_inst/Core_cpu/SegReg_ID_EX_inst/inst_ex_reg[21]/C (clocked by clk_out2_pll) and student_top_inst/Core_cpu/BPU_inst/ras_stack_reg[3][25]/CE (clocked by clk_out2_pll). Large setup violations at the end of those stages might be difficult to fix during the post-placement implementation flow and could be the result of non-optimal XDC constraints or non-optimal design architecture
Related violations: <none>

TIMING-16#246 Warning
Large setup violation  
There is a large setup violation of -1.364 ns between student_top_inst/Core_cpu/SegReg_ID_EX_inst/inst_ex_reg[21]/C (clocked by clk_out2_pll) and student_top_inst/Core_cpu/BPU_inst/ras_stack_reg[3][28]/CE (clocked by clk_out2_pll). Large setup violations at the end of those stages might be difficult to fix during the post-placement implementation flow and could be the result of non-optimal XDC constraints or non-optimal design architecture
Related violations: <none>

TIMING-16#247 Warning
Large setup violation  
There is a large setup violation of -1.364 ns between student_top_inst/Core_cpu/SegReg_ID_EX_inst/inst_ex_reg[21]/C (clocked by clk_out2_pll) and student_top_inst/Core_cpu/BPU_inst/ras_stack_reg[3][29]/CE (clocked by clk_out2_pll). Large setup violations at the end of those stages might be difficult to fix during the post-placement implementation flow and could be the result of non-optimal XDC constraints or non-optimal design architecture
Related violations: <none>

TIMING-16#248 Warning
Large setup violation  
There is a large setup violation of -1.365 ns between student_top_inst/Core_cpu/SegReg_ID_EX_inst/inst_ex_reg[18]/C (clocked by clk_out2_pll) and student_top_inst/Core_cpu/SegReg_ID_EX_inst/predict_target_ex_reg[31]/CE (clocked by clk_out2_pll). Large setup violations at the end of those stages might be difficult to fix during the post-placement implementation flow and could be the result of non-optimal XDC constraints or non-optimal design architecture
Related violations: <none>

TIMING-16#249 Warning
Large setup violation  
There is a large setup violation of -1.365 ns between student_top_inst/Core_cpu/SegReg_ID_EX_inst/inst_ex_reg[18]/C (clocked by clk_out2_pll) and student_top_inst/Core_cpu/SegReg_ID_EX_inst/predict_target_ex_reg[4]/CE (clocked by clk_out2_pll). Large setup violations at the end of those stages might be difficult to fix during the post-placement implementation flow and could be the result of non-optimal XDC constraints or non-optimal design architecture
Related violations: <none>

TIMING-16#250 Warning
Large setup violation  
There is a large setup violation of -1.365 ns between student_top_inst/Core_cpu/SegReg_ID_EX_inst/inst_ex_reg[18]/C (clocked by clk_out2_pll) and student_top_inst/Core_cpu/SegReg_ID_EX_inst/predict_target_ex_reg[5]/CE (clocked by clk_out2_pll). Large setup violations at the end of those stages might be difficult to fix during the post-placement implementation flow and could be the result of non-optimal XDC constraints or non-optimal design architecture
Related violations: <none>

TIMING-16#251 Warning
Large setup violation  
There is a large setup violation of -1.365 ns between student_top_inst/Core_cpu/SegReg_ID_EX_inst/inst_ex_reg[18]/C (clocked by clk_out2_pll) and student_top_inst/Core_cpu/SegReg_ID_EX_inst/predict_target_ex_reg[7]/CE (clocked by clk_out2_pll). Large setup violations at the end of those stages might be difficult to fix during the post-placement implementation flow and could be the result of non-optimal XDC constraints or non-optimal design architecture
Related violations: <none>

TIMING-16#252 Warning
Large setup violation  
There is a large setup violation of -1.365 ns between student_top_inst/Core_cpu/SegReg_ID_EX_inst/inst_ex_reg[18]/C (clocked by clk_out2_pll) and student_top_inst/Core_cpu/SegReg_ID_EX_inst/rdata1_ex_reg[10]/CE (clocked by clk_out2_pll). Large setup violations at the end of those stages might be difficult to fix during the post-placement implementation flow and could be the result of non-optimal XDC constraints or non-optimal design architecture
Related violations: <none>

TIMING-16#253 Warning
Large setup violation  
There is a large setup violation of -1.365 ns between student_top_inst/Core_cpu/SegReg_ID_EX_inst/inst_ex_reg[18]/C (clocked by clk_out2_pll) and student_top_inst/Core_cpu/SegReg_ID_EX_inst/rdata1_ex_reg[22]/CE (clocked by clk_out2_pll). Large setup violations at the end of those stages might be difficult to fix during the post-placement implementation flow and could be the result of non-optimal XDC constraints or non-optimal design architecture
Related violations: <none>

TIMING-16#254 Warning
Large setup violation  
There is a large setup violation of -1.365 ns between student_top_inst/Core_cpu/SegReg_ID_EX_inst/inst_ex_reg[18]/C (clocked by clk_out2_pll) and student_top_inst/Core_cpu/SegReg_ID_EX_inst/rdata1_ex_reg[6]/CE (clocked by clk_out2_pll). Large setup violations at the end of those stages might be difficult to fix during the post-placement implementation flow and could be the result of non-optimal XDC constraints or non-optimal design architecture
Related violations: <none>

TIMING-16#255 Warning
Large setup violation  
There is a large setup violation of -1.365 ns between student_top_inst/Core_cpu/SegReg_ID_EX_inst/inst_ex_reg[18]/C (clocked by clk_out2_pll) and student_top_inst/Core_cpu/SegReg_ID_EX_inst/rdata2_ex_reg[3]/CE (clocked by clk_out2_pll). Large setup violations at the end of those stages might be difficult to fix during the post-placement implementation flow and could be the result of non-optimal XDC constraints or non-optimal design architecture
Related violations: <none>

TIMING-16#256 Warning
Large setup violation  
There is a large setup violation of -1.365 ns between student_top_inst/Core_cpu/SegReg_ID_EX_inst/inst_ex_reg[23]/C (clocked by clk_out2_pll) and student_top_inst/Core_cpu/MulDiv_inst/divisor_r_reg[16]/CE (clocked by clk_out2_pll). Large setup violations at the end of those stages might be difficult to fix during the post-placement implementation flow and could be the result of non-optimal XDC constraints or non-optimal design architecture
Related violations: <none>

TIMING-16#257 Warning
Large setup violation  
There is a large setup violation of -1.365 ns between student_top_inst/Core_cpu/SegReg_ID_EX_inst/inst_ex_reg[23]/C (clocked by clk_out2_pll) and student_top_inst/Core_cpu/MulDiv_inst/divisor_r_reg[17]/CE (clocked by clk_out2_pll). Large setup violations at the end of those stages might be difficult to fix during the post-placement implementation flow and could be the result of non-optimal XDC constraints or non-optimal design architecture
Related violations: <none>

TIMING-16#258 Warning
Large setup violation  
There is a large setup violation of -1.365 ns between student_top_inst/Core_cpu/SegReg_ID_EX_inst/inst_ex_reg[23]/C (clocked by clk_out2_pll) and student_top_inst/Core_cpu/MulDiv_inst/divisor_r_reg[18]/CE (clocked by clk_out2_pll). Large setup violations at the end of those stages might be difficult to fix during the post-placement implementation flow and could be the result of non-optimal XDC constraints or non-optimal design architecture
Related violations: <none>

TIMING-16#259 Warning
Large setup violation  
There is a large setup violation of -1.365 ns between student_top_inst/Core_cpu/SegReg_ID_EX_inst/inst_ex_reg[23]/C (clocked by clk_out2_pll) and student_top_inst/Core_cpu/MulDiv_inst/divisor_r_reg[19]/CE (clocked by clk_out2_pll). Large setup violations at the end of those stages might be difficult to fix during the post-placement implementation flow and could be the result of non-optimal XDC constraints or non-optimal design architecture
Related violations: <none>

TIMING-16#260 Warning
Large setup violation  
There is a large setup violation of -1.365 ns between student_top_inst/Core_cpu/SegReg_ID_EX_inst/inst_ex_reg[23]/C (clocked by clk_out2_pll) and student_top_inst/Core_cpu/MulDiv_inst/quotient_neg_r_reg/CE (clocked by clk_out2_pll). Large setup violations at the end of those stages might be difficult to fix during the post-placement implementation flow and could be the result of non-optimal XDC constraints or non-optimal design architecture
Related violations: <none>

TIMING-16#261 Warning
Large setup violation  
There is a large setup violation of -1.366 ns between student_top_inst/Core_cpu/SegReg_ID_EX_inst/inst_ex_reg[21]/C (clocked by clk_out2_pll) and student_top_inst/Core_cpu/BPU_inst/ras_stack_reg[0][25]/CE (clocked by clk_out2_pll). Large setup violations at the end of those stages might be difficult to fix during the post-placement implementation flow and could be the result of non-optimal XDC constraints or non-optimal design architecture
Related violations: <none>

TIMING-16#262 Warning
Large setup violation  
There is a large setup violation of -1.366 ns between student_top_inst/Core_cpu/SegReg_ID_EX_inst/inst_ex_reg[21]/C (clocked by clk_out2_pll) and student_top_inst/Core_cpu/BPU_inst/ras_stack_reg[0][29]/CE (clocked by clk_out2_pll). Large setup violations at the end of those stages might be difficult to fix during the post-placement implementation flow and could be the result of non-optimal XDC constraints or non-optimal design architecture
Related violations: <none>

TIMING-16#263 Warning
Large setup violation  
There is a large setup violation of -1.366 ns between student_top_inst/Core_cpu/SegReg_ID_EX_inst/inst_ex_reg[21]/C (clocked by clk_out2_pll) and student_top_inst/Core_cpu/BPU_inst/ras_stack_reg[0][30]/CE (clocked by clk_out2_pll). Large setup violations at the end of those stages might be difficult to fix during the post-placement implementation flow and could be the result of non-optimal XDC constraints or non-optimal design architecture
Related violations: <none>

TIMING-16#264 Warning
Large setup violation  
There is a large setup violation of -1.366 ns between student_top_inst/Core_cpu/SegReg_ID_EX_inst/inst_ex_reg[21]/C (clocked by clk_out2_pll) and student_top_inst/Core_cpu/BPU_inst/ras_stack_reg[0][31]/CE (clocked by clk_out2_pll). Large setup violations at the end of those stages might be difficult to fix during the post-placement implementation flow and could be the result of non-optimal XDC constraints or non-optimal design architecture
Related violations: <none>

TIMING-16#265 Warning
Large setup violation  
There is a large setup violation of -1.366 ns between student_top_inst/Core_cpu/SegReg_ID_EX_inst/inst_ex_reg[21]/C (clocked by clk_out2_pll) and student_top_inst/Core_cpu/PC_inst/pc_reg[22]/CE (clocked by clk_out2_pll). Large setup violations at the end of those stages might be difficult to fix during the post-placement implementation flow and could be the result of non-optimal XDC constraints or non-optimal design architecture
Related violations: <none>

TIMING-16#266 Warning
Large setup violation  
There is a large setup violation of -1.366 ns between student_top_inst/Core_cpu/SegReg_ID_EX_inst/inst_ex_reg[21]/C (clocked by clk_out2_pll) and student_top_inst/Core_cpu/PC_inst/pc_reg[25]/CE (clocked by clk_out2_pll). Large setup violations at the end of those stages might be difficult to fix during the post-placement implementation flow and could be the result of non-optimal XDC constraints or non-optimal design architecture
Related violations: <none>

TIMING-16#267 Warning
Large setup violation  
There is a large setup violation of -1.367 ns between student_top_inst/Core_cpu/SegReg_ID_EX_inst/inst_ex_reg[21]/C (clocked by clk_out2_pll) and student_top_inst/Core_cpu/BPU_inst/btb_reg_128_191_3_5/RAMA/WE (clocked by clk_out2_pll). Large setup violations at the end of those stages might be difficult to fix during the post-placement implementation flow and could be the result of non-optimal XDC constraints or non-optimal design architecture
Related violations: <none>

TIMING-16#268 Warning
Large setup violation  
There is a large setup violation of -1.367 ns between student_top_inst/Core_cpu/SegReg_ID_EX_inst/inst_ex_reg[21]/C (clocked by clk_out2_pll) and student_top_inst/Core_cpu/BPU_inst/btb_reg_128_191_3_5/RAMB/WE (clocked by clk_out2_pll). Large setup violations at the end of those stages might be difficult to fix during the post-placement implementation flow and could be the result of non-optimal XDC constraints or non-optimal design architecture
Related violations: <none>

TIMING-16#269 Warning
Large setup violation  
There is a large setup violation of -1.367 ns between student_top_inst/Core_cpu/SegReg_ID_EX_inst/inst_ex_reg[21]/C (clocked by clk_out2_pll) and student_top_inst/Core_cpu/BPU_inst/btb_reg_128_191_3_5/RAMC/WE (clocked by clk_out2_pll). Large setup violations at the end of those stages might be difficult to fix during the post-placement implementation flow and could be the result of non-optimal XDC constraints or non-optimal design architecture
Related violations: <none>

TIMING-16#270 Warning
Large setup violation  
There is a large setup violation of -1.367 ns between student_top_inst/Core_cpu/SegReg_ID_EX_inst/inst_ex_reg[21]/C (clocked by clk_out2_pll) and student_top_inst/Core_cpu/BPU_inst/btb_reg_128_191_3_5/RAMD/WE (clocked by clk_out2_pll). Large setup violations at the end of those stages might be difficult to fix during the post-placement implementation flow and could be the result of non-optimal XDC constraints or non-optimal design architecture
Related violations: <none>

TIMING-16#271 Warning
Large setup violation  
There is a large setup violation of -1.368 ns between student_top_inst/Core_cpu/SegReg_ID_EX_inst/inst_ex_reg[21]/C (clocked by clk_out2_pll) and student_top_inst/Core_cpu/BPU_inst/bht_reg_0_127_1_1/SP.HIGH/I (clocked by clk_out2_pll). Large setup violations at the end of those stages might be difficult to fix during the post-placement implementation flow and could be the result of non-optimal XDC constraints or non-optimal design architecture
Related violations: <none>

TIMING-16#272 Warning
Large setup violation  
There is a large setup violation of -1.368 ns between student_top_inst/Core_cpu/SegReg_ID_EX_inst/inst_ex_reg[21]/C (clocked by clk_out2_pll) and student_top_inst/Core_cpu/BPU_inst/btb_reg_192_255_27_29/RAMA/WE (clocked by clk_out2_pll). Large setup violations at the end of those stages might be difficult to fix during the post-placement implementation flow and could be the result of non-optimal XDC constraints or non-optimal design architecture
Related violations: <none>

TIMING-16#273 Warning
Large setup violation  
There is a large setup violation of -1.368 ns between student_top_inst/Core_cpu/SegReg_ID_EX_inst/inst_ex_reg[21]/C (clocked by clk_out2_pll) and student_top_inst/Core_cpu/BPU_inst/btb_reg_192_255_27_29/RAMB/WE (clocked by clk_out2_pll). Large setup violations at the end of those stages might be difficult to fix during the post-placement implementation flow and could be the result of non-optimal XDC constraints or non-optimal design architecture
Related violations: <none>

TIMING-16#274 Warning
Large setup violation  
There is a large setup violation of -1.368 ns between student_top_inst/Core_cpu/SegReg_ID_EX_inst/inst_ex_reg[21]/C (clocked by clk_out2_pll) and student_top_inst/Core_cpu/BPU_inst/btb_reg_192_255_27_29/RAMC/WE (clocked by clk_out2_pll). Large setup violations at the end of those stages might be difficult to fix during the post-placement implementation flow and could be the result of non-optimal XDC constraints or non-optimal design architecture
Related violations: <none>

TIMING-16#275 Warning
Large setup violation  
There is a large setup violation of -1.368 ns between student_top_inst/Core_cpu/SegReg_ID_EX_inst/inst_ex_reg[21]/C (clocked by clk_out2_pll) and student_top_inst/Core_cpu/BPU_inst/btb_reg_192_255_27_29/RAMD/WE (clocked by clk_out2_pll). Large setup violations at the end of those stages might be difficult to fix during the post-placement implementation flow and could be the result of non-optimal XDC constraints or non-optimal design architecture
Related violations: <none>

TIMING-16#276 Warning
Large setup violation  
There is a large setup violation of -1.369 ns between student_top_inst/Core_cpu/SegReg_ID_EX_inst/inst_ex_reg[21]/C (clocked by clk_out2_pll) and student_top_inst/Core_cpu/BPU_inst/btb_reg_64_127_45_47/RAMA/WE (clocked by clk_out2_pll). Large setup violations at the end of those stages might be difficult to fix during the post-placement implementation flow and could be the result of non-optimal XDC constraints or non-optimal design architecture
Related violations: <none>

TIMING-16#277 Warning
Large setup violation  
There is a large setup violation of -1.369 ns between student_top_inst/Core_cpu/SegReg_ID_EX_inst/inst_ex_reg[21]/C (clocked by clk_out2_pll) and student_top_inst/Core_cpu/BPU_inst/btb_reg_64_127_45_47/RAMB/WE (clocked by clk_out2_pll). Large setup violations at the end of those stages might be difficult to fix during the post-placement implementation flow and could be the result of non-optimal XDC constraints or non-optimal design architecture
Related violations: <none>

TIMING-16#278 Warning
Large setup violation  
There is a large setup violation of -1.369 ns between student_top_inst/Core_cpu/SegReg_ID_EX_inst/inst_ex_reg[21]/C (clocked by clk_out2_pll) and student_top_inst/Core_cpu/BPU_inst/btb_reg_64_127_45_47/RAMC/WE (clocked by clk_out2_pll). Large setup violations at the end of those stages might be difficult to fix during the post-placement implementation flow and could be the result of non-optimal XDC constraints or non-optimal design architecture
Related violations: <none>

TIMING-16#279 Warning
Large setup violation  
There is a large setup violation of -1.369 ns between student_top_inst/Core_cpu/SegReg_ID_EX_inst/inst_ex_reg[21]/C (clocked by clk_out2_pll) and student_top_inst/Core_cpu/BPU_inst/btb_reg_64_127_45_47/RAMD/WE (clocked by clk_out2_pll). Large setup violations at the end of those stages might be difficult to fix during the post-placement implementation flow and could be the result of non-optimal XDC constraints or non-optimal design architecture
Related violations: <none>

TIMING-16#280 Warning
Large setup violation  
There is a large setup violation of -1.370 ns between student_top_inst/Core_cpu/SegReg_ID_EX_inst/inst_ex_reg[21]/C (clocked by clk_out2_pll) and student_top_inst/Core_cpu/BPU_inst/btb_reg_128_191_15_17/RAMA/WE (clocked by clk_out2_pll). Large setup violations at the end of those stages might be difficult to fix during the post-placement implementation flow and could be the result of non-optimal XDC constraints or non-optimal design architecture
Related violations: <none>

TIMING-16#281 Warning
Large setup violation  
There is a large setup violation of -1.370 ns between student_top_inst/Core_cpu/SegReg_ID_EX_inst/inst_ex_reg[21]/C (clocked by clk_out2_pll) and student_top_inst/Core_cpu/BPU_inst/btb_reg_128_191_15_17/RAMB/WE (clocked by clk_out2_pll). Large setup violations at the end of those stages might be difficult to fix during the post-placement implementation flow and could be the result of non-optimal XDC constraints or non-optimal design architecture
Related violations: <none>

TIMING-16#282 Warning
Large setup violation  
There is a large setup violation of -1.370 ns between student_top_inst/Core_cpu/SegReg_ID_EX_inst/inst_ex_reg[21]/C (clocked by clk_out2_pll) and student_top_inst/Core_cpu/BPU_inst/btb_reg_128_191_15_17/RAMC/WE (clocked by clk_out2_pll). Large setup violations at the end of those stages might be difficult to fix during the post-placement implementation flow and could be the result of non-optimal XDC constraints or non-optimal design architecture
Related violations: <none>

TIMING-16#283 Warning
Large setup violation  
There is a large setup violation of -1.370 ns between student_top_inst/Core_cpu/SegReg_ID_EX_inst/inst_ex_reg[21]/C (clocked by clk_out2_pll) and student_top_inst/Core_cpu/BPU_inst/btb_reg_128_191_15_17/RAMD/WE (clocked by clk_out2_pll). Large setup violations at the end of those stages might be difficult to fix during the post-placement implementation flow and could be the result of non-optimal XDC constraints or non-optimal design architecture
Related violations: <none>

TIMING-16#284 Warning
Large setup violation  
There is a large setup violation of -1.370 ns between student_top_inst/Core_cpu/SegReg_ID_EX_inst/inst_ex_reg[21]/C (clocked by clk_out2_pll) and student_top_inst/Core_cpu/SegReg_IF1_IF2_inst/pc_if2_reg[17]/CE (clocked by clk_out2_pll). Large setup violations at the end of those stages might be difficult to fix during the post-placement implementation flow and could be the result of non-optimal XDC constraints or non-optimal design architecture
Related violations: <none>

TIMING-16#285 Warning
Large setup violation  
There is a large setup violation of -1.370 ns between student_top_inst/Core_cpu/SegReg_ID_EX_inst/inst_ex_reg[23]/C (clocked by clk_out2_pll) and student_top_inst/Core_cpu/MulDiv_inst/div_is_rem_r_reg/CE (clocked by clk_out2_pll). Large setup violations at the end of those stages might be difficult to fix during the post-placement implementation flow and could be the result of non-optimal XDC constraints or non-optimal design architecture
Related violations: <none>

TIMING-16#286 Warning
Large setup violation  
There is a large setup violation of -1.370 ns between student_top_inst/Core_cpu/SegReg_ID_EX_inst/inst_ex_reg[23]/C (clocked by clk_out2_pll) and student_top_inst/Core_cpu/MulDiv_inst/remainder_neg_r_reg/CE (clocked by clk_out2_pll). Large setup violations at the end of those stages might be difficult to fix during the post-placement implementation flow and could be the result of non-optimal XDC constraints or non-optimal design architecture
Related violations: <none>

TIMING-16#287 Warning
Large setup violation  
There is a large setup violation of -1.371 ns between student_top_inst/Core_cpu/SegReg_ID_EX_inst/inst_ex_reg[23]/C (clocked by clk_out2_pll) and student_top_inst/Core_cpu/MulDiv_inst/divisor_r_reg[12]/CE (clocked by clk_out2_pll). Large setup violations at the end of those stages might be difficult to fix during the post-placement implementation flow and could be the result of non-optimal XDC constraints or non-optimal design architecture
Related violations: <none>

TIMING-16#288 Warning
Large setup violation  
There is a large setup violation of -1.371 ns between student_top_inst/Core_cpu/SegReg_ID_EX_inst/inst_ex_reg[23]/C (clocked by clk_out2_pll) and student_top_inst/Core_cpu/MulDiv_inst/divisor_r_reg[13]/CE (clocked by clk_out2_pll). Large setup violations at the end of those stages might be difficult to fix during the post-placement implementation flow and could be the result of non-optimal XDC constraints or non-optimal design architecture
Related violations: <none>

TIMING-16#289 Warning
Large setup violation  
There is a large setup violation of -1.371 ns between student_top_inst/Core_cpu/SegReg_ID_EX_inst/inst_ex_reg[23]/C (clocked by clk_out2_pll) and student_top_inst/Core_cpu/MulDiv_inst/divisor_r_reg[14]/CE (clocked by clk_out2_pll). Large setup violations at the end of those stages might be difficult to fix during the post-placement implementation flow and could be the result of non-optimal XDC constraints or non-optimal design architecture
Related violations: <none>

TIMING-16#290 Warning
Large setup violation  
There is a large setup violation of -1.371 ns between student_top_inst/Core_cpu/SegReg_ID_EX_inst/inst_ex_reg[23]/C (clocked by clk_out2_pll) and student_top_inst/Core_cpu/MulDiv_inst/divisor_r_reg[15]/CE (clocked by clk_out2_pll). Large setup violations at the end of those stages might be difficult to fix during the post-placement implementation flow and could be the result of non-optimal XDC constraints or non-optimal design architecture
Related violations: <none>

TIMING-16#291 Warning
Large setup violation  
There is a large setup violation of -1.372 ns between student_top_inst/Core_cpu/SegReg_ID_EX_inst/inst_ex_reg[21]/C (clocked by clk_out2_pll) and student_top_inst/Core_cpu/BPU_inst/bht_reg_128_255_0_0/DP.LOW/I (clocked by clk_out2_pll). Large setup violations at the end of those stages might be difficult to fix during the post-placement implementation flow and could be the result of non-optimal XDC constraints or non-optimal design architecture
Related violations: <none>

TIMING-16#292 Warning
Large setup violation  
There is a large setup violation of -1.373 ns between student_top_inst/Core_cpu/SegReg_ID_EX_inst/inst_ex_reg[23]/C (clocked by clk_out2_pll) and student_top_inst/Core_cpu/MulDiv_inst/result_reg[12]/CE (clocked by clk_out2_pll). Large setup violations at the end of those stages might be difficult to fix during the post-placement implementation flow and could be the result of non-optimal XDC constraints or non-optimal design architecture
Related violations: <none>

TIMING-16#293 Warning
Large setup violation  
There is a large setup violation of -1.373 ns between student_top_inst/Core_cpu/SegReg_ID_EX_inst/inst_ex_reg[23]/C (clocked by clk_out2_pll) and student_top_inst/Core_cpu/MulDiv_inst/result_reg[24]/CE (clocked by clk_out2_pll). Large setup violations at the end of those stages might be difficult to fix during the post-placement implementation flow and could be the result of non-optimal XDC constraints or non-optimal design architecture
Related violations: <none>

TIMING-16#294 Warning
Large setup violation  
There is a large setup violation of -1.374 ns between student_top_inst/Core_cpu/SegReg_ID_EX_inst/inst_ex_reg[21]/C (clocked by clk_out2_pll) and student_top_inst/Core_cpu/BPU_inst/btb_reg_64_127_6_8/RAMA/WE (clocked by clk_out2_pll). Large setup violations at the end of those stages might be difficult to fix during the post-placement implementation flow and could be the result of non-optimal XDC constraints or non-optimal design architecture
Related violations: <none>

TIMING-16#295 Warning
Large setup violation  
There is a large setup violation of -1.374 ns between student_top_inst/Core_cpu/SegReg_ID_EX_inst/inst_ex_reg[21]/C (clocked by clk_out2_pll) and student_top_inst/Core_cpu/BPU_inst/btb_reg_64_127_6_8/RAMB/WE (clocked by clk_out2_pll). Large setup violations at the end of those stages might be difficult to fix during the post-placement implementation flow and could be the result of non-optimal XDC constraints or non-optimal design architecture
Related violations: <none>

TIMING-16#296 Warning
Large setup violation  
There is a large setup violation of -1.374 ns between student_top_inst/Core_cpu/SegReg_ID_EX_inst/inst_ex_reg[21]/C (clocked by clk_out2_pll) and student_top_inst/Core_cpu/BPU_inst/btb_reg_64_127_6_8/RAMC/WE (clocked by clk_out2_pll). Large setup violations at the end of those stages might be difficult to fix during the post-placement implementation flow and could be the result of non-optimal XDC constraints or non-optimal design architecture
Related violations: <none>

TIMING-16#297 Warning
Large setup violation  
There is a large setup violation of -1.374 ns between student_top_inst/Core_cpu/SegReg_ID_EX_inst/inst_ex_reg[21]/C (clocked by clk_out2_pll) and student_top_inst/Core_cpu/BPU_inst/btb_reg_64_127_6_8/RAMD/WE (clocked by clk_out2_pll). Large setup violations at the end of those stages might be difficult to fix during the post-placement implementation flow and could be the result of non-optimal XDC constraints or non-optimal design architecture
Related violations: <none>

TIMING-16#298 Warning
Large setup violation  
There is a large setup violation of -1.374 ns between student_top_inst/Core_cpu/SegReg_ID_EX_inst/inst_ex_reg[21]/C (clocked by clk_out2_pll) and student_top_inst/Core_cpu/BPU_inst/ras_top_reg[10]/CE (clocked by clk_out2_pll). Large setup violations at the end of those stages might be difficult to fix during the post-placement implementation flow and could be the result of non-optimal XDC constraints or non-optimal design architecture
Related violations: <none>

TIMING-16#299 Warning
Large setup violation  
There is a large setup violation of -1.374 ns between student_top_inst/Core_cpu/SegReg_ID_EX_inst/inst_ex_reg[21]/C (clocked by clk_out2_pll) and student_top_inst/Core_cpu/BPU_inst/ras_top_reg[21]/CE (clocked by clk_out2_pll). Large setup violations at the end of those stages might be difficult to fix during the post-placement implementation flow and could be the result of non-optimal XDC constraints or non-optimal design architecture
Related violations: <none>

TIMING-16#300 Warning
Large setup violation  
There is a large setup violation of -1.374 ns between student_top_inst/Core_cpu/SegReg_ID_EX_inst/inst_ex_reg[21]/C (clocked by clk_out2_pll) and student_top_inst/Core_cpu/BPU_inst/ras_top_reg[24]/CE (clocked by clk_out2_pll). Large setup violations at the end of those stages might be difficult to fix during the post-placement implementation flow and could be the result of non-optimal XDC constraints or non-optimal design architecture
Related violations: <none>

TIMING-16#301 Warning
Large setup violation  
There is a large setup violation of -1.374 ns between student_top_inst/Core_cpu/SegReg_ID_EX_inst/inst_ex_reg[21]/C (clocked by clk_out2_pll) and student_top_inst/Core_cpu/BPU_inst/ras_top_reg[27]/CE (clocked by clk_out2_pll). Large setup violations at the end of those stages might be difficult to fix during the post-placement implementation flow and could be the result of non-optimal XDC constraints or non-optimal design architecture
Related violations: <none>

TIMING-16#302 Warning
Large setup violation  
There is a large setup violation of -1.375 ns between student_top_inst/Core_cpu/SegReg_ID_EX_inst/inst_ex_reg[18]/C (clocked by clk_out2_pll) and student_top_inst/Core_cpu/SegReg_ID_EX_inst/inst_ex_reg[10]/CE (clocked by clk_out2_pll). Large setup violations at the end of those stages might be difficult to fix during the post-placement implementation flow and could be the result of non-optimal XDC constraints or non-optimal design architecture
Related violations: <none>

TIMING-16#303 Warning
Large setup violation  
There is a large setup violation of -1.375 ns between student_top_inst/Core_cpu/SegReg_ID_EX_inst/inst_ex_reg[18]/C (clocked by clk_out2_pll) and student_top_inst/Core_cpu/SegReg_ID_EX_inst/inst_ex_reg[12]/CE (clocked by clk_out2_pll). Large setup violations at the end of those stages might be difficult to fix during the post-placement implementation flow and could be the result of non-optimal XDC constraints or non-optimal design architecture
Related violations: <none>

TIMING-16#304 Warning
Large setup violation  
There is a large setup violation of -1.375 ns between student_top_inst/Core_cpu/SegReg_ID_EX_inst/inst_ex_reg[18]/C (clocked by clk_out2_pll) and student_top_inst/Core_cpu/SegReg_ID_EX_inst/inst_ex_reg[21]/CE (clocked by clk_out2_pll). Large setup violations at the end of those stages might be difficult to fix during the post-placement implementation flow and could be the result of non-optimal XDC constraints or non-optimal design architecture
Related violations: <none>

TIMING-16#305 Warning
Large setup violation  
There is a large setup violation of -1.375 ns between student_top_inst/Core_cpu/SegReg_ID_EX_inst/inst_ex_reg[18]/C (clocked by clk_out2_pll) and student_top_inst/Core_cpu/SegReg_ID_EX_inst/inst_ex_reg[30]/CE (clocked by clk_out2_pll). Large setup violations at the end of those stages might be difficult to fix during the post-placement implementation flow and could be the result of non-optimal XDC constraints or non-optimal design architecture
Related violations: <none>

TIMING-16#306 Warning
Large setup violation  
There is a large setup violation of -1.375 ns between student_top_inst/Core_cpu/SegReg_ID_EX_inst/inst_ex_reg[18]/C (clocked by clk_out2_pll) and student_top_inst/Core_cpu/SegReg_ID_EX_inst/pc_ex_reg[26]/CE (clocked by clk_out2_pll). Large setup violations at the end of those stages might be difficult to fix during the post-placement implementation flow and could be the result of non-optimal XDC constraints or non-optimal design architecture
Related violations: <none>

TIMING-16#307 Warning
Large setup violation  
There is a large setup violation of -1.375 ns between student_top_inst/Core_cpu/SegReg_ID_EX_inst/inst_ex_reg[18]/C (clocked by clk_out2_pll) and student_top_inst/Core_cpu/SegReg_ID_EX_inst/predict_target_ex_reg[22]/CE (clocked by clk_out2_pll). Large setup violations at the end of those stages might be difficult to fix during the post-placement implementation flow and could be the result of non-optimal XDC constraints or non-optimal design architecture
Related violations: <none>

TIMING-16#308 Warning
Large setup violation  
There is a large setup violation of -1.375 ns between student_top_inst/Core_cpu/SegReg_ID_EX_inst/inst_ex_reg[18]/C (clocked by clk_out2_pll) and student_top_inst/Core_cpu/SegReg_ID_EX_inst/predict_target_ex_reg[2]/CE (clocked by clk_out2_pll). Large setup violations at the end of those stages might be difficult to fix during the post-placement implementation flow and could be the result of non-optimal XDC constraints or non-optimal design architecture
Related violations: <none>

TIMING-16#309 Warning
Large setup violation  
There is a large setup violation of -1.375 ns between student_top_inst/Core_cpu/SegReg_ID_EX_inst/inst_ex_reg[18]/C (clocked by clk_out2_pll) and student_top_inst/Core_cpu/SegReg_ID_EX_inst/rdata1_ex_reg[4]/CE (clocked by clk_out2_pll). Large setup violations at the end of those stages might be difficult to fix during the post-placement implementation flow and could be the result of non-optimal XDC constraints or non-optimal design architecture
Related violations: <none>

TIMING-16#310 Warning
Large setup violation  
There is a large setup violation of -1.375 ns between student_top_inst/Core_cpu/SegReg_ID_EX_inst/inst_ex_reg[18]/C (clocked by clk_out2_pll) and student_top_inst/Core_cpu/SegReg_ID_EX_inst/rdata1_ex_reg[7]/CE (clocked by clk_out2_pll). Large setup violations at the end of those stages might be difficult to fix during the post-placement implementation flow and could be the result of non-optimal XDC constraints or non-optimal design architecture
Related violations: <none>

TIMING-16#311 Warning
Large setup violation  
There is a large setup violation of -1.375 ns between student_top_inst/Core_cpu/SegReg_ID_EX_inst/inst_ex_reg[18]/C (clocked by clk_out2_pll) and student_top_inst/Core_cpu/SegReg_ID_EX_inst/rdata1_ex_reg[8]/CE (clocked by clk_out2_pll). Large setup violations at the end of those stages might be difficult to fix during the post-placement implementation flow and could be the result of non-optimal XDC constraints or non-optimal design architecture
Related violations: <none>

TIMING-16#312 Warning
Large setup violation  
There is a large setup violation of -1.375 ns between student_top_inst/Core_cpu/SegReg_ID_EX_inst/inst_ex_reg[18]/C (clocked by clk_out2_pll) and student_top_inst/Core_cpu/SegReg_ID_EX_inst/rdata2_ex_reg[7]/CE (clocked by clk_out2_pll). Large setup violations at the end of those stages might be difficult to fix during the post-placement implementation flow and could be the result of non-optimal XDC constraints or non-optimal design architecture
Related violations: <none>

TIMING-16#313 Warning
Large setup violation  
There is a large setup violation of -1.375 ns between student_top_inst/Core_cpu/SegReg_ID_EX_inst/inst_ex_reg[18]/C (clocked by clk_out2_pll) and student_top_inst/Core_cpu/SegReg_ID_EX_inst/rdata2_ex_reg[8]/CE (clocked by clk_out2_pll). Large setup violations at the end of those stages might be difficult to fix during the post-placement implementation flow and could be the result of non-optimal XDC constraints or non-optimal design architecture
Related violations: <none>

TIMING-16#314 Warning
Large setup violation  
There is a large setup violation of -1.376 ns between student_top_inst/Core_cpu/SegReg_ID_EX_inst/inst_ex_reg[21]/C (clocked by clk_out2_pll) and student_top_inst/Core_cpu/BPU_inst/ras_stack_reg[0][26]/CE (clocked by clk_out2_pll). Large setup violations at the end of those stages might be difficult to fix during the post-placement implementation flow and could be the result of non-optimal XDC constraints or non-optimal design architecture
Related violations: <none>

TIMING-16#315 Warning
Large setup violation  
There is a large setup violation of -1.376 ns between student_top_inst/Core_cpu/SegReg_ID_EX_inst/inst_ex_reg[21]/C (clocked by clk_out2_pll) and student_top_inst/Core_cpu/BPU_inst/ras_stack_reg[0][27]/CE (clocked by clk_out2_pll). Large setup violations at the end of those stages might be difficult to fix during the post-placement implementation flow and could be the result of non-optimal XDC constraints or non-optimal design architecture
Related violations: <none>

TIMING-16#316 Warning
Large setup violation  
There is a large setup violation of -1.376 ns between student_top_inst/Core_cpu/SegReg_ID_EX_inst/inst_ex_reg[21]/C (clocked by clk_out2_pll) and student_top_inst/Core_cpu/BPU_inst/ras_stack_reg[0][28]/CE (clocked by clk_out2_pll). Large setup violations at the end of those stages might be difficult to fix during the post-placement implementation flow and could be the result of non-optimal XDC constraints or non-optimal design architecture
Related violations: <none>

TIMING-16#317 Warning
Large setup violation  
There is a large setup violation of -1.376 ns between student_top_inst/Core_cpu/SegReg_ID_EX_inst/inst_ex_reg[21]/C (clocked by clk_out2_pll) and student_top_inst/Core_cpu/PC_inst/pc_reg[18]/CE (clocked by clk_out2_pll). Large setup violations at the end of those stages might be difficult to fix during the post-placement implementation flow and could be the result of non-optimal XDC constraints or non-optimal design architecture
Related violations: <none>

TIMING-16#318 Warning
Large setup violation  
There is a large setup violation of -1.376 ns between student_top_inst/Core_cpu/SegReg_ID_EX_inst/inst_ex_reg[21]/C (clocked by clk_out2_pll) and student_top_inst/Core_cpu/PC_inst/pc_reg[4]/CE (clocked by clk_out2_pll). Large setup violations at the end of those stages might be difficult to fix during the post-placement implementation flow and could be the result of non-optimal XDC constraints or non-optimal design architecture
Related violations: <none>

TIMING-16#319 Warning
Large setup violation  
There is a large setup violation of -1.376 ns between student_top_inst/Core_cpu/SegReg_ID_EX_inst/inst_ex_reg[21]/C (clocked by clk_out2_pll) and student_top_inst/Core_cpu/PC_inst/pc_reg[5]/CE (clocked by clk_out2_pll). Large setup violations at the end of those stages might be difficult to fix during the post-placement implementation flow and could be the result of non-optimal XDC constraints or non-optimal design architecture
Related violations: <none>

TIMING-16#320 Warning
Large setup violation  
There is a large setup violation of -1.376 ns between student_top_inst/Core_cpu/SegReg_ID_EX_inst/inst_ex_reg[21]/C (clocked by clk_out2_pll) and student_top_inst/Core_cpu/PC_inst/pc_reg[5]_rep/CE (clocked by clk_out2_pll). Large setup violations at the end of those stages might be difficult to fix during the post-placement implementation flow and could be the result of non-optimal XDC constraints or non-optimal design architecture
Related violations: <none>

TIMING-16#321 Warning
Large setup violation  
There is a large setup violation of -1.376 ns between student_top_inst/Core_cpu/SegReg_ID_EX_inst/inst_ex_reg[21]/C (clocked by clk_out2_pll) and student_top_inst/Core_cpu/PC_inst/pc_reg[6]/CE (clocked by clk_out2_pll). Large setup violations at the end of those stages might be difficult to fix during the post-placement implementation flow and could be the result of non-optimal XDC constraints or non-optimal design architecture
Related violations: <none>

TIMING-16#322 Warning
Large setup violation  
There is a large setup violation of -1.376 ns between student_top_inst/Core_cpu/SegReg_ID_EX_inst/inst_ex_reg[21]/C (clocked by clk_out2_pll) and student_top_inst/Core_cpu/PC_inst/pc_reg[6]/D (clocked by clk_out2_pll). Large setup violations at the end of those stages might be difficult to fix during the post-placement implementation flow and could be the result of non-optimal XDC constraints or non-optimal design architecture
Related violations: <none>

TIMING-16#323 Warning
Large setup violation  
There is a large setup violation of -1.378 ns between student_top_inst/Core_cpu/SegReg_ID_EX_inst/inst_ex_reg[21]/C (clocked by clk_out2_pll) and student_top_inst/Core_cpu/BPU_inst/ras_top_reg[0]/CE (clocked by clk_out2_pll). Large setup violations at the end of those stages might be difficult to fix during the post-placement implementation flow and could be the result of non-optimal XDC constraints or non-optimal design architecture
Related violations: <none>

TIMING-16#324 Warning
Large setup violation  
There is a large setup violation of -1.378 ns between student_top_inst/Core_cpu/SegReg_ID_EX_inst/inst_ex_reg[21]/C (clocked by clk_out2_pll) and student_top_inst/Core_cpu/BPU_inst/ras_top_reg[11]/CE (clocked by clk_out2_pll). Large setup violations at the end of those stages might be difficult to fix during the post-placement implementation flow and could be the result of non-optimal XDC constraints or non-optimal design architecture
Related violations: <none>

TIMING-16#325 Warning
Large setup violation  
There is a large setup violation of -1.378 ns between student_top_inst/Core_cpu/SegReg_ID_EX_inst/inst_ex_reg[21]/C (clocked by clk_out2_pll) and student_top_inst/Core_cpu/BPU_inst/ras_top_reg[13]/CE (clocked by clk_out2_pll). Large setup violations at the end of those stages might be difficult to fix during the post-placement implementation flow and could be the result of non-optimal XDC constraints or non-optimal design architecture
Related violations: <none>

TIMING-16#326 Warning
Large setup violation  
There is a large setup violation of -1.378 ns between student_top_inst/Core_cpu/SegReg_ID_EX_inst/inst_ex_reg[21]/C (clocked by clk_out2_pll) and student_top_inst/Core_cpu/BPU_inst/ras_top_reg[2]/CE (clocked by clk_out2_pll). Large setup violations at the end of those stages might be difficult to fix during the post-placement implementation flow and could be the result of non-optimal XDC constraints or non-optimal design architecture
Related violations: <none>

TIMING-16#327 Warning
Large setup violation  
There is a large setup violation of -1.380 ns between student_top_inst/Core_cpu/SegReg_ID_EX_inst/inst_ex_reg[15]/C (clocked by clk_out2_pll) and student_top_inst/Core_cpu/SegReg_ID_EX_inst/pc_ex_reg[28]/CE (clocked by clk_out2_pll). Large setup violations at the end of those stages might be difficult to fix during the post-placement implementation flow and could be the result of non-optimal XDC constraints or non-optimal design architecture
Related violations: <none>

TIMING-16#328 Warning
Large setup violation  
There is a large setup violation of -1.380 ns between student_top_inst/Core_cpu/SegReg_ID_EX_inst/inst_ex_reg[15]/C (clocked by clk_out2_pll) and student_top_inst/Core_cpu/SegReg_ID_EX_inst/predict_target_ex_reg[10]/CE (clocked by clk_out2_pll). Large setup violations at the end of those stages might be difficult to fix during the post-placement implementation flow and could be the result of non-optimal XDC constraints or non-optimal design architecture
Related violations: <none>

TIMING-16#329 Warning
Large setup violation  
There is a large setup violation of -1.380 ns between student_top_inst/Core_cpu/SegReg_ID_EX_inst/inst_ex_reg[15]/C (clocked by clk_out2_pll) and student_top_inst/Core_cpu/SegReg_ID_EX_inst/predict_target_ex_reg[11]/CE (clocked by clk_out2_pll). Large setup violations at the end of those stages might be difficult to fix during the post-placement implementation flow and could be the result of non-optimal XDC constraints or non-optimal design architecture
Related violations: <none>

TIMING-16#330 Warning
Large setup violation  
There is a large setup violation of -1.380 ns between student_top_inst/Core_cpu/SegReg_ID_EX_inst/inst_ex_reg[15]/C (clocked by clk_out2_pll) and student_top_inst/Core_cpu/SegReg_ID_EX_inst/predict_target_ex_reg[12]/CE (clocked by clk_out2_pll). Large setup violations at the end of those stages might be difficult to fix during the post-placement implementation flow and could be the result of non-optimal XDC constraints or non-optimal design architecture
Related violations: <none>

TIMING-16#331 Warning
Large setup violation  
There is a large setup violation of -1.380 ns between student_top_inst/Core_cpu/SegReg_ID_EX_inst/inst_ex_reg[15]/C (clocked by clk_out2_pll) and student_top_inst/Core_cpu/SegReg_ID_EX_inst/predict_target_ex_reg[13]/CE (clocked by clk_out2_pll). Large setup violations at the end of those stages might be difficult to fix during the post-placement implementation flow and could be the result of non-optimal XDC constraints or non-optimal design architecture
Related violations: <none>

TIMING-16#332 Warning
Large setup violation  
There is a large setup violation of -1.380 ns between student_top_inst/Core_cpu/SegReg_ID_EX_inst/inst_ex_reg[15]/C (clocked by clk_out2_pll) and student_top_inst/Core_cpu/SegReg_ID_EX_inst/predict_target_ex_reg[25]/CE (clocked by clk_out2_pll). Large setup violations at the end of those stages might be difficult to fix during the post-placement implementation flow and could be the result of non-optimal XDC constraints or non-optimal design architecture
Related violations: <none>

TIMING-16#333 Warning
Large setup violation  
There is a large setup violation of -1.380 ns between student_top_inst/Core_cpu/SegReg_ID_EX_inst/inst_ex_reg[15]/C (clocked by clk_out2_pll) and student_top_inst/Core_cpu/SegReg_ID_EX_inst/predict_target_ex_reg[28]/CE (clocked by clk_out2_pll). Large setup violations at the end of those stages might be difficult to fix during the post-placement implementation flow and could be the result of non-optimal XDC constraints or non-optimal design architecture
Related violations: <none>

TIMING-16#334 Warning
Large setup violation  
There is a large setup violation of -1.380 ns between student_top_inst/Core_cpu/SegReg_ID_EX_inst/inst_ex_reg[15]/C (clocked by clk_out2_pll) and student_top_inst/Core_cpu/SegReg_ID_EX_inst/predict_target_ex_reg[8]/CE (clocked by clk_out2_pll). Large setup violations at the end of those stages might be difficult to fix during the post-placement implementation flow and could be the result of non-optimal XDC constraints or non-optimal design architecture
Related violations: <none>

TIMING-16#335 Warning
Large setup violation  
There is a large setup violation of -1.380 ns between student_top_inst/Core_cpu/SegReg_ID_EX_inst/inst_ex_reg[15]/C (clocked by clk_out2_pll) and student_top_inst/Core_cpu/SegReg_ID_EX_inst/rdata1_ex_reg[13]/CE (clocked by clk_out2_pll). Large setup violations at the end of those stages might be difficult to fix during the post-placement implementation flow and could be the result of non-optimal XDC constraints or non-optimal design architecture
Related violations: <none>

TIMING-16#336 Warning
Large setup violation  
There is a large setup violation of -1.380 ns between student_top_inst/Core_cpu/SegReg_ID_EX_inst/inst_ex_reg[15]/C (clocked by clk_out2_pll) and student_top_inst/Core_cpu/SegReg_ID_EX_inst/rdata1_ex_reg[15]/CE (clocked by clk_out2_pll). Large setup violations at the end of those stages might be difficult to fix during the post-placement implementation flow and could be the result of non-optimal XDC constraints or non-optimal design architecture
Related violations: <none>

TIMING-16#337 Warning
Large setup violation  
There is a large setup violation of -1.380 ns between student_top_inst/Core_cpu/SegReg_ID_EX_inst/inst_ex_reg[15]/C (clocked by clk_out2_pll) and student_top_inst/Core_cpu/SegReg_ID_EX_inst/rdata1_ex_reg[16]/CE (clocked by clk_out2_pll). Large setup violations at the end of those stages might be difficult to fix during the post-placement implementation flow and could be the result of non-optimal XDC constraints or non-optimal design architecture
Related violations: <none>

TIMING-16#338 Warning
Large setup violation  
There is a large setup violation of -1.380 ns between student_top_inst/Core_cpu/SegReg_ID_EX_inst/inst_ex_reg[15]/C (clocked by clk_out2_pll) and student_top_inst/Core_cpu/SegReg_ID_EX_inst/rdata1_ex_reg[17]/CE (clocked by clk_out2_pll). Large setup violations at the end of those stages might be difficult to fix during the post-placement implementation flow and could be the result of non-optimal XDC constraints or non-optimal design architecture
Related violations: <none>

TIMING-16#339 Warning
Large setup violation  
There is a large setup violation of -1.380 ns between student_top_inst/Core_cpu/SegReg_ID_EX_inst/inst_ex_reg[15]/C (clocked by clk_out2_pll) and student_top_inst/Core_cpu/SegReg_ID_EX_inst/rdata1_ex_reg[19]/CE (clocked by clk_out2_pll). Large setup violations at the end of those stages might be difficult to fix during the post-placement implementation flow and could be the result of non-optimal XDC constraints or non-optimal design architecture
Related violations: <none>

TIMING-16#340 Warning
Large setup violation  
There is a large setup violation of -1.380 ns between student_top_inst/Core_cpu/SegReg_ID_EX_inst/inst_ex_reg[15]/C (clocked by clk_out2_pll) and student_top_inst/Core_cpu/SegReg_ID_EX_inst/rdata1_ex_reg[26]/CE (clocked by clk_out2_pll). Large setup violations at the end of those stages might be difficult to fix during the post-placement implementation flow and could be the result of non-optimal XDC constraints or non-optimal design architecture
Related violations: <none>

TIMING-16#341 Warning
Large setup violation  
There is a large setup violation of -1.380 ns between student_top_inst/Core_cpu/SegReg_ID_EX_inst/inst_ex_reg[15]/C (clocked by clk_out2_pll) and student_top_inst/Core_cpu/SegReg_ID_EX_inst/rdata2_ex_reg[26]/CE (clocked by clk_out2_pll). Large setup violations at the end of those stages might be difficult to fix during the post-placement implementation flow and could be the result of non-optimal XDC constraints or non-optimal design architecture
Related violations: <none>

TIMING-16#342 Warning
Large setup violation  
There is a large setup violation of -1.380 ns between student_top_inst/Core_cpu/SegReg_ID_EX_inst/inst_ex_reg[15]/C (clocked by clk_out2_pll) and student_top_inst/Core_cpu/SegReg_ID_EX_inst/rdata2_ex_reg[4]/CE (clocked by clk_out2_pll). Large setup violations at the end of those stages might be difficult to fix during the post-placement implementation flow and could be the result of non-optimal XDC constraints or non-optimal design architecture
Related violations: <none>

TIMING-16#343 Warning
Large setup violation  
There is a large setup violation of -1.380 ns between student_top_inst/Core_cpu/SegReg_ID_EX_inst/inst_ex_reg[18]/C (clocked by clk_out2_pll) and student_top_inst/Core_cpu/SegReg_ID_EX_inst/inst_ex_reg[13]/CE (clocked by clk_out2_pll). Large setup violations at the end of those stages might be difficult to fix during the post-placement implementation flow and could be the result of non-optimal XDC constraints or non-optimal design architecture
Related violations: <none>

TIMING-16#344 Warning
Large setup violation  
There is a large setup violation of -1.380 ns between student_top_inst/Core_cpu/SegReg_ID_EX_inst/inst_ex_reg[18]/C (clocked by clk_out2_pll) and student_top_inst/Core_cpu/SegReg_ID_EX_inst/inst_ex_reg[14]/CE (clocked by clk_out2_pll). Large setup violations at the end of those stages might be difficult to fix during the post-placement implementation flow and could be the result of non-optimal XDC constraints or non-optimal design architecture
Related violations: <none>

TIMING-16#345 Warning
Large setup violation  
There is a large setup violation of -1.380 ns between student_top_inst/Core_cpu/SegReg_ID_EX_inst/inst_ex_reg[18]/C (clocked by clk_out2_pll) and student_top_inst/Core_cpu/SegReg_ID_EX_inst/inst_ex_reg[8]/CE (clocked by clk_out2_pll). Large setup violations at the end of those stages might be difficult to fix during the post-placement implementation flow and could be the result of non-optimal XDC constraints or non-optimal design architecture
Related violations: <none>

TIMING-16#346 Warning
Large setup violation  
There is a large setup violation of -1.380 ns between student_top_inst/Core_cpu/SegReg_ID_EX_inst/inst_ex_reg[18]/C (clocked by clk_out2_pll) and student_top_inst/Core_cpu/SegReg_ID_EX_inst/inst_ex_reg[9]/CE (clocked by clk_out2_pll). Large setup violations at the end of those stages might be difficult to fix during the post-placement implementation flow and could be the result of non-optimal XDC constraints or non-optimal design architecture
Related violations: <none>

TIMING-16#347 Warning
Large setup violation  
There is a large setup violation of -1.380 ns between student_top_inst/Core_cpu/SegReg_ID_EX_inst/inst_ex_reg[21]/C (clocked by clk_out2_pll) and student_top_inst/Core_cpu/BPU_inst/bht_reg_128_255_0_0/SP.HIGH/I (clocked by clk_out2_pll). Large setup violations at the end of those stages might be difficult to fix during the post-placement implementation flow and could be the result of non-optimal XDC constraints or non-optimal design architecture
Related violations: <none>

TIMING-16#348 Warning
Large setup violation  
There is a large setup violation of -1.381 ns between student_top_inst/Core_cpu/SegReg_ID_EX_inst/inst_ex_reg[15]/C (clocked by clk_out2_pll) and student_top_inst/Core_cpu/SegReg_EX_LS1_inst/alu_result_ls1_reg[6]/D (clocked by clk_out2_pll). Large setup violations at the end of those stages might be difficult to fix during the post-placement implementation flow and could be the result of non-optimal XDC constraints or non-optimal design architecture
Related violations: <none>

TIMING-16#349 Warning
Large setup violation  
There is a large setup violation of -1.382 ns between student_top_inst/Core_cpu/SegReg_ID_EX_inst/inst_ex_reg[21]/C (clocked by clk_out2_pll) and student_top_inst/Core_cpu/BPU_inst/ras_stack_reg[3][19]/CE (clocked by clk_out2_pll). Large setup violations at the end of those stages might be difficult to fix during the post-placement implementation flow and could be the result of non-optimal XDC constraints or non-optimal design architecture
Related violations: <none>

TIMING-16#350 Warning
Large setup violation  
There is a large setup violation of -1.384 ns between student_top_inst/Core_cpu/SegReg_ID_EX_inst/inst_ex_reg[21]/C (clocked by clk_out2_pll) and student_top_inst/Core_cpu/BPU_inst/btb_reg_0_63_18_20/RAMA/WE (clocked by clk_out2_pll). Large setup violations at the end of those stages might be difficult to fix during the post-placement implementation flow and could be the result of non-optimal XDC constraints or non-optimal design architecture
Related violations: <none>

TIMING-16#351 Warning
Large setup violation  
There is a large setup violation of -1.384 ns between student_top_inst/Core_cpu/SegReg_ID_EX_inst/inst_ex_reg[21]/C (clocked by clk_out2_pll) and student_top_inst/Core_cpu/BPU_inst/btb_reg_0_63_18_20/RAMB/WE (clocked by clk_out2_pll). Large setup violations at the end of those stages might be difficult to fix during the post-placement implementation flow and could be the result of non-optimal XDC constraints or non-optimal design architecture
Related violations: <none>

TIMING-16#352 Warning
Large setup violation  
There is a large setup violation of -1.384 ns between student_top_inst/Core_cpu/SegReg_ID_EX_inst/inst_ex_reg[21]/C (clocked by clk_out2_pll) and student_top_inst/Core_cpu/BPU_inst/btb_reg_0_63_18_20/RAMC/WE (clocked by clk_out2_pll). Large setup violations at the end of those stages might be difficult to fix during the post-placement implementation flow and could be the result of non-optimal XDC constraints or non-optimal design architecture
Related violations: <none>

TIMING-16#353 Warning
Large setup violation  
There is a large setup violation of -1.384 ns between student_top_inst/Core_cpu/SegReg_ID_EX_inst/inst_ex_reg[21]/C (clocked by clk_out2_pll) and student_top_inst/Core_cpu/BPU_inst/btb_reg_0_63_18_20/RAMD/WE (clocked by clk_out2_pll). Large setup violations at the end of those stages might be difficult to fix during the post-placement implementation flow and could be the result of non-optimal XDC constraints or non-optimal design architecture
Related violations: <none>

TIMING-16#354 Warning
Large setup violation  
There is a large setup violation of -1.385 ns between student_top_inst/Core_cpu/SegReg_ID_EX_inst/inst_ex_reg[21]/C (clocked by clk_out2_pll) and student_top_inst/Core_cpu/PC_inst/pc_reg[1]/D (clocked by clk_out2_pll). Large setup violations at the end of those stages might be difficult to fix during the post-placement implementation flow and could be the result of non-optimal XDC constraints or non-optimal design architecture
Related violations: <none>

TIMING-16#355 Warning
Large setup violation  
There is a large setup violation of -1.385 ns between student_top_inst/Core_cpu/SegReg_ID_EX_inst/inst_ex_reg[23]/C (clocked by clk_out2_pll) and student_top_inst/Core_cpu/MulDiv_inst/dividend_r_reg[5]/CE (clocked by clk_out2_pll). Large setup violations at the end of those stages might be difficult to fix during the post-placement implementation flow and could be the result of non-optimal XDC constraints or non-optimal design architecture
Related violations: <none>

TIMING-16#356 Warning
Large setup violation  
There is a large setup violation of -1.385 ns between student_top_inst/Core_cpu/SegReg_ID_EX_inst/inst_ex_reg[23]/C (clocked by clk_out2_pll) and student_top_inst/Core_cpu/MulDiv_inst/dividend_r_reg[6]/CE (clocked by clk_out2_pll). Large setup violations at the end of those stages might be difficult to fix during the post-placement implementation flow and could be the result of non-optimal XDC constraints or non-optimal design architecture
Related violations: <none>

TIMING-16#357 Warning
Large setup violation  
There is a large setup violation of -1.385 ns between student_top_inst/Core_cpu/SegReg_ID_EX_inst/inst_ex_reg[23]/C (clocked by clk_out2_pll) and student_top_inst/Core_cpu/MulDiv_inst/dividend_r_reg[7]/CE (clocked by clk_out2_pll). Large setup violations at the end of those stages might be difficult to fix during the post-placement implementation flow and could be the result of non-optimal XDC constraints or non-optimal design architecture
Related violations: <none>

TIMING-16#358 Warning
Large setup violation  
There is a large setup violation of -1.385 ns between student_top_inst/Core_cpu/SegReg_ID_EX_inst/inst_ex_reg[23]/C (clocked by clk_out2_pll) and student_top_inst/Core_cpu/MulDiv_inst/dividend_r_reg[8]/CE (clocked by clk_out2_pll). Large setup violations at the end of those stages might be difficult to fix during the post-placement implementation flow and could be the result of non-optimal XDC constraints or non-optimal design architecture
Related violations: <none>

TIMING-16#359 Warning
Large setup violation  
There is a large setup violation of -1.386 ns between student_top_inst/Core_cpu/SegReg_ID_EX_inst/inst_ex_reg[21]/C (clocked by clk_out2_pll) and student_top_inst/Core_cpu/PC_inst/pc_reg[21]/CE (clocked by clk_out2_pll). Large setup violations at the end of those stages might be difficult to fix during the post-placement implementation flow and could be the result of non-optimal XDC constraints or non-optimal design architecture
Related violations: <none>

TIMING-16#360 Warning
Large setup violation  
There is a large setup violation of -1.388 ns between student_top_inst/Core_cpu/SegReg_ID_EX_inst/inst_ex_reg[23]/C (clocked by clk_out2_pll) and student_top_inst/Core_cpu/MulDiv_inst/quotient_r_reg[19]/CE (clocked by clk_out2_pll). Large setup violations at the end of those stages might be difficult to fix during the post-placement implementation flow and could be the result of non-optimal XDC constraints or non-optimal design architecture
Related violations: <none>

TIMING-16#361 Warning
Large setup violation  
There is a large setup violation of -1.388 ns between student_top_inst/Core_cpu/SegReg_ID_EX_inst/inst_ex_reg[23]/C (clocked by clk_out2_pll) and student_top_inst/Core_cpu/MulDiv_inst/quotient_r_reg[20]/CE (clocked by clk_out2_pll). Large setup violations at the end of those stages might be difficult to fix during the post-placement implementation flow and could be the result of non-optimal XDC constraints or non-optimal design architecture
Related violations: <none>

TIMING-16#362 Warning
Large setup violation  
There is a large setup violation of -1.388 ns between student_top_inst/Core_cpu/SegReg_ID_EX_inst/inst_ex_reg[23]/C (clocked by clk_out2_pll) and student_top_inst/Core_cpu/MulDiv_inst/quotient_r_reg[21]/CE (clocked by clk_out2_pll). Large setup violations at the end of those stages might be difficult to fix during the post-placement implementation flow and could be the result of non-optimal XDC constraints or non-optimal design architecture
Related violations: <none>

TIMING-16#363 Warning
Large setup violation  
There is a large setup violation of -1.388 ns between student_top_inst/Core_cpu/SegReg_ID_EX_inst/inst_ex_reg[23]/C (clocked by clk_out2_pll) and student_top_inst/Core_cpu/MulDiv_inst/quotient_r_reg[26]/CE (clocked by clk_out2_pll). Large setup violations at the end of those stages might be difficult to fix during the post-placement implementation flow and could be the result of non-optimal XDC constraints or non-optimal design architecture
Related violations: <none>

TIMING-16#364 Warning
Large setup violation  
There is a large setup violation of -1.388 ns between student_top_inst/Core_cpu/SegReg_ID_EX_inst/inst_ex_reg[23]/C (clocked by clk_out2_pll) and student_top_inst/Core_cpu/MulDiv_inst/rem_r_reg[19]/CE (clocked by clk_out2_pll). Large setup violations at the end of those stages might be difficult to fix during the post-placement implementation flow and could be the result of non-optimal XDC constraints or non-optimal design architecture
Related violations: <none>

TIMING-16#365 Warning
Large setup violation  
There is a large setup violation of -1.388 ns between student_top_inst/Core_cpu/SegReg_ID_EX_inst/inst_ex_reg[23]/C (clocked by clk_out2_pll) and student_top_inst/Core_cpu/MulDiv_inst/rem_r_reg[20]/CE (clocked by clk_out2_pll). Large setup violations at the end of those stages might be difficult to fix during the post-placement implementation flow and could be the result of non-optimal XDC constraints or non-optimal design architecture
Related violations: <none>

TIMING-16#366 Warning
Large setup violation  
There is a large setup violation of -1.388 ns between student_top_inst/Core_cpu/SegReg_ID_EX_inst/inst_ex_reg[23]/C (clocked by clk_out2_pll) and student_top_inst/Core_cpu/MulDiv_inst/rem_r_reg[21]/CE (clocked by clk_out2_pll). Large setup violations at the end of those stages might be difficult to fix during the post-placement implementation flow and could be the result of non-optimal XDC constraints or non-optimal design architecture
Related violations: <none>

TIMING-16#367 Warning
Large setup violation  
There is a large setup violation of -1.388 ns between student_top_inst/Core_cpu/SegReg_ID_EX_inst/inst_ex_reg[23]/C (clocked by clk_out2_pll) and student_top_inst/Core_cpu/MulDiv_inst/rem_r_reg[22]/CE (clocked by clk_out2_pll). Large setup violations at the end of those stages might be difficult to fix during the post-placement implementation flow and could be the result of non-optimal XDC constraints or non-optimal design architecture
Related violations: <none>

TIMING-16#368 Warning
Large setup violation  
There is a large setup violation of -1.391 ns between student_top_inst/Core_cpu/SegReg_ID_EX_inst/inst_ex_reg[21]/C (clocked by clk_out2_pll) and student_top_inst/Core_cpu/BPU_inst/bht_reg_0_127_0_0/DP.HIGH/I (clocked by clk_out2_pll). Large setup violations at the end of those stages might be difficult to fix during the post-placement implementation flow and could be the result of non-optimal XDC constraints or non-optimal design architecture
Related violations: <none>

TIMING-16#369 Warning
Large setup violation  
There is a large setup violation of -1.391 ns between student_top_inst/Core_cpu/SegReg_ID_EX_inst/inst_ex_reg[21]/C (clocked by clk_out2_pll) and student_top_inst/Core_cpu/BPU_inst/ras_top_reg[12]/CE (clocked by clk_out2_pll). Large setup violations at the end of those stages might be difficult to fix during the post-placement implementation flow and could be the result of non-optimal XDC constraints or non-optimal design architecture
Related violations: <none>

TIMING-16#370 Warning
Large setup violation  
There is a large setup violation of -1.391 ns between student_top_inst/Core_cpu/SegReg_ID_EX_inst/inst_ex_reg[21]/C (clocked by clk_out2_pll) and student_top_inst/Core_cpu/BPU_inst/ras_top_reg[17]/CE (clocked by clk_out2_pll). Large setup violations at the end of those stages might be difficult to fix during the post-placement implementation flow and could be the result of non-optimal XDC constraints or non-optimal design architecture
Related violations: <none>

TIMING-16#371 Warning
Large setup violation  
There is a large setup violation of -1.391 ns between student_top_inst/Core_cpu/SegReg_ID_EX_inst/inst_ex_reg[21]/C (clocked by clk_out2_pll) and student_top_inst/Core_cpu/BPU_inst/ras_top_reg[19]/CE (clocked by clk_out2_pll). Large setup violations at the end of those stages might be difficult to fix during the post-placement implementation flow and could be the result of non-optimal XDC constraints or non-optimal design architecture
Related violations: <none>

TIMING-16#372 Warning
Large setup violation  
There is a large setup violation of -1.391 ns between student_top_inst/Core_cpu/SegReg_ID_EX_inst/inst_ex_reg[21]/C (clocked by clk_out2_pll) and student_top_inst/Core_cpu/BPU_inst/ras_top_reg[22]/CE (clocked by clk_out2_pll). Large setup violations at the end of those stages might be difficult to fix during the post-placement implementation flow and could be the result of non-optimal XDC constraints or non-optimal design architecture
Related violations: <none>

TIMING-16#373 Warning
Large setup violation  
There is a large setup violation of -1.391 ns between student_top_inst/Core_cpu/SegReg_ID_EX_inst/inst_ex_reg[21]/C (clocked by clk_out2_pll) and student_top_inst/Core_cpu/BPU_inst/ras_top_reg[25]/CE (clocked by clk_out2_pll). Large setup violations at the end of those stages might be difficult to fix during the post-placement implementation flow and could be the result of non-optimal XDC constraints or non-optimal design architecture
Related violations: <none>

TIMING-16#374 Warning
Large setup violation  
There is a large setup violation of -1.391 ns between student_top_inst/Core_cpu/SegReg_ID_EX_inst/inst_ex_reg[21]/C (clocked by clk_out2_pll) and student_top_inst/Core_cpu/BPU_inst/ras_top_reg[3]/CE (clocked by clk_out2_pll). Large setup violations at the end of those stages might be difficult to fix during the post-placement implementation flow and could be the result of non-optimal XDC constraints or non-optimal design architecture
Related violations: <none>

TIMING-16#375 Warning
Large setup violation  
There is a large setup violation of -1.391 ns between student_top_inst/Core_cpu/SegReg_ID_EX_inst/inst_ex_reg[21]/C (clocked by clk_out2_pll) and student_top_inst/Core_cpu/BPU_inst/ras_top_reg[4]/CE (clocked by clk_out2_pll). Large setup violations at the end of those stages might be difficult to fix during the post-placement implementation flow and could be the result of non-optimal XDC constraints or non-optimal design architecture
Related violations: <none>

TIMING-16#376 Warning
Large setup violation  
There is a large setup violation of -1.391 ns between student_top_inst/Core_cpu/SegReg_ID_EX_inst/inst_ex_reg[21]/C (clocked by clk_out2_pll) and student_top_inst/Core_cpu/BPU_inst/ras_top_reg[5]/CE (clocked by clk_out2_pll). Large setup violations at the end of those stages might be difficult to fix during the post-placement implementation flow and could be the result of non-optimal XDC constraints or non-optimal design architecture
Related violations: <none>

TIMING-16#377 Warning
Large setup violation  
There is a large setup violation of -1.391 ns between student_top_inst/Core_cpu/SegReg_ID_EX_inst/inst_ex_reg[21]/C (clocked by clk_out2_pll) and student_top_inst/Core_cpu/BPU_inst/ras_top_reg[6]/CE (clocked by clk_out2_pll). Large setup violations at the end of those stages might be difficult to fix during the post-placement implementation flow and could be the result of non-optimal XDC constraints or non-optimal design architecture
Related violations: <none>

TIMING-16#378 Warning
Large setup violation  
There is a large setup violation of -1.391 ns between student_top_inst/Core_cpu/SegReg_ID_EX_inst/inst_ex_reg[21]/C (clocked by clk_out2_pll) and student_top_inst/Core_cpu/BPU_inst/ras_top_reg[8]/CE (clocked by clk_out2_pll). Large setup violations at the end of those stages might be difficult to fix during the post-placement implementation flow and could be the result of non-optimal XDC constraints or non-optimal design architecture
Related violations: <none>

TIMING-16#379 Warning
Large setup violation  
There is a large setup violation of -1.391 ns between student_top_inst/Core_cpu/SegReg_ID_EX_inst/inst_ex_reg[21]/C (clocked by clk_out2_pll) and student_top_inst/Core_cpu/BPU_inst/ras_top_reg[9]/CE (clocked by clk_out2_pll). Large setup violations at the end of those stages might be difficult to fix during the post-placement implementation flow and could be the result of non-optimal XDC constraints or non-optimal design architecture
Related violations: <none>

TIMING-16#380 Warning
Large setup violation  
There is a large setup violation of -1.394 ns between student_top_inst/Core_cpu/SegReg_ID_EX_inst/inst_ex_reg[21]/C (clocked by clk_out2_pll) and student_top_inst/Core_cpu/BPU_inst/btb_reg_128_191_6_8/RAMA/WE (clocked by clk_out2_pll). Large setup violations at the end of those stages might be difficult to fix during the post-placement implementation flow and could be the result of non-optimal XDC constraints or non-optimal design architecture
Related violations: <none>

TIMING-16#381 Warning
Large setup violation  
There is a large setup violation of -1.394 ns between student_top_inst/Core_cpu/SegReg_ID_EX_inst/inst_ex_reg[21]/C (clocked by clk_out2_pll) and student_top_inst/Core_cpu/BPU_inst/btb_reg_128_191_6_8/RAMB/WE (clocked by clk_out2_pll). Large setup violations at the end of those stages might be difficult to fix during the post-placement implementation flow and could be the result of non-optimal XDC constraints or non-optimal design architecture
Related violations: <none>

TIMING-16#382 Warning
Large setup violation  
There is a large setup violation of -1.394 ns between student_top_inst/Core_cpu/SegReg_ID_EX_inst/inst_ex_reg[21]/C (clocked by clk_out2_pll) and student_top_inst/Core_cpu/BPU_inst/btb_reg_128_191_6_8/RAMC/WE (clocked by clk_out2_pll). Large setup violations at the end of those stages might be difficult to fix during the post-placement implementation flow and could be the result of non-optimal XDC constraints or non-optimal design architecture
Related violations: <none>

TIMING-16#383 Warning
Large setup violation  
There is a large setup violation of -1.394 ns between student_top_inst/Core_cpu/SegReg_ID_EX_inst/inst_ex_reg[21]/C (clocked by clk_out2_pll) and student_top_inst/Core_cpu/BPU_inst/btb_reg_128_191_6_8/RAMD/WE (clocked by clk_out2_pll). Large setup violations at the end of those stages might be difficult to fix during the post-placement implementation flow and could be the result of non-optimal XDC constraints or non-optimal design architecture
Related violations: <none>

TIMING-16#384 Warning
Large setup violation  
There is a large setup violation of -1.395 ns between student_top_inst/Core_cpu/SegReg_ID_EX_inst/inst_ex_reg[15]/C (clocked by clk_out2_pll) and student_top_inst/Core_cpu/SegReg_ID_EX_inst/inst_ex_reg[27]/CE (clocked by clk_out2_pll). Large setup violations at the end of those stages might be difficult to fix during the post-placement implementation flow and could be the result of non-optimal XDC constraints or non-optimal design architecture
Related violations: <none>

TIMING-16#385 Warning
Large setup violation  
There is a large setup violation of -1.395 ns between student_top_inst/Core_cpu/SegReg_ID_EX_inst/inst_ex_reg[15]/C (clocked by clk_out2_pll) and student_top_inst/Core_cpu/SegReg_ID_EX_inst/pc_ex_reg[0]/CE (clocked by clk_out2_pll). Large setup violations at the end of those stages might be difficult to fix during the post-placement implementation flow and could be the result of non-optimal XDC constraints or non-optimal design architecture
Related violations: <none>

TIMING-16#386 Warning
Large setup violation  
There is a large setup violation of -1.395 ns between student_top_inst/Core_cpu/SegReg_ID_EX_inst/inst_ex_reg[15]/C (clocked by clk_out2_pll) and student_top_inst/Core_cpu/SegReg_ID_EX_inst/pc_ex_reg[1]/CE (clocked by clk_out2_pll). Large setup violations at the end of those stages might be difficult to fix during the post-placement implementation flow and could be the result of non-optimal XDC constraints or non-optimal design architecture
Related violations: <none>

TIMING-16#387 Warning
Large setup violation  
There is a large setup violation of -1.395 ns between student_top_inst/Core_cpu/SegReg_ID_EX_inst/inst_ex_reg[15]/C (clocked by clk_out2_pll) and student_top_inst/Core_cpu/SegReg_ID_EX_inst/pc_ex_reg[29]/CE (clocked by clk_out2_pll). Large setup violations at the end of those stages might be difficult to fix during the post-placement implementation flow and could be the result of non-optimal XDC constraints or non-optimal design architecture
Related violations: <none>

TIMING-16#388 Warning
Large setup violation  
There is a large setup violation of -1.395 ns between student_top_inst/Core_cpu/SegReg_ID_EX_inst/inst_ex_reg[15]/C (clocked by clk_out2_pll) and student_top_inst/Core_cpu/SegReg_ID_EX_inst/predict_target_ex_reg[0]/CE (clocked by clk_out2_pll). Large setup violations at the end of those stages might be difficult to fix during the post-placement implementation flow and could be the result of non-optimal XDC constraints or non-optimal design architecture
Related violations: <none>

TIMING-16#389 Warning
Large setup violation  
There is a large setup violation of -1.395 ns between student_top_inst/Core_cpu/SegReg_ID_EX_inst/inst_ex_reg[15]/C (clocked by clk_out2_pll) and student_top_inst/Core_cpu/SegReg_ID_EX_inst/predict_target_ex_reg[26]/CE (clocked by clk_out2_pll). Large setup violations at the end of those stages might be difficult to fix during the post-placement implementation flow and could be the result of non-optimal XDC constraints or non-optimal design architecture
Related violations: <none>

TIMING-16#390 Warning
Large setup violation  
There is a large setup violation of -1.395 ns between student_top_inst/Core_cpu/SegReg_ID_EX_inst/inst_ex_reg[15]/C (clocked by clk_out2_pll) and student_top_inst/Core_cpu/SegReg_ID_EX_inst/predict_target_ex_reg[27]/CE (clocked by clk_out2_pll). Large setup violations at the end of those stages might be difficult to fix during the post-placement implementation flow and could be the result of non-optimal XDC constraints or non-optimal design architecture
Related violations: <none>

TIMING-16#391 Warning
Large setup violation  
There is a large setup violation of -1.395 ns between student_top_inst/Core_cpu/SegReg_ID_EX_inst/inst_ex_reg[15]/C (clocked by clk_out2_pll) and student_top_inst/Core_cpu/SegReg_ID_EX_inst/predict_target_ex_reg[30]/CE (clocked by clk_out2_pll). Large setup violations at the end of those stages might be difficult to fix during the post-placement implementation flow and could be the result of non-optimal XDC constraints or non-optimal design architecture
Related violations: <none>

TIMING-16#392 Warning
Large setup violation  
There is a large setup violation of -1.395 ns between student_top_inst/Core_cpu/SegReg_ID_EX_inst/inst_ex_reg[15]/C (clocked by clk_out2_pll) and student_top_inst/Core_cpu/SegReg_ID_EX_inst/rdata1_ex_reg[23]/CE (clocked by clk_out2_pll). Large setup violations at the end of those stages might be difficult to fix during the post-placement implementation flow and could be the result of non-optimal XDC constraints or non-optimal design architecture
Related violations: <none>

TIMING-16#393 Warning
Large setup violation  
There is a large setup violation of -1.395 ns between student_top_inst/Core_cpu/SegReg_ID_EX_inst/inst_ex_reg[15]/C (clocked by clk_out2_pll) and student_top_inst/Core_cpu/SegReg_ID_EX_inst/rdata1_ex_reg[25]/CE (clocked by clk_out2_pll). Large setup violations at the end of those stages might be difficult to fix during the post-placement implementation flow and could be the result of non-optimal XDC constraints or non-optimal design architecture
Related violations: <none>

TIMING-16#394 Warning
Large setup violation  
There is a large setup violation of -1.395 ns between student_top_inst/Core_cpu/SegReg_ID_EX_inst/inst_ex_reg[15]/C (clocked by clk_out2_pll) and student_top_inst/Core_cpu/SegReg_ID_EX_inst/rdata1_ex_reg[9]/CE (clocked by clk_out2_pll). Large setup violations at the end of those stages might be difficult to fix during the post-placement implementation flow and could be the result of non-optimal XDC constraints or non-optimal design architecture
Related violations: <none>

TIMING-16#395 Warning
Large setup violation  
There is a large setup violation of -1.395 ns between student_top_inst/Core_cpu/SegReg_ID_EX_inst/inst_ex_reg[15]/C (clocked by clk_out2_pll) and student_top_inst/Core_cpu/SegReg_ID_EX_inst/rdata2_ex_reg[12]/CE (clocked by clk_out2_pll). Large setup violations at the end of those stages might be difficult to fix during the post-placement implementation flow and could be the result of non-optimal XDC constraints or non-optimal design architecture
Related violations: <none>

TIMING-16#396 Warning
Large setup violation  
There is a large setup violation of -1.395 ns between student_top_inst/Core_cpu/SegReg_ID_EX_inst/inst_ex_reg[15]/C (clocked by clk_out2_pll) and student_top_inst/Core_cpu/SegReg_ID_EX_inst/rdata2_ex_reg[19]/CE (clocked by clk_out2_pll). Large setup violations at the end of those stages might be difficult to fix during the post-placement implementation flow and could be the result of non-optimal XDC constraints or non-optimal design architecture
Related violations: <none>

TIMING-16#397 Warning
Large setup violation  
There is a large setup violation of -1.395 ns between student_top_inst/Core_cpu/SegReg_ID_EX_inst/inst_ex_reg[15]/C (clocked by clk_out2_pll) and student_top_inst/Core_cpu/SegReg_ID_EX_inst/rdata2_ex_reg[23]/CE (clocked by clk_out2_pll). Large setup violations at the end of those stages might be difficult to fix during the post-placement implementation flow and could be the result of non-optimal XDC constraints or non-optimal design architecture
Related violations: <none>

TIMING-16#398 Warning
Large setup violation  
There is a large setup violation of -1.395 ns between student_top_inst/Core_cpu/SegReg_ID_EX_inst/inst_ex_reg[15]/C (clocked by clk_out2_pll) and student_top_inst/Core_cpu/SegReg_ID_EX_inst/rdata2_ex_reg[25]/CE (clocked by clk_out2_pll). Large setup violations at the end of those stages might be difficult to fix during the post-placement implementation flow and could be the result of non-optimal XDC constraints or non-optimal design architecture
Related violations: <none>

TIMING-16#399 Warning
Large setup violation  
There is a large setup violation of -1.395 ns between student_top_inst/Core_cpu/SegReg_ID_EX_inst/inst_ex_reg[15]/C (clocked by clk_out2_pll) and student_top_inst/Core_cpu/SegReg_ID_EX_inst/rdata2_ex_reg[29]/CE (clocked by clk_out2_pll). Large setup violations at the end of those stages might be difficult to fix during the post-placement implementation flow and could be the result of non-optimal XDC constraints or non-optimal design architecture
Related violations: <none>

TIMING-16#400 Warning
Large setup violation  
There is a large setup violation of -1.396 ns between student_top_inst/Core_cpu/SegReg_ID_EX_inst/inst_ex_reg[21]/C (clocked by clk_out2_pll) and student_top_inst/Core_cpu/PC_inst/pc_reg[6]_rep/CE (clocked by clk_out2_pll). Large setup violations at the end of those stages might be difficult to fix during the post-placement implementation flow and could be the result of non-optimal XDC constraints or non-optimal design architecture
Related violations: <none>

TIMING-16#401 Warning
Large setup violation  
There is a large setup violation of -1.396 ns between student_top_inst/Core_cpu/SegReg_ID_EX_inst/inst_ex_reg[21]/C (clocked by clk_out2_pll) and student_top_inst/Core_cpu/PC_inst/pc_reg[6]_rep__0/CE (clocked by clk_out2_pll). Large setup violations at the end of those stages might be difficult to fix during the post-placement implementation flow and could be the result of non-optimal XDC constraints or non-optimal design architecture
Related violations: <none>

TIMING-16#402 Warning
Large setup violation  
There is a large setup violation of -1.397 ns between student_top_inst/Core_cpu/SegReg_ID_EX_inst/inst_ex_reg[21]/C (clocked by clk_out2_pll) and student_top_inst/Core_cpu/PC_inst/pc_reg[1]/CE (clocked by clk_out2_pll). Large setup violations at the end of those stages might be difficult to fix during the post-placement implementation flow and could be the result of non-optimal XDC constraints or non-optimal design architecture
Related violations: <none>

TIMING-16#403 Warning
Large setup violation  
There is a large setup violation of -1.397 ns between student_top_inst/Core_cpu/SegReg_ID_EX_inst/inst_ex_reg[21]/C (clocked by clk_out2_pll) and student_top_inst/Core_cpu/PC_inst/pc_reg[7]_rep/CE (clocked by clk_out2_pll). Large setup violations at the end of those stages might be difficult to fix during the post-placement implementation flow and could be the result of non-optimal XDC constraints or non-optimal design architecture
Related violations: <none>

TIMING-16#404 Warning
Large setup violation  
There is a large setup violation of -1.397 ns between student_top_inst/Core_cpu/SegReg_ID_EX_inst/inst_ex_reg[23]/C (clocked by clk_out2_pll) and student_top_inst/Core_cpu/MulDiv_inst/dividend_r_reg[13]/CE (clocked by clk_out2_pll). Large setup violations at the end of those stages might be difficult to fix during the post-placement implementation flow and could be the result of non-optimal XDC constraints or non-optimal design architecture
Related violations: <none>

TIMING-16#405 Warning
Large setup violation  
There is a large setup violation of -1.397 ns between student_top_inst/Core_cpu/SegReg_ID_EX_inst/inst_ex_reg[23]/C (clocked by clk_out2_pll) and student_top_inst/Core_cpu/MulDiv_inst/dividend_r_reg[14]/CE (clocked by clk_out2_pll). Large setup violations at the end of those stages might be difficult to fix during the post-placement implementation flow and could be the result of non-optimal XDC constraints or non-optimal design architecture
Related violations: <none>

TIMING-16#406 Warning
Large setup violation  
There is a large setup violation of -1.397 ns between student_top_inst/Core_cpu/SegReg_ID_EX_inst/inst_ex_reg[23]/C (clocked by clk_out2_pll) and student_top_inst/Core_cpu/MulDiv_inst/dividend_r_reg[15]/CE (clocked by clk_out2_pll). Large setup violations at the end of those stages might be difficult to fix during the post-placement implementation flow and could be the result of non-optimal XDC constraints or non-optimal design architecture
Related violations: <none>

TIMING-16#407 Warning
Large setup violation  
There is a large setup violation of -1.397 ns between student_top_inst/Core_cpu/SegReg_ID_EX_inst/inst_ex_reg[23]/C (clocked by clk_out2_pll) and student_top_inst/Core_cpu/MulDiv_inst/dividend_r_reg[16]/CE (clocked by clk_out2_pll). Large setup violations at the end of those stages might be difficult to fix during the post-placement implementation flow and could be the result of non-optimal XDC constraints or non-optimal design architecture
Related violations: <none>

TIMING-16#408 Warning
Large setup violation  
There is a large setup violation of -1.398 ns between student_top_inst/Core_cpu/SegReg_ID_EX_inst/inst_ex_reg[21]/C (clocked by clk_out2_pll) and student_top_inst/Core_cpu/PC_inst/pc_reg[25]/D (clocked by clk_out2_pll). Large setup violations at the end of those stages might be difficult to fix during the post-placement implementation flow and could be the result of non-optimal XDC constraints or non-optimal design architecture
Related violations: <none>

TIMING-16#409 Warning
Large setup violation  
There is a large setup violation of -1.399 ns between student_top_inst/Core_cpu/SegReg_ID_EX_inst/inst_ex_reg[21]/C (clocked by clk_out2_pll) and student_top_inst/Core_cpu/PC_inst/pc_reg[15]/D (clocked by clk_out2_pll). Large setup violations at the end of those stages might be difficult to fix during the post-placement implementation flow and could be the result of non-optimal XDC constraints or non-optimal design architecture
Related violations: <none>

TIMING-16#410 Warning
Large setup violation  
There is a large setup violation of -1.400 ns between student_top_inst/Core_cpu/SegReg_ID_EX_inst/inst_ex_reg[21]/C (clocked by clk_out2_pll) and student_top_inst/Core_cpu/PC_inst/pc_reg[5]_rep/D (clocked by clk_out2_pll). Large setup violations at the end of those stages might be difficult to fix during the post-placement implementation flow and could be the result of non-optimal XDC constraints or non-optimal design architecture
Related violations: <none>

TIMING-16#411 Warning
Large setup violation  
There is a large setup violation of -1.405 ns between student_top_inst/Core_cpu/SegReg_ID_EX_inst/inst_ex_reg[21]/C (clocked by clk_out2_pll) and student_top_inst/Core_cpu/BPU_inst/btb_reg_192_255_33_35/RAMA/WE (clocked by clk_out2_pll). Large setup violations at the end of those stages might be difficult to fix during the post-placement implementation flow and could be the result of non-optimal XDC constraints or non-optimal design architecture
Related violations: <none>

TIMING-16#412 Warning
Large setup violation  
There is a large setup violation of -1.405 ns between student_top_inst/Core_cpu/SegReg_ID_EX_inst/inst_ex_reg[21]/C (clocked by clk_out2_pll) and student_top_inst/Core_cpu/BPU_inst/btb_reg_192_255_33_35/RAMB/WE (clocked by clk_out2_pll). Large setup violations at the end of those stages might be difficult to fix during the post-placement implementation flow and could be the result of non-optimal XDC constraints or non-optimal design architecture
Related violations: <none>

TIMING-16#413 Warning
Large setup violation  
There is a large setup violation of -1.405 ns between student_top_inst/Core_cpu/SegReg_ID_EX_inst/inst_ex_reg[21]/C (clocked by clk_out2_pll) and student_top_inst/Core_cpu/BPU_inst/btb_reg_192_255_33_35/RAMC/WE (clocked by clk_out2_pll). Large setup violations at the end of those stages might be difficult to fix during the post-placement implementation flow and could be the result of non-optimal XDC constraints or non-optimal design architecture
Related violations: <none>

TIMING-16#414 Warning
Large setup violation  
There is a large setup violation of -1.405 ns between student_top_inst/Core_cpu/SegReg_ID_EX_inst/inst_ex_reg[21]/C (clocked by clk_out2_pll) and student_top_inst/Core_cpu/BPU_inst/btb_reg_192_255_33_35/RAMD/WE (clocked by clk_out2_pll). Large setup violations at the end of those stages might be difficult to fix during the post-placement implementation flow and could be the result of non-optimal XDC constraints or non-optimal design architecture
Related violations: <none>

TIMING-16#415 Warning
Large setup violation  
There is a large setup violation of -1.405 ns between student_top_inst/Core_cpu/SegReg_ID_EX_inst/inst_ex_reg[21]/C (clocked by clk_out2_pll) and student_top_inst/Core_cpu/BPU_inst/btb_reg_192_255_51_52/RAMA/WE (clocked by clk_out2_pll). Large setup violations at the end of those stages might be difficult to fix during the post-placement implementation flow and could be the result of non-optimal XDC constraints or non-optimal design architecture
Related violations: <none>

TIMING-16#416 Warning
Large setup violation  
There is a large setup violation of -1.405 ns between student_top_inst/Core_cpu/SegReg_ID_EX_inst/inst_ex_reg[21]/C (clocked by clk_out2_pll) and student_top_inst/Core_cpu/BPU_inst/btb_reg_192_255_51_52/RAMB/WE (clocked by clk_out2_pll). Large setup violations at the end of those stages might be difficult to fix during the post-placement implementation flow and could be the result of non-optimal XDC constraints or non-optimal design architecture
Related violations: <none>

TIMING-16#417 Warning
Large setup violation  
There is a large setup violation of -1.405 ns between student_top_inst/Core_cpu/SegReg_ID_EX_inst/inst_ex_reg[21]/C (clocked by clk_out2_pll) and student_top_inst/Core_cpu/BPU_inst/btb_reg_192_255_51_52/RAMC/WE (clocked by clk_out2_pll). Large setup violations at the end of those stages might be difficult to fix during the post-placement implementation flow and could be the result of non-optimal XDC constraints or non-optimal design architecture
Related violations: <none>

TIMING-16#418 Warning
Large setup violation  
There is a large setup violation of -1.405 ns between student_top_inst/Core_cpu/SegReg_ID_EX_inst/inst_ex_reg[21]/C (clocked by clk_out2_pll) and student_top_inst/Core_cpu/BPU_inst/btb_reg_192_255_51_52/RAMD/WE (clocked by clk_out2_pll). Large setup violations at the end of those stages might be difficult to fix during the post-placement implementation flow and could be the result of non-optimal XDC constraints or non-optimal design architecture
Related violations: <none>

TIMING-16#419 Warning
Large setup violation  
There is a large setup violation of -1.408 ns between student_top_inst/Core_cpu/SegReg_ID_EX_inst/inst_ex_reg[23]/C (clocked by clk_out2_pll) and student_top_inst/Core_cpu/MulDiv_inst/divisor_r_reg[4]/CE (clocked by clk_out2_pll). Large setup violations at the end of those stages might be difficult to fix during the post-placement implementation flow and could be the result of non-optimal XDC constraints or non-optimal design architecture
Related violations: <none>

TIMING-16#420 Warning
Large setup violation  
There is a large setup violation of -1.408 ns between student_top_inst/Core_cpu/SegReg_ID_EX_inst/inst_ex_reg[23]/C (clocked by clk_out2_pll) and student_top_inst/Core_cpu/MulDiv_inst/divisor_r_reg[5]/CE (clocked by clk_out2_pll). Large setup violations at the end of those stages might be difficult to fix during the post-placement implementation flow and could be the result of non-optimal XDC constraints or non-optimal design architecture
Related violations: <none>

TIMING-16#421 Warning
Large setup violation  
There is a large setup violation of -1.408 ns between student_top_inst/Core_cpu/SegReg_ID_EX_inst/inst_ex_reg[23]/C (clocked by clk_out2_pll) and student_top_inst/Core_cpu/MulDiv_inst/divisor_r_reg[6]/CE (clocked by clk_out2_pll). Large setup violations at the end of those stages might be difficult to fix during the post-placement implementation flow and could be the result of non-optimal XDC constraints or non-optimal design architecture
Related violations: <none>

TIMING-16#422 Warning
Large setup violation  
There is a large setup violation of -1.408 ns between student_top_inst/Core_cpu/SegReg_ID_EX_inst/inst_ex_reg[23]/C (clocked by clk_out2_pll) and student_top_inst/Core_cpu/MulDiv_inst/divisor_r_reg[7]/CE (clocked by clk_out2_pll). Large setup violations at the end of those stages might be difficult to fix during the post-placement implementation flow and could be the result of non-optimal XDC constraints or non-optimal design architecture
Related violations: <none>

TIMING-16#423 Warning
Large setup violation  
There is a large setup violation of -1.410 ns between student_top_inst/Core_cpu/SegReg_ID_EX_inst/inst_ex_reg[23]/C (clocked by clk_out2_pll) and student_top_inst/Core_cpu/MulDiv_inst/rem_r_reg[31]/CE (clocked by clk_out2_pll). Large setup violations at the end of those stages might be difficult to fix during the post-placement implementation flow and could be the result of non-optimal XDC constraints or non-optimal design architecture
Related violations: <none>

TIMING-16#424 Warning
Large setup violation  
There is a large setup violation of -1.411 ns between student_top_inst/Core_cpu/SegReg_ID_EX_inst/inst_ex_reg[21]/C (clocked by clk_out2_pll) and student_top_inst/Core_cpu/PC_inst/pc_reg[3]/CE (clocked by clk_out2_pll). Large setup violations at the end of those stages might be difficult to fix during the post-placement implementation flow and could be the result of non-optimal XDC constraints or non-optimal design architecture
Related violations: <none>

TIMING-16#425 Warning
Large setup violation  
There is a large setup violation of -1.411 ns between student_top_inst/Core_cpu/SegReg_ID_EX_inst/inst_ex_reg[21]/C (clocked by clk_out2_pll) and student_top_inst/Core_cpu/PC_inst/pc_reg[3]_rep__0/CE (clocked by clk_out2_pll). Large setup violations at the end of those stages might be difficult to fix during the post-placement implementation flow and could be the result of non-optimal XDC constraints or non-optimal design architecture
Related violations: <none>

TIMING-16#426 Warning
Large setup violation  
There is a large setup violation of -1.411 ns between student_top_inst/Core_cpu/SegReg_ID_EX_inst/inst_ex_reg[21]/C (clocked by clk_out2_pll) and student_top_inst/Core_cpu/PC_inst/pc_reg[3]_rep__1/CE (clocked by clk_out2_pll). Large setup violations at the end of those stages might be difficult to fix during the post-placement implementation flow and could be the result of non-optimal XDC constraints or non-optimal design architecture
Related violations: <none>

TIMING-16#427 Warning
Large setup violation  
There is a large setup violation of -1.416 ns between student_top_inst/Core_cpu/SegReg_ID_EX_inst/inst_ex_reg[21]/C (clocked by clk_out2_pll) and student_top_inst/Core_cpu/PC_inst/pc_reg[6]_rep/D (clocked by clk_out2_pll). Large setup violations at the end of those stages might be difficult to fix during the post-placement implementation flow and could be the result of non-optimal XDC constraints or non-optimal design architecture
Related violations: <none>

TIMING-16#428 Warning
Large setup violation  
There is a large setup violation of -1.416 ns between student_top_inst/Core_cpu/SegReg_ID_EX_inst/inst_ex_reg[21]/C (clocked by clk_out2_pll) and student_top_inst/Core_cpu/PC_inst/pc_reg[6]_rep__0/D (clocked by clk_out2_pll). Large setup violations at the end of those stages might be difficult to fix during the post-placement implementation flow and could be the result of non-optimal XDC constraints or non-optimal design architecture
Related violations: <none>

TIMING-16#429 Warning
Large setup violation  
There is a large setup violation of -1.416 ns between student_top_inst/Core_cpu/SegReg_ID_EX_inst/inst_ex_reg[23]/C (clocked by clk_out2_pll) and student_top_inst/Core_cpu/MulDiv_inst/result_reg[20]/CE (clocked by clk_out2_pll). Large setup violations at the end of those stages might be difficult to fix during the post-placement implementation flow and could be the result of non-optimal XDC constraints or non-optimal design architecture
Related violations: <none>

TIMING-16#430 Warning
Large setup violation  
There is a large setup violation of -1.419 ns between student_top_inst/Core_cpu/SegReg_ID_EX_inst/inst_ex_reg[23]/C (clocked by clk_out2_pll) and student_top_inst/Core_cpu/MulDiv_inst/divisor_r_reg[0]/CE (clocked by clk_out2_pll). Large setup violations at the end of those stages might be difficult to fix during the post-placement implementation flow and could be the result of non-optimal XDC constraints or non-optimal design architecture
Related violations: <none>

TIMING-16#431 Warning
Large setup violation  
There is a large setup violation of -1.419 ns between student_top_inst/Core_cpu/SegReg_ID_EX_inst/inst_ex_reg[23]/C (clocked by clk_out2_pll) and student_top_inst/Core_cpu/MulDiv_inst/divisor_r_reg[1]/CE (clocked by clk_out2_pll). Large setup violations at the end of those stages might be difficult to fix during the post-placement implementation flow and could be the result of non-optimal XDC constraints or non-optimal design architecture
Related violations: <none>

TIMING-16#432 Warning
Large setup violation  
There is a large setup violation of -1.419 ns between student_top_inst/Core_cpu/SegReg_ID_EX_inst/inst_ex_reg[23]/C (clocked by clk_out2_pll) and student_top_inst/Core_cpu/MulDiv_inst/divisor_r_reg[2]/CE (clocked by clk_out2_pll). Large setup violations at the end of those stages might be difficult to fix during the post-placement implementation flow and could be the result of non-optimal XDC constraints or non-optimal design architecture
Related violations: <none>

TIMING-16#433 Warning
Large setup violation  
There is a large setup violation of -1.419 ns between student_top_inst/Core_cpu/SegReg_ID_EX_inst/inst_ex_reg[23]/C (clocked by clk_out2_pll) and student_top_inst/Core_cpu/MulDiv_inst/divisor_r_reg[3]/CE (clocked by clk_out2_pll). Large setup violations at the end of those stages might be difficult to fix during the post-placement implementation flow and could be the result of non-optimal XDC constraints or non-optimal design architecture
Related violations: <none>

TIMING-16#434 Warning
Large setup violation  
There is a large setup violation of -1.422 ns between student_top_inst/Core_cpu/SegReg_ID_EX_inst/inst_ex_reg[21]/C (clocked by clk_out2_pll) and student_top_inst/Core_cpu/BPU_inst/btb_reg_128_191_0_2/RAMA/WE (clocked by clk_out2_pll). Large setup violations at the end of those stages might be difficult to fix during the post-placement implementation flow and could be the result of non-optimal XDC constraints or non-optimal design architecture
Related violations: <none>

TIMING-16#435 Warning
Large setup violation  
There is a large setup violation of -1.422 ns between student_top_inst/Core_cpu/SegReg_ID_EX_inst/inst_ex_reg[21]/C (clocked by clk_out2_pll) and student_top_inst/Core_cpu/BPU_inst/btb_reg_128_191_0_2/RAMB/WE (clocked by clk_out2_pll). Large setup violations at the end of those stages might be difficult to fix during the post-placement implementation flow and could be the result of non-optimal XDC constraints or non-optimal design architecture
Related violations: <none>

TIMING-16#436 Warning
Large setup violation  
There is a large setup violation of -1.422 ns between student_top_inst/Core_cpu/SegReg_ID_EX_inst/inst_ex_reg[21]/C (clocked by clk_out2_pll) and student_top_inst/Core_cpu/BPU_inst/btb_reg_128_191_0_2/RAMC/WE (clocked by clk_out2_pll). Large setup violations at the end of those stages might be difficult to fix during the post-placement implementation flow and could be the result of non-optimal XDC constraints or non-optimal design architecture
Related violations: <none>

TIMING-16#437 Warning
Large setup violation  
There is a large setup violation of -1.422 ns between student_top_inst/Core_cpu/SegReg_ID_EX_inst/inst_ex_reg[21]/C (clocked by clk_out2_pll) and student_top_inst/Core_cpu/BPU_inst/btb_reg_128_191_0_2/RAMD/WE (clocked by clk_out2_pll). Large setup violations at the end of those stages might be difficult to fix during the post-placement implementation flow and could be the result of non-optimal XDC constraints or non-optimal design architecture
Related violations: <none>

TIMING-16#438 Warning
Large setup violation  
There is a large setup violation of -1.422 ns between student_top_inst/Core_cpu/SegReg_ID_EX_inst/inst_ex_reg[23]/C (clocked by clk_out2_pll) and student_top_inst/Core_cpu/MulDiv_inst/dividend_r_reg[21]/CE (clocked by clk_out2_pll). Large setup violations at the end of those stages might be difficult to fix during the post-placement implementation flow and could be the result of non-optimal XDC constraints or non-optimal design architecture
Related violations: <none>

TIMING-16#439 Warning
Large setup violation  
There is a large setup violation of -1.422 ns between student_top_inst/Core_cpu/SegReg_ID_EX_inst/inst_ex_reg[23]/C (clocked by clk_out2_pll) and student_top_inst/Core_cpu/MulDiv_inst/dividend_r_reg[22]/CE (clocked by clk_out2_pll). Large setup violations at the end of those stages might be difficult to fix during the post-placement implementation flow and could be the result of non-optimal XDC constraints or non-optimal design architecture
Related violations: <none>

TIMING-16#440 Warning
Large setup violation  
There is a large setup violation of -1.422 ns between student_top_inst/Core_cpu/SegReg_ID_EX_inst/inst_ex_reg[23]/C (clocked by clk_out2_pll) and student_top_inst/Core_cpu/MulDiv_inst/dividend_r_reg[23]/CE (clocked by clk_out2_pll). Large setup violations at the end of those stages might be difficult to fix during the post-placement implementation flow and could be the result of non-optimal XDC constraints or non-optimal design architecture
Related violations: <none>

TIMING-16#441 Warning
Large setup violation  
There is a large setup violation of -1.422 ns between student_top_inst/Core_cpu/SegReg_ID_EX_inst/inst_ex_reg[23]/C (clocked by clk_out2_pll) and student_top_inst/Core_cpu/MulDiv_inst/dividend_r_reg[26]/CE (clocked by clk_out2_pll). Large setup violations at the end of those stages might be difficult to fix during the post-placement implementation flow and could be the result of non-optimal XDC constraints or non-optimal design architecture
Related violations: <none>

TIMING-16#442 Warning
Large setup violation  
There is a large setup violation of -1.423 ns between student_top_inst/Core_cpu/SegReg_ID_EX_inst/inst_ex_reg[21]/C (clocked by clk_out2_pll) and student_top_inst/Core_cpu/PC_inst/pc_reg[26]/CE (clocked by clk_out2_pll). Large setup violations at the end of those stages might be difficult to fix during the post-placement implementation flow and could be the result of non-optimal XDC constraints or non-optimal design architecture
Related violations: <none>

TIMING-16#443 Warning
Large setup violation  
There is a large setup violation of -1.428 ns between student_top_inst/Core_cpu/SegReg_ID_EX_inst/inst_ex_reg[21]/C (clocked by clk_out2_pll) and student_top_inst/Core_cpu/PC_inst/pc_reg[31]/CE (clocked by clk_out2_pll). Large setup violations at the end of those stages might be difficult to fix during the post-placement implementation flow and could be the result of non-optimal XDC constraints or non-optimal design architecture
Related violations: <none>

TIMING-16#444 Warning
Large setup violation  
There is a large setup violation of -1.428 ns between student_top_inst/Core_cpu/SegReg_ID_EX_inst/inst_ex_reg[23]/C (clocked by clk_out2_pll) and student_top_inst/Core_cpu/MulDiv_inst/quotient_r_reg[29]/CE (clocked by clk_out2_pll). Large setup violations at the end of those stages might be difficult to fix during the post-placement implementation flow and could be the result of non-optimal XDC constraints or non-optimal design architecture
Related violations: <none>

TIMING-16#445 Warning
Large setup violation  
There is a large setup violation of -1.428 ns between student_top_inst/Core_cpu/SegReg_ID_EX_inst/inst_ex_reg[23]/C (clocked by clk_out2_pll) and student_top_inst/Core_cpu/MulDiv_inst/rem_r_reg[30]/CE (clocked by clk_out2_pll). Large setup violations at the end of those stages might be difficult to fix during the post-placement implementation flow and could be the result of non-optimal XDC constraints or non-optimal design architecture
Related violations: <none>

TIMING-16#446 Warning
Large setup violation  
There is a large setup violation of -1.429 ns between student_top_inst/Core_cpu/SegReg_ID_EX_inst/inst_ex_reg[21]/C (clocked by clk_out2_pll) and student_top_inst/Core_cpu/PC_inst/pc_reg[28]/D (clocked by clk_out2_pll). Large setup violations at the end of those stages might be difficult to fix during the post-placement implementation flow and could be the result of non-optimal XDC constraints or non-optimal design architecture
Related violations: <none>

TIMING-16#447 Warning
Large setup violation  
There is a large setup violation of -1.430 ns between student_top_inst/Core_cpu/SegReg_ID_EX_inst/inst_ex_reg[21]/C (clocked by clk_out2_pll) and student_top_inst/Core_cpu/BPU_inst/btb_reg_192_255_21_23/RAMA/WE (clocked by clk_out2_pll). Large setup violations at the end of those stages might be difficult to fix during the post-placement implementation flow and could be the result of non-optimal XDC constraints or non-optimal design architecture
Related violations: <none>

TIMING-16#448 Warning
Large setup violation  
There is a large setup violation of -1.430 ns between student_top_inst/Core_cpu/SegReg_ID_EX_inst/inst_ex_reg[21]/C (clocked by clk_out2_pll) and student_top_inst/Core_cpu/BPU_inst/btb_reg_192_255_21_23/RAMB/WE (clocked by clk_out2_pll). Large setup violations at the end of those stages might be difficult to fix during the post-placement implementation flow and could be the result of non-optimal XDC constraints or non-optimal design architecture
Related violations: <none>

TIMING-16#449 Warning
Large setup violation  
There is a large setup violation of -1.430 ns between student_top_inst/Core_cpu/SegReg_ID_EX_inst/inst_ex_reg[21]/C (clocked by clk_out2_pll) and student_top_inst/Core_cpu/BPU_inst/btb_reg_192_255_21_23/RAMC/WE (clocked by clk_out2_pll). Large setup violations at the end of those stages might be difficult to fix during the post-placement implementation flow and could be the result of non-optimal XDC constraints or non-optimal design architecture
Related violations: <none>

TIMING-16#450 Warning
Large setup violation  
There is a large setup violation of -1.430 ns between student_top_inst/Core_cpu/SegReg_ID_EX_inst/inst_ex_reg[21]/C (clocked by clk_out2_pll) and student_top_inst/Core_cpu/BPU_inst/btb_reg_192_255_21_23/RAMD/WE (clocked by clk_out2_pll). Large setup violations at the end of those stages might be difficult to fix during the post-placement implementation flow and could be the result of non-optimal XDC constraints or non-optimal design architecture
Related violations: <none>

TIMING-16#451 Warning
Large setup violation  
There is a large setup violation of -1.433 ns between student_top_inst/Core_cpu/SegReg_ID_EX_inst/inst_ex_reg[23]/C (clocked by clk_out2_pll) and student_top_inst/Core_cpu/MulDiv_inst/dividend_r_reg[0]/CE (clocked by clk_out2_pll). Large setup violations at the end of those stages might be difficult to fix during the post-placement implementation flow and could be the result of non-optimal XDC constraints or non-optimal design architecture
Related violations: <none>

TIMING-16#452 Warning
Large setup violation  
There is a large setup violation of -1.434 ns between student_top_inst/Core_cpu/SegReg_ID_EX_inst/inst_ex_reg[23]/C (clocked by clk_out2_pll) and student_top_inst/Core_cpu/MulDiv_inst/dividend_r_reg[29]/CE (clocked by clk_out2_pll). Large setup violations at the end of those stages might be difficult to fix during the post-placement implementation flow and could be the result of non-optimal XDC constraints or non-optimal design architecture
Related violations: <none>

TIMING-16#453 Warning
Large setup violation  
There is a large setup violation of -1.434 ns between student_top_inst/Core_cpu/SegReg_ID_EX_inst/inst_ex_reg[23]/C (clocked by clk_out2_pll) and student_top_inst/Core_cpu/MulDiv_inst/result_reg[13]/CE (clocked by clk_out2_pll). Large setup violations at the end of those stages might be difficult to fix during the post-placement implementation flow and could be the result of non-optimal XDC constraints or non-optimal design architecture
Related violations: <none>

TIMING-16#454 Warning
Large setup violation  
There is a large setup violation of -1.434 ns between student_top_inst/Core_cpu/SegReg_ID_EX_inst/inst_ex_reg[23]/C (clocked by clk_out2_pll) and student_top_inst/Core_cpu/MulDiv_inst/result_reg[17]/CE (clocked by clk_out2_pll). Large setup violations at the end of those stages might be difficult to fix during the post-placement implementation flow and could be the result of non-optimal XDC constraints or non-optimal design architecture
Related violations: <none>

TIMING-16#455 Warning
Large setup violation  
There is a large setup violation of -1.434 ns between student_top_inst/Core_cpu/SegReg_ID_EX_inst/inst_ex_reg[23]/C (clocked by clk_out2_pll) and student_top_inst/Core_cpu/MulDiv_inst/result_reg[28]/CE (clocked by clk_out2_pll). Large setup violations at the end of those stages might be difficult to fix during the post-placement implementation flow and could be the result of non-optimal XDC constraints or non-optimal design architecture
Related violations: <none>

TIMING-16#456 Warning
Large setup violation  
There is a large setup violation of -1.437 ns between student_top_inst/Core_cpu/SegReg_ID_EX_inst/inst_ex_reg[21]/C (clocked by clk_out2_pll) and student_top_inst/Core_cpu/BPU_inst/btb_reg_192_255_39_41/RAMA/WE (clocked by clk_out2_pll). Large setup violations at the end of those stages might be difficult to fix during the post-placement implementation flow and could be the result of non-optimal XDC constraints or non-optimal design architecture
Related violations: <none>

TIMING-16#457 Warning
Large setup violation  
There is a large setup violation of -1.437 ns between student_top_inst/Core_cpu/SegReg_ID_EX_inst/inst_ex_reg[21]/C (clocked by clk_out2_pll) and student_top_inst/Core_cpu/BPU_inst/btb_reg_192_255_39_41/RAMB/WE (clocked by clk_out2_pll). Large setup violations at the end of those stages might be difficult to fix during the post-placement implementation flow and could be the result of non-optimal XDC constraints or non-optimal design architecture
Related violations: <none>

TIMING-16#458 Warning
Large setup violation  
There is a large setup violation of -1.437 ns between student_top_inst/Core_cpu/SegReg_ID_EX_inst/inst_ex_reg[21]/C (clocked by clk_out2_pll) and student_top_inst/Core_cpu/BPU_inst/btb_reg_192_255_39_41/RAMC/WE (clocked by clk_out2_pll). Large setup violations at the end of those stages might be difficult to fix during the post-placement implementation flow and could be the result of non-optimal XDC constraints or non-optimal design architecture
Related violations: <none>

TIMING-16#459 Warning
Large setup violation  
There is a large setup violation of -1.437 ns between student_top_inst/Core_cpu/SegReg_ID_EX_inst/inst_ex_reg[21]/C (clocked by clk_out2_pll) and student_top_inst/Core_cpu/BPU_inst/btb_reg_192_255_39_41/RAMD/WE (clocked by clk_out2_pll). Large setup violations at the end of those stages might be difficult to fix during the post-placement implementation flow and could be the result of non-optimal XDC constraints or non-optimal design architecture
Related violations: <none>

TIMING-16#460 Warning
Large setup violation  
There is a large setup violation of -1.437 ns between student_top_inst/Core_cpu/SegReg_ID_EX_inst/inst_ex_reg[23]/C (clocked by clk_out2_pll) and student_top_inst/Core_cpu/MulDiv_inst/dividend_r_reg[17]/CE (clocked by clk_out2_pll). Large setup violations at the end of those stages might be difficult to fix during the post-placement implementation flow and could be the result of non-optimal XDC constraints or non-optimal design architecture
Related violations: <none>

TIMING-16#461 Warning
Large setup violation  
There is a large setup violation of -1.437 ns between student_top_inst/Core_cpu/SegReg_ID_EX_inst/inst_ex_reg[23]/C (clocked by clk_out2_pll) and student_top_inst/Core_cpu/MulDiv_inst/dividend_r_reg[18]/CE (clocked by clk_out2_pll). Large setup violations at the end of those stages might be difficult to fix during the post-placement implementation flow and could be the result of non-optimal XDC constraints or non-optimal design architecture
Related violations: <none>

TIMING-16#462 Warning
Large setup violation  
There is a large setup violation of -1.437 ns between student_top_inst/Core_cpu/SegReg_ID_EX_inst/inst_ex_reg[23]/C (clocked by clk_out2_pll) and student_top_inst/Core_cpu/MulDiv_inst/dividend_r_reg[19]/CE (clocked by clk_out2_pll). Large setup violations at the end of those stages might be difficult to fix during the post-placement implementation flow and could be the result of non-optimal XDC constraints or non-optimal design architecture
Related violations: <none>

TIMING-16#463 Warning
Large setup violation  
There is a large setup violation of -1.437 ns between student_top_inst/Core_cpu/SegReg_ID_EX_inst/inst_ex_reg[23]/C (clocked by clk_out2_pll) and student_top_inst/Core_cpu/MulDiv_inst/dividend_r_reg[20]/CE (clocked by clk_out2_pll). Large setup violations at the end of those stages might be difficult to fix during the post-placement implementation flow and could be the result of non-optimal XDC constraints or non-optimal design architecture
Related violations: <none>

TIMING-16#464 Warning
Large setup violation  
There is a large setup violation of -1.438 ns between student_top_inst/Core_cpu/SegReg_ID_EX_inst/inst_ex_reg[21]/C (clocked by clk_out2_pll) and student_top_inst/Core_cpu/SegReg_IF1_IF2_inst/pc_if2_reg[20]/CE (clocked by clk_out2_pll). Large setup violations at the end of those stages might be difficult to fix during the post-placement implementation flow and could be the result of non-optimal XDC constraints or non-optimal design architecture
Related violations: <none>

TIMING-16#465 Warning
Large setup violation  
There is a large setup violation of -1.439 ns between student_top_inst/Core_cpu/SegReg_ID_EX_inst/inst_ex_reg[21]/C (clocked by clk_out2_pll) and student_top_inst/Core_cpu/PC_inst/pc_reg[13]/D (clocked by clk_out2_pll). Large setup violations at the end of those stages might be difficult to fix during the post-placement implementation flow and could be the result of non-optimal XDC constraints or non-optimal design architecture
Related violations: <none>

TIMING-16#466 Warning
Large setup violation  
There is a large setup violation of -1.442 ns between student_top_inst/Core_cpu/SegReg_ID_EX_inst/inst_ex_reg[21]/C (clocked by clk_out2_pll) and student_top_inst/Core_cpu/BPU_inst/ras_stack_reg[3][2]/CE (clocked by clk_out2_pll). Large setup violations at the end of those stages might be difficult to fix during the post-placement implementation flow and could be the result of non-optimal XDC constraints or non-optimal design architecture
Related violations: <none>

TIMING-16#467 Warning
Large setup violation  
There is a large setup violation of -1.444 ns between student_top_inst/Core_cpu/SegReg_ID_EX_inst/inst_ex_reg[21]/C (clocked by clk_out2_pll) and student_top_inst/Core_cpu/BPU_inst/bht_reg_128_255_1_1/DP.LOW/I (clocked by clk_out2_pll). Large setup violations at the end of those stages might be difficult to fix during the post-placement implementation flow and could be the result of non-optimal XDC constraints or non-optimal design architecture
Related violations: <none>

TIMING-16#468 Warning
Large setup violation  
There is a large setup violation of -1.444 ns between student_top_inst/Core_cpu/SegReg_ID_EX_inst/inst_ex_reg[21]/C (clocked by clk_out2_pll) and student_top_inst/Core_cpu/SegReg_IF1_IF2_inst/pc_if2_reg[1]/CE (clocked by clk_out2_pll). Large setup violations at the end of those stages might be difficult to fix during the post-placement implementation flow and could be the result of non-optimal XDC constraints or non-optimal design architecture
Related violations: <none>

TIMING-16#469 Warning
Large setup violation  
There is a large setup violation of -1.445 ns between student_top_inst/Core_cpu/SegReg_ID_EX_inst/inst_ex_reg[21]/C (clocked by clk_out2_pll) and student_top_inst/Core_cpu/PC_inst/pc_reg[7]_rep/D (clocked by clk_out2_pll). Large setup violations at the end of those stages might be difficult to fix during the post-placement implementation flow and could be the result of non-optimal XDC constraints or non-optimal design architecture
Related violations: <none>

TIMING-16#470 Warning
Large setup violation  
There is a large setup violation of -1.446 ns between student_top_inst/Core_cpu/SegReg_ID_EX_inst/inst_ex_reg[21]/C (clocked by clk_out2_pll) and student_top_inst/Core_cpu/BPU_inst/btb_reg_64_127_51_52/RAMA/WE (clocked by clk_out2_pll). Large setup violations at the end of those stages might be difficult to fix during the post-placement implementation flow and could be the result of non-optimal XDC constraints or non-optimal design architecture
Related violations: <none>

TIMING-16#471 Warning
Large setup violation  
There is a large setup violation of -1.446 ns between student_top_inst/Core_cpu/SegReg_ID_EX_inst/inst_ex_reg[21]/C (clocked by clk_out2_pll) and student_top_inst/Core_cpu/BPU_inst/btb_reg_64_127_51_52/RAMB/WE (clocked by clk_out2_pll). Large setup violations at the end of those stages might be difficult to fix during the post-placement implementation flow and could be the result of non-optimal XDC constraints or non-optimal design architecture
Related violations: <none>

TIMING-16#472 Warning
Large setup violation  
There is a large setup violation of -1.446 ns between student_top_inst/Core_cpu/SegReg_ID_EX_inst/inst_ex_reg[21]/C (clocked by clk_out2_pll) and student_top_inst/Core_cpu/BPU_inst/btb_reg_64_127_51_52/RAMC/WE (clocked by clk_out2_pll). Large setup violations at the end of those stages might be difficult to fix during the post-placement implementation flow and could be the result of non-optimal XDC constraints or non-optimal design architecture
Related violations: <none>

TIMING-16#473 Warning
Large setup violation  
There is a large setup violation of -1.446 ns between student_top_inst/Core_cpu/SegReg_ID_EX_inst/inst_ex_reg[21]/C (clocked by clk_out2_pll) and student_top_inst/Core_cpu/BPU_inst/btb_reg_64_127_51_52/RAMD/WE (clocked by clk_out2_pll). Large setup violations at the end of those stages might be difficult to fix during the post-placement implementation flow and could be the result of non-optimal XDC constraints or non-optimal design architecture
Related violations: <none>

TIMING-16#474 Warning
Large setup violation  
There is a large setup violation of -1.446 ns between student_top_inst/Core_cpu/SegReg_ID_EX_inst/inst_ex_reg[21]/C (clocked by clk_out2_pll) and student_top_inst/Core_cpu/PC_inst/pc_reg[7]/CE (clocked by clk_out2_pll). Large setup violations at the end of those stages might be difficult to fix during the post-placement implementation flow and could be the result of non-optimal XDC constraints or non-optimal design architecture
Related violations: <none>

TIMING-16#475 Warning
Large setup violation  
There is a large setup violation of -1.447 ns between student_top_inst/Core_cpu/SegReg_ID_EX_inst/inst_ex_reg[21]/C (clocked by clk_out2_pll) and student_top_inst/Core_cpu/PC_inst/pc_reg[7]/D (clocked by clk_out2_pll). Large setup violations at the end of those stages might be difficult to fix during the post-placement implementation flow and could be the result of non-optimal XDC constraints or non-optimal design architecture
Related violations: <none>

TIMING-16#476 Warning
Large setup violation  
There is a large setup violation of -1.450 ns between student_top_inst/Core_cpu/SegReg_ID_EX_inst/inst_ex_reg[21]/C (clocked by clk_out2_pll) and student_top_inst/Core_cpu/BPU_inst/ras_stack_reg[3][20]/CE (clocked by clk_out2_pll). Large setup violations at the end of those stages might be difficult to fix during the post-placement implementation flow and could be the result of non-optimal XDC constraints or non-optimal design architecture
Related violations: <none>

TIMING-16#477 Warning
Large setup violation  
There is a large setup violation of -1.450 ns between student_top_inst/Core_cpu/SegReg_ID_EX_inst/inst_ex_reg[21]/C (clocked by clk_out2_pll) and student_top_inst/Core_cpu/BPU_inst/ras_stack_reg[3][23]/CE (clocked by clk_out2_pll). Large setup violations at the end of those stages might be difficult to fix during the post-placement implementation flow and could be the result of non-optimal XDC constraints or non-optimal design architecture
Related violations: <none>

TIMING-16#478 Warning
Large setup violation  
There is a large setup violation of -1.450 ns between student_top_inst/Core_cpu/SegReg_ID_EX_inst/inst_ex_reg[21]/C (clocked by clk_out2_pll) and student_top_inst/Core_cpu/BPU_inst/ras_stack_reg[3][7]/CE (clocked by clk_out2_pll). Large setup violations at the end of those stages might be difficult to fix during the post-placement implementation flow and could be the result of non-optimal XDC constraints or non-optimal design architecture
Related violations: <none>

TIMING-16#479 Warning
Large setup violation  
There is a large setup violation of -1.452 ns between student_top_inst/Core_cpu/SegReg_ID_EX_inst/inst_ex_reg[21]/C (clocked by clk_out2_pll) and student_top_inst/Core_cpu/BPU_inst/bht_reg_128_255_1_1/SP.HIGH/I (clocked by clk_out2_pll). Large setup violations at the end of those stages might be difficult to fix during the post-placement implementation flow and could be the result of non-optimal XDC constraints or non-optimal design architecture
Related violations: <none>

TIMING-16#480 Warning
Large setup violation  
There is a large setup violation of -1.452 ns between student_top_inst/Core_cpu/SegReg_ID_EX_inst/inst_ex_reg[23]/C (clocked by clk_out2_pll) and student_top_inst/Core_cpu/MulDiv_inst/result_reg[14]/CE (clocked by clk_out2_pll). Large setup violations at the end of those stages might be difficult to fix during the post-placement implementation flow and could be the result of non-optimal XDC constraints or non-optimal design architecture
Related violations: <none>

TIMING-16#481 Warning
Large setup violation  
There is a large setup violation of -1.452 ns between student_top_inst/Core_cpu/SegReg_ID_EX_inst/inst_ex_reg[23]/C (clocked by clk_out2_pll) and student_top_inst/Core_cpu/MulDiv_inst/result_reg[1]/CE (clocked by clk_out2_pll). Large setup violations at the end of those stages might be difficult to fix during the post-placement implementation flow and could be the result of non-optimal XDC constraints or non-optimal design architecture
Related violations: <none>

TIMING-16#482 Warning
Large setup violation  
There is a large setup violation of -1.452 ns between student_top_inst/Core_cpu/SegReg_ID_EX_inst/inst_ex_reg[23]/C (clocked by clk_out2_pll) and student_top_inst/Core_cpu/MulDiv_inst/result_reg[6]/CE (clocked by clk_out2_pll). Large setup violations at the end of those stages might be difficult to fix during the post-placement implementation flow and could be the result of non-optimal XDC constraints or non-optimal design architecture
Related violations: <none>

TIMING-16#483 Warning
Large setup violation  
There is a large setup violation of -1.452 ns between student_top_inst/Core_cpu/SegReg_ID_EX_inst/inst_ex_reg[23]/C (clocked by clk_out2_pll) and student_top_inst/Core_cpu/MulDiv_inst/result_reg[8]/CE (clocked by clk_out2_pll). Large setup violations at the end of those stages might be difficult to fix during the post-placement implementation flow and could be the result of non-optimal XDC constraints or non-optimal design architecture
Related violations: <none>

TIMING-16#484 Warning
Large setup violation  
There is a large setup violation of -1.453 ns between student_top_inst/Core_cpu/SegReg_ID_EX_inst/inst_ex_reg[15]/C (clocked by clk_out2_pll) and student_top_inst/Core_cpu/SegReg_ID_EX_inst/imm_ex_reg[10]/CE (clocked by clk_out2_pll). Large setup violations at the end of those stages might be difficult to fix during the post-placement implementation flow and could be the result of non-optimal XDC constraints or non-optimal design architecture
Related violations: <none>

TIMING-16#485 Warning
Large setup violation  
There is a large setup violation of -1.453 ns between student_top_inst/Core_cpu/SegReg_ID_EX_inst/inst_ex_reg[15]/C (clocked by clk_out2_pll) and student_top_inst/Core_cpu/SegReg_ID_EX_inst/inst_ex_reg[18]/CE (clocked by clk_out2_pll). Large setup violations at the end of those stages might be difficult to fix during the post-placement implementation flow and could be the result of non-optimal XDC constraints or non-optimal design architecture
Related violations: <none>

TIMING-16#486 Warning
Large setup violation  
There is a large setup violation of -1.453 ns between student_top_inst/Core_cpu/SegReg_ID_EX_inst/inst_ex_reg[15]/C (clocked by clk_out2_pll) and student_top_inst/Core_cpu/SegReg_ID_EX_inst/inst_ex_reg[26]/CE (clocked by clk_out2_pll). Large setup violations at the end of those stages might be difficult to fix during the post-placement implementation flow and could be the result of non-optimal XDC constraints or non-optimal design architecture
Related violations: <none>

TIMING-16#487 Warning
Large setup violation  
There is a large setup violation of -1.453 ns between student_top_inst/Core_cpu/SegReg_ID_EX_inst/inst_ex_reg[15]/C (clocked by clk_out2_pll) and student_top_inst/Core_cpu/SegReg_ID_EX_inst/inst_ex_reg[28]/CE (clocked by clk_out2_pll). Large setup violations at the end of those stages might be difficult to fix during the post-placement implementation flow and could be the result of non-optimal XDC constraints or non-optimal design architecture
Related violations: <none>

TIMING-16#488 Warning
Large setup violation  
There is a large setup violation of -1.453 ns between student_top_inst/Core_cpu/SegReg_ID_EX_inst/inst_ex_reg[15]/C (clocked by clk_out2_pll) and student_top_inst/Core_cpu/SegReg_ID_EX_inst/inst_ex_reg[29]/CE (clocked by clk_out2_pll). Large setup violations at the end of those stages might be difficult to fix during the post-placement implementation flow and could be the result of non-optimal XDC constraints or non-optimal design architecture
Related violations: <none>

TIMING-16#489 Warning
Large setup violation  
There is a large setup violation of -1.453 ns between student_top_inst/Core_cpu/SegReg_ID_EX_inst/inst_ex_reg[15]/C (clocked by clk_out2_pll) and student_top_inst/Core_cpu/SegReg_ID_EX_inst/pc_ex_reg[25]/CE (clocked by clk_out2_pll). Large setup violations at the end of those stages might be difficult to fix during the post-placement implementation flow and could be the result of non-optimal XDC constraints or non-optimal design architecture
Related violations: <none>

TIMING-16#490 Warning
Large setup violation  
There is a large setup violation of -1.453 ns between student_top_inst/Core_cpu/SegReg_ID_EX_inst/inst_ex_reg[15]/C (clocked by clk_out2_pll) and student_top_inst/Core_cpu/SegReg_ID_EX_inst/pc_ex_reg[27]/CE (clocked by clk_out2_pll). Large setup violations at the end of those stages might be difficult to fix during the post-placement implementation flow and could be the result of non-optimal XDC constraints or non-optimal design architecture
Related violations: <none>

TIMING-16#491 Warning
Large setup violation  
There is a large setup violation of -1.453 ns between student_top_inst/Core_cpu/SegReg_ID_EX_inst/inst_ex_reg[15]/C (clocked by clk_out2_pll) and student_top_inst/Core_cpu/SegReg_ID_EX_inst/predict_target_ex_reg[19]/CE (clocked by clk_out2_pll). Large setup violations at the end of those stages might be difficult to fix during the post-placement implementation flow and could be the result of non-optimal XDC constraints or non-optimal design architecture
Related violations: <none>

TIMING-16#492 Warning
Large setup violation  
There is a large setup violation of -1.453 ns between student_top_inst/Core_cpu/SegReg_ID_EX_inst/inst_ex_reg[15]/C (clocked by clk_out2_pll) and student_top_inst/Core_cpu/SegReg_ID_EX_inst/predict_target_ex_reg[23]/CE (clocked by clk_out2_pll). Large setup violations at the end of those stages might be difficult to fix during the post-placement implementation flow and could be the result of non-optimal XDC constraints or non-optimal design architecture
Related violations: <none>

TIMING-16#493 Warning
Large setup violation  
There is a large setup violation of -1.453 ns between student_top_inst/Core_cpu/SegReg_ID_EX_inst/inst_ex_reg[15]/C (clocked by clk_out2_pll) and student_top_inst/Core_cpu/SegReg_ID_EX_inst/rdata1_ex_reg[28]/CE (clocked by clk_out2_pll). Large setup violations at the end of those stages might be difficult to fix during the post-placement implementation flow and could be the result of non-optimal XDC constraints or non-optimal design architecture
Related violations: <none>

TIMING-16#494 Warning
Large setup violation  
There is a large setup violation of -1.453 ns between student_top_inst/Core_cpu/SegReg_ID_EX_inst/inst_ex_reg[15]/C (clocked by clk_out2_pll) and student_top_inst/Core_cpu/SegReg_ID_EX_inst/rdata1_ex_reg[2]/CE (clocked by clk_out2_pll). Large setup violations at the end of those stages might be difficult to fix during the post-placement implementation flow and could be the result of non-optimal XDC constraints or non-optimal design architecture
Related violations: <none>

TIMING-16#495 Warning
Large setup violation  
There is a large setup violation of -1.453 ns between student_top_inst/Core_cpu/SegReg_ID_EX_inst/inst_ex_reg[15]/C (clocked by clk_out2_pll) and student_top_inst/Core_cpu/SegReg_ID_EX_inst/rdata1_ex_reg[31]/CE (clocked by clk_out2_pll). Large setup violations at the end of those stages might be difficult to fix during the post-placement implementation flow and could be the result of non-optimal XDC constraints or non-optimal design architecture
Related violations: <none>

TIMING-16#496 Warning
Large setup violation  
There is a large setup violation of -1.453 ns between student_top_inst/Core_cpu/SegReg_ID_EX_inst/inst_ex_reg[15]/C (clocked by clk_out2_pll) and student_top_inst/Core_cpu/SegReg_ID_EX_inst/rdata1_ex_reg[5]/CE (clocked by clk_out2_pll). Large setup violations at the end of those stages might be difficult to fix during the post-placement implementation flow and could be the result of non-optimal XDC constraints or non-optimal design architecture
Related violations: <none>

TIMING-16#497 Warning
Large setup violation  
There is a large setup violation of -1.453 ns between student_top_inst/Core_cpu/SegReg_ID_EX_inst/inst_ex_reg[15]/C (clocked by clk_out2_pll) and student_top_inst/Core_cpu/SegReg_ID_EX_inst/rdata2_ex_reg[27]/CE (clocked by clk_out2_pll). Large setup violations at the end of those stages might be difficult to fix during the post-placement implementation flow and could be the result of non-optimal XDC constraints or non-optimal design architecture
Related violations: <none>

TIMING-16#498 Warning
Large setup violation  
There is a large setup violation of -1.453 ns between student_top_inst/Core_cpu/SegReg_ID_EX_inst/inst_ex_reg[15]/C (clocked by clk_out2_pll) and student_top_inst/Core_cpu/SegReg_ID_EX_inst/rdata2_ex_reg[2]/CE (clocked by clk_out2_pll). Large setup violations at the end of those stages might be difficult to fix during the post-placement implementation flow and could be the result of non-optimal XDC constraints or non-optimal design architecture
Related violations: <none>

TIMING-16#499 Warning
Large setup violation  
There is a large setup violation of -1.453 ns between student_top_inst/Core_cpu/SegReg_ID_EX_inst/inst_ex_reg[15]/C (clocked by clk_out2_pll) and student_top_inst/Core_cpu/SegReg_ID_EX_inst/rdata2_ex_reg[31]/CE (clocked by clk_out2_pll). Large setup violations at the end of those stages might be difficult to fix during the post-placement implementation flow and could be the result of non-optimal XDC constraints or non-optimal design architecture
Related violations: <none>

TIMING-16#500 Warning
Large setup violation  
There is a large setup violation of -1.454 ns between student_top_inst/Core_cpu/SegReg_ID_EX_inst/inst_ex_reg[21]/C (clocked by clk_out2_pll) and student_top_inst/Core_cpu/BPU_inst/btb_reg_128_191_51_52/RAMA/WE (clocked by clk_out2_pll). Large setup violations at the end of those stages might be difficult to fix during the post-placement implementation flow and could be the result of non-optimal XDC constraints or non-optimal design architecture
Related violations: <none>

TIMING-16#501 Warning
Large setup violation  
There is a large setup violation of -1.454 ns between student_top_inst/Core_cpu/SegReg_ID_EX_inst/inst_ex_reg[21]/C (clocked by clk_out2_pll) and student_top_inst/Core_cpu/BPU_inst/btb_reg_128_191_51_52/RAMB/WE (clocked by clk_out2_pll). Large setup violations at the end of those stages might be difficult to fix during the post-placement implementation flow and could be the result of non-optimal XDC constraints or non-optimal design architecture
Related violations: <none>

TIMING-16#502 Warning
Large setup violation  
There is a large setup violation of -1.454 ns between student_top_inst/Core_cpu/SegReg_ID_EX_inst/inst_ex_reg[21]/C (clocked by clk_out2_pll) and student_top_inst/Core_cpu/BPU_inst/btb_reg_128_191_51_52/RAMC/WE (clocked by clk_out2_pll). Large setup violations at the end of those stages might be difficult to fix during the post-placement implementation flow and could be the result of non-optimal XDC constraints or non-optimal design architecture
Related violations: <none>

TIMING-16#503 Warning
Large setup violation  
There is a large setup violation of -1.454 ns between student_top_inst/Core_cpu/SegReg_ID_EX_inst/inst_ex_reg[21]/C (clocked by clk_out2_pll) and student_top_inst/Core_cpu/BPU_inst/btb_reg_128_191_51_52/RAMD/WE (clocked by clk_out2_pll). Large setup violations at the end of those stages might be difficult to fix during the post-placement implementation flow and could be the result of non-optimal XDC constraints or non-optimal design architecture
Related violations: <none>

TIMING-16#504 Warning
Large setup violation  
There is a large setup violation of -1.456 ns between student_top_inst/Core_cpu/SegReg_ID_EX_inst/inst_ex_reg[15]/C (clocked by clk_out2_pll) and student_top_inst/Core_cpu/SegReg_ID_EX_inst/inst_ex_reg[11]/CE (clocked by clk_out2_pll). Large setup violations at the end of those stages might be difficult to fix during the post-placement implementation flow and could be the result of non-optimal XDC constraints or non-optimal design architecture
Related violations: <none>

TIMING-16#505 Warning
Large setup violation  
There is a large setup violation of -1.456 ns between student_top_inst/Core_cpu/SegReg_ID_EX_inst/inst_ex_reg[15]/C (clocked by clk_out2_pll) and student_top_inst/Core_cpu/SegReg_ID_EX_inst/pc_ex_reg[11]/CE (clocked by clk_out2_pll). Large setup violations at the end of those stages might be difficult to fix during the post-placement implementation flow and could be the result of non-optimal XDC constraints or non-optimal design architecture
Related violations: <none>

TIMING-16#506 Warning
Large setup violation  
There is a large setup violation of -1.456 ns between student_top_inst/Core_cpu/SegReg_ID_EX_inst/inst_ex_reg[15]/C (clocked by clk_out2_pll) and student_top_inst/Core_cpu/SegReg_ID_EX_inst/predict_target_ex_reg[18]/CE (clocked by clk_out2_pll). Large setup violations at the end of those stages might be difficult to fix during the post-placement implementation flow and could be the result of non-optimal XDC constraints or non-optimal design architecture
Related violations: <none>

TIMING-16#507 Warning
Large setup violation  
There is a large setup violation of -1.456 ns between student_top_inst/Core_cpu/SegReg_ID_EX_inst/inst_ex_reg[15]/C (clocked by clk_out2_pll) and student_top_inst/Core_cpu/SegReg_ID_EX_inst/predict_target_ex_reg[21]/CE (clocked by clk_out2_pll). Large setup violations at the end of those stages might be difficult to fix during the post-placement implementation flow and could be the result of non-optimal XDC constraints or non-optimal design architecture
Related violations: <none>

TIMING-16#508 Warning
Large setup violation  
There is a large setup violation of -1.456 ns between student_top_inst/Core_cpu/SegReg_ID_EX_inst/inst_ex_reg[15]/C (clocked by clk_out2_pll) and student_top_inst/Core_cpu/SegReg_ID_EX_inst/rdata2_ex_reg[0]/CE (clocked by clk_out2_pll). Large setup violations at the end of those stages might be difficult to fix during the post-placement implementation flow and could be the result of non-optimal XDC constraints or non-optimal design architecture
Related violations: <none>

TIMING-16#509 Warning
Large setup violation  
There is a large setup violation of -1.456 ns between student_top_inst/Core_cpu/SegReg_ID_EX_inst/inst_ex_reg[15]/C (clocked by clk_out2_pll) and student_top_inst/Core_cpu/SegReg_ID_EX_inst/rdata2_ex_reg[15]/CE (clocked by clk_out2_pll). Large setup violations at the end of those stages might be difficult to fix during the post-placement implementation flow and could be the result of non-optimal XDC constraints or non-optimal design architecture
Related violations: <none>

TIMING-16#510 Warning
Large setup violation  
There is a large setup violation of -1.456 ns between student_top_inst/Core_cpu/SegReg_ID_EX_inst/inst_ex_reg[15]/C (clocked by clk_out2_pll) and student_top_inst/Core_cpu/SegReg_ID_EX_inst/rdata2_ex_reg[1]/CE (clocked by clk_out2_pll). Large setup violations at the end of those stages might be difficult to fix during the post-placement implementation flow and could be the result of non-optimal XDC constraints or non-optimal design architecture
Related violations: <none>

TIMING-16#511 Warning
Large setup violation  
There is a large setup violation of -1.456 ns between student_top_inst/Core_cpu/SegReg_ID_EX_inst/inst_ex_reg[15]/C (clocked by clk_out2_pll) and student_top_inst/Core_cpu/SegReg_ID_EX_inst/rdata2_ex_reg[30]/CE (clocked by clk_out2_pll). Large setup violations at the end of those stages might be difficult to fix during the post-placement implementation flow and could be the result of non-optimal XDC constraints or non-optimal design architecture
Related violations: <none>

TIMING-16#512 Warning
Large setup violation  
There is a large setup violation of -1.457 ns between student_top_inst/Core_cpu/SegReg_ID_EX_inst/inst_ex_reg[18]/C (clocked by clk_out2_pll) and student_top_inst/Core_cpu/SegReg_ID_EX_inst/inst_ex_reg[15]/CE (clocked by clk_out2_pll). Large setup violations at the end of those stages might be difficult to fix during the post-placement implementation flow and could be the result of non-optimal XDC constraints or non-optimal design architecture
Related violations: <none>

TIMING-16#513 Warning
Large setup violation  
There is a large setup violation of -1.459 ns between student_top_inst/Core_cpu/SegReg_ID_EX_inst/inst_ex_reg[23]/C (clocked by clk_out2_pll) and student_top_inst/Core_cpu/MulDiv_inst/quotient_r_reg[25]/CE (clocked by clk_out2_pll). Large setup violations at the end of those stages might be difficult to fix during the post-placement implementation flow and could be the result of non-optimal XDC constraints or non-optimal design architecture
Related violations: <none>

TIMING-16#514 Warning
Large setup violation  
There is a large setup violation of -1.459 ns between student_top_inst/Core_cpu/SegReg_ID_EX_inst/inst_ex_reg[23]/C (clocked by clk_out2_pll) and student_top_inst/Core_cpu/MulDiv_inst/rem_r_reg[26]/CE (clocked by clk_out2_pll). Large setup violations at the end of those stages might be difficult to fix during the post-placement implementation flow and could be the result of non-optimal XDC constraints or non-optimal design architecture
Related violations: <none>

TIMING-16#515 Warning
Large setup violation  
There is a large setup violation of -1.460 ns between student_top_inst/Core_cpu/SegReg_ID_EX_inst/inst_ex_reg[23]/C (clocked by clk_out2_pll) and student_top_inst/Core_cpu/MulDiv_inst/quotient_r_reg[17]/CE (clocked by clk_out2_pll). Large setup violations at the end of those stages might be difficult to fix during the post-placement implementation flow and could be the result of non-optimal XDC constraints or non-optimal design architecture
Related violations: <none>

TIMING-16#516 Warning
Large setup violation  
There is a large setup violation of -1.460 ns between student_top_inst/Core_cpu/SegReg_ID_EX_inst/inst_ex_reg[23]/C (clocked by clk_out2_pll) and student_top_inst/Core_cpu/MulDiv_inst/rem_r_reg[16]/CE (clocked by clk_out2_pll). Large setup violations at the end of those stages might be difficult to fix during the post-placement implementation flow and could be the result of non-optimal XDC constraints or non-optimal design architecture
Related violations: <none>

TIMING-16#517 Warning
Large setup violation  
There is a large setup violation of -1.461 ns between student_top_inst/Core_cpu/SegReg_ID_EX_inst/inst_ex_reg[18]/C (clocked by clk_out2_pll) and student_top_inst/Core_cpu/SegReg_ID_EX_inst/pc_ex_reg[21]/CE (clocked by clk_out2_pll). Large setup violations at the end of those stages might be difficult to fix during the post-placement implementation flow and could be the result of non-optimal XDC constraints or non-optimal design architecture
Related violations: <none>

TIMING-16#518 Warning
Large setup violation  
There is a large setup violation of -1.461 ns between student_top_inst/Core_cpu/SegReg_ID_EX_inst/inst_ex_reg[21]/C (clocked by clk_out2_pll) and student_top_inst/Core_cpu/BPU_inst/btb_reg_128_191_12_14/RAMA/WE (clocked by clk_out2_pll). Large setup violations at the end of those stages might be difficult to fix during the post-placement implementation flow and could be the result of non-optimal XDC constraints or non-optimal design architecture
Related violations: <none>

TIMING-16#519 Warning
Large setup violation  
There is a large setup violation of -1.461 ns between student_top_inst/Core_cpu/SegReg_ID_EX_inst/inst_ex_reg[21]/C (clocked by clk_out2_pll) and student_top_inst/Core_cpu/BPU_inst/btb_reg_128_191_12_14/RAMB/WE (clocked by clk_out2_pll). Large setup violations at the end of those stages might be difficult to fix during the post-placement implementation flow and could be the result of non-optimal XDC constraints or non-optimal design architecture
Related violations: <none>

TIMING-16#520 Warning
Large setup violation  
There is a large setup violation of -1.461 ns between student_top_inst/Core_cpu/SegReg_ID_EX_inst/inst_ex_reg[21]/C (clocked by clk_out2_pll) and student_top_inst/Core_cpu/BPU_inst/btb_reg_128_191_12_14/RAMC/WE (clocked by clk_out2_pll). Large setup violations at the end of those stages might be difficult to fix during the post-placement implementation flow and could be the result of non-optimal XDC constraints or non-optimal design architecture
Related violations: <none>

TIMING-16#521 Warning
Large setup violation  
There is a large setup violation of -1.461 ns between student_top_inst/Core_cpu/SegReg_ID_EX_inst/inst_ex_reg[21]/C (clocked by clk_out2_pll) and student_top_inst/Core_cpu/BPU_inst/btb_reg_128_191_12_14/RAMD/WE (clocked by clk_out2_pll). Large setup violations at the end of those stages might be difficult to fix during the post-placement implementation flow and could be the result of non-optimal XDC constraints or non-optimal design architecture
Related violations: <none>

TIMING-16#522 Warning
Large setup violation  
There is a large setup violation of -1.461 ns between student_top_inst/Core_cpu/SegReg_ID_EX_inst/inst_ex_reg[23]/C (clocked by clk_out2_pll) and student_top_inst/Core_cpu/MulDiv_inst/quotient_r_reg[22]/CE (clocked by clk_out2_pll). Large setup violations at the end of those stages might be difficult to fix during the post-placement implementation flow and could be the result of non-optimal XDC constraints or non-optimal design architecture
Related violations: <none>

TIMING-16#523 Warning
Large setup violation  
There is a large setup violation of -1.461 ns between student_top_inst/Core_cpu/SegReg_ID_EX_inst/inst_ex_reg[23]/C (clocked by clk_out2_pll) and student_top_inst/Core_cpu/MulDiv_inst/rem_r_reg[17]/CE (clocked by clk_out2_pll). Large setup violations at the end of those stages might be difficult to fix during the post-placement implementation flow and could be the result of non-optimal XDC constraints or non-optimal design architecture
Related violations: <none>

TIMING-16#524 Warning
Large setup violation  
There is a large setup violation of -1.463 ns between student_top_inst/Core_cpu/SegReg_ID_EX_inst/inst_ex_reg[21]/C (clocked by clk_out2_pll) and student_top_inst/Core_cpu/BPU_inst/btb_reg_128_191_30_32/RAMA/WE (clocked by clk_out2_pll). Large setup violations at the end of those stages might be difficult to fix during the post-placement implementation flow and could be the result of non-optimal XDC constraints or non-optimal design architecture
Related violations: <none>

TIMING-16#525 Warning
Large setup violation  
There is a large setup violation of -1.463 ns between student_top_inst/Core_cpu/SegReg_ID_EX_inst/inst_ex_reg[21]/C (clocked by clk_out2_pll) and student_top_inst/Core_cpu/BPU_inst/btb_reg_128_191_30_32/RAMB/WE (clocked by clk_out2_pll). Large setup violations at the end of those stages might be difficult to fix during the post-placement implementation flow and could be the result of non-optimal XDC constraints or non-optimal design architecture
Related violations: <none>

TIMING-16#526 Warning
Large setup violation  
There is a large setup violation of -1.463 ns between student_top_inst/Core_cpu/SegReg_ID_EX_inst/inst_ex_reg[21]/C (clocked by clk_out2_pll) and student_top_inst/Core_cpu/BPU_inst/btb_reg_128_191_30_32/RAMC/WE (clocked by clk_out2_pll). Large setup violations at the end of those stages might be difficult to fix during the post-placement implementation flow and could be the result of non-optimal XDC constraints or non-optimal design architecture
Related violations: <none>

TIMING-16#527 Warning
Large setup violation  
There is a large setup violation of -1.463 ns between student_top_inst/Core_cpu/SegReg_ID_EX_inst/inst_ex_reg[21]/C (clocked by clk_out2_pll) and student_top_inst/Core_cpu/BPU_inst/btb_reg_128_191_30_32/RAMD/WE (clocked by clk_out2_pll). Large setup violations at the end of those stages might be difficult to fix during the post-placement implementation flow and could be the result of non-optimal XDC constraints or non-optimal design architecture
Related violations: <none>

TIMING-16#528 Warning
Large setup violation  
There is a large setup violation of -1.463 ns between student_top_inst/Core_cpu/SegReg_ID_EX_inst/inst_ex_reg[23]/C (clocked by clk_out2_pll) and student_top_inst/Core_cpu/MulDiv_inst/result_reg[11]/CE (clocked by clk_out2_pll). Large setup violations at the end of those stages might be difficult to fix during the post-placement implementation flow and could be the result of non-optimal XDC constraints or non-optimal design architecture
Related violations: <none>

TIMING-16#529 Warning
Large setup violation  
There is a large setup violation of -1.463 ns between student_top_inst/Core_cpu/SegReg_ID_EX_inst/inst_ex_reg[23]/C (clocked by clk_out2_pll) and student_top_inst/Core_cpu/MulDiv_inst/result_reg[5]/CE (clocked by clk_out2_pll). Large setup violations at the end of those stages might be difficult to fix during the post-placement implementation flow and could be the result of non-optimal XDC constraints or non-optimal design architecture
Related violations: <none>

TIMING-16#530 Warning
Large setup violation  
There is a large setup violation of -1.463 ns between student_top_inst/Core_cpu/SegReg_ID_EX_inst/inst_ex_reg[23]/C (clocked by clk_out2_pll) and student_top_inst/Core_cpu/MulDiv_inst/result_reg[9]/CE (clocked by clk_out2_pll). Large setup violations at the end of those stages might be difficult to fix during the post-placement implementation flow and could be the result of non-optimal XDC constraints or non-optimal design architecture
Related violations: <none>

TIMING-16#531 Warning
Large setup violation  
There is a large setup violation of -1.464 ns between student_top_inst/Core_cpu/SegReg_ID_EX_inst/inst_ex_reg[21]/C (clocked by clk_out2_pll) and student_top_inst/Core_cpu/BPU_inst/ras_top_reg[23]/CE (clocked by clk_out2_pll). Large setup violations at the end of those stages might be difficult to fix during the post-placement implementation flow and could be the result of non-optimal XDC constraints or non-optimal design architecture
Related violations: <none>

TIMING-16#532 Warning
Large setup violation  
There is a large setup violation of -1.464 ns between student_top_inst/Core_cpu/SegReg_ID_EX_inst/inst_ex_reg[21]/C (clocked by clk_out2_pll) and student_top_inst/Core_cpu/BPU_inst/ras_top_reg[29]/CE (clocked by clk_out2_pll). Large setup violations at the end of those stages might be difficult to fix during the post-placement implementation flow and could be the result of non-optimal XDC constraints or non-optimal design architecture
Related violations: <none>

TIMING-16#533 Warning
Large setup violation  
There is a large setup violation of -1.466 ns between student_top_inst/Core_cpu/SegReg_ID_EX_inst/inst_ex_reg[18]/C (clocked by clk_out2_pll) and student_top_inst/Core_cpu/SegReg_ID_EX_inst/pc_ex_reg[30]/CE (clocked by clk_out2_pll). Large setup violations at the end of those stages might be difficult to fix during the post-placement implementation flow and could be the result of non-optimal XDC constraints or non-optimal design architecture
Related violations: <none>

TIMING-16#534 Warning
Large setup violation  
There is a large setup violation of -1.466 ns between student_top_inst/Core_cpu/SegReg_ID_EX_inst/inst_ex_reg[18]/C (clocked by clk_out2_pll) and student_top_inst/Core_cpu/SegReg_ID_EX_inst/pc_ex_reg[5]/CE (clocked by clk_out2_pll). Large setup violations at the end of those stages might be difficult to fix during the post-placement implementation flow and could be the result of non-optimal XDC constraints or non-optimal design architecture
Related violations: <none>

TIMING-16#535 Warning
Large setup violation  
There is a large setup violation of -1.466 ns between student_top_inst/Core_cpu/SegReg_ID_EX_inst/inst_ex_reg[18]/C (clocked by clk_out2_pll) and student_top_inst/Core_cpu/SegReg_ID_EX_inst/pc_ex_reg[6]/CE (clocked by clk_out2_pll). Large setup violations at the end of those stages might be difficult to fix during the post-placement implementation flow and could be the result of non-optimal XDC constraints or non-optimal design architecture
Related violations: <none>

TIMING-16#536 Warning
Large setup violation  
There is a large setup violation of -1.466 ns between student_top_inst/Core_cpu/SegReg_ID_EX_inst/inst_ex_reg[18]/C (clocked by clk_out2_pll) and student_top_inst/Core_cpu/SegReg_ID_EX_inst/predict_target_ex_reg[6]/CE (clocked by clk_out2_pll). Large setup violations at the end of those stages might be difficult to fix during the post-placement implementation flow and could be the result of non-optimal XDC constraints or non-optimal design architecture
Related violations: <none>

TIMING-16#537 Warning
Large setup violation  
There is a large setup violation of -1.468 ns between student_top_inst/Core_cpu/SegReg_ID_EX_inst/inst_ex_reg[18]/C (clocked by clk_out2_pll) and student_top_inst/Core_cpu/SegReg_ID_EX_inst/inst_ex_reg[25]/CE (clocked by clk_out2_pll). Large setup violations at the end of those stages might be difficult to fix during the post-placement implementation flow and could be the result of non-optimal XDC constraints or non-optimal design architecture
Related violations: <none>

TIMING-16#538 Warning
Large setup violation  
There is a large setup violation of -1.468 ns between student_top_inst/Core_cpu/SegReg_ID_EX_inst/inst_ex_reg[18]/C (clocked by clk_out2_pll) and student_top_inst/Core_cpu/SegReg_ID_EX_inst/inst_ex_reg[31]/CE (clocked by clk_out2_pll). Large setup violations at the end of those stages might be difficult to fix during the post-placement implementation flow and could be the result of non-optimal XDC constraints or non-optimal design architecture
Related violations: <none>

TIMING-16#539 Warning
Large setup violation  
There is a large setup violation of -1.468 ns between student_top_inst/Core_cpu/SegReg_ID_EX_inst/inst_ex_reg[18]/C (clocked by clk_out2_pll) and student_top_inst/Core_cpu/SegReg_ID_EX_inst/pc_ex_reg[22]/CE (clocked by clk_out2_pll). Large setup violations at the end of those stages might be difficult to fix during the post-placement implementation flow and could be the result of non-optimal XDC constraints or non-optimal design architecture
Related violations: <none>

TIMING-16#540 Warning
Large setup violation  
There is a large setup violation of -1.468 ns between student_top_inst/Core_cpu/SegReg_ID_EX_inst/inst_ex_reg[18]/C (clocked by clk_out2_pll) and student_top_inst/Core_cpu/SegReg_ID_EX_inst/predict_target_ex_reg[15]/CE (clocked by clk_out2_pll). Large setup violations at the end of those stages might be difficult to fix during the post-placement implementation flow and could be the result of non-optimal XDC constraints or non-optimal design architecture
Related violations: <none>

TIMING-16#541 Warning
Large setup violation  
There is a large setup violation of -1.468 ns between student_top_inst/Core_cpu/SegReg_ID_EX_inst/inst_ex_reg[21]/C (clocked by clk_out2_pll) and student_top_inst/Core_cpu/SegReg_IF1_IF2_inst/pc_if2_reg[13]/CE (clocked by clk_out2_pll). Large setup violations at the end of those stages might be difficult to fix during the post-placement implementation flow and could be the result of non-optimal XDC constraints or non-optimal design architecture
Related violations: <none>

TIMING-16#542 Warning
Large setup violation  
There is a large setup violation of -1.469 ns between student_top_inst/Core_cpu/SegReg_ID_EX_inst/inst_ex_reg[18]/C (clocked by clk_out2_pll) and student_top_inst/Core_cpu/SegReg_ID_EX_inst/pc_ex_reg[15]/CE (clocked by clk_out2_pll). Large setup violations at the end of those stages might be difficult to fix during the post-placement implementation flow and could be the result of non-optimal XDC constraints or non-optimal design architecture
Related violations: <none>

TIMING-16#543 Warning
Large setup violation  
There is a large setup violation of -1.469 ns between student_top_inst/Core_cpu/SegReg_ID_EX_inst/inst_ex_reg[18]/C (clocked by clk_out2_pll) and student_top_inst/Core_cpu/SegReg_ID_EX_inst/pc_ex_reg[17]/CE (clocked by clk_out2_pll). Large setup violations at the end of those stages might be difficult to fix during the post-placement implementation flow and could be the result of non-optimal XDC constraints or non-optimal design architecture
Related violations: <none>

TIMING-16#544 Warning
Large setup violation  
There is a large setup violation of -1.469 ns between student_top_inst/Core_cpu/SegReg_ID_EX_inst/inst_ex_reg[18]/C (clocked by clk_out2_pll) and student_top_inst/Core_cpu/SegReg_ID_EX_inst/pc_ex_reg[18]/CE (clocked by clk_out2_pll). Large setup violations at the end of those stages might be difficult to fix during the post-placement implementation flow and could be the result of non-optimal XDC constraints or non-optimal design architecture
Related violations: <none>

TIMING-16#545 Warning
Large setup violation  
There is a large setup violation of -1.469 ns between student_top_inst/Core_cpu/SegReg_ID_EX_inst/inst_ex_reg[18]/C (clocked by clk_out2_pll) and student_top_inst/Core_cpu/SegReg_ID_EX_inst/predict_target_ex_reg[1]/CE (clocked by clk_out2_pll). Large setup violations at the end of those stages might be difficult to fix during the post-placement implementation flow and could be the result of non-optimal XDC constraints or non-optimal design architecture
Related violations: <none>

TIMING-16#546 Warning
Large setup violation  
There is a large setup violation of -1.470 ns between student_top_inst/Core_cpu/SegReg_ID_EX_inst/inst_ex_reg[18]/C (clocked by clk_out2_pll) and student_top_inst/Core_cpu/SegReg_ID_EX_inst/csr_rdata_ex_reg[22]/CE (clocked by clk_out2_pll). Large setup violations at the end of those stages might be difficult to fix during the post-placement implementation flow and could be the result of non-optimal XDC constraints or non-optimal design architecture
Related violations: <none>

TIMING-16#547 Warning
Large setup violation  
There is a large setup violation of -1.470 ns between student_top_inst/Core_cpu/SegReg_ID_EX_inst/inst_ex_reg[18]/C (clocked by clk_out2_pll) and student_top_inst/Core_cpu/SegReg_ID_EX_inst/csr_rdata_ex_reg[27]/CE (clocked by clk_out2_pll). Large setup violations at the end of those stages might be difficult to fix during the post-placement implementation flow and could be the result of non-optimal XDC constraints or non-optimal design architecture
Related violations: <none>

TIMING-16#548 Warning
Large setup violation  
There is a large setup violation of -1.470 ns between student_top_inst/Core_cpu/SegReg_ID_EX_inst/inst_ex_reg[18]/C (clocked by clk_out2_pll) and student_top_inst/Core_cpu/SegReg_ID_EX_inst/csr_rdata_ex_reg[5]/CE (clocked by clk_out2_pll). Large setup violations at the end of those stages might be difficult to fix during the post-placement implementation flow and could be the result of non-optimal XDC constraints or non-optimal design architecture
Related violations: <none>

TIMING-16#549 Warning
Large setup violation  
There is a large setup violation of -1.470 ns between student_top_inst/Core_cpu/SegReg_ID_EX_inst/inst_ex_reg[18]/C (clocked by clk_out2_pll) and student_top_inst/Core_cpu/SegReg_ID_EX_inst/rdata1_ex_reg[24]/CE (clocked by clk_out2_pll). Large setup violations at the end of those stages might be difficult to fix during the post-placement implementation flow and could be the result of non-optimal XDC constraints or non-optimal design architecture
Related violations: <none>

TIMING-16#550 Warning
Large setup violation  
There is a large setup violation of -1.471 ns between student_top_inst/Core_cpu/SegReg_ID_EX_inst/inst_ex_reg[23]/C (clocked by clk_out2_pll) and student_top_inst/Core_cpu/MulDiv_inst/quotient_r_reg[15]/CE (clocked by clk_out2_pll). Large setup violations at the end of those stages might be difficult to fix during the post-placement implementation flow and could be the result of non-optimal XDC constraints or non-optimal design architecture
Related violations: <none>

TIMING-16#551 Warning
Large setup violation  
There is a large setup violation of -1.471 ns between student_top_inst/Core_cpu/SegReg_ID_EX_inst/inst_ex_reg[23]/C (clocked by clk_out2_pll) and student_top_inst/Core_cpu/MulDiv_inst/quotient_r_reg[16]/CE (clocked by clk_out2_pll). Large setup violations at the end of those stages might be difficult to fix during the post-placement implementation flow and could be the result of non-optimal XDC constraints or non-optimal design architecture
Related violations: <none>

TIMING-16#552 Warning
Large setup violation  
There is a large setup violation of -1.471 ns between student_top_inst/Core_cpu/SegReg_ID_EX_inst/inst_ex_reg[23]/C (clocked by clk_out2_pll) and student_top_inst/Core_cpu/MulDiv_inst/quotient_r_reg[6]/CE (clocked by clk_out2_pll). Large setup violations at the end of those stages might be difficult to fix during the post-placement implementation flow and could be the result of non-optimal XDC constraints or non-optimal design architecture
Related violations: <none>

TIMING-16#553 Warning
Large setup violation  
There is a large setup violation of -1.471 ns between student_top_inst/Core_cpu/SegReg_ID_EX_inst/inst_ex_reg[23]/C (clocked by clk_out2_pll) and student_top_inst/Core_cpu/MulDiv_inst/quotient_r_reg[8]/CE (clocked by clk_out2_pll). Large setup violations at the end of those stages might be difficult to fix during the post-placement implementation flow and could be the result of non-optimal XDC constraints or non-optimal design architecture
Related violations: <none>

TIMING-16#554 Warning
Large setup violation  
There is a large setup violation of -1.471 ns between student_top_inst/Core_cpu/SegReg_ID_EX_inst/inst_ex_reg[23]/C (clocked by clk_out2_pll) and student_top_inst/Core_cpu/MulDiv_inst/quotient_r_reg[9]/CE (clocked by clk_out2_pll). Large setup violations at the end of those stages might be difficult to fix during the post-placement implementation flow and could be the result of non-optimal XDC constraints or non-optimal design architecture
Related violations: <none>

TIMING-16#555 Warning
Large setup violation  
There is a large setup violation of -1.471 ns between student_top_inst/Core_cpu/SegReg_ID_EX_inst/inst_ex_reg[23]/C (clocked by clk_out2_pll) and student_top_inst/Core_cpu/MulDiv_inst/rem_r_reg[14]/CE (clocked by clk_out2_pll). Large setup violations at the end of those stages might be difficult to fix during the post-placement implementation flow and could be the result of non-optimal XDC constraints or non-optimal design architecture
Related violations: <none>

TIMING-16#556 Warning
Large setup violation  
There is a large setup violation of -1.471 ns between student_top_inst/Core_cpu/SegReg_ID_EX_inst/inst_ex_reg[23]/C (clocked by clk_out2_pll) and student_top_inst/Core_cpu/MulDiv_inst/rem_r_reg[15]/CE (clocked by clk_out2_pll). Large setup violations at the end of those stages might be difficult to fix during the post-placement implementation flow and could be the result of non-optimal XDC constraints or non-optimal design architecture
Related violations: <none>

TIMING-16#557 Warning
Large setup violation  
There is a large setup violation of -1.471 ns between student_top_inst/Core_cpu/SegReg_ID_EX_inst/inst_ex_reg[23]/C (clocked by clk_out2_pll) and student_top_inst/Core_cpu/MulDiv_inst/rem_r_reg[5]/CE (clocked by clk_out2_pll). Large setup violations at the end of those stages might be difficult to fix during the post-placement implementation flow and could be the result of non-optimal XDC constraints or non-optimal design architecture
Related violations: <none>

TIMING-16#558 Warning
Large setup violation  
There is a large setup violation of -1.471 ns between student_top_inst/Core_cpu/SegReg_ID_EX_inst/inst_ex_reg[23]/C (clocked by clk_out2_pll) and student_top_inst/Core_cpu/MulDiv_inst/rem_r_reg[7]/CE (clocked by clk_out2_pll). Large setup violations at the end of those stages might be difficult to fix during the post-placement implementation flow and could be the result of non-optimal XDC constraints or non-optimal design architecture
Related violations: <none>

TIMING-16#559 Warning
Large setup violation  
There is a large setup violation of -1.471 ns between student_top_inst/Core_cpu/SegReg_ID_EX_inst/inst_ex_reg[23]/C (clocked by clk_out2_pll) and student_top_inst/Core_cpu/MulDiv_inst/rem_r_reg[8]/CE (clocked by clk_out2_pll). Large setup violations at the end of those stages might be difficult to fix during the post-placement implementation flow and could be the result of non-optimal XDC constraints or non-optimal design architecture
Related violations: <none>

TIMING-16#560 Warning
Large setup violation  
There is a large setup violation of -1.473 ns between student_top_inst/Core_cpu/SegReg_ID_EX_inst/inst_ex_reg[21]/C (clocked by clk_out2_pll) and student_top_inst/Core_cpu/PC_inst/pc_reg[30]/D (clocked by clk_out2_pll). Large setup violations at the end of those stages might be difficult to fix during the post-placement implementation flow and could be the result of non-optimal XDC constraints or non-optimal design architecture
Related violations: <none>

TIMING-16#561 Warning
Large setup violation  
There is a large setup violation of -1.474 ns between student_top_inst/Core_cpu/SegReg_ID_EX_inst/inst_ex_reg[21]/C (clocked by clk_out2_pll) and student_top_inst/Core_cpu/BPU_inst/ras_stack_reg[1][13]/CE (clocked by clk_out2_pll). Large setup violations at the end of those stages might be difficult to fix during the post-placement implementation flow and could be the result of non-optimal XDC constraints or non-optimal design architecture
Related violations: <none>

TIMING-16#562 Warning
Large setup violation  
There is a large setup violation of -1.474 ns between student_top_inst/Core_cpu/SegReg_ID_EX_inst/inst_ex_reg[21]/C (clocked by clk_out2_pll) and student_top_inst/Core_cpu/BPU_inst/ras_stack_reg[1][16]/CE (clocked by clk_out2_pll). Large setup violations at the end of those stages might be difficult to fix during the post-placement implementation flow and could be the result of non-optimal XDC constraints or non-optimal design architecture
Related violations: <none>

TIMING-16#563 Warning
Large setup violation  
There is a large setup violation of -1.474 ns between student_top_inst/Core_cpu/SegReg_ID_EX_inst/inst_ex_reg[21]/C (clocked by clk_out2_pll) and student_top_inst/Core_cpu/BPU_inst/ras_stack_reg[1][18]/CE (clocked by clk_out2_pll). Large setup violations at the end of those stages might be difficult to fix during the post-placement implementation flow and could be the result of non-optimal XDC constraints or non-optimal design architecture
Related violations: <none>

TIMING-16#564 Warning
Large setup violation  
There is a large setup violation of -1.474 ns between student_top_inst/Core_cpu/SegReg_ID_EX_inst/inst_ex_reg[21]/C (clocked by clk_out2_pll) and student_top_inst/Core_cpu/BPU_inst/ras_stack_reg[1][19]/CE (clocked by clk_out2_pll). Large setup violations at the end of those stages might be difficult to fix during the post-placement implementation flow and could be the result of non-optimal XDC constraints or non-optimal design architecture
Related violations: <none>

TIMING-16#565 Warning
Large setup violation  
There is a large setup violation of -1.475 ns between student_top_inst/Core_cpu/SegReg_ID_EX_inst/inst_ex_reg[15]/C (clocked by clk_out2_pll) and student_top_inst/Core_cpu/SegReg_ID_EX_inst/br_type_ex_reg[3]/CE (clocked by clk_out2_pll). Large setup violations at the end of those stages might be difficult to fix during the post-placement implementation flow and could be the result of non-optimal XDC constraints or non-optimal design architecture
Related violations: <none>

TIMING-16#566 Warning
Large setup violation  
There is a large setup violation of -1.475 ns between student_top_inst/Core_cpu/SegReg_ID_EX_inst/inst_ex_reg[15]/C (clocked by clk_out2_pll) and student_top_inst/Core_cpu/SegReg_ID_EX_inst/imm_ex_reg[6]/CE (clocked by clk_out2_pll). Large setup violations at the end of those stages might be difficult to fix during the post-placement implementation flow and could be the result of non-optimal XDC constraints or non-optimal design architecture
Related violations: <none>

TIMING-16#567 Warning
Large setup violation  
There is a large setup violation of -1.475 ns between student_top_inst/Core_cpu/SegReg_ID_EX_inst/inst_ex_reg[15]/C (clocked by clk_out2_pll) and student_top_inst/Core_cpu/SegReg_ID_EX_inst/rdata1_ex_reg[18]/CE (clocked by clk_out2_pll). Large setup violations at the end of those stages might be difficult to fix during the post-placement implementation flow and could be the result of non-optimal XDC constraints or non-optimal design architecture
Related violations: <none>

TIMING-16#568 Warning
Large setup violation  
There is a large setup violation of -1.475 ns between student_top_inst/Core_cpu/SegReg_ID_EX_inst/inst_ex_reg[15]/C (clocked by clk_out2_pll) and student_top_inst/Core_cpu/SegReg_ID_EX_inst/rdata2_ex_reg[13]/CE (clocked by clk_out2_pll). Large setup violations at the end of those stages might be difficult to fix during the post-placement implementation flow and could be the result of non-optimal XDC constraints or non-optimal design architecture
Related violations: <none>

TIMING-16#569 Warning
Large setup violation  
There is a large setup violation of -1.475 ns between student_top_inst/Core_cpu/SegReg_ID_EX_inst/inst_ex_reg[15]/C (clocked by clk_out2_pll) and student_top_inst/Core_cpu/SegReg_ID_EX_inst/rdata2_ex_reg[14]/CE (clocked by clk_out2_pll). Large setup violations at the end of those stages might be difficult to fix during the post-placement implementation flow and could be the result of non-optimal XDC constraints or non-optimal design architecture
Related violations: <none>

TIMING-16#570 Warning
Large setup violation  
There is a large setup violation of -1.475 ns between student_top_inst/Core_cpu/SegReg_ID_EX_inst/inst_ex_reg[15]/C (clocked by clk_out2_pll) and student_top_inst/Core_cpu/SegReg_ID_EX_inst/rdata2_ex_reg[9]/CE (clocked by clk_out2_pll). Large setup violations at the end of those stages might be difficult to fix during the post-placement implementation flow and could be the result of non-optimal XDC constraints or non-optimal design architecture
Related violations: <none>

TIMING-16#571 Warning
Large setup violation  
There is a large setup violation of -1.475 ns between student_top_inst/Core_cpu/SegReg_ID_EX_inst/inst_ex_reg[21]/C (clocked by clk_out2_pll) and student_top_inst/Core_cpu/PC_inst/pc_reg[23]/CE (clocked by clk_out2_pll). Large setup violations at the end of those stages might be difficult to fix during the post-placement implementation flow and could be the result of non-optimal XDC constraints or non-optimal design architecture
Related violations: <none>

TIMING-16#572 Warning
Large setup violation  
There is a large setup violation of -1.475 ns between student_top_inst/Core_cpu/SegReg_ID_EX_inst/inst_ex_reg[21]/C (clocked by clk_out2_pll) and student_top_inst/Core_cpu/PC_inst/pc_reg[30]/CE (clocked by clk_out2_pll). Large setup violations at the end of those stages might be difficult to fix during the post-placement implementation flow and could be the result of non-optimal XDC constraints or non-optimal design architecture
Related violations: <none>

TIMING-16#573 Warning
Large setup violation  
There is a large setup violation of -1.476 ns between student_top_inst/Core_cpu/SegReg_ID_EX_inst/inst_ex_reg[21]/C (clocked by clk_out2_pll) and student_top_inst/Core_cpu/BPU_inst/ras_stack_reg[2][0]/CE (clocked by clk_out2_pll). Large setup violations at the end of those stages might be difficult to fix during the post-placement implementation flow and could be the result of non-optimal XDC constraints or non-optimal design architecture
Related violations: <none>

TIMING-16#574 Warning
Large setup violation  
There is a large setup violation of -1.476 ns between student_top_inst/Core_cpu/SegReg_ID_EX_inst/inst_ex_reg[21]/C (clocked by clk_out2_pll) and student_top_inst/Core_cpu/BPU_inst/ras_stack_reg[2][20]/CE (clocked by clk_out2_pll). Large setup violations at the end of those stages might be difficult to fix during the post-placement implementation flow and could be the result of non-optimal XDC constraints or non-optimal design architecture
Related violations: <none>

TIMING-16#575 Warning
Large setup violation  
There is a large setup violation of -1.476 ns between student_top_inst/Core_cpu/SegReg_ID_EX_inst/inst_ex_reg[21]/C (clocked by clk_out2_pll) and student_top_inst/Core_cpu/BPU_inst/ras_stack_reg[2][22]/CE (clocked by clk_out2_pll). Large setup violations at the end of those stages might be difficult to fix during the post-placement implementation flow and could be the result of non-optimal XDC constraints or non-optimal design architecture
Related violations: <none>

TIMING-16#576 Warning
Large setup violation  
There is a large setup violation of -1.476 ns between student_top_inst/Core_cpu/SegReg_ID_EX_inst/inst_ex_reg[21]/C (clocked by clk_out2_pll) and student_top_inst/Core_cpu/BPU_inst/ras_stack_reg[2][31]/CE (clocked by clk_out2_pll). Large setup violations at the end of those stages might be difficult to fix during the post-placement implementation flow and could be the result of non-optimal XDC constraints or non-optimal design architecture
Related violations: <none>

TIMING-16#577 Warning
Large setup violation  
There is a large setup violation of -1.476 ns between student_top_inst/Core_cpu/SegReg_ID_EX_inst/inst_ex_reg[21]/C (clocked by clk_out2_pll) and student_top_inst/Core_cpu/BPU_inst/ras_stack_reg[2][3]/CE (clocked by clk_out2_pll). Large setup violations at the end of those stages might be difficult to fix during the post-placement implementation flow and could be the result of non-optimal XDC constraints or non-optimal design architecture
Related violations: <none>

TIMING-16#578 Warning
Large setup violation  
There is a large setup violation of -1.476 ns between student_top_inst/Core_cpu/SegReg_ID_EX_inst/inst_ex_reg[21]/C (clocked by clk_out2_pll) and student_top_inst/Core_cpu/BPU_inst/ras_stack_reg[2][7]/CE (clocked by clk_out2_pll). Large setup violations at the end of those stages might be difficult to fix during the post-placement implementation flow and could be the result of non-optimal XDC constraints or non-optimal design architecture
Related violations: <none>

TIMING-16#579 Warning
Large setup violation  
There is a large setup violation of -1.476 ns between student_top_inst/Core_cpu/SegReg_ID_EX_inst/inst_ex_reg[21]/C (clocked by clk_out2_pll) and student_top_inst/Core_cpu/BPU_inst/ras_stack_reg[2][8]/CE (clocked by clk_out2_pll). Large setup violations at the end of those stages might be difficult to fix during the post-placement implementation flow and could be the result of non-optimal XDC constraints or non-optimal design architecture
Related violations: <none>

TIMING-16#580 Warning
Large setup violation  
There is a large setup violation of -1.476 ns between student_top_inst/Core_cpu/SegReg_ID_EX_inst/inst_ex_reg[21]/C (clocked by clk_out2_pll) and student_top_inst/Core_cpu/PC_inst/pc_reg[13]/CE (clocked by clk_out2_pll). Large setup violations at the end of those stages might be difficult to fix during the post-placement implementation flow and could be the result of non-optimal XDC constraints or non-optimal design architecture
Related violations: <none>

TIMING-16#581 Warning
Large setup violation  
There is a large setup violation of -1.476 ns between student_top_inst/Core_cpu/SegReg_ID_EX_inst/inst_ex_reg[21]/C (clocked by clk_out2_pll) and student_top_inst/Core_cpu/PC_inst/pc_reg[9]/CE (clocked by clk_out2_pll). Large setup violations at the end of those stages might be difficult to fix during the post-placement implementation flow and could be the result of non-optimal XDC constraints or non-optimal design architecture
Related violations: <none>

TIMING-16#582 Warning
Large setup violation  
There is a large setup violation of -1.477 ns between student_top_inst/Core_cpu/SegReg_ID_EX_inst/inst_ex_reg[15]/C (clocked by clk_out2_pll) and student_top_inst/Core_cpu/SegReg_ID_EX_inst/csr_rdata_ex_reg[20]/CE (clocked by clk_out2_pll). Large setup violations at the end of those stages might be difficult to fix during the post-placement implementation flow and could be the result of non-optimal XDC constraints or non-optimal design architecture
Related violations: <none>

TIMING-16#583 Warning
Large setup violation  
There is a large setup violation of -1.477 ns between student_top_inst/Core_cpu/SegReg_ID_EX_inst/inst_ex_reg[15]/C (clocked by clk_out2_pll) and student_top_inst/Core_cpu/SegReg_ID_EX_inst/csr_rdata_ex_reg[7]/CE (clocked by clk_out2_pll). Large setup violations at the end of those stages might be difficult to fix during the post-placement implementation flow and could be the result of non-optimal XDC constraints or non-optimal design architecture
Related violations: <none>

TIMING-16#584 Warning
Large setup violation  
There is a large setup violation of -1.477 ns between student_top_inst/Core_cpu/SegReg_ID_EX_inst/inst_ex_reg[15]/C (clocked by clk_out2_pll) and student_top_inst/Core_cpu/SegReg_ID_EX_inst/csr_rdata_ex_reg[9]/CE (clocked by clk_out2_pll). Large setup violations at the end of those stages might be difficult to fix during the post-placement implementation flow and could be the result of non-optimal XDC constraints or non-optimal design architecture
Related violations: <none>

TIMING-16#585 Warning
Large setup violation  
There is a large setup violation of -1.477 ns between student_top_inst/Core_cpu/SegReg_ID_EX_inst/inst_ex_reg[15]/C (clocked by clk_out2_pll) and student_top_inst/Core_cpu/SegReg_ID_EX_inst/imm_ex_reg[21]/CE (clocked by clk_out2_pll). Large setup violations at the end of those stages might be difficult to fix during the post-placement implementation flow and could be the result of non-optimal XDC constraints or non-optimal design architecture
Related violations: <none>

TIMING-16#586 Warning
Large setup violation  
There is a large setup violation of -1.477 ns between student_top_inst/Core_cpu/SegReg_ID_EX_inst/inst_ex_reg[15]/C (clocked by clk_out2_pll) and student_top_inst/Core_cpu/SegReg_ID_EX_inst/imm_ex_reg[23]/CE (clocked by clk_out2_pll). Large setup violations at the end of those stages might be difficult to fix during the post-placement implementation flow and could be the result of non-optimal XDC constraints or non-optimal design architecture
Related violations: <none>

TIMING-16#587 Warning
Large setup violation  
There is a large setup violation of -1.477 ns between student_top_inst/Core_cpu/SegReg_ID_EX_inst/inst_ex_reg[15]/C (clocked by clk_out2_pll) and student_top_inst/Core_cpu/SegReg_ID_EX_inst/imm_ex_reg[24]/CE (clocked by clk_out2_pll). Large setup violations at the end of those stages might be difficult to fix during the post-placement implementation flow and could be the result of non-optimal XDC constraints or non-optimal design architecture
Related violations: <none>

TIMING-16#588 Warning
Large setup violation  
There is a large setup violation of -1.477 ns between student_top_inst/Core_cpu/SegReg_ID_EX_inst/inst_ex_reg[15]/C (clocked by clk_out2_pll) and student_top_inst/Core_cpu/SegReg_ID_EX_inst/pc_ex_reg[31]/CE (clocked by clk_out2_pll). Large setup violations at the end of those stages might be difficult to fix during the post-placement implementation flow and could be the result of non-optimal XDC constraints or non-optimal design architecture
Related violations: <none>

TIMING-16#589 Warning
Large setup violation  
There is a large setup violation of -1.477 ns between student_top_inst/Core_cpu/SegReg_ID_EX_inst/inst_ex_reg[15]/C (clocked by clk_out2_pll) and student_top_inst/Core_cpu/SegReg_ID_EX_inst/rdata1_ex_reg[21]/CE (clocked by clk_out2_pll). Large setup violations at the end of those stages might be difficult to fix during the post-placement implementation flow and could be the result of non-optimal XDC constraints or non-optimal design architecture
Related violations: <none>

TIMING-16#590 Warning
Large setup violation  
There is a large setup violation of -1.477 ns between student_top_inst/Core_cpu/SegReg_ID_EX_inst/inst_ex_reg[15]/C (clocked by clk_out2_pll) and student_top_inst/Core_cpu/SegReg_ID_EX_inst/rdata1_ex_reg[29]/CE (clocked by clk_out2_pll). Large setup violations at the end of those stages might be difficult to fix during the post-placement implementation flow and could be the result of non-optimal XDC constraints or non-optimal design architecture
Related violations: <none>

TIMING-16#591 Warning
Large setup violation  
There is a large setup violation of -1.477 ns between student_top_inst/Core_cpu/SegReg_ID_EX_inst/inst_ex_reg[21]/C (clocked by clk_out2_pll) and student_top_inst/Core_cpu/BPU_inst/ras_stack_reg[2][10]/CE (clocked by clk_out2_pll). Large setup violations at the end of those stages might be difficult to fix during the post-placement implementation flow and could be the result of non-optimal XDC constraints or non-optimal design architecture
Related violations: <none>

TIMING-16#592 Warning
Large setup violation  
There is a large setup violation of -1.477 ns between student_top_inst/Core_cpu/SegReg_ID_EX_inst/inst_ex_reg[21]/C (clocked by clk_out2_pll) and student_top_inst/Core_cpu/BPU_inst/ras_stack_reg[2][14]/CE (clocked by clk_out2_pll). Large setup violations at the end of those stages might be difficult to fix during the post-placement implementation flow and could be the result of non-optimal XDC constraints or non-optimal design architecture
Related violations: <none>

TIMING-16#593 Warning
Large setup violation  
There is a large setup violation of -1.477 ns between student_top_inst/Core_cpu/SegReg_ID_EX_inst/inst_ex_reg[21]/C (clocked by clk_out2_pll) and student_top_inst/Core_cpu/BPU_inst/ras_stack_reg[2][26]/CE (clocked by clk_out2_pll). Large setup violations at the end of those stages might be difficult to fix during the post-placement implementation flow and could be the result of non-optimal XDC constraints or non-optimal design architecture
Related violations: <none>

TIMING-16#594 Warning
Large setup violation  
There is a large setup violation of -1.477 ns between student_top_inst/Core_cpu/SegReg_ID_EX_inst/inst_ex_reg[21]/C (clocked by clk_out2_pll) and student_top_inst/Core_cpu/BPU_inst/ras_stack_reg[2][30]/CE (clocked by clk_out2_pll). Large setup violations at the end of those stages might be difficult to fix during the post-placement implementation flow and could be the result of non-optimal XDC constraints or non-optimal design architecture
Related violations: <none>

TIMING-16#595 Warning
Large setup violation  
There is a large setup violation of -1.477 ns between student_top_inst/Core_cpu/SegReg_ID_EX_inst/inst_ex_reg[21]/C (clocked by clk_out2_pll) and student_top_inst/Core_cpu/BPU_inst/ras_stack_reg[2][5]/CE (clocked by clk_out2_pll). Large setup violations at the end of those stages might be difficult to fix during the post-placement implementation flow and could be the result of non-optimal XDC constraints or non-optimal design architecture
Related violations: <none>

TIMING-16#596 Warning
Large setup violation  
There is a large setup violation of -1.478 ns between student_top_inst/Core_cpu/SegReg_ID_EX_inst/inst_ex_reg[23]/C (clocked by clk_out2_pll) and student_top_inst/Core_cpu/MulDiv_inst/dividend_r_reg[10]/CE (clocked by clk_out2_pll). Large setup violations at the end of those stages might be difficult to fix during the post-placement implementation flow and could be the result of non-optimal XDC constraints or non-optimal design architecture
Related violations: <none>

TIMING-16#597 Warning
Large setup violation  
There is a large setup violation of -1.478 ns between student_top_inst/Core_cpu/SegReg_ID_EX_inst/inst_ex_reg[23]/C (clocked by clk_out2_pll) and student_top_inst/Core_cpu/MulDiv_inst/dividend_r_reg[11]/CE (clocked by clk_out2_pll). Large setup violations at the end of those stages might be difficult to fix during the post-placement implementation flow and could be the result of non-optimal XDC constraints or non-optimal design architecture
Related violations: <none>

TIMING-16#598 Warning
Large setup violation  
There is a large setup violation of -1.478 ns between student_top_inst/Core_cpu/SegReg_ID_EX_inst/inst_ex_reg[23]/C (clocked by clk_out2_pll) and student_top_inst/Core_cpu/MulDiv_inst/dividend_r_reg[12]/CE (clocked by clk_out2_pll). Large setup violations at the end of those stages might be difficult to fix during the post-placement implementation flow and could be the result of non-optimal XDC constraints or non-optimal design architecture
Related violations: <none>

TIMING-16#599 Warning
Large setup violation  
There is a large setup violation of -1.478 ns between student_top_inst/Core_cpu/SegReg_ID_EX_inst/inst_ex_reg[23]/C (clocked by clk_out2_pll) and student_top_inst/Core_cpu/MulDiv_inst/dividend_r_reg[9]/CE (clocked by clk_out2_pll). Large setup violations at the end of those stages might be difficult to fix during the post-placement implementation flow and could be the result of non-optimal XDC constraints or non-optimal design architecture
Related violations: <none>

TIMING-16#600 Warning
Large setup violation  
There is a large setup violation of -1.480 ns between student_top_inst/Core_cpu/SegReg_ID_EX_inst/inst_ex_reg[21]/C (clocked by clk_out2_pll) and student_top_inst/Core_cpu/BPU_inst/btb_reg_0_63_36_38/RAMA/WE (clocked by clk_out2_pll). Large setup violations at the end of those stages might be difficult to fix during the post-placement implementation flow and could be the result of non-optimal XDC constraints or non-optimal design architecture
Related violations: <none>

TIMING-16#601 Warning
Large setup violation  
There is a large setup violation of -1.480 ns between student_top_inst/Core_cpu/SegReg_ID_EX_inst/inst_ex_reg[21]/C (clocked by clk_out2_pll) and student_top_inst/Core_cpu/BPU_inst/btb_reg_0_63_36_38/RAMB/WE (clocked by clk_out2_pll). Large setup violations at the end of those stages might be difficult to fix during the post-placement implementation flow and could be the result of non-optimal XDC constraints or non-optimal design architecture
Related violations: <none>

TIMING-16#602 Warning
Large setup violation  
There is a large setup violation of -1.480 ns between student_top_inst/Core_cpu/SegReg_ID_EX_inst/inst_ex_reg[21]/C (clocked by clk_out2_pll) and student_top_inst/Core_cpu/BPU_inst/btb_reg_0_63_36_38/RAMC/WE (clocked by clk_out2_pll). Large setup violations at the end of those stages might be difficult to fix during the post-placement implementation flow and could be the result of non-optimal XDC constraints or non-optimal design architecture
Related violations: <none>

TIMING-16#603 Warning
Large setup violation  
There is a large setup violation of -1.480 ns between student_top_inst/Core_cpu/SegReg_ID_EX_inst/inst_ex_reg[21]/C (clocked by clk_out2_pll) and student_top_inst/Core_cpu/BPU_inst/btb_reg_0_63_36_38/RAMD/WE (clocked by clk_out2_pll). Large setup violations at the end of those stages might be difficult to fix during the post-placement implementation flow and could be the result of non-optimal XDC constraints or non-optimal design architecture
Related violations: <none>

TIMING-16#604 Warning
Large setup violation  
There is a large setup violation of -1.480 ns between student_top_inst/Core_cpu/SegReg_ID_EX_inst/inst_ex_reg[23]/C (clocked by clk_out2_pll) and student_top_inst/Core_cpu/MulDiv_inst/quotient_r_reg[12]/CE (clocked by clk_out2_pll). Large setup violations at the end of those stages might be difficult to fix during the post-placement implementation flow and could be the result of non-optimal XDC constraints or non-optimal design architecture
Related violations: <none>

TIMING-16#605 Warning
Large setup violation  
There is a large setup violation of -1.480 ns between student_top_inst/Core_cpu/SegReg_ID_EX_inst/inst_ex_reg[23]/C (clocked by clk_out2_pll) and student_top_inst/Core_cpu/MulDiv_inst/rem_r_reg[11]/CE (clocked by clk_out2_pll). Large setup violations at the end of those stages might be difficult to fix during the post-placement implementation flow and could be the result of non-optimal XDC constraints or non-optimal design architecture
Related violations: <none>

TIMING-16#606 Warning
Large setup violation  
There is a large setup violation of -1.481 ns between student_top_inst/Core_cpu/SegReg_ID_EX_inst/inst_ex_reg[21]/C (clocked by clk_out2_pll) and student_top_inst/Core_cpu/BPU_inst/btb_reg_128_191_9_11/RAMA/WE (clocked by clk_out2_pll). Large setup violations at the end of those stages might be difficult to fix during the post-placement implementation flow and could be the result of non-optimal XDC constraints or non-optimal design architecture
Related violations: <none>

TIMING-16#607 Warning
Large setup violation  
There is a large setup violation of -1.481 ns between student_top_inst/Core_cpu/SegReg_ID_EX_inst/inst_ex_reg[21]/C (clocked by clk_out2_pll) and student_top_inst/Core_cpu/BPU_inst/btb_reg_128_191_9_11/RAMB/WE (clocked by clk_out2_pll). Large setup violations at the end of those stages might be difficult to fix during the post-placement implementation flow and could be the result of non-optimal XDC constraints or non-optimal design architecture
Related violations: <none>

TIMING-16#608 Warning
Large setup violation  
There is a large setup violation of -1.481 ns between student_top_inst/Core_cpu/SegReg_ID_EX_inst/inst_ex_reg[21]/C (clocked by clk_out2_pll) and student_top_inst/Core_cpu/BPU_inst/btb_reg_128_191_9_11/RAMC/WE (clocked by clk_out2_pll). Large setup violations at the end of those stages might be difficult to fix during the post-placement implementation flow and could be the result of non-optimal XDC constraints or non-optimal design architecture
Related violations: <none>

TIMING-16#609 Warning
Large setup violation  
There is a large setup violation of -1.481 ns between student_top_inst/Core_cpu/SegReg_ID_EX_inst/inst_ex_reg[21]/C (clocked by clk_out2_pll) and student_top_inst/Core_cpu/BPU_inst/btb_reg_128_191_9_11/RAMD/WE (clocked by clk_out2_pll). Large setup violations at the end of those stages might be difficult to fix during the post-placement implementation flow and could be the result of non-optimal XDC constraints or non-optimal design architecture
Related violations: <none>

TIMING-16#610 Warning
Large setup violation  
There is a large setup violation of -1.482 ns between student_top_inst/Core_cpu/SegReg_ID_EX_inst/inst_ex_reg[15]/C (clocked by clk_out2_pll) and student_top_inst/Core_cpu/SegReg_ID_EX_inst/imm_ex_reg[19]/CE (clocked by clk_out2_pll). Large setup violations at the end of those stages might be difficult to fix during the post-placement implementation flow and could be the result of non-optimal XDC constraints or non-optimal design architecture
Related violations: <none>

TIMING-16#611 Warning
Large setup violation  
There is a large setup violation of -1.482 ns between student_top_inst/Core_cpu/SegReg_ID_EX_inst/inst_ex_reg[15]/C (clocked by clk_out2_pll) and student_top_inst/Core_cpu/SegReg_ID_EX_inst/imm_ex_reg[4]/CE (clocked by clk_out2_pll). Large setup violations at the end of those stages might be difficult to fix during the post-placement implementation flow and could be the result of non-optimal XDC constraints or non-optimal design architecture
Related violations: <none>

TIMING-16#612 Warning
Large setup violation  
There is a large setup violation of -1.482 ns between student_top_inst/Core_cpu/SegReg_ID_EX_inst/inst_ex_reg[15]/C (clocked by clk_out2_pll) and student_top_inst/Core_cpu/SegReg_ID_EX_inst/inst_ex_reg[7]/CE (clocked by clk_out2_pll). Large setup violations at the end of those stages might be difficult to fix during the post-placement implementation flow and could be the result of non-optimal XDC constraints or non-optimal design architecture
Related violations: <none>

TIMING-16#613 Warning
Large setup violation  
There is a large setup violation of -1.482 ns between student_top_inst/Core_cpu/SegReg_ID_EX_inst/inst_ex_reg[15]/C (clocked by clk_out2_pll) and student_top_inst/Core_cpu/SegReg_ID_EX_inst/predict_target_ex_reg[20]/CE (clocked by clk_out2_pll). Large setup violations at the end of those stages might be difficult to fix during the post-placement implementation flow and could be the result of non-optimal XDC constraints or non-optimal design architecture
Related violations: <none>

TIMING-16#614 Warning
Large setup violation  
There is a large setup violation of -1.482 ns between student_top_inst/Core_cpu/SegReg_ID_EX_inst/inst_ex_reg[15]/C (clocked by clk_out2_pll) and student_top_inst/Core_cpu/SegReg_ID_EX_inst/predict_target_ex_reg[29]/CE (clocked by clk_out2_pll). Large setup violations at the end of those stages might be difficult to fix during the post-placement implementation flow and could be the result of non-optimal XDC constraints or non-optimal design architecture
Related violations: <none>

TIMING-16#615 Warning
Large setup violation  
There is a large setup violation of -1.482 ns between student_top_inst/Core_cpu/SegReg_ID_EX_inst/inst_ex_reg[15]/C (clocked by clk_out2_pll) and student_top_inst/Core_cpu/SegReg_ID_EX_inst/priv_vec_ex_reg[0]/CE (clocked by clk_out2_pll). Large setup violations at the end of those stages might be difficult to fix during the post-placement implementation flow and could be the result of non-optimal XDC constraints or non-optimal design architecture
Related violations: <none>

TIMING-16#616 Warning
Large setup violation  
There is a large setup violation of -1.482 ns between student_top_inst/Core_cpu/SegReg_ID_EX_inst/inst_ex_reg[15]/C (clocked by clk_out2_pll) and student_top_inst/Core_cpu/SegReg_ID_EX_inst/rdata2_ex_reg[10]/CE (clocked by clk_out2_pll). Large setup violations at the end of those stages might be difficult to fix during the post-placement implementation flow and could be the result of non-optimal XDC constraints or non-optimal design architecture
Related violations: <none>

TIMING-16#617 Warning
Large setup violation  
There is a large setup violation of -1.482 ns between student_top_inst/Core_cpu/SegReg_ID_EX_inst/inst_ex_reg[15]/C (clocked by clk_out2_pll) and student_top_inst/Core_cpu/SegReg_ID_EX_inst/rdata2_ex_reg[11]/CE (clocked by clk_out2_pll). Large setup violations at the end of those stages might be difficult to fix during the post-placement implementation flow and could be the result of non-optimal XDC constraints or non-optimal design architecture
Related violations: <none>

TIMING-16#618 Warning
Large setup violation  
There is a large setup violation of -1.484 ns between student_top_inst/Core_cpu/SegReg_ID_EX_inst/inst_ex_reg[18]/C (clocked by clk_out2_pll) and student_top_inst/Core_cpu/SegReg_ID_EX_inst/imm_ex_reg[0]/CE (clocked by clk_out2_pll). Large setup violations at the end of those stages might be difficult to fix during the post-placement implementation flow and could be the result of non-optimal XDC constraints or non-optimal design architecture
Related violations: <none>

TIMING-16#619 Warning
Large setup violation  
There is a large setup violation of -1.484 ns between student_top_inst/Core_cpu/SegReg_ID_EX_inst/inst_ex_reg[18]/C (clocked by clk_out2_pll) and student_top_inst/Core_cpu/SegReg_ID_EX_inst/imm_ex_reg[16]/CE (clocked by clk_out2_pll). Large setup violations at the end of those stages might be difficult to fix during the post-placement implementation flow and could be the result of non-optimal XDC constraints or non-optimal design architecture
Related violations: <none>

TIMING-16#620 Warning
Large setup violation  
There is a large setup violation of -1.484 ns between student_top_inst/Core_cpu/SegReg_ID_EX_inst/inst_ex_reg[18]/C (clocked by clk_out2_pll) and student_top_inst/Core_cpu/SegReg_ID_EX_inst/imm_ex_reg[17]/CE (clocked by clk_out2_pll). Large setup violations at the end of those stages might be difficult to fix during the post-placement implementation flow and could be the result of non-optimal XDC constraints or non-optimal design architecture
Related violations: <none>

TIMING-16#621 Warning
Large setup violation  
There is a large setup violation of -1.484 ns between student_top_inst/Core_cpu/SegReg_ID_EX_inst/inst_ex_reg[18]/C (clocked by clk_out2_pll) and student_top_inst/Core_cpu/SegReg_ID_EX_inst/imm_ex_reg[2]/CE (clocked by clk_out2_pll). Large setup violations at the end of those stages might be difficult to fix during the post-placement implementation flow and could be the result of non-optimal XDC constraints or non-optimal design architecture
Related violations: <none>

TIMING-16#622 Warning
Large setup violation  
There is a large setup violation of -1.484 ns between student_top_inst/Core_cpu/SegReg_ID_EX_inst/inst_ex_reg[18]/C (clocked by clk_out2_pll) and student_top_inst/Core_cpu/SegReg_ID_EX_inst/inst_ex_reg[16]/CE (clocked by clk_out2_pll). Large setup violations at the end of those stages might be difficult to fix during the post-placement implementation flow and could be the result of non-optimal XDC constraints or non-optimal design architecture
Related violations: <none>

TIMING-16#623 Warning
Large setup violation  
There is a large setup violation of -1.484 ns between student_top_inst/Core_cpu/SegReg_ID_EX_inst/inst_ex_reg[18]/C (clocked by clk_out2_pll) and student_top_inst/Core_cpu/SegReg_ID_EX_inst/pc_ex_reg[20]/CE (clocked by clk_out2_pll). Large setup violations at the end of those stages might be difficult to fix during the post-placement implementation flow and could be the result of non-optimal XDC constraints or non-optimal design architecture
Related violations: <none>

TIMING-16#624 Warning
Large setup violation  
There is a large setup violation of -1.484 ns between student_top_inst/Core_cpu/SegReg_ID_EX_inst/inst_ex_reg[18]/C (clocked by clk_out2_pll) and student_top_inst/Core_cpu/SegReg_ID_EX_inst/pc_ex_reg[23]/CE (clocked by clk_out2_pll). Large setup violations at the end of those stages might be difficult to fix during the post-placement implementation flow and could be the result of non-optimal XDC constraints or non-optimal design architecture
Related violations: <none>

TIMING-16#625 Warning
Large setup violation  
There is a large setup violation of -1.484 ns between student_top_inst/Core_cpu/SegReg_ID_EX_inst/inst_ex_reg[18]/C (clocked by clk_out2_pll) and student_top_inst/Core_cpu/SegReg_ID_EX_inst/pc_ex_reg[24]/CE (clocked by clk_out2_pll). Large setup violations at the end of those stages might be difficult to fix during the post-placement implementation flow and could be the result of non-optimal XDC constraints or non-optimal design architecture
Related violations: <none>

TIMING-16#626 Warning
Large setup violation  
There is a large setup violation of -1.485 ns between student_top_inst/Core_cpu/SegReg_ID_EX_inst/inst_ex_reg[18]/C (clocked by clk_out2_pll) and student_top_inst/Core_cpu/SegReg_ID_EX_inst/pc_ex_reg[7]/CE (clocked by clk_out2_pll). Large setup violations at the end of those stages might be difficult to fix during the post-placement implementation flow and could be the result of non-optimal XDC constraints or non-optimal design architecture
Related violations: <none>

TIMING-16#627 Warning
Large setup violation  
There is a large setup violation of -1.485 ns between student_top_inst/Core_cpu/SegReg_ID_EX_inst/inst_ex_reg[18]/C (clocked by clk_out2_pll) and student_top_inst/Core_cpu/SegReg_ID_EX_inst/pc_ex_reg[9]/CE (clocked by clk_out2_pll). Large setup violations at the end of those stages might be difficult to fix during the post-placement implementation flow and could be the result of non-optimal XDC constraints or non-optimal design architecture
Related violations: <none>

TIMING-16#628 Warning
Large setup violation  
There is a large setup violation of -1.485 ns between student_top_inst/Core_cpu/SegReg_ID_EX_inst/inst_ex_reg[18]/C (clocked by clk_out2_pll) and student_top_inst/Core_cpu/SegReg_ID_EX_inst/predict_taken_ex_reg[0]/CE (clocked by clk_out2_pll). Large setup violations at the end of those stages might be difficult to fix during the post-placement implementation flow and could be the result of non-optimal XDC constraints or non-optimal design architecture
Related violations: <none>

TIMING-16#629 Warning
Large setup violation  
There is a large setup violation of -1.485 ns between student_top_inst/Core_cpu/SegReg_ID_EX_inst/inst_ex_reg[18]/C (clocked by clk_out2_pll) and student_top_inst/Core_cpu/SegReg_ID_EX_inst/predict_target_ex_reg[14]/CE (clocked by clk_out2_pll). Large setup violations at the end of those stages might be difficult to fix during the post-placement implementation flow and could be the result of non-optimal XDC constraints or non-optimal design architecture
Related violations: <none>

TIMING-16#630 Warning
Large setup violation  
There is a large setup violation of -1.485 ns between student_top_inst/Core_cpu/SegReg_ID_EX_inst/inst_ex_reg[18]/C (clocked by clk_out2_pll) and student_top_inst/Core_cpu/SegReg_ID_EX_inst/predict_target_ex_reg[17]/CE (clocked by clk_out2_pll). Large setup violations at the end of those stages might be difficult to fix during the post-placement implementation flow and could be the result of non-optimal XDC constraints or non-optimal design architecture
Related violations: <none>

TIMING-16#631 Warning
Large setup violation  
There is a large setup violation of -1.485 ns between student_top_inst/Core_cpu/SegReg_ID_EX_inst/inst_ex_reg[18]/C (clocked by clk_out2_pll) and student_top_inst/Core_cpu/SegReg_ID_EX_inst/rdata2_ex_reg[18]/CE (clocked by clk_out2_pll). Large setup violations at the end of those stages might be difficult to fix during the post-placement implementation flow and could be the result of non-optimal XDC constraints or non-optimal design architecture
Related violations: <none>

TIMING-16#632 Warning
Large setup violation  
There is a large setup violation of -1.485 ns between student_top_inst/Core_cpu/SegReg_ID_EX_inst/inst_ex_reg[18]/C (clocked by clk_out2_pll) and student_top_inst/Core_cpu/SegReg_ID_EX_inst/rdata2_ex_reg[21]/CE (clocked by clk_out2_pll). Large setup violations at the end of those stages might be difficult to fix during the post-placement implementation flow and could be the result of non-optimal XDC constraints or non-optimal design architecture
Related violations: <none>

TIMING-16#633 Warning
Large setup violation  
There is a large setup violation of -1.485 ns between student_top_inst/Core_cpu/SegReg_ID_EX_inst/inst_ex_reg[18]/C (clocked by clk_out2_pll) and student_top_inst/Core_cpu/SegReg_ID_EX_inst/rdata2_ex_reg[22]/CE (clocked by clk_out2_pll). Large setup violations at the end of those stages might be difficult to fix during the post-placement implementation flow and could be the result of non-optimal XDC constraints or non-optimal design architecture
Related violations: <none>

TIMING-16#634 Warning
Large setup violation  
There is a large setup violation of -1.485 ns between student_top_inst/Core_cpu/SegReg_ID_EX_inst/inst_ex_reg[21]/C (clocked by clk_out2_pll) and student_top_inst/Core_cpu/PC_inst/pc_reg[0]/CE (clocked by clk_out2_pll). Large setup violations at the end of those stages might be difficult to fix during the post-placement implementation flow and could be the result of non-optimal XDC constraints or non-optimal design architecture
Related violations: <none>

TIMING-16#635 Warning
Large setup violation  
There is a large setup violation of -1.485 ns between student_top_inst/Core_cpu/SegReg_ID_EX_inst/inst_ex_reg[21]/C (clocked by clk_out2_pll) and student_top_inst/Core_cpu/PC_inst/pc_reg[12]/CE (clocked by clk_out2_pll). Large setup violations at the end of those stages might be difficult to fix during the post-placement implementation flow and could be the result of non-optimal XDC constraints or non-optimal design architecture
Related violations: <none>

TIMING-16#636 Warning
Large setup violation  
There is a large setup violation of -1.485 ns between student_top_inst/Core_cpu/SegReg_ID_EX_inst/inst_ex_reg[21]/C (clocked by clk_out2_pll) and student_top_inst/Core_cpu/PC_inst/pc_reg[16]/CE (clocked by clk_out2_pll). Large setup violations at the end of those stages might be difficult to fix during the post-placement implementation flow and could be the result of non-optimal XDC constraints or non-optimal design architecture
Related violations: <none>

TIMING-16#637 Warning
Large setup violation  
There is a large setup violation of -1.487 ns between student_top_inst/Core_cpu/SegReg_ID_EX_inst/inst_ex_reg[21]/C (clocked by clk_out2_pll) and student_top_inst/Core_cpu/PC_inst/pc_reg[9]/D (clocked by clk_out2_pll). Large setup violations at the end of those stages might be difficult to fix during the post-placement implementation flow and could be the result of non-optimal XDC constraints or non-optimal design architecture
Related violations: <none>

TIMING-16#638 Warning
Large setup violation  
There is a large setup violation of -1.488 ns between student_top_inst/Core_cpu/SegReg_ID_EX_inst/inst_ex_reg[21]/C (clocked by clk_out2_pll) and student_top_inst/Core_cpu/BPU_inst/ras_stack_reg[0][1]/CE (clocked by clk_out2_pll). Large setup violations at the end of those stages might be difficult to fix during the post-placement implementation flow and could be the result of non-optimal XDC constraints or non-optimal design architecture
Related violations: <none>

TIMING-16#639 Warning
Large setup violation  
There is a large setup violation of -1.488 ns between student_top_inst/Core_cpu/SegReg_ID_EX_inst/inst_ex_reg[21]/C (clocked by clk_out2_pll) and student_top_inst/Core_cpu/BPU_inst/ras_stack_reg[0][2]/CE (clocked by clk_out2_pll). Large setup violations at the end of those stages might be difficult to fix during the post-placement implementation flow and could be the result of non-optimal XDC constraints or non-optimal design architecture
Related violations: <none>

TIMING-16#640 Warning
Large setup violation  
There is a large setup violation of -1.488 ns between student_top_inst/Core_cpu/SegReg_ID_EX_inst/inst_ex_reg[21]/C (clocked by clk_out2_pll) and student_top_inst/Core_cpu/BPU_inst/ras_stack_reg[0][3]/CE (clocked by clk_out2_pll). Large setup violations at the end of those stages might be difficult to fix during the post-placement implementation flow and could be the result of non-optimal XDC constraints or non-optimal design architecture
Related violations: <none>

TIMING-16#641 Warning
Large setup violation  
There is a large setup violation of -1.488 ns between student_top_inst/Core_cpu/SegReg_ID_EX_inst/inst_ex_reg[21]/C (clocked by clk_out2_pll) and student_top_inst/Core_cpu/BPU_inst/ras_stack_reg[0][4]/CE (clocked by clk_out2_pll). Large setup violations at the end of those stages might be difficult to fix during the post-placement implementation flow and could be the result of non-optimal XDC constraints or non-optimal design architecture
Related violations: <none>

TIMING-16#642 Warning
Large setup violation  
There is a large setup violation of -1.489 ns between student_top_inst/Core_cpu/SegReg_ID_EX_inst/inst_ex_reg[21]/C (clocked by clk_out2_pll) and student_top_inst/Core_cpu/BPU_inst/ras_top_reg[18]/CE (clocked by clk_out2_pll). Large setup violations at the end of those stages might be difficult to fix during the post-placement implementation flow and could be the result of non-optimal XDC constraints or non-optimal design architecture
Related violations: <none>

TIMING-16#643 Warning
Large setup violation  
There is a large setup violation of -1.489 ns between student_top_inst/Core_cpu/SegReg_ID_EX_inst/inst_ex_reg[21]/C (clocked by clk_out2_pll) and student_top_inst/Core_cpu/BPU_inst/ras_top_reg[1]/CE (clocked by clk_out2_pll). Large setup violations at the end of those stages might be difficult to fix during the post-placement implementation flow and could be the result of non-optimal XDC constraints or non-optimal design architecture
Related violations: <none>

TIMING-16#644 Warning
Large setup violation  
There is a large setup violation of -1.489 ns between student_top_inst/Core_cpu/SegReg_ID_EX_inst/inst_ex_reg[21]/C (clocked by clk_out2_pll) and student_top_inst/Core_cpu/BPU_inst/ras_top_reg[20]/CE (clocked by clk_out2_pll). Large setup violations at the end of those stages might be difficult to fix during the post-placement implementation flow and could be the result of non-optimal XDC constraints or non-optimal design architecture
Related violations: <none>

TIMING-16#645 Warning
Large setup violation  
There is a large setup violation of -1.489 ns between student_top_inst/Core_cpu/SegReg_ID_EX_inst/inst_ex_reg[21]/C (clocked by clk_out2_pll) and student_top_inst/Core_cpu/BPU_inst/ras_top_reg[30]/CE (clocked by clk_out2_pll). Large setup violations at the end of those stages might be difficult to fix during the post-placement implementation flow and could be the result of non-optimal XDC constraints or non-optimal design architecture
Related violations: <none>

TIMING-16#646 Warning
Large setup violation  
There is a large setup violation of -1.489 ns between student_top_inst/Core_cpu/SegReg_ID_EX_inst/inst_ex_reg[23]/C (clocked by clk_out2_pll) and student_top_inst/Core_cpu/MulDiv_inst/result_reg[26]/CE (clocked by clk_out2_pll). Large setup violations at the end of those stages might be difficult to fix during the post-placement implementation flow and could be the result of non-optimal XDC constraints or non-optimal design architecture
Related violations: <none>

TIMING-16#647 Warning
Large setup violation  
There is a large setup violation of -1.489 ns between student_top_inst/Core_cpu/SegReg_ID_EX_inst/inst_ex_reg[23]/C (clocked by clk_out2_pll) and student_top_inst/Core_cpu/MulDiv_inst/result_reg[4]/CE (clocked by clk_out2_pll). Large setup violations at the end of those stages might be difficult to fix during the post-placement implementation flow and could be the result of non-optimal XDC constraints or non-optimal design architecture
Related violations: <none>

TIMING-16#648 Warning
Large setup violation  
There is a large setup violation of -1.490 ns between student_top_inst/Core_cpu/SegReg_ID_EX_inst/inst_ex_reg[21]/C (clocked by clk_out2_pll) and student_top_inst/Core_cpu/PC_inst/pc_reg[16]/D (clocked by clk_out2_pll). Large setup violations at the end of those stages might be difficult to fix during the post-placement implementation flow and could be the result of non-optimal XDC constraints or non-optimal design architecture
Related violations: <none>

TIMING-16#649 Warning
Large setup violation  
There is a large setup violation of -1.491 ns between student_top_inst/Core_cpu/SegReg_ID_EX_inst/inst_ex_reg[21]/C (clocked by clk_out2_pll) and student_top_inst/Core_cpu/BPU_inst/ras_stack_reg[1][17]/CE (clocked by clk_out2_pll). Large setup violations at the end of those stages might be difficult to fix during the post-placement implementation flow and could be the result of non-optimal XDC constraints or non-optimal design architecture
Related violations: <none>

TIMING-16#650 Warning
Large setup violation  
There is a large setup violation of -1.491 ns between student_top_inst/Core_cpu/SegReg_ID_EX_inst/inst_ex_reg[21]/C (clocked by clk_out2_pll) and student_top_inst/Core_cpu/BPU_inst/ras_stack_reg[1][21]/CE (clocked by clk_out2_pll). Large setup violations at the end of those stages might be difficult to fix during the post-placement implementation flow and could be the result of non-optimal XDC constraints or non-optimal design architecture
Related violations: <none>

TIMING-16#651 Warning
Large setup violation  
There is a large setup violation of -1.492 ns between student_top_inst/Core_cpu/SegReg_ID_EX_inst/inst_ex_reg[21]/C (clocked by clk_out2_pll) and student_top_inst/Core_cpu/BPU_inst/ras_stack_reg[3][10]/CE (clocked by clk_out2_pll). Large setup violations at the end of those stages might be difficult to fix during the post-placement implementation flow and could be the result of non-optimal XDC constraints or non-optimal design architecture
Related violations: <none>

TIMING-16#652 Warning
Large setup violation  
There is a large setup violation of -1.492 ns between student_top_inst/Core_cpu/SegReg_ID_EX_inst/inst_ex_reg[21]/C (clocked by clk_out2_pll) and student_top_inst/Core_cpu/BPU_inst/ras_stack_reg[3][11]/CE (clocked by clk_out2_pll). Large setup violations at the end of those stages might be difficult to fix during the post-placement implementation flow and could be the result of non-optimal XDC constraints or non-optimal design architecture
Related violations: <none>

TIMING-16#653 Warning
Large setup violation  
There is a large setup violation of -1.492 ns between student_top_inst/Core_cpu/SegReg_ID_EX_inst/inst_ex_reg[21]/C (clocked by clk_out2_pll) and student_top_inst/Core_cpu/BPU_inst/ras_stack_reg[3][13]/CE (clocked by clk_out2_pll). Large setup violations at the end of those stages might be difficult to fix during the post-placement implementation flow and could be the result of non-optimal XDC constraints or non-optimal design architecture
Related violations: <none>

TIMING-16#654 Warning
Large setup violation  
There is a large setup violation of -1.492 ns between student_top_inst/Core_cpu/SegReg_ID_EX_inst/inst_ex_reg[21]/C (clocked by clk_out2_pll) and student_top_inst/Core_cpu/BPU_inst/ras_stack_reg[3][14]/CE (clocked by clk_out2_pll). Large setup violations at the end of those stages might be difficult to fix during the post-placement implementation flow and could be the result of non-optimal XDC constraints or non-optimal design architecture
Related violations: <none>

TIMING-16#655 Warning
Large setup violation  
There is a large setup violation of -1.492 ns between student_top_inst/Core_cpu/SegReg_ID_EX_inst/inst_ex_reg[21]/C (clocked by clk_out2_pll) and student_top_inst/Core_cpu/BPU_inst/ras_stack_reg[3][1]/CE (clocked by clk_out2_pll). Large setup violations at the end of those stages might be difficult to fix during the post-placement implementation flow and could be the result of non-optimal XDC constraints or non-optimal design architecture
Related violations: <none>

TIMING-16#656 Warning
Large setup violation  
There is a large setup violation of -1.492 ns between student_top_inst/Core_cpu/SegReg_ID_EX_inst/inst_ex_reg[21]/C (clocked by clk_out2_pll) and student_top_inst/Core_cpu/BPU_inst/ras_stack_reg[3][31]/CE (clocked by clk_out2_pll). Large setup violations at the end of those stages might be difficult to fix during the post-placement implementation flow and could be the result of non-optimal XDC constraints or non-optimal design architecture
Related violations: <none>

TIMING-16#657 Warning
Large setup violation  
There is a large setup violation of -1.492 ns between student_top_inst/Core_cpu/SegReg_ID_EX_inst/inst_ex_reg[21]/C (clocked by clk_out2_pll) and student_top_inst/Core_cpu/BPU_inst/ras_stack_reg[3][9]/CE (clocked by clk_out2_pll). Large setup violations at the end of those stages might be difficult to fix during the post-placement implementation flow and could be the result of non-optimal XDC constraints or non-optimal design architecture
Related violations: <none>

TIMING-16#658 Warning
Large setup violation  
There is a large setup violation of -1.492 ns between student_top_inst/Core_cpu/SegReg_ID_EX_inst/inst_ex_reg[21]/C (clocked by clk_out2_pll) and student_top_inst/Core_cpu/PC_inst/pc_reg[31]/D (clocked by clk_out2_pll). Large setup violations at the end of those stages might be difficult to fix during the post-placement implementation flow and could be the result of non-optimal XDC constraints or non-optimal design architecture
Related violations: <none>

TIMING-16#659 Warning
Large setup violation  
There is a large setup violation of -1.492 ns between student_top_inst/Core_cpu/SegReg_ID_EX_inst/inst_ex_reg[21]/C (clocked by clk_out2_pll) and student_top_inst/Core_cpu/SegReg_IF1_IF2_inst/pc_if2_reg[10]/CE (clocked by clk_out2_pll). Large setup violations at the end of those stages might be difficult to fix during the post-placement implementation flow and could be the result of non-optimal XDC constraints or non-optimal design architecture
Related violations: <none>

TIMING-16#660 Warning
Large setup violation  
There is a large setup violation of -1.494 ns between student_top_inst/Core_cpu/SegReg_ID_EX_inst/inst_ex_reg[21]/C (clocked by clk_out2_pll) and student_top_inst/Core_cpu/PC_inst/pc_reg[19]/CE (clocked by clk_out2_pll). Large setup violations at the end of those stages might be difficult to fix during the post-placement implementation flow and could be the result of non-optimal XDC constraints or non-optimal design architecture
Related violations: <none>

TIMING-16#661 Warning
Large setup violation  
There is a large setup violation of -1.494 ns between student_top_inst/Core_cpu/SegReg_ID_EX_inst/inst_ex_reg[21]/C (clocked by clk_out2_pll) and student_top_inst/Core_cpu/PC_inst/pc_reg[20]/CE (clocked by clk_out2_pll). Large setup violations at the end of those stages might be difficult to fix during the post-placement implementation flow and could be the result of non-optimal XDC constraints or non-optimal design architecture
Related violations: <none>

TIMING-16#662 Warning
Large setup violation  
There is a large setup violation of -1.494 ns between student_top_inst/Core_cpu/SegReg_ID_EX_inst/inst_ex_reg[23]/C (clocked by clk_out2_pll) and student_top_inst/Core_cpu/MulDiv_inst/divisor_r_reg[10]/CE (clocked by clk_out2_pll). Large setup violations at the end of those stages might be difficult to fix during the post-placement implementation flow and could be the result of non-optimal XDC constraints or non-optimal design architecture
Related violations: <none>

TIMING-16#663 Warning
Large setup violation  
There is a large setup violation of -1.494 ns between student_top_inst/Core_cpu/SegReg_ID_EX_inst/inst_ex_reg[23]/C (clocked by clk_out2_pll) and student_top_inst/Core_cpu/MulDiv_inst/divisor_r_reg[11]/CE (clocked by clk_out2_pll). Large setup violations at the end of those stages might be difficult to fix during the post-placement implementation flow and could be the result of non-optimal XDC constraints or non-optimal design architecture
Related violations: <none>

TIMING-16#664 Warning
Large setup violation  
There is a large setup violation of -1.494 ns between student_top_inst/Core_cpu/SegReg_ID_EX_inst/inst_ex_reg[23]/C (clocked by clk_out2_pll) and student_top_inst/Core_cpu/MulDiv_inst/divisor_r_reg[8]/CE (clocked by clk_out2_pll). Large setup violations at the end of those stages might be difficult to fix during the post-placement implementation flow and could be the result of non-optimal XDC constraints or non-optimal design architecture
Related violations: <none>

TIMING-16#665 Warning
Large setup violation  
There is a large setup violation of -1.494 ns between student_top_inst/Core_cpu/SegReg_ID_EX_inst/inst_ex_reg[23]/C (clocked by clk_out2_pll) and student_top_inst/Core_cpu/MulDiv_inst/divisor_r_reg[9]/CE (clocked by clk_out2_pll). Large setup violations at the end of those stages might be difficult to fix during the post-placement implementation flow and could be the result of non-optimal XDC constraints or non-optimal design architecture
Related violations: <none>

TIMING-16#666 Warning
Large setup violation  
There is a large setup violation of -1.496 ns between student_top_inst/Core_cpu/SegReg_ID_EX_inst/inst_ex_reg[21]/C (clocked by clk_out2_pll) and student_top_inst/Core_cpu/PC_inst/pc_reg[24]/CE (clocked by clk_out2_pll). Large setup violations at the end of those stages might be difficult to fix during the post-placement implementation flow and could be the result of non-optimal XDC constraints or non-optimal design architecture
Related violations: <none>

TIMING-16#667 Warning
Large setup violation  
There is a large setup violation of -1.496 ns between student_top_inst/Core_cpu/SegReg_ID_EX_inst/inst_ex_reg[21]/C (clocked by clk_out2_pll) and student_top_inst/Core_cpu/PC_inst/pc_reg[29]/CE (clocked by clk_out2_pll). Large setup violations at the end of those stages might be difficult to fix during the post-placement implementation flow and could be the result of non-optimal XDC constraints or non-optimal design architecture
Related violations: <none>

TIMING-16#668 Warning
Large setup violation  
There is a large setup violation of -1.496 ns between student_top_inst/Core_cpu/SegReg_ID_EX_inst/inst_ex_reg[21]/C (clocked by clk_out2_pll) and student_top_inst/Core_cpu/PC_inst/pc_reg[3]_rep/CE (clocked by clk_out2_pll). Large setup violations at the end of those stages might be difficult to fix during the post-placement implementation flow and could be the result of non-optimal XDC constraints or non-optimal design architecture
Related violations: <none>

TIMING-16#669 Warning
Large setup violation  
There is a large setup violation of -1.497 ns between student_top_inst/Core_cpu/SegReg_ID_EX_inst/inst_ex_reg[21]/C (clocked by clk_out2_pll) and student_top_inst/Core_cpu/SegReg_IF1_IF2_inst/pc_if2_reg[0]/CE (clocked by clk_out2_pll). Large setup violations at the end of those stages might be difficult to fix during the post-placement implementation flow and could be the result of non-optimal XDC constraints or non-optimal design architecture
Related violations: <none>

TIMING-16#670 Warning
Large setup violation  
There is a large setup violation of -1.498 ns between student_top_inst/Core_cpu/SegReg_ID_EX_inst/inst_ex_reg[21]/C (clocked by clk_out2_pll) and student_top_inst/Core_cpu/PC_inst/pc_reg[14]/CE (clocked by clk_out2_pll). Large setup violations at the end of those stages might be difficult to fix during the post-placement implementation flow and could be the result of non-optimal XDC constraints or non-optimal design architecture
Related violations: <none>

TIMING-16#671 Warning
Large setup violation  
There is a large setup violation of -1.498 ns between student_top_inst/Core_cpu/SegReg_ID_EX_inst/inst_ex_reg[21]/C (clocked by clk_out2_pll) and student_top_inst/Core_cpu/PC_inst/pc_reg[2]/CE (clocked by clk_out2_pll). Large setup violations at the end of those stages might be difficult to fix during the post-placement implementation flow and could be the result of non-optimal XDC constraints or non-optimal design architecture
Related violations: <none>

TIMING-16#672 Warning
Large setup violation  
There is a large setup violation of -1.498 ns between student_top_inst/Core_cpu/SegReg_ID_EX_inst/inst_ex_reg[21]/C (clocked by clk_out2_pll) and student_top_inst/Core_cpu/PC_inst/pc_reg[2]_rep/CE (clocked by clk_out2_pll). Large setup violations at the end of those stages might be difficult to fix during the post-placement implementation flow and could be the result of non-optimal XDC constraints or non-optimal design architecture
Related violations: <none>

TIMING-16#673 Warning
Large setup violation  
There is a large setup violation of -1.498 ns between student_top_inst/Core_cpu/SegReg_ID_EX_inst/inst_ex_reg[21]/C (clocked by clk_out2_pll) and student_top_inst/Core_cpu/PC_inst/pc_reg[2]_rep__0/CE (clocked by clk_out2_pll). Large setup violations at the end of those stages might be difficult to fix during the post-placement implementation flow and could be the result of non-optimal XDC constraints or non-optimal design architecture
Related violations: <none>

TIMING-16#674 Warning
Large setup violation  
There is a large setup violation of -1.500 ns between student_top_inst/Core_cpu/SegReg_ID_EX_inst/inst_ex_reg[21]/C (clocked by clk_out2_pll) and student_top_inst/Core_cpu/BPU_inst/ras_stack_reg[0][5]/CE (clocked by clk_out2_pll). Large setup violations at the end of those stages might be difficult to fix during the post-placement implementation flow and could be the result of non-optimal XDC constraints or non-optimal design architecture
Related violations: <none>

TIMING-16#675 Warning
Large setup violation  
There is a large setup violation of -1.500 ns between student_top_inst/Core_cpu/SegReg_ID_EX_inst/inst_ex_reg[21]/C (clocked by clk_out2_pll) and student_top_inst/Core_cpu/BPU_inst/ras_stack_reg[0][6]/CE (clocked by clk_out2_pll). Large setup violations at the end of those stages might be difficult to fix during the post-placement implementation flow and could be the result of non-optimal XDC constraints or non-optimal design architecture
Related violations: <none>

TIMING-16#676 Warning
Large setup violation  
There is a large setup violation of -1.500 ns between student_top_inst/Core_cpu/SegReg_ID_EX_inst/inst_ex_reg[21]/C (clocked by clk_out2_pll) and student_top_inst/Core_cpu/BPU_inst/ras_stack_reg[0][7]/CE (clocked by clk_out2_pll). Large setup violations at the end of those stages might be difficult to fix during the post-placement implementation flow and could be the result of non-optimal XDC constraints or non-optimal design architecture
Related violations: <none>

TIMING-16#677 Warning
Large setup violation  
There is a large setup violation of -1.500 ns between student_top_inst/Core_cpu/SegReg_ID_EX_inst/inst_ex_reg[21]/C (clocked by clk_out2_pll) and student_top_inst/Core_cpu/BPU_inst/ras_stack_reg[0][8]/CE (clocked by clk_out2_pll). Large setup violations at the end of those stages might be difficult to fix during the post-placement implementation flow and could be the result of non-optimal XDC constraints or non-optimal design architecture
Related violations: <none>

TIMING-16#678 Warning
Large setup violation  
There is a large setup violation of -1.500 ns between student_top_inst/Core_cpu/SegReg_ID_EX_inst/inst_ex_reg[21]/C (clocked by clk_out2_pll) and student_top_inst/Core_cpu/SegReg_IF1_IF2_inst/pc_if2_reg[18]/CE (clocked by clk_out2_pll). Large setup violations at the end of those stages might be difficult to fix during the post-placement implementation flow and could be the result of non-optimal XDC constraints or non-optimal design architecture
Related violations: <none>

TIMING-16#679 Warning
Large setup violation  
There is a large setup violation of -1.501 ns between student_top_inst/Core_cpu/SegReg_ID_EX_inst/inst_ex_reg[21]/C (clocked by clk_out2_pll) and student_top_inst/Core_cpu/BPU_inst/ras_stack_reg[1][23]/CE (clocked by clk_out2_pll). Large setup violations at the end of those stages might be difficult to fix during the post-placement implementation flow and could be the result of non-optimal XDC constraints or non-optimal design architecture
Related violations: <none>

TIMING-16#680 Warning
Large setup violation  
There is a large setup violation of -1.501 ns between student_top_inst/Core_cpu/SegReg_ID_EX_inst/inst_ex_reg[21]/C (clocked by clk_out2_pll) and student_top_inst/Core_cpu/BPU_inst/ras_stack_reg[1][24]/CE (clocked by clk_out2_pll). Large setup violations at the end of those stages might be difficult to fix during the post-placement implementation flow and could be the result of non-optimal XDC constraints or non-optimal design architecture
Related violations: <none>

TIMING-16#681 Warning
Large setup violation  
There is a large setup violation of -1.501 ns between student_top_inst/Core_cpu/SegReg_ID_EX_inst/inst_ex_reg[21]/C (clocked by clk_out2_pll) and student_top_inst/Core_cpu/BPU_inst/ras_stack_reg[1][7]/CE (clocked by clk_out2_pll). Large setup violations at the end of those stages might be difficult to fix during the post-placement implementation flow and could be the result of non-optimal XDC constraints or non-optimal design architecture
Related violations: <none>

TIMING-16#682 Warning
Large setup violation  
There is a large setup violation of -1.501 ns between student_top_inst/Core_cpu/SegReg_ID_EX_inst/inst_ex_reg[21]/C (clocked by clk_out2_pll) and student_top_inst/Core_cpu/BPU_inst/ras_stack_reg[1][9]/CE (clocked by clk_out2_pll). Large setup violations at the end of those stages might be difficult to fix during the post-placement implementation flow and could be the result of non-optimal XDC constraints or non-optimal design architecture
Related violations: <none>

TIMING-16#683 Warning
Large setup violation  
There is a large setup violation of -1.501 ns between student_top_inst/Core_cpu/SegReg_ID_EX_inst/inst_ex_reg[21]/C (clocked by clk_out2_pll) and student_top_inst/Core_cpu/BPU_inst/ras_stack_reg[2][12]/CE (clocked by clk_out2_pll). Large setup violations at the end of those stages might be difficult to fix during the post-placement implementation flow and could be the result of non-optimal XDC constraints or non-optimal design architecture
Related violations: <none>

TIMING-16#684 Warning
Large setup violation  
There is a large setup violation of -1.501 ns between student_top_inst/Core_cpu/SegReg_ID_EX_inst/inst_ex_reg[21]/C (clocked by clk_out2_pll) and student_top_inst/Core_cpu/BPU_inst/ras_stack_reg[2][17]/CE (clocked by clk_out2_pll). Large setup violations at the end of those stages might be difficult to fix during the post-placement implementation flow and could be the result of non-optimal XDC constraints or non-optimal design architecture
Related violations: <none>

TIMING-16#685 Warning
Large setup violation  
There is a large setup violation of -1.501 ns between student_top_inst/Core_cpu/SegReg_ID_EX_inst/inst_ex_reg[21]/C (clocked by clk_out2_pll) and student_top_inst/Core_cpu/BPU_inst/ras_stack_reg[2][18]/CE (clocked by clk_out2_pll). Large setup violations at the end of those stages might be difficult to fix during the post-placement implementation flow and could be the result of non-optimal XDC constraints or non-optimal design architecture
Related violations: <none>

TIMING-16#686 Warning
Large setup violation  
There is a large setup violation of -1.501 ns between student_top_inst/Core_cpu/SegReg_ID_EX_inst/inst_ex_reg[21]/C (clocked by clk_out2_pll) and student_top_inst/Core_cpu/BPU_inst/ras_stack_reg[2][19]/CE (clocked by clk_out2_pll). Large setup violations at the end of those stages might be difficult to fix during the post-placement implementation flow and could be the result of non-optimal XDC constraints or non-optimal design architecture
Related violations: <none>

TIMING-16#687 Warning
Large setup violation  
There is a large setup violation of -1.501 ns between student_top_inst/Core_cpu/SegReg_ID_EX_inst/inst_ex_reg[21]/C (clocked by clk_out2_pll) and student_top_inst/Core_cpu/BPU_inst/ras_stack_reg[2][21]/CE (clocked by clk_out2_pll). Large setup violations at the end of those stages might be difficult to fix during the post-placement implementation flow and could be the result of non-optimal XDC constraints or non-optimal design architecture
Related violations: <none>

TIMING-16#688 Warning
Large setup violation  
There is a large setup violation of -1.501 ns between student_top_inst/Core_cpu/SegReg_ID_EX_inst/inst_ex_reg[21]/C (clocked by clk_out2_pll) and student_top_inst/Core_cpu/BPU_inst/ras_stack_reg[2][23]/CE (clocked by clk_out2_pll). Large setup violations at the end of those stages might be difficult to fix during the post-placement implementation flow and could be the result of non-optimal XDC constraints or non-optimal design architecture
Related violations: <none>

TIMING-16#689 Warning
Large setup violation  
There is a large setup violation of -1.501 ns between student_top_inst/Core_cpu/SegReg_ID_EX_inst/inst_ex_reg[21]/C (clocked by clk_out2_pll) and student_top_inst/Core_cpu/BPU_inst/ras_stack_reg[2][6]/CE (clocked by clk_out2_pll). Large setup violations at the end of those stages might be difficult to fix during the post-placement implementation flow and could be the result of non-optimal XDC constraints or non-optimal design architecture
Related violations: <none>

TIMING-16#690 Warning
Large setup violation  
There is a large setup violation of -1.502 ns between student_top_inst/Core_cpu/SegReg_ID_EX_inst/inst_ex_reg[21]/C (clocked by clk_out2_pll) and student_top_inst/Core_cpu/PC_inst/pc_reg[21]/D (clocked by clk_out2_pll). Large setup violations at the end of those stages might be difficult to fix during the post-placement implementation flow and could be the result of non-optimal XDC constraints or non-optimal design architecture
Related violations: <none>

TIMING-16#691 Warning
Large setup violation  
There is a large setup violation of -1.506 ns between student_top_inst/Core_cpu/SegReg_ID_EX_inst/inst_ex_reg[15]/C (clocked by clk_out2_pll) and student_top_inst/Core_cpu/SegReg_ID_EX_inst/csr_rdata_ex_reg[19]/CE (clocked by clk_out2_pll). Large setup violations at the end of those stages might be difficult to fix during the post-placement implementation flow and could be the result of non-optimal XDC constraints or non-optimal design architecture
Related violations: <none>

TIMING-16#692 Warning
Large setup violation  
There is a large setup violation of -1.506 ns between student_top_inst/Core_cpu/SegReg_ID_EX_inst/inst_ex_reg[15]/C (clocked by clk_out2_pll) and student_top_inst/Core_cpu/SegReg_ID_EX_inst/csr_rdata_ex_reg[31]/CE (clocked by clk_out2_pll). Large setup violations at the end of those stages might be difficult to fix during the post-placement implementation flow and could be the result of non-optimal XDC constraints or non-optimal design architecture
Related violations: <none>

TIMING-16#693 Warning
Large setup violation  
There is a large setup violation of -1.506 ns between student_top_inst/Core_cpu/SegReg_ID_EX_inst/inst_ex_reg[15]/C (clocked by clk_out2_pll) and student_top_inst/Core_cpu/SegReg_ID_EX_inst/csr_rdata_ex_reg[4]/CE (clocked by clk_out2_pll). Large setup violations at the end of those stages might be difficult to fix during the post-placement implementation flow and could be the result of non-optimal XDC constraints or non-optimal design architecture
Related violations: <none>

TIMING-16#694 Warning
Large setup violation  
There is a large setup violation of -1.506 ns between student_top_inst/Core_cpu/SegReg_ID_EX_inst/inst_ex_reg[23]/C (clocked by clk_out2_pll) and student_top_inst/Core_cpu/MulDiv_inst/dividend_r_reg[1]/CE (clocked by clk_out2_pll). Large setup violations at the end of those stages might be difficult to fix during the post-placement implementation flow and could be the result of non-optimal XDC constraints or non-optimal design architecture
Related violations: <none>

TIMING-16#695 Warning
Large setup violation  
There is a large setup violation of -1.506 ns between student_top_inst/Core_cpu/SegReg_ID_EX_inst/inst_ex_reg[23]/C (clocked by clk_out2_pll) and student_top_inst/Core_cpu/MulDiv_inst/dividend_r_reg[2]/CE (clocked by clk_out2_pll). Large setup violations at the end of those stages might be difficult to fix during the post-placement implementation flow and could be the result of non-optimal XDC constraints or non-optimal design architecture
Related violations: <none>

TIMING-16#696 Warning
Large setup violation  
There is a large setup violation of -1.506 ns between student_top_inst/Core_cpu/SegReg_ID_EX_inst/inst_ex_reg[23]/C (clocked by clk_out2_pll) and student_top_inst/Core_cpu/MulDiv_inst/dividend_r_reg[3]/CE (clocked by clk_out2_pll). Large setup violations at the end of those stages might be difficult to fix during the post-placement implementation flow and could be the result of non-optimal XDC constraints or non-optimal design architecture
Related violations: <none>

TIMING-16#697 Warning
Large setup violation  
There is a large setup violation of -1.506 ns between student_top_inst/Core_cpu/SegReg_ID_EX_inst/inst_ex_reg[23]/C (clocked by clk_out2_pll) and student_top_inst/Core_cpu/MulDiv_inst/dividend_r_reg[4]/CE (clocked by clk_out2_pll). Large setup violations at the end of those stages might be difficult to fix during the post-placement implementation flow and could be the result of non-optimal XDC constraints or non-optimal design architecture
Related violations: <none>

TIMING-16#698 Warning
Large setup violation  
There is a large setup violation of -1.508 ns between student_top_inst/Core_cpu/SegReg_ID_EX_inst/inst_ex_reg[23]/C (clocked by clk_out2_pll) and student_top_inst/Core_cpu/MulDiv_inst/result_reg[10]/CE (clocked by clk_out2_pll). Large setup violations at the end of those stages might be difficult to fix during the post-placement implementation flow and could be the result of non-optimal XDC constraints or non-optimal design architecture
Related violations: <none>

TIMING-16#699 Warning
Large setup violation  
There is a large setup violation of -1.510 ns between student_top_inst/Core_cpu/SegReg_ID_EX_inst/inst_ex_reg[21]/C (clocked by clk_out2_pll) and student_top_inst/Core_cpu/BPU_inst/ras_top_reg[14]/CE (clocked by clk_out2_pll). Large setup violations at the end of those stages might be difficult to fix during the post-placement implementation flow and could be the result of non-optimal XDC constraints or non-optimal design architecture
Related violations: <none>

TIMING-16#700 Warning
Large setup violation  
There is a large setup violation of -1.510 ns between student_top_inst/Core_cpu/SegReg_ID_EX_inst/inst_ex_reg[21]/C (clocked by clk_out2_pll) and student_top_inst/Core_cpu/BPU_inst/ras_top_reg[15]/CE (clocked by clk_out2_pll). Large setup violations at the end of those stages might be difficult to fix during the post-placement implementation flow and could be the result of non-optimal XDC constraints or non-optimal design architecture
Related violations: <none>

TIMING-16#701 Warning
Large setup violation  
There is a large setup violation of -1.510 ns between student_top_inst/Core_cpu/SegReg_ID_EX_inst/inst_ex_reg[21]/C (clocked by clk_out2_pll) and student_top_inst/Core_cpu/BPU_inst/ras_top_reg[28]/CE (clocked by clk_out2_pll). Large setup violations at the end of those stages might be difficult to fix during the post-placement implementation flow and could be the result of non-optimal XDC constraints or non-optimal design architecture
Related violations: <none>

TIMING-16#702 Warning
Large setup violation  
There is a large setup violation of -1.511 ns between student_top_inst/Core_cpu/SegReg_ID_EX_inst/inst_ex_reg[21]/C (clocked by clk_out2_pll) and student_top_inst/Core_cpu/BPU_inst/ras_stack_reg[1][11]/CE (clocked by clk_out2_pll). Large setup violations at the end of those stages might be difficult to fix during the post-placement implementation flow and could be the result of non-optimal XDC constraints or non-optimal design architecture
Related violations: <none>

TIMING-16#703 Warning
Large setup violation  
There is a large setup violation of -1.511 ns between student_top_inst/Core_cpu/SegReg_ID_EX_inst/inst_ex_reg[23]/C (clocked by clk_out2_pll) and student_top_inst/Core_cpu/MulDiv_inst/quotient_r_reg[5]/CE (clocked by clk_out2_pll). Large setup violations at the end of those stages might be difficult to fix during the post-placement implementation flow and could be the result of non-optimal XDC constraints or non-optimal design architecture
Related violations: <none>

TIMING-16#704 Warning
Large setup violation  
There is a large setup violation of -1.511 ns between student_top_inst/Core_cpu/SegReg_ID_EX_inst/inst_ex_reg[23]/C (clocked by clk_out2_pll) and student_top_inst/Core_cpu/MulDiv_inst/rem_r_reg[4]/CE (clocked by clk_out2_pll). Large setup violations at the end of those stages might be difficult to fix during the post-placement implementation flow and could be the result of non-optimal XDC constraints or non-optimal design architecture
Related violations: <none>

TIMING-16#705 Warning
Large setup violation  
There is a large setup violation of -1.513 ns between student_top_inst/Core_cpu/SegReg_ID_EX_inst/inst_ex_reg[21]/C (clocked by clk_out2_pll) and student_top_inst/Core_cpu/PC_inst/pc_reg[0]/D (clocked by clk_out2_pll). Large setup violations at the end of those stages might be difficult to fix during the post-placement implementation flow and could be the result of non-optimal XDC constraints or non-optimal design architecture
Related violations: <none>

TIMING-16#706 Warning
Large setup violation  
There is a large setup violation of -1.513 ns between student_top_inst/Core_cpu/SegReg_ID_EX_inst/inst_ex_reg[21]/C (clocked by clk_out2_pll) and student_top_inst/Core_cpu/SegReg_IF1_IF2_inst/pc_if2_reg[19]/CE (clocked by clk_out2_pll). Large setup violations at the end of those stages might be difficult to fix during the post-placement implementation flow and could be the result of non-optimal XDC constraints or non-optimal design architecture
Related violations: <none>

TIMING-16#707 Warning
Large setup violation  
There is a large setup violation of -1.513 ns between student_top_inst/Core_cpu/SegReg_ID_EX_inst/inst_ex_reg[21]/C (clocked by clk_out2_pll) and student_top_inst/Core_cpu/SegReg_IF1_IF2_inst/pc_if2_reg[21]/CE (clocked by clk_out2_pll). Large setup violations at the end of those stages might be difficult to fix during the post-placement implementation flow and could be the result of non-optimal XDC constraints or non-optimal design architecture
Related violations: <none>

TIMING-16#708 Warning
Large setup violation  
There is a large setup violation of -1.513 ns between student_top_inst/Core_cpu/SegReg_ID_EX_inst/inst_ex_reg[23]/C (clocked by clk_out2_pll) and student_top_inst/Core_cpu/MulDiv_inst/quotient_r_reg[23]/CE (clocked by clk_out2_pll). Large setup violations at the end of those stages might be difficult to fix during the post-placement implementation flow and could be the result of non-optimal XDC constraints or non-optimal design architecture
Related violations: <none>

TIMING-16#709 Warning
Large setup violation  
There is a large setup violation of -1.513 ns between student_top_inst/Core_cpu/SegReg_ID_EX_inst/inst_ex_reg[23]/C (clocked by clk_out2_pll) and student_top_inst/Core_cpu/MulDiv_inst/quotient_r_reg[27]/CE (clocked by clk_out2_pll). Large setup violations at the end of those stages might be difficult to fix during the post-placement implementation flow and could be the result of non-optimal XDC constraints or non-optimal design architecture
Related violations: <none>

TIMING-16#710 Warning
Large setup violation  
There is a large setup violation of -1.513 ns between student_top_inst/Core_cpu/SegReg_ID_EX_inst/inst_ex_reg[23]/C (clocked by clk_out2_pll) and student_top_inst/Core_cpu/MulDiv_inst/rem_r_reg[23]/CE (clocked by clk_out2_pll). Large setup violations at the end of those stages might be difficult to fix during the post-placement implementation flow and could be the result of non-optimal XDC constraints or non-optimal design architecture
Related violations: <none>

TIMING-16#711 Warning
Large setup violation  
There is a large setup violation of -1.513 ns between student_top_inst/Core_cpu/SegReg_ID_EX_inst/inst_ex_reg[23]/C (clocked by clk_out2_pll) and student_top_inst/Core_cpu/MulDiv_inst/rem_r_reg[27]/CE (clocked by clk_out2_pll). Large setup violations at the end of those stages might be difficult to fix during the post-placement implementation flow and could be the result of non-optimal XDC constraints or non-optimal design architecture
Related violations: <none>

TIMING-16#712 Warning
Large setup violation  
There is a large setup violation of -1.515 ns between student_top_inst/Core_cpu/SegReg_ID_EX_inst/inst_ex_reg[18]/C (clocked by clk_out2_pll) and student_top_inst/Core_cpu/SegReg_ID_EX_inst/inst_ex_reg[17]/CE (clocked by clk_out2_pll). Large setup violations at the end of those stages might be difficult to fix during the post-placement implementation flow and could be the result of non-optimal XDC constraints or non-optimal design architecture
Related violations: <none>

TIMING-16#713 Warning
Large setup violation  
There is a large setup violation of -1.515 ns between student_top_inst/Core_cpu/SegReg_ID_EX_inst/inst_ex_reg[21]/C (clocked by clk_out2_pll) and student_top_inst/Core_cpu/PC_inst/pc_reg[18]/D (clocked by clk_out2_pll). Large setup violations at the end of those stages might be difficult to fix during the post-placement implementation flow and could be the result of non-optimal XDC constraints or non-optimal design architecture
Related violations: <none>

TIMING-16#714 Warning
Large setup violation  
There is a large setup violation of -1.515 ns between student_top_inst/Core_cpu/SegReg_ID_EX_inst/inst_ex_reg[21]/C (clocked by clk_out2_pll) and student_top_inst/Core_cpu/PC_inst/pc_reg[2]_rep__0/D (clocked by clk_out2_pll). Large setup violations at the end of those stages might be difficult to fix during the post-placement implementation flow and could be the result of non-optimal XDC constraints or non-optimal design architecture
Related violations: <none>

TIMING-16#715 Warning
Large setup violation  
There is a large setup violation of -1.515 ns between student_top_inst/Core_cpu/SegReg_ID_EX_inst/inst_ex_reg[23]/C (clocked by clk_out2_pll) and student_top_inst/Core_cpu/MulDiv_inst/quotient_r_reg[7]/CE (clocked by clk_out2_pll). Large setup violations at the end of those stages might be difficult to fix during the post-placement implementation flow and could be the result of non-optimal XDC constraints or non-optimal design architecture
Related violations: <none>

TIMING-16#716 Warning
Large setup violation  
There is a large setup violation of -1.515 ns between student_top_inst/Core_cpu/SegReg_ID_EX_inst/inst_ex_reg[23]/C (clocked by clk_out2_pll) and student_top_inst/Core_cpu/MulDiv_inst/rem_r_reg[6]/CE (clocked by clk_out2_pll). Large setup violations at the end of those stages might be difficult to fix during the post-placement implementation flow and could be the result of non-optimal XDC constraints or non-optimal design architecture
Related violations: <none>

TIMING-16#717 Warning
Large setup violation  
There is a large setup violation of -1.516 ns between student_top_inst/Core_cpu/SegReg_ID_EX_inst/inst_ex_reg[21]/C (clocked by clk_out2_pll) and student_top_inst/Core_cpu/BPU_inst/ras_stack_reg[0][13]/CE (clocked by clk_out2_pll). Large setup violations at the end of those stages might be difficult to fix during the post-placement implementation flow and could be the result of non-optimal XDC constraints or non-optimal design architecture
Related violations: <none>

TIMING-16#718 Warning
Large setup violation  
There is a large setup violation of -1.516 ns between student_top_inst/Core_cpu/SegReg_ID_EX_inst/inst_ex_reg[21]/C (clocked by clk_out2_pll) and student_top_inst/Core_cpu/BPU_inst/ras_stack_reg[0][14]/CE (clocked by clk_out2_pll). Large setup violations at the end of those stages might be difficult to fix during the post-placement implementation flow and could be the result of non-optimal XDC constraints or non-optimal design architecture
Related violations: <none>

TIMING-16#719 Warning
Large setup violation  
There is a large setup violation of -1.516 ns between student_top_inst/Core_cpu/SegReg_ID_EX_inst/inst_ex_reg[21]/C (clocked by clk_out2_pll) and student_top_inst/Core_cpu/BPU_inst/ras_stack_reg[0][15]/CE (clocked by clk_out2_pll). Large setup violations at the end of those stages might be difficult to fix during the post-placement implementation flow and could be the result of non-optimal XDC constraints or non-optimal design architecture
Related violations: <none>

TIMING-16#720 Warning
Large setup violation  
There is a large setup violation of -1.516 ns between student_top_inst/Core_cpu/SegReg_ID_EX_inst/inst_ex_reg[21]/C (clocked by clk_out2_pll) and student_top_inst/Core_cpu/BPU_inst/ras_stack_reg[0][16]/CE (clocked by clk_out2_pll). Large setup violations at the end of those stages might be difficult to fix during the post-placement implementation flow and could be the result of non-optimal XDC constraints or non-optimal design architecture
Related violations: <none>

TIMING-16#721 Warning
Large setup violation  
There is a large setup violation of -1.517 ns between student_top_inst/Core_cpu/SegReg_ID_EX_inst/inst_ex_reg[21]/C (clocked by clk_out2_pll) and student_top_inst/Core_cpu/PC_inst/pc_reg[11]/CE (clocked by clk_out2_pll). Large setup violations at the end of those stages might be difficult to fix during the post-placement implementation flow and could be the result of non-optimal XDC constraints or non-optimal design architecture
Related violations: <none>

TIMING-16#722 Warning
Large setup violation  
There is a large setup violation of -1.517 ns between student_top_inst/Core_cpu/SegReg_ID_EX_inst/inst_ex_reg[21]/C (clocked by clk_out2_pll) and student_top_inst/Core_cpu/PC_inst/pc_reg[17]/CE (clocked by clk_out2_pll). Large setup violations at the end of those stages might be difficult to fix during the post-placement implementation flow and could be the result of non-optimal XDC constraints or non-optimal design architecture
Related violations: <none>

TIMING-16#723 Warning
Large setup violation  
There is a large setup violation of -1.524 ns between student_top_inst/Core_cpu/SegReg_ID_EX_inst/inst_ex_reg[21]/C (clocked by clk_out2_pll) and student_top_inst/Core_cpu/BPU_inst/btb_reg_128_191_48_50/RAMA/WE (clocked by clk_out2_pll). Large setup violations at the end of those stages might be difficult to fix during the post-placement implementation flow and could be the result of non-optimal XDC constraints or non-optimal design architecture
Related violations: <none>

TIMING-16#724 Warning
Large setup violation  
There is a large setup violation of -1.524 ns between student_top_inst/Core_cpu/SegReg_ID_EX_inst/inst_ex_reg[21]/C (clocked by clk_out2_pll) and student_top_inst/Core_cpu/BPU_inst/btb_reg_128_191_48_50/RAMB/WE (clocked by clk_out2_pll). Large setup violations at the end of those stages might be difficult to fix during the post-placement implementation flow and could be the result of non-optimal XDC constraints or non-optimal design architecture
Related violations: <none>

TIMING-16#725 Warning
Large setup violation  
There is a large setup violation of -1.524 ns between student_top_inst/Core_cpu/SegReg_ID_EX_inst/inst_ex_reg[21]/C (clocked by clk_out2_pll) and student_top_inst/Core_cpu/BPU_inst/btb_reg_128_191_48_50/RAMC/WE (clocked by clk_out2_pll). Large setup violations at the end of those stages might be difficult to fix during the post-placement implementation flow and could be the result of non-optimal XDC constraints or non-optimal design architecture
Related violations: <none>

TIMING-16#726 Warning
Large setup violation  
There is a large setup violation of -1.524 ns between student_top_inst/Core_cpu/SegReg_ID_EX_inst/inst_ex_reg[21]/C (clocked by clk_out2_pll) and student_top_inst/Core_cpu/BPU_inst/btb_reg_128_191_48_50/RAMD/WE (clocked by clk_out2_pll). Large setup violations at the end of those stages might be difficult to fix during the post-placement implementation flow and could be the result of non-optimal XDC constraints or non-optimal design architecture
Related violations: <none>

TIMING-16#727 Warning
Large setup violation  
There is a large setup violation of -1.526 ns between student_top_inst/Core_cpu/SegReg_ID_EX_inst/inst_ex_reg[21]/C (clocked by clk_out2_pll) and student_top_inst/Core_cpu/BPU_inst/btb_reg_192_255_30_32/RAMA/WE (clocked by clk_out2_pll). Large setup violations at the end of those stages might be difficult to fix during the post-placement implementation flow and could be the result of non-optimal XDC constraints or non-optimal design architecture
Related violations: <none>

TIMING-16#728 Warning
Large setup violation  
There is a large setup violation of -1.526 ns between student_top_inst/Core_cpu/SegReg_ID_EX_inst/inst_ex_reg[21]/C (clocked by clk_out2_pll) and student_top_inst/Core_cpu/BPU_inst/btb_reg_192_255_30_32/RAMB/WE (clocked by clk_out2_pll). Large setup violations at the end of those stages might be difficult to fix during the post-placement implementation flow and could be the result of non-optimal XDC constraints or non-optimal design architecture
Related violations: <none>

TIMING-16#729 Warning
Large setup violation  
There is a large setup violation of -1.526 ns between student_top_inst/Core_cpu/SegReg_ID_EX_inst/inst_ex_reg[21]/C (clocked by clk_out2_pll) and student_top_inst/Core_cpu/BPU_inst/btb_reg_192_255_30_32/RAMC/WE (clocked by clk_out2_pll). Large setup violations at the end of those stages might be difficult to fix during the post-placement implementation flow and could be the result of non-optimal XDC constraints or non-optimal design architecture
Related violations: <none>

TIMING-16#730 Warning
Large setup violation  
There is a large setup violation of -1.526 ns between student_top_inst/Core_cpu/SegReg_ID_EX_inst/inst_ex_reg[21]/C (clocked by clk_out2_pll) and student_top_inst/Core_cpu/BPU_inst/btb_reg_192_255_30_32/RAMD/WE (clocked by clk_out2_pll). Large setup violations at the end of those stages might be difficult to fix during the post-placement implementation flow and could be the result of non-optimal XDC constraints or non-optimal design architecture
Related violations: <none>

TIMING-16#731 Warning
Large setup violation  
There is a large setup violation of -1.528 ns between student_top_inst/Core_cpu/SegReg_ID_EX_inst/inst_ex_reg[21]/C (clocked by clk_out2_pll) and student_top_inst/Core_cpu/BPU_inst/ras_stack_reg[1][0]/CE (clocked by clk_out2_pll). Large setup violations at the end of those stages might be difficult to fix during the post-placement implementation flow and could be the result of non-optimal XDC constraints or non-optimal design architecture
Related violations: <none>

TIMING-16#732 Warning
Large setup violation  
There is a large setup violation of -1.528 ns between student_top_inst/Core_cpu/SegReg_ID_EX_inst/inst_ex_reg[21]/C (clocked by clk_out2_pll) and student_top_inst/Core_cpu/BPU_inst/ras_stack_reg[1][14]/CE (clocked by clk_out2_pll). Large setup violations at the end of those stages might be difficult to fix during the post-placement implementation flow and could be the result of non-optimal XDC constraints or non-optimal design architecture
Related violations: <none>

TIMING-16#733 Warning
Large setup violation  
There is a large setup violation of -1.528 ns between student_top_inst/Core_cpu/SegReg_ID_EX_inst/inst_ex_reg[21]/C (clocked by clk_out2_pll) and student_top_inst/Core_cpu/BPU_inst/ras_stack_reg[1][20]/CE (clocked by clk_out2_pll). Large setup violations at the end of those stages might be difficult to fix during the post-placement implementation flow and could be the result of non-optimal XDC constraints or non-optimal design architecture
Related violations: <none>

TIMING-16#734 Warning
Large setup violation  
There is a large setup violation of -1.528 ns between student_top_inst/Core_cpu/SegReg_ID_EX_inst/inst_ex_reg[21]/C (clocked by clk_out2_pll) and student_top_inst/Core_cpu/BPU_inst/ras_stack_reg[1][25]/CE (clocked by clk_out2_pll). Large setup violations at the end of those stages might be difficult to fix during the post-placement implementation flow and could be the result of non-optimal XDC constraints or non-optimal design architecture
Related violations: <none>

TIMING-16#735 Warning
Large setup violation  
There is a large setup violation of -1.528 ns between student_top_inst/Core_cpu/SegReg_ID_EX_inst/inst_ex_reg[21]/C (clocked by clk_out2_pll) and student_top_inst/Core_cpu/BPU_inst/ras_stack_reg[1][27]/CE (clocked by clk_out2_pll). Large setup violations at the end of those stages might be difficult to fix during the post-placement implementation flow and could be the result of non-optimal XDC constraints or non-optimal design architecture
Related violations: <none>

TIMING-16#736 Warning
Large setup violation  
There is a large setup violation of -1.528 ns between student_top_inst/Core_cpu/SegReg_ID_EX_inst/inst_ex_reg[21]/C (clocked by clk_out2_pll) and student_top_inst/Core_cpu/BPU_inst/ras_stack_reg[1][28]/CE (clocked by clk_out2_pll). Large setup violations at the end of those stages might be difficult to fix during the post-placement implementation flow and could be the result of non-optimal XDC constraints or non-optimal design architecture
Related violations: <none>

TIMING-16#737 Warning
Large setup violation  
There is a large setup violation of -1.528 ns between student_top_inst/Core_cpu/SegReg_ID_EX_inst/inst_ex_reg[21]/C (clocked by clk_out2_pll) and student_top_inst/Core_cpu/BPU_inst/ras_stack_reg[1][3]/CE (clocked by clk_out2_pll). Large setup violations at the end of those stages might be difficult to fix during the post-placement implementation flow and could be the result of non-optimal XDC constraints or non-optimal design architecture
Related violations: <none>

TIMING-16#738 Warning
Large setup violation  
There is a large setup violation of -1.529 ns between student_top_inst/Core_cpu/SegReg_ID_EX_inst/inst_ex_reg[21]/C (clocked by clk_out2_pll) and student_top_inst/Core_cpu/BPU_inst/btb_reg_192_255_42_44/RAMA/WE (clocked by clk_out2_pll). Large setup violations at the end of those stages might be difficult to fix during the post-placement implementation flow and could be the result of non-optimal XDC constraints or non-optimal design architecture
Related violations: <none>

TIMING-16#739 Warning
Large setup violation  
There is a large setup violation of -1.529 ns between student_top_inst/Core_cpu/SegReg_ID_EX_inst/inst_ex_reg[21]/C (clocked by clk_out2_pll) and student_top_inst/Core_cpu/BPU_inst/btb_reg_192_255_42_44/RAMB/WE (clocked by clk_out2_pll). Large setup violations at the end of those stages might be difficult to fix during the post-placement implementation flow and could be the result of non-optimal XDC constraints or non-optimal design architecture
Related violations: <none>

TIMING-16#740 Warning
Large setup violation  
There is a large setup violation of -1.529 ns between student_top_inst/Core_cpu/SegReg_ID_EX_inst/inst_ex_reg[21]/C (clocked by clk_out2_pll) and student_top_inst/Core_cpu/BPU_inst/btb_reg_192_255_42_44/RAMC/WE (clocked by clk_out2_pll). Large setup violations at the end of those stages might be difficult to fix during the post-placement implementation flow and could be the result of non-optimal XDC constraints or non-optimal design architecture
Related violations: <none>

TIMING-16#741 Warning
Large setup violation  
There is a large setup violation of -1.529 ns between student_top_inst/Core_cpu/SegReg_ID_EX_inst/inst_ex_reg[21]/C (clocked by clk_out2_pll) and student_top_inst/Core_cpu/BPU_inst/btb_reg_192_255_42_44/RAMD/WE (clocked by clk_out2_pll). Large setup violations at the end of those stages might be difficult to fix during the post-placement implementation flow and could be the result of non-optimal XDC constraints or non-optimal design architecture
Related violations: <none>

TIMING-16#742 Warning
Large setup violation  
There is a large setup violation of -1.532 ns between student_top_inst/Core_cpu/SegReg_ID_EX_inst/inst_ex_reg[21]/C (clocked by clk_out2_pll) and student_top_inst/Core_cpu/BPU_inst/btb_reg_192_255_48_50/RAMA/WE (clocked by clk_out2_pll). Large setup violations at the end of those stages might be difficult to fix during the post-placement implementation flow and could be the result of non-optimal XDC constraints or non-optimal design architecture
Related violations: <none>

TIMING-16#743 Warning
Large setup violation  
There is a large setup violation of -1.532 ns between student_top_inst/Core_cpu/SegReg_ID_EX_inst/inst_ex_reg[21]/C (clocked by clk_out2_pll) and student_top_inst/Core_cpu/BPU_inst/btb_reg_192_255_48_50/RAMB/WE (clocked by clk_out2_pll). Large setup violations at the end of those stages might be difficult to fix during the post-placement implementation flow and could be the result of non-optimal XDC constraints or non-optimal design architecture
Related violations: <none>

TIMING-16#744 Warning
Large setup violation  
There is a large setup violation of -1.532 ns between student_top_inst/Core_cpu/SegReg_ID_EX_inst/inst_ex_reg[21]/C (clocked by clk_out2_pll) and student_top_inst/Core_cpu/BPU_inst/btb_reg_192_255_48_50/RAMC/WE (clocked by clk_out2_pll). Large setup violations at the end of those stages might be difficult to fix during the post-placement implementation flow and could be the result of non-optimal XDC constraints or non-optimal design architecture
Related violations: <none>

TIMING-16#745 Warning
Large setup violation  
There is a large setup violation of -1.532 ns between student_top_inst/Core_cpu/SegReg_ID_EX_inst/inst_ex_reg[21]/C (clocked by clk_out2_pll) and student_top_inst/Core_cpu/BPU_inst/btb_reg_192_255_48_50/RAMD/WE (clocked by clk_out2_pll). Large setup violations at the end of those stages might be difficult to fix during the post-placement implementation flow and could be the result of non-optimal XDC constraints or non-optimal design architecture
Related violations: <none>

TIMING-16#746 Warning
Large setup violation  
There is a large setup violation of -1.532 ns between student_top_inst/Core_cpu/SegReg_ID_EX_inst/inst_ex_reg[21]/C (clocked by clk_out2_pll) and student_top_inst/Core_cpu/BPU_inst/ras_stack_reg[0][21]/CE (clocked by clk_out2_pll). Large setup violations at the end of those stages might be difficult to fix during the post-placement implementation flow and could be the result of non-optimal XDC constraints or non-optimal design architecture
Related violations: <none>

TIMING-16#747 Warning
Large setup violation  
There is a large setup violation of -1.532 ns between student_top_inst/Core_cpu/SegReg_ID_EX_inst/inst_ex_reg[21]/C (clocked by clk_out2_pll) and student_top_inst/Core_cpu/BPU_inst/ras_stack_reg[0][22]/CE (clocked by clk_out2_pll). Large setup violations at the end of those stages might be difficult to fix during the post-placement implementation flow and could be the result of non-optimal XDC constraints or non-optimal design architecture
Related violations: <none>

TIMING-16#748 Warning
Large setup violation  
There is a large setup violation of -1.532 ns between student_top_inst/Core_cpu/SegReg_ID_EX_inst/inst_ex_reg[21]/C (clocked by clk_out2_pll) and student_top_inst/Core_cpu/BPU_inst/ras_stack_reg[0][23]/CE (clocked by clk_out2_pll). Large setup violations at the end of those stages might be difficult to fix during the post-placement implementation flow and could be the result of non-optimal XDC constraints or non-optimal design architecture
Related violations: <none>

TIMING-16#749 Warning
Large setup violation  
There is a large setup violation of -1.532 ns between student_top_inst/Core_cpu/SegReg_ID_EX_inst/inst_ex_reg[21]/C (clocked by clk_out2_pll) and student_top_inst/Core_cpu/BPU_inst/ras_stack_reg[0][24]/CE (clocked by clk_out2_pll). Large setup violations at the end of those stages might be difficult to fix during the post-placement implementation flow and could be the result of non-optimal XDC constraints or non-optimal design architecture
Related violations: <none>

TIMING-16#750 Warning
Large setup violation  
There is a large setup violation of -1.534 ns between student_top_inst/Core_cpu/SegReg_ID_EX_inst/inst_ex_reg[21]/C (clocked by clk_out2_pll) and student_top_inst/Core_cpu/PC_inst/pc_reg[22]/D (clocked by clk_out2_pll). Large setup violations at the end of those stages might be difficult to fix during the post-placement implementation flow and could be the result of non-optimal XDC constraints or non-optimal design architecture
Related violations: <none>

TIMING-16#751 Warning
Large setup violation  
There is a large setup violation of -1.535 ns between student_top_inst/Core_cpu/SegReg_ID_EX_inst/inst_ex_reg[18]/C (clocked by clk_out2_pll) and student_top_inst/Core_cpu/SegReg_ID_EX_inst/alu_op_ex_reg[2]/CE (clocked by clk_out2_pll). Large setup violations at the end of those stages might be difficult to fix during the post-placement implementation flow and could be the result of non-optimal XDC constraints or non-optimal design architecture
Related violations: <none>

TIMING-16#752 Warning
Large setup violation  
There is a large setup violation of -1.535 ns between student_top_inst/Core_cpu/SegReg_ID_EX_inst/inst_ex_reg[18]/C (clocked by clk_out2_pll) and student_top_inst/Core_cpu/SegReg_ID_EX_inst/csr_rdata_ex_reg[3]/CE (clocked by clk_out2_pll). Large setup violations at the end of those stages might be difficult to fix during the post-placement implementation flow and could be the result of non-optimal XDC constraints or non-optimal design architecture
Related violations: <none>

TIMING-16#753 Warning
Large setup violation  
There is a large setup violation of -1.535 ns between student_top_inst/Core_cpu/SegReg_ID_EX_inst/inst_ex_reg[18]/C (clocked by clk_out2_pll) and student_top_inst/Core_cpu/SegReg_ID_EX_inst/mem_access_ex_reg[2]/CE (clocked by clk_out2_pll). Large setup violations at the end of those stages might be difficult to fix during the post-placement implementation flow and could be the result of non-optimal XDC constraints or non-optimal design architecture
Related violations: <none>

TIMING-16#754 Warning
Large setup violation  
There is a large setup violation of -1.535 ns between student_top_inst/Core_cpu/SegReg_ID_EX_inst/inst_ex_reg[18]/C (clocked by clk_out2_pll) and student_top_inst/Core_cpu/SegReg_ID_EX_inst/muldiv_op_ex_reg[2]/CE (clocked by clk_out2_pll). Large setup violations at the end of those stages might be difficult to fix during the post-placement implementation flow and could be the result of non-optimal XDC constraints or non-optimal design architecture
Related violations: <none>

TIMING-16#755 Warning
Large setup violation  
There is a large setup violation of -1.540 ns between student_top_inst/Core_cpu/SegReg_ID_EX_inst/inst_ex_reg[21]/C (clocked by clk_out2_pll) and student_top_inst/Core_cpu/PC_inst/pc_reg[24]/D (clocked by clk_out2_pll). Large setup violations at the end of those stages might be difficult to fix during the post-placement implementation flow and could be the result of non-optimal XDC constraints or non-optimal design architecture
Related violations: <none>

TIMING-16#756 Warning
Large setup violation  
There is a large setup violation of -1.541 ns between student_top_inst/Core_cpu/SegReg_ID_EX_inst/inst_ex_reg[21]/C (clocked by clk_out2_pll) and student_top_inst/Core_cpu/BPU_inst/ras_stack_reg[3][16]/CE (clocked by clk_out2_pll). Large setup violations at the end of those stages might be difficult to fix during the post-placement implementation flow and could be the result of non-optimal XDC constraints or non-optimal design architecture
Related violations: <none>

TIMING-16#757 Warning
Large setup violation  
There is a large setup violation of -1.541 ns between student_top_inst/Core_cpu/SegReg_ID_EX_inst/inst_ex_reg[21]/C (clocked by clk_out2_pll) and student_top_inst/Core_cpu/BPU_inst/ras_stack_reg[3][3]/CE (clocked by clk_out2_pll). Large setup violations at the end of those stages might be difficult to fix during the post-placement implementation flow and could be the result of non-optimal XDC constraints or non-optimal design architecture
Related violations: <none>

TIMING-16#758 Warning
Large setup violation  
There is a large setup violation of -1.541 ns between student_top_inst/Core_cpu/SegReg_ID_EX_inst/inst_ex_reg[21]/C (clocked by clk_out2_pll) and student_top_inst/Core_cpu/BPU_inst/ras_stack_reg[3][5]/CE (clocked by clk_out2_pll). Large setup violations at the end of those stages might be difficult to fix during the post-placement implementation flow and could be the result of non-optimal XDC constraints or non-optimal design architecture
Related violations: <none>

TIMING-16#759 Warning
Large setup violation  
There is a large setup violation of -1.541 ns between student_top_inst/Core_cpu/SegReg_ID_EX_inst/inst_ex_reg[21]/C (clocked by clk_out2_pll) and student_top_inst/Core_cpu/PC_inst/pc_reg[2]/D (clocked by clk_out2_pll). Large setup violations at the end of those stages might be difficult to fix during the post-placement implementation flow and could be the result of non-optimal XDC constraints or non-optimal design architecture
Related violations: <none>

TIMING-16#760 Warning
Large setup violation  
There is a large setup violation of -1.541 ns between student_top_inst/Core_cpu/SegReg_ID_EX_inst/inst_ex_reg[21]/C (clocked by clk_out2_pll) and student_top_inst/Core_cpu/SegReg_IF1_IF2_inst/pc_if2_reg[11]/CE (clocked by clk_out2_pll). Large setup violations at the end of those stages might be difficult to fix during the post-placement implementation flow and could be the result of non-optimal XDC constraints or non-optimal design architecture
Related violations: <none>

TIMING-16#761 Warning
Large setup violation  
There is a large setup violation of -1.542 ns between student_top_inst/Core_cpu/SegReg_ID_EX_inst/inst_ex_reg[21]/C (clocked by clk_out2_pll) and student_top_inst/Core_cpu/PC_inst/pc_reg[2]_rep/D (clocked by clk_out2_pll). Large setup violations at the end of those stages might be difficult to fix during the post-placement implementation flow and could be the result of non-optimal XDC constraints or non-optimal design architecture
Related violations: <none>

TIMING-16#762 Warning
Large setup violation  
There is a large setup violation of -1.545 ns between student_top_inst/Core_cpu/SegReg_ID_EX_inst/inst_ex_reg[21]/C (clocked by clk_out2_pll) and student_top_inst/Core_cpu/PC_inst/pc_reg[3]_rep__1/D (clocked by clk_out2_pll). Large setup violations at the end of those stages might be difficult to fix during the post-placement implementation flow and could be the result of non-optimal XDC constraints or non-optimal design architecture
Related violations: <none>

TIMING-16#763 Warning
Large setup violation  
There is a large setup violation of -1.547 ns between student_top_inst/Core_cpu/SegReg_ID_EX_inst/inst_ex_reg[18]/C (clocked by clk_out2_pll) and student_top_inst/Core_cpu/SegReg_ID_EX_inst/inst_ex_reg[23]/CE (clocked by clk_out2_pll). Large setup violations at the end of those stages might be difficult to fix during the post-placement implementation flow and could be the result of non-optimal XDC constraints or non-optimal design architecture
Related violations: <none>

TIMING-16#764 Warning
Large setup violation  
There is a large setup violation of -1.550 ns between student_top_inst/Core_cpu/SegReg_ID_EX_inst/inst_ex_reg[21]/C (clocked by clk_out2_pll) and student_top_inst/Core_cpu/SegReg_IF1_IF2_inst/pc_if2_reg[12]/CE (clocked by clk_out2_pll). Large setup violations at the end of those stages might be difficult to fix during the post-placement implementation flow and could be the result of non-optimal XDC constraints or non-optimal design architecture
Related violations: <none>

TIMING-16#765 Warning
Large setup violation  
There is a large setup violation of -1.551 ns between student_top_inst/Core_cpu/SegReg_ID_EX_inst/inst_ex_reg[21]/C (clocked by clk_out2_pll) and student_top_inst/Core_cpu/PC_inst/pc_reg[19]/D (clocked by clk_out2_pll). Large setup violations at the end of those stages might be difficult to fix during the post-placement implementation flow and could be the result of non-optimal XDC constraints or non-optimal design architecture
Related violations: <none>

TIMING-16#766 Warning
Large setup violation  
There is a large setup violation of -1.551 ns between student_top_inst/Core_cpu/SegReg_ID_EX_inst/inst_ex_reg[21]/C (clocked by clk_out2_pll) and student_top_inst/Core_cpu/PC_inst/pc_reg[27]/CE (clocked by clk_out2_pll). Large setup violations at the end of those stages might be difficult to fix during the post-placement implementation flow and could be the result of non-optimal XDC constraints or non-optimal design architecture
Related violations: <none>

TIMING-16#767 Warning
Large setup violation  
There is a large setup violation of -1.551 ns between student_top_inst/Core_cpu/SegReg_ID_EX_inst/inst_ex_reg[21]/C (clocked by clk_out2_pll) and student_top_inst/Core_cpu/PC_inst/pc_reg[8]/CE (clocked by clk_out2_pll). Large setup violations at the end of those stages might be difficult to fix during the post-placement implementation flow and could be the result of non-optimal XDC constraints or non-optimal design architecture
Related violations: <none>

TIMING-16#768 Warning
Large setup violation  
There is a large setup violation of -1.554 ns between student_top_inst/Core_cpu/SegReg_ID_EX_inst/inst_ex_reg[21]/C (clocked by clk_out2_pll) and student_top_inst/Core_cpu/BPU_inst/bht_reg_0_127_1_1/DP.HIGH/I (clocked by clk_out2_pll). Large setup violations at the end of those stages might be difficult to fix during the post-placement implementation flow and could be the result of non-optimal XDC constraints or non-optimal design architecture
Related violations: <none>

TIMING-16#769 Warning
Large setup violation  
There is a large setup violation of -1.555 ns between student_top_inst/Core_cpu/SegReg_ID_EX_inst/inst_ex_reg[18]/C (clocked by clk_out2_pll) and student_top_inst/Core_cpu/SegReg_ID_EX_inst/alu_op_ex_reg[0]/CE (clocked by clk_out2_pll). Large setup violations at the end of those stages might be difficult to fix during the post-placement implementation flow and could be the result of non-optimal XDC constraints or non-optimal design architecture
Related violations: <none>

TIMING-16#770 Warning
Large setup violation  
There is a large setup violation of -1.555 ns between student_top_inst/Core_cpu/SegReg_ID_EX_inst/inst_ex_reg[18]/C (clocked by clk_out2_pll) and student_top_inst/Core_cpu/SegReg_ID_EX_inst/pc_ex_reg[2]/CE (clocked by clk_out2_pll). Large setup violations at the end of those stages might be difficult to fix during the post-placement implementation flow and could be the result of non-optimal XDC constraints or non-optimal design architecture
Related violations: <none>

TIMING-16#771 Warning
Large setup violation  
There is a large setup violation of -1.555 ns between student_top_inst/Core_cpu/SegReg_ID_EX_inst/inst_ex_reg[18]/C (clocked by clk_out2_pll) and student_top_inst/Core_cpu/SegReg_ID_EX_inst/pc_ex_reg[3]/CE (clocked by clk_out2_pll). Large setup violations at the end of those stages might be difficult to fix during the post-placement implementation flow and could be the result of non-optimal XDC constraints or non-optimal design architecture
Related violations: <none>

TIMING-16#772 Warning
Large setup violation  
There is a large setup violation of -1.555 ns between student_top_inst/Core_cpu/SegReg_ID_EX_inst/inst_ex_reg[18]/C (clocked by clk_out2_pll) and student_top_inst/Core_cpu/SegReg_ID_EX_inst/pc_ex_reg[4]/CE (clocked by clk_out2_pll). Large setup violations at the end of those stages might be difficult to fix during the post-placement implementation flow and could be the result of non-optimal XDC constraints or non-optimal design architecture
Related violations: <none>

TIMING-16#773 Warning
Large setup violation  
There is a large setup violation of -1.556 ns between student_top_inst/Core_cpu/SegReg_ID_EX_inst/inst_ex_reg[15]/C (clocked by clk_out2_pll) and student_top_inst/Core_cpu/SegReg_ID_EX_inst/csr_rdata_ex_reg[2]/CE (clocked by clk_out2_pll). Large setup violations at the end of those stages might be difficult to fix during the post-placement implementation flow and could be the result of non-optimal XDC constraints or non-optimal design architecture
Related violations: <none>

TIMING-16#774 Warning
Large setup violation  
There is a large setup violation of -1.556 ns between student_top_inst/Core_cpu/SegReg_ID_EX_inst/inst_ex_reg[15]/C (clocked by clk_out2_pll) and student_top_inst/Core_cpu/SegReg_ID_EX_inst/rdata1_ex_reg[11]/CE (clocked by clk_out2_pll). Large setup violations at the end of those stages might be difficult to fix during the post-placement implementation flow and could be the result of non-optimal XDC constraints or non-optimal design architecture
Related violations: <none>

TIMING-16#775 Warning
Large setup violation  
There is a large setup violation of -1.556 ns between student_top_inst/Core_cpu/SegReg_ID_EX_inst/inst_ex_reg[15]/C (clocked by clk_out2_pll) and student_top_inst/Core_cpu/SegReg_ID_EX_inst/rdata1_ex_reg[12]/CE (clocked by clk_out2_pll). Large setup violations at the end of those stages might be difficult to fix during the post-placement implementation flow and could be the result of non-optimal XDC constraints or non-optimal design architecture
Related violations: <none>

TIMING-16#776 Warning
Large setup violation  
There is a large setup violation of -1.557 ns between student_top_inst/Core_cpu/SegReg_ID_EX_inst/inst_ex_reg[15]/C (clocked by clk_out2_pll) and student_top_inst/Core_cpu/SegReg_ID_EX_inst/alu_op_ex_reg[1]/CE (clocked by clk_out2_pll). Large setup violations at the end of those stages might be difficult to fix during the post-placement implementation flow and could be the result of non-optimal XDC constraints or non-optimal design architecture
Related violations: <none>

TIMING-16#777 Warning
Large setup violation  
There is a large setup violation of -1.557 ns between student_top_inst/Core_cpu/SegReg_ID_EX_inst/inst_ex_reg[15]/C (clocked by clk_out2_pll) and student_top_inst/Core_cpu/SegReg_ID_EX_inst/csr_rdata_ex_reg[29]/CE (clocked by clk_out2_pll). Large setup violations at the end of those stages might be difficult to fix during the post-placement implementation flow and could be the result of non-optimal XDC constraints or non-optimal design architecture
Related violations: <none>

TIMING-16#778 Warning
Large setup violation  
There is a large setup violation of -1.557 ns between student_top_inst/Core_cpu/SegReg_ID_EX_inst/inst_ex_reg[15]/C (clocked by clk_out2_pll) and student_top_inst/Core_cpu/SegReg_ID_EX_inst/imm_ex_reg[13]/CE (clocked by clk_out2_pll). Large setup violations at the end of those stages might be difficult to fix during the post-placement implementation flow and could be the result of non-optimal XDC constraints or non-optimal design architecture
Related violations: <none>

TIMING-16#779 Warning
Large setup violation  
There is a large setup violation of -1.557 ns between student_top_inst/Core_cpu/SegReg_ID_EX_inst/inst_ex_reg[15]/C (clocked by clk_out2_pll) and student_top_inst/Core_cpu/SegReg_ID_EX_inst/imm_ex_reg[14]/CE (clocked by clk_out2_pll). Large setup violations at the end of those stages might be difficult to fix during the post-placement implementation flow and could be the result of non-optimal XDC constraints or non-optimal design architecture
Related violations: <none>

TIMING-16#780 Warning
Large setup violation  
There is a large setup violation of -1.557 ns between student_top_inst/Core_cpu/SegReg_ID_EX_inst/inst_ex_reg[15]/C (clocked by clk_out2_pll) and student_top_inst/Core_cpu/SegReg_ID_EX_inst/imm_ex_reg[15]/CE (clocked by clk_out2_pll). Large setup violations at the end of those stages might be difficult to fix during the post-placement implementation flow and could be the result of non-optimal XDC constraints or non-optimal design architecture
Related violations: <none>

TIMING-16#781 Warning
Large setup violation  
There is a large setup violation of -1.557 ns between student_top_inst/Core_cpu/SegReg_ID_EX_inst/inst_ex_reg[15]/C (clocked by clk_out2_pll) and student_top_inst/Core_cpu/SegReg_ID_EX_inst/imm_ex_reg[28]/CE (clocked by clk_out2_pll). Large setup violations at the end of those stages might be difficult to fix during the post-placement implementation flow and could be the result of non-optimal XDC constraints or non-optimal design architecture
Related violations: <none>

TIMING-16#782 Warning
Large setup violation  
There is a large setup violation of -1.557 ns between student_top_inst/Core_cpu/SegReg_ID_EX_inst/inst_ex_reg[15]/C (clocked by clk_out2_pll) and student_top_inst/Core_cpu/SegReg_ID_EX_inst/is_muldiv_ex_reg[0]/CE (clocked by clk_out2_pll). Large setup violations at the end of those stages might be difficult to fix during the post-placement implementation flow and could be the result of non-optimal XDC constraints or non-optimal design architecture
Related violations: <none>

TIMING-16#783 Warning
Large setup violation  
There is a large setup violation of -1.557 ns between student_top_inst/Core_cpu/SegReg_ID_EX_inst/inst_ex_reg[15]/C (clocked by clk_out2_pll) and student_top_inst/Core_cpu/SegReg_ID_EX_inst/mem_access_ex_reg[1]/CE (clocked by clk_out2_pll). Large setup violations at the end of those stages might be difficult to fix during the post-placement implementation flow and could be the result of non-optimal XDC constraints or non-optimal design architecture
Related violations: <none>

TIMING-16#784 Warning
Large setup violation  
There is a large setup violation of -1.557 ns between student_top_inst/Core_cpu/SegReg_ID_EX_inst/inst_ex_reg[15]/C (clocked by clk_out2_pll) and student_top_inst/Core_cpu/SegReg_ID_EX_inst/rdata1_ex_reg[27]/CE (clocked by clk_out2_pll). Large setup violations at the end of those stages might be difficult to fix during the post-placement implementation flow and could be the result of non-optimal XDC constraints or non-optimal design architecture
Related violations: <none>

TIMING-16#785 Warning
Large setup violation  
There is a large setup violation of -1.559 ns between student_top_inst/Core_cpu/SegReg_ID_EX_inst/inst_ex_reg[21]/C (clocked by clk_out2_pll) and student_top_inst/Core_cpu/BPU_inst/ras_stack_reg[2][15]/CE (clocked by clk_out2_pll). Large setup violations at the end of those stages might be difficult to fix during the post-placement implementation flow and could be the result of non-optimal XDC constraints or non-optimal design architecture
Related violations: <none>

TIMING-16#786 Warning
Large setup violation  
There is a large setup violation of -1.560 ns between student_top_inst/Core_cpu/SegReg_ID_EX_inst/inst_ex_reg[21]/C (clocked by clk_out2_pll) and student_top_inst/Core_cpu/BPU_inst/ras_stack_reg[2][11]/CE (clocked by clk_out2_pll). Large setup violations at the end of those stages might be difficult to fix during the post-placement implementation flow and could be the result of non-optimal XDC constraints or non-optimal design architecture
Related violations: <none>

TIMING-16#787 Warning
Large setup violation  
There is a large setup violation of -1.560 ns between student_top_inst/Core_cpu/SegReg_ID_EX_inst/inst_ex_reg[21]/C (clocked by clk_out2_pll) and student_top_inst/Core_cpu/BPU_inst/ras_stack_reg[2][13]/CE (clocked by clk_out2_pll). Large setup violations at the end of those stages might be difficult to fix during the post-placement implementation flow and could be the result of non-optimal XDC constraints or non-optimal design architecture
Related violations: <none>

TIMING-16#788 Warning
Large setup violation  
There is a large setup violation of -1.560 ns between student_top_inst/Core_cpu/SegReg_ID_EX_inst/inst_ex_reg[21]/C (clocked by clk_out2_pll) and student_top_inst/Core_cpu/BPU_inst/ras_stack_reg[2][1]/CE (clocked by clk_out2_pll). Large setup violations at the end of those stages might be difficult to fix during the post-placement implementation flow and could be the result of non-optimal XDC constraints or non-optimal design architecture
Related violations: <none>

TIMING-16#789 Warning
Large setup violation  
There is a large setup violation of -1.560 ns between student_top_inst/Core_cpu/SegReg_ID_EX_inst/inst_ex_reg[21]/C (clocked by clk_out2_pll) and student_top_inst/Core_cpu/BPU_inst/ras_stack_reg[2][29]/CE (clocked by clk_out2_pll). Large setup violations at the end of those stages might be difficult to fix during the post-placement implementation flow and could be the result of non-optimal XDC constraints or non-optimal design architecture
Related violations: <none>

TIMING-16#790 Warning
Large setup violation  
There is a large setup violation of -1.560 ns between student_top_inst/Core_cpu/SegReg_ID_EX_inst/inst_ex_reg[21]/C (clocked by clk_out2_pll) and student_top_inst/Core_cpu/BPU_inst/ras_stack_reg[2][2]/CE (clocked by clk_out2_pll). Large setup violations at the end of those stages might be difficult to fix during the post-placement implementation flow and could be the result of non-optimal XDC constraints or non-optimal design architecture
Related violations: <none>

TIMING-16#791 Warning
Large setup violation  
There is a large setup violation of -1.560 ns between student_top_inst/Core_cpu/SegReg_ID_EX_inst/inst_ex_reg[21]/C (clocked by clk_out2_pll) and student_top_inst/Core_cpu/BPU_inst/ras_stack_reg[2][4]/CE (clocked by clk_out2_pll). Large setup violations at the end of those stages might be difficult to fix during the post-placement implementation flow and could be the result of non-optimal XDC constraints or non-optimal design architecture
Related violations: <none>

TIMING-16#792 Warning
Large setup violation  
There is a large setup violation of -1.561 ns between student_top_inst/Core_cpu/SegReg_ID_EX_inst/inst_ex_reg[21]/C (clocked by clk_out2_pll) and student_top_inst/Core_cpu/PC_inst/pc_reg[8]/D (clocked by clk_out2_pll). Large setup violations at the end of those stages might be difficult to fix during the post-placement implementation flow and could be the result of non-optimal XDC constraints or non-optimal design architecture
Related violations: <none>

TIMING-16#793 Warning
Large setup violation  
There is a large setup violation of -1.562 ns between student_top_inst/Core_cpu/SegReg_ID_EX_inst/inst_ex_reg[21]/C (clocked by clk_out2_pll) and student_top_inst/Core_cpu/PC_inst/pc_reg[10]/CE (clocked by clk_out2_pll). Large setup violations at the end of those stages might be difficult to fix during the post-placement implementation flow and could be the result of non-optimal XDC constraints or non-optimal design architecture
Related violations: <none>

TIMING-16#794 Warning
Large setup violation  
There is a large setup violation of -1.562 ns between student_top_inst/Core_cpu/SegReg_ID_EX_inst/inst_ex_reg[21]/C (clocked by clk_out2_pll) and student_top_inst/Core_cpu/PC_inst/pc_reg[15]/CE (clocked by clk_out2_pll). Large setup violations at the end of those stages might be difficult to fix during the post-placement implementation flow and could be the result of non-optimal XDC constraints or non-optimal design architecture
Related violations: <none>

TIMING-16#795 Warning
Large setup violation  
There is a large setup violation of -1.565 ns between student_top_inst/Core_cpu/SegReg_ID_EX_inst/inst_ex_reg[21]/C (clocked by clk_out2_pll) and student_top_inst/Core_cpu/BPU_inst/ras_stack_reg[2][16]/CE (clocked by clk_out2_pll). Large setup violations at the end of those stages might be difficult to fix during the post-placement implementation flow and could be the result of non-optimal XDC constraints or non-optimal design architecture
Related violations: <none>

TIMING-16#796 Warning
Large setup violation  
There is a large setup violation of -1.565 ns between student_top_inst/Core_cpu/SegReg_ID_EX_inst/inst_ex_reg[21]/C (clocked by clk_out2_pll) and student_top_inst/Core_cpu/BPU_inst/ras_stack_reg[2][25]/CE (clocked by clk_out2_pll). Large setup violations at the end of those stages might be difficult to fix during the post-placement implementation flow and could be the result of non-optimal XDC constraints or non-optimal design architecture
Related violations: <none>

TIMING-16#797 Warning
Large setup violation  
There is a large setup violation of -1.565 ns between student_top_inst/Core_cpu/SegReg_ID_EX_inst/inst_ex_reg[21]/C (clocked by clk_out2_pll) and student_top_inst/Core_cpu/BPU_inst/ras_stack_reg[2][27]/CE (clocked by clk_out2_pll). Large setup violations at the end of those stages might be difficult to fix during the post-placement implementation flow and could be the result of non-optimal XDC constraints or non-optimal design architecture
Related violations: <none>

TIMING-16#798 Warning
Large setup violation  
There is a large setup violation of -1.565 ns between student_top_inst/Core_cpu/SegReg_ID_EX_inst/inst_ex_reg[21]/C (clocked by clk_out2_pll) and student_top_inst/Core_cpu/BPU_inst/ras_stack_reg[2][9]/CE (clocked by clk_out2_pll). Large setup violations at the end of those stages might be difficult to fix during the post-placement implementation flow and could be the result of non-optimal XDC constraints or non-optimal design architecture
Related violations: <none>

TIMING-16#799 Warning
Large setup violation  
There is a large setup violation of -1.566 ns between student_top_inst/Core_cpu/SegReg_ID_EX_inst/inst_ex_reg[21]/C (clocked by clk_out2_pll) and student_top_inst/Core_cpu/BPU_inst/bht_reg_128_255_0_0/DP.HIGH/I (clocked by clk_out2_pll). Large setup violations at the end of those stages might be difficult to fix during the post-placement implementation flow and could be the result of non-optimal XDC constraints or non-optimal design architecture
Related violations: <none>

TIMING-16#800 Warning
Large setup violation  
There is a large setup violation of -1.566 ns between student_top_inst/Core_cpu/SegReg_ID_EX_inst/inst_ex_reg[21]/C (clocked by clk_out2_pll) and student_top_inst/Core_cpu/BPU_inst/ras_stack_reg[0][0]/CE (clocked by clk_out2_pll). Large setup violations at the end of those stages might be difficult to fix during the post-placement implementation flow and could be the result of non-optimal XDC constraints or non-optimal design architecture
Related violations: <none>

TIMING-16#801 Warning
Large setup violation  
There is a large setup violation of -1.566 ns between student_top_inst/Core_cpu/SegReg_ID_EX_inst/inst_ex_reg[21]/C (clocked by clk_out2_pll) and student_top_inst/Core_cpu/PC_inst/pc_reg[14]/D (clocked by clk_out2_pll). Large setup violations at the end of those stages might be difficult to fix during the post-placement implementation flow and could be the result of non-optimal XDC constraints or non-optimal design architecture
Related violations: <none>

TIMING-16#802 Warning
Large setup violation  
There is a large setup violation of -1.568 ns between student_top_inst/Core_cpu/SegReg_ID_EX_inst/inst_ex_reg[18]/C (clocked by clk_out2_pll) and student_top_inst/Core_cpu/SegReg_ID_EX_inst/imm_ex_reg[11]/CE (clocked by clk_out2_pll). Large setup violations at the end of those stages might be difficult to fix during the post-placement implementation flow and could be the result of non-optimal XDC constraints or non-optimal design architecture
Related violations: <none>

TIMING-16#803 Warning
Large setup violation  
There is a large setup violation of -1.568 ns between student_top_inst/Core_cpu/SegReg_ID_EX_inst/inst_ex_reg[18]/C (clocked by clk_out2_pll) and student_top_inst/Core_cpu/SegReg_ID_EX_inst/imm_ex_reg[12]/CE (clocked by clk_out2_pll). Large setup violations at the end of those stages might be difficult to fix during the post-placement implementation flow and could be the result of non-optimal XDC constraints or non-optimal design architecture
Related violations: <none>

TIMING-16#804 Warning
Large setup violation  
There is a large setup violation of -1.568 ns between student_top_inst/Core_cpu/SegReg_ID_EX_inst/inst_ex_reg[18]/C (clocked by clk_out2_pll) and student_top_inst/Core_cpu/SegReg_ID_EX_inst/imm_ex_reg[1]/CE (clocked by clk_out2_pll). Large setup violations at the end of those stages might be difficult to fix during the post-placement implementation flow and could be the result of non-optimal XDC constraints or non-optimal design architecture
Related violations: <none>

TIMING-16#805 Warning
Large setup violation  
There is a large setup violation of -1.568 ns between student_top_inst/Core_cpu/SegReg_ID_EX_inst/inst_ex_reg[18]/C (clocked by clk_out2_pll) and student_top_inst/Core_cpu/SegReg_ID_EX_inst/imm_ex_reg[3]/CE (clocked by clk_out2_pll). Large setup violations at the end of those stages might be difficult to fix during the post-placement implementation flow and could be the result of non-optimal XDC constraints or non-optimal design architecture
Related violations: <none>

TIMING-16#806 Warning
Large setup violation  
There is a large setup violation of -1.568 ns between student_top_inst/Core_cpu/SegReg_ID_EX_inst/inst_ex_reg[18]/C (clocked by clk_out2_pll) and student_top_inst/Core_cpu/SegReg_ID_EX_inst/pc_ex_reg[10]/CE (clocked by clk_out2_pll). Large setup violations at the end of those stages might be difficult to fix during the post-placement implementation flow and could be the result of non-optimal XDC constraints or non-optimal design architecture
Related violations: <none>

TIMING-16#807 Warning
Large setup violation  
There is a large setup violation of -1.568 ns between student_top_inst/Core_cpu/SegReg_ID_EX_inst/inst_ex_reg[18]/C (clocked by clk_out2_pll) and student_top_inst/Core_cpu/SegReg_ID_EX_inst/pc_ex_reg[16]/CE (clocked by clk_out2_pll). Large setup violations at the end of those stages might be difficult to fix during the post-placement implementation flow and could be the result of non-optimal XDC constraints or non-optimal design architecture
Related violations: <none>

TIMING-16#808 Warning
Large setup violation  
There is a large setup violation of -1.568 ns between student_top_inst/Core_cpu/SegReg_ID_EX_inst/inst_ex_reg[18]/C (clocked by clk_out2_pll) and student_top_inst/Core_cpu/SegReg_ID_EX_inst/pc_ex_reg[19]/CE (clocked by clk_out2_pll). Large setup violations at the end of those stages might be difficult to fix during the post-placement implementation flow and could be the result of non-optimal XDC constraints or non-optimal design architecture
Related violations: <none>

TIMING-16#809 Warning
Large setup violation  
There is a large setup violation of -1.568 ns between student_top_inst/Core_cpu/SegReg_ID_EX_inst/inst_ex_reg[18]/C (clocked by clk_out2_pll) and student_top_inst/Core_cpu/SegReg_ID_EX_inst/predict_target_ex_reg[16]/CE (clocked by clk_out2_pll). Large setup violations at the end of those stages might be difficult to fix during the post-placement implementation flow and could be the result of non-optimal XDC constraints or non-optimal design architecture
Related violations: <none>

TIMING-16#810 Warning
Large setup violation  
There is a large setup violation of -1.568 ns between student_top_inst/Core_cpu/SegReg_ID_EX_inst/inst_ex_reg[21]/C (clocked by clk_out2_pll) and student_top_inst/Core_cpu/PC_inst/pc_reg[3]_rep__0/D (clocked by clk_out2_pll). Large setup violations at the end of those stages might be difficult to fix during the post-placement implementation flow and could be the result of non-optimal XDC constraints or non-optimal design architecture
Related violations: <none>

TIMING-16#811 Warning
Large setup violation  
There is a large setup violation of -1.569 ns between student_top_inst/Core_cpu/SegReg_ID_EX_inst/inst_ex_reg[15]/C (clocked by clk_out2_pll) and student_top_inst/Core_cpu/SegReg_ID_EX_inst/csr_rdata_ex_reg[0]/CE (clocked by clk_out2_pll). Large setup violations at the end of those stages might be difficult to fix during the post-placement implementation flow and could be the result of non-optimal XDC constraints or non-optimal design architecture
Related violations: <none>

TIMING-16#812 Warning
Large setup violation  
There is a large setup violation of -1.569 ns between student_top_inst/Core_cpu/SegReg_ID_EX_inst/inst_ex_reg[15]/C (clocked by clk_out2_pll) and student_top_inst/Core_cpu/SegReg_ID_EX_inst/csr_rdata_ex_reg[11]/CE (clocked by clk_out2_pll). Large setup violations at the end of those stages might be difficult to fix during the post-placement implementation flow and could be the result of non-optimal XDC constraints or non-optimal design architecture
Related violations: <none>

TIMING-16#813 Warning
Large setup violation  
There is a large setup violation of -1.569 ns between student_top_inst/Core_cpu/SegReg_ID_EX_inst/inst_ex_reg[15]/C (clocked by clk_out2_pll) and student_top_inst/Core_cpu/SegReg_ID_EX_inst/csr_rdata_ex_reg[17]/CE (clocked by clk_out2_pll). Large setup violations at the end of those stages might be difficult to fix during the post-placement implementation flow and could be the result of non-optimal XDC constraints or non-optimal design architecture
Related violations: <none>

TIMING-16#814 Warning
Large setup violation  
There is a large setup violation of -1.569 ns between student_top_inst/Core_cpu/SegReg_ID_EX_inst/inst_ex_reg[18]/C (clocked by clk_out2_pll) and student_top_inst/Core_cpu/SegReg_ID_EX_inst/pc_ex_reg[12]/CE (clocked by clk_out2_pll). Large setup violations at the end of those stages might be difficult to fix during the post-placement implementation flow and could be the result of non-optimal XDC constraints or non-optimal design architecture
Related violations: <none>

TIMING-16#815 Warning
Large setup violation  
There is a large setup violation of -1.569 ns between student_top_inst/Core_cpu/SegReg_ID_EX_inst/inst_ex_reg[18]/C (clocked by clk_out2_pll) and student_top_inst/Core_cpu/SegReg_ID_EX_inst/pc_ex_reg[13]/CE (clocked by clk_out2_pll). Large setup violations at the end of those stages might be difficult to fix during the post-placement implementation flow and could be the result of non-optimal XDC constraints or non-optimal design architecture
Related violations: <none>

TIMING-16#816 Warning
Large setup violation  
There is a large setup violation of -1.569 ns between student_top_inst/Core_cpu/SegReg_ID_EX_inst/inst_ex_reg[18]/C (clocked by clk_out2_pll) and student_top_inst/Core_cpu/SegReg_ID_EX_inst/pc_ex_reg[14]/CE (clocked by clk_out2_pll). Large setup violations at the end of those stages might be difficult to fix during the post-placement implementation flow and could be the result of non-optimal XDC constraints or non-optimal design architecture
Related violations: <none>

TIMING-16#817 Warning
Large setup violation  
There is a large setup violation of -1.569 ns between student_top_inst/Core_cpu/SegReg_ID_EX_inst/inst_ex_reg[18]/C (clocked by clk_out2_pll) and student_top_inst/Core_cpu/SegReg_ID_EX_inst/pc_ex_reg[8]/CE (clocked by clk_out2_pll). Large setup violations at the end of those stages might be difficult to fix during the post-placement implementation flow and could be the result of non-optimal XDC constraints or non-optimal design architecture
Related violations: <none>

TIMING-16#818 Warning
Large setup violation  
There is a large setup violation of -1.569 ns between student_top_inst/Core_cpu/SegReg_ID_EX_inst/inst_ex_reg[18]/C (clocked by clk_out2_pll) and student_top_inst/Core_cpu/SegReg_ID_EX_inst/predict_target_ex_reg[24]/CE (clocked by clk_out2_pll). Large setup violations at the end of those stages might be difficult to fix during the post-placement implementation flow and could be the result of non-optimal XDC constraints or non-optimal design architecture
Related violations: <none>

TIMING-16#819 Warning
Large setup violation  
There is a large setup violation of -1.569 ns between student_top_inst/Core_cpu/SegReg_ID_EX_inst/inst_ex_reg[18]/C (clocked by clk_out2_pll) and student_top_inst/Core_cpu/SegReg_ID_EX_inst/rdata2_ex_reg[6]/CE (clocked by clk_out2_pll). Large setup violations at the end of those stages might be difficult to fix during the post-placement implementation flow and could be the result of non-optimal XDC constraints or non-optimal design architecture
Related violations: <none>

TIMING-16#820 Warning
Large setup violation  
There is a large setup violation of -1.571 ns between student_top_inst/Core_cpu/SegReg_ID_EX_inst/inst_ex_reg[23]/C (clocked by clk_out2_pll) and student_top_inst/Core_cpu/MulDiv_inst/quotient_r_reg[18]/CE (clocked by clk_out2_pll). Large setup violations at the end of those stages might be difficult to fix during the post-placement implementation flow and could be the result of non-optimal XDC constraints or non-optimal design architecture
Related violations: <none>

TIMING-16#821 Warning
Large setup violation  
There is a large setup violation of -1.571 ns between student_top_inst/Core_cpu/SegReg_ID_EX_inst/inst_ex_reg[23]/C (clocked by clk_out2_pll) and student_top_inst/Core_cpu/MulDiv_inst/rem_r_reg[18]/CE (clocked by clk_out2_pll). Large setup violations at the end of those stages might be difficult to fix during the post-placement implementation flow and could be the result of non-optimal XDC constraints or non-optimal design architecture
Related violations: <none>

TIMING-16#822 Warning
Large setup violation  
There is a large setup violation of -1.574 ns between student_top_inst/Core_cpu/SegReg_ID_EX_inst/inst_ex_reg[21]/C (clocked by clk_out2_pll) and student_top_inst/Core_cpu/PC_inst/pc_reg[10]/D (clocked by clk_out2_pll). Large setup violations at the end of those stages might be difficult to fix during the post-placement implementation flow and could be the result of non-optimal XDC constraints or non-optimal design architecture
Related violations: <none>

TIMING-16#823 Warning
Large setup violation  
There is a large setup violation of -1.575 ns between student_top_inst/Core_cpu/SegReg_ID_EX_inst/inst_ex_reg[15]/C (clocked by clk_out2_pll) and student_top_inst/Core_cpu/SegReg_ID_EX_inst/imm_ex_reg[18]/CE (clocked by clk_out2_pll). Large setup violations at the end of those stages might be difficult to fix during the post-placement implementation flow and could be the result of non-optimal XDC constraints or non-optimal design architecture
Related violations: <none>

TIMING-16#824 Warning
Large setup violation  
There is a large setup violation of -1.575 ns between student_top_inst/Core_cpu/SegReg_ID_EX_inst/inst_ex_reg[15]/C (clocked by clk_out2_pll) and student_top_inst/Core_cpu/SegReg_ID_EX_inst/predict_target_ex_reg[9]/CE (clocked by clk_out2_pll). Large setup violations at the end of those stages might be difficult to fix during the post-placement implementation flow and could be the result of non-optimal XDC constraints or non-optimal design architecture
Related violations: <none>

TIMING-16#825 Warning
Large setup violation  
There is a large setup violation of -1.575 ns between student_top_inst/Core_cpu/SegReg_ID_EX_inst/inst_ex_reg[15]/C (clocked by clk_out2_pll) and student_top_inst/Core_cpu/SegReg_ID_EX_inst/rdata2_ex_reg[16]/CE (clocked by clk_out2_pll). Large setup violations at the end of those stages might be difficult to fix during the post-placement implementation flow and could be the result of non-optimal XDC constraints or non-optimal design architecture
Related violations: <none>

TIMING-16#826 Warning
Large setup violation  
There is a large setup violation of -1.575 ns between student_top_inst/Core_cpu/SegReg_ID_EX_inst/inst_ex_reg[15]/C (clocked by clk_out2_pll) and student_top_inst/Core_cpu/SegReg_ID_EX_inst/rdata2_ex_reg[17]/CE (clocked by clk_out2_pll). Large setup violations at the end of those stages might be difficult to fix during the post-placement implementation flow and could be the result of non-optimal XDC constraints or non-optimal design architecture
Related violations: <none>

TIMING-16#827 Warning
Large setup violation  
There is a large setup violation of -1.575 ns between student_top_inst/Core_cpu/SegReg_ID_EX_inst/inst_ex_reg[15]/C (clocked by clk_out2_pll) and student_top_inst/Core_cpu/SegReg_ID_EX_inst/rdata2_ex_reg[20]/CE (clocked by clk_out2_pll). Large setup violations at the end of those stages might be difficult to fix during the post-placement implementation flow and could be the result of non-optimal XDC constraints or non-optimal design architecture
Related violations: <none>

TIMING-16#828 Warning
Large setup violation  
There is a large setup violation of -1.578 ns between student_top_inst/Core_cpu/SegReg_ID_EX_inst/inst_ex_reg[15]/C (clocked by clk_out2_pll) and student_top_inst/Core_cpu/SegReg_ID_EX_inst/br_type_ex_reg[0]/CE (clocked by clk_out2_pll). Large setup violations at the end of those stages might be difficult to fix during the post-placement implementation flow and could be the result of non-optimal XDC constraints or non-optimal design architecture
Related violations: <none>

TIMING-16#829 Warning
Large setup violation  
There is a large setup violation of -1.578 ns between student_top_inst/Core_cpu/SegReg_ID_EX_inst/inst_ex_reg[15]/C (clocked by clk_out2_pll) and student_top_inst/Core_cpu/SegReg_ID_EX_inst/br_type_ex_reg[2]/CE (clocked by clk_out2_pll). Large setup violations at the end of those stages might be difficult to fix during the post-placement implementation flow and could be the result of non-optimal XDC constraints or non-optimal design architecture
Related violations: <none>

TIMING-16#830 Warning
Large setup violation  
There is a large setup violation of -1.578 ns between student_top_inst/Core_cpu/SegReg_ID_EX_inst/inst_ex_reg[15]/C (clocked by clk_out2_pll) and student_top_inst/Core_cpu/SegReg_ID_EX_inst/br_type_ex_reg[4]/CE (clocked by clk_out2_pll). Large setup violations at the end of those stages might be difficult to fix during the post-placement implementation flow and could be the result of non-optimal XDC constraints or non-optimal design architecture
Related violations: <none>

TIMING-16#831 Warning
Large setup violation  
There is a large setup violation of -1.578 ns between student_top_inst/Core_cpu/SegReg_ID_EX_inst/inst_ex_reg[18]/C (clocked by clk_out2_pll) and student_top_inst/Core_cpu/SegReg_ID_EX_inst/alu_op_ex_reg[3]/CE (clocked by clk_out2_pll). Large setup violations at the end of those stages might be difficult to fix during the post-placement implementation flow and could be the result of non-optimal XDC constraints or non-optimal design architecture
Related violations: <none>

TIMING-16#832 Warning
Large setup violation  
There is a large setup violation of -1.578 ns between student_top_inst/Core_cpu/SegReg_ID_EX_inst/inst_ex_reg[18]/C (clocked by clk_out2_pll) and student_top_inst/Core_cpu/SegReg_ID_EX_inst/csr_rdata_ex_reg[16]/CE (clocked by clk_out2_pll). Large setup violations at the end of those stages might be difficult to fix during the post-placement implementation flow and could be the result of non-optimal XDC constraints or non-optimal design architecture
Related violations: <none>

TIMING-16#833 Warning
Large setup violation  
There is a large setup violation of -1.578 ns between student_top_inst/Core_cpu/SegReg_ID_EX_inst/inst_ex_reg[18]/C (clocked by clk_out2_pll) and student_top_inst/Core_cpu/SegReg_ID_EX_inst/priv_vec_ex_reg[1]/CE (clocked by clk_out2_pll). Large setup violations at the end of those stages might be difficult to fix during the post-placement implementation flow and could be the result of non-optimal XDC constraints or non-optimal design architecture
Related violations: <none>

TIMING-16#834 Warning
Large setup violation  
There is a large setup violation of -1.578 ns between student_top_inst/Core_cpu/SegReg_ID_EX_inst/inst_ex_reg[18]/C (clocked by clk_out2_pll) and student_top_inst/Core_cpu/SegReg_ID_EX_inst/rf_we_ex_reg[0]/CE (clocked by clk_out2_pll). Large setup violations at the end of those stages might be difficult to fix during the post-placement implementation flow and could be the result of non-optimal XDC constraints or non-optimal design architecture
Related violations: <none>

TIMING-16#835 Warning
Large setup violation  
There is a large setup violation of -1.579 ns between student_top_inst/Core_cpu/SegReg_ID_EX_inst/inst_ex_reg[21]/C (clocked by clk_out2_pll) and student_top_inst/Core_cpu/PC_inst/pc_reg[28]/CE (clocked by clk_out2_pll). Large setup violations at the end of those stages might be difficult to fix during the post-placement implementation flow and could be the result of non-optimal XDC constraints or non-optimal design architecture
Related violations: <none>

TIMING-16#836 Warning
Large setup violation  
There is a large setup violation of -1.579 ns between student_top_inst/Core_cpu/SegReg_ID_EX_inst/inst_ex_reg[21]/C (clocked by clk_out2_pll) and student_top_inst/Core_cpu/PC_inst/pc_reg[4]/D (clocked by clk_out2_pll). Large setup violations at the end of those stages might be difficult to fix during the post-placement implementation flow and could be the result of non-optimal XDC constraints or non-optimal design architecture
Related violations: <none>

TIMING-16#837 Warning
Large setup violation  
There is a large setup violation of -1.580 ns between student_top_inst/Core_cpu/SegReg_ID_EX_inst/inst_ex_reg[18]/C (clocked by clk_out2_pll) and student_top_inst/Core_cpu/SegReg_ID_EX_inst/csr_rdata_ex_reg[25]/CE (clocked by clk_out2_pll). Large setup violations at the end of those stages might be difficult to fix during the post-placement implementation flow and could be the result of non-optimal XDC constraints or non-optimal design architecture
Related violations: <none>

TIMING-16#838 Warning
Large setup violation  
There is a large setup violation of -1.580 ns between student_top_inst/Core_cpu/SegReg_ID_EX_inst/inst_ex_reg[18]/C (clocked by clk_out2_pll) and student_top_inst/Core_cpu/SegReg_ID_EX_inst/csr_rdata_ex_reg[28]/CE (clocked by clk_out2_pll). Large setup violations at the end of those stages might be difficult to fix during the post-placement implementation flow and could be the result of non-optimal XDC constraints or non-optimal design architecture
Related violations: <none>

TIMING-16#839 Warning
Large setup violation  
There is a large setup violation of -1.580 ns between student_top_inst/Core_cpu/SegReg_ID_EX_inst/inst_ex_reg[18]/C (clocked by clk_out2_pll) and student_top_inst/Core_cpu/SegReg_ID_EX_inst/csr_rdata_ex_reg[30]/CE (clocked by clk_out2_pll). Large setup violations at the end of those stages might be difficult to fix during the post-placement implementation flow and could be the result of non-optimal XDC constraints or non-optimal design architecture
Related violations: <none>

TIMING-16#840 Warning
Large setup violation  
There is a large setup violation of -1.580 ns between student_top_inst/Core_cpu/SegReg_ID_EX_inst/inst_ex_reg[18]/C (clocked by clk_out2_pll) and student_top_inst/Core_cpu/SegReg_ID_EX_inst/csr_rdata_ex_reg[6]/CE (clocked by clk_out2_pll). Large setup violations at the end of those stages might be difficult to fix during the post-placement implementation flow and could be the result of non-optimal XDC constraints or non-optimal design architecture
Related violations: <none>

TIMING-16#841 Warning
Large setup violation  
There is a large setup violation of -1.580 ns between student_top_inst/Core_cpu/SegReg_ID_EX_inst/inst_ex_reg[18]/C (clocked by clk_out2_pll) and student_top_inst/Core_cpu/SegReg_ID_EX_inst/predict_target_ex_reg[3]/CE (clocked by clk_out2_pll). Large setup violations at the end of those stages might be difficult to fix during the post-placement implementation flow and could be the result of non-optimal XDC constraints or non-optimal design architecture
Related violations: <none>

TIMING-16#842 Warning
Large setup violation  
There is a large setup violation of -1.580 ns between student_top_inst/Core_cpu/SegReg_ID_EX_inst/inst_ex_reg[18]/C (clocked by clk_out2_pll) and student_top_inst/Core_cpu/SegReg_ID_EX_inst/rdata1_ex_reg[0]/CE (clocked by clk_out2_pll). Large setup violations at the end of those stages might be difficult to fix during the post-placement implementation flow and could be the result of non-optimal XDC constraints or non-optimal design architecture
Related violations: <none>

TIMING-16#843 Warning
Large setup violation  
There is a large setup violation of -1.580 ns between student_top_inst/Core_cpu/SegReg_ID_EX_inst/inst_ex_reg[18]/C (clocked by clk_out2_pll) and student_top_inst/Core_cpu/SegReg_ID_EX_inst/rdata1_ex_reg[30]/CE (clocked by clk_out2_pll). Large setup violations at the end of those stages might be difficult to fix during the post-placement implementation flow and could be the result of non-optimal XDC constraints or non-optimal design architecture
Related violations: <none>

TIMING-16#844 Warning
Large setup violation  
There is a large setup violation of -1.580 ns between student_top_inst/Core_cpu/SegReg_ID_EX_inst/inst_ex_reg[18]/C (clocked by clk_out2_pll) and student_top_inst/Core_cpu/SegReg_ID_EX_inst/rdata2_ex_reg[24]/CE (clocked by clk_out2_pll). Large setup violations at the end of those stages might be difficult to fix during the post-placement implementation flow and could be the result of non-optimal XDC constraints or non-optimal design architecture
Related violations: <none>

TIMING-16#845 Warning
Large setup violation  
There is a large setup violation of -1.580 ns between student_top_inst/Core_cpu/SegReg_ID_EX_inst/inst_ex_reg[18]/C (clocked by clk_out2_pll) and student_top_inst/Core_cpu/SegReg_ID_EX_inst/rdata2_ex_reg[5]/CE (clocked by clk_out2_pll). Large setup violations at the end of those stages might be difficult to fix during the post-placement implementation flow and could be the result of non-optimal XDC constraints or non-optimal design architecture
Related violations: <none>

TIMING-16#846 Warning
Large setup violation  
There is a large setup violation of -1.582 ns between student_top_inst/Core_cpu/SegReg_ID_EX_inst/inst_ex_reg[21]/C (clocked by clk_out2_pll) and student_top_inst/Core_cpu/BPU_inst/ras_stack_reg[1][8]/CE (clocked by clk_out2_pll). Large setup violations at the end of those stages might be difficult to fix during the post-placement implementation flow and could be the result of non-optimal XDC constraints or non-optimal design architecture
Related violations: <none>

TIMING-16#847 Warning
Large setup violation  
There is a large setup violation of -1.585 ns between student_top_inst/Core_cpu/SegReg_ID_EX_inst/inst_ex_reg[21]/C (clocked by clk_out2_pll) and student_top_inst/Core_cpu/BPU_inst/ras_stack_reg[0][10]/CE (clocked by clk_out2_pll). Large setup violations at the end of those stages might be difficult to fix during the post-placement implementation flow and could be the result of non-optimal XDC constraints or non-optimal design architecture
Related violations: <none>

TIMING-16#848 Warning
Large setup violation  
There is a large setup violation of -1.585 ns between student_top_inst/Core_cpu/SegReg_ID_EX_inst/inst_ex_reg[21]/C (clocked by clk_out2_pll) and student_top_inst/Core_cpu/BPU_inst/ras_stack_reg[0][11]/CE (clocked by clk_out2_pll). Large setup violations at the end of those stages might be difficult to fix during the post-placement implementation flow and could be the result of non-optimal XDC constraints or non-optimal design architecture
Related violations: <none>

TIMING-16#849 Warning
Large setup violation  
There is a large setup violation of -1.585 ns between student_top_inst/Core_cpu/SegReg_ID_EX_inst/inst_ex_reg[21]/C (clocked by clk_out2_pll) and student_top_inst/Core_cpu/BPU_inst/ras_stack_reg[0][12]/CE (clocked by clk_out2_pll). Large setup violations at the end of those stages might be difficult to fix during the post-placement implementation flow and could be the result of non-optimal XDC constraints or non-optimal design architecture
Related violations: <none>

TIMING-16#850 Warning
Large setup violation  
There is a large setup violation of -1.585 ns between student_top_inst/Core_cpu/SegReg_ID_EX_inst/inst_ex_reg[21]/C (clocked by clk_out2_pll) and student_top_inst/Core_cpu/BPU_inst/ras_stack_reg[0][9]/CE (clocked by clk_out2_pll). Large setup violations at the end of those stages might be difficult to fix during the post-placement implementation flow and could be the result of non-optimal XDC constraints or non-optimal design architecture
Related violations: <none>

TIMING-16#851 Warning
Large setup violation  
There is a large setup violation of -1.588 ns between student_top_inst/Core_cpu/SegReg_ID_EX_inst/inst_ex_reg[21]/C (clocked by clk_out2_pll) and student_top_inst/Core_cpu/PC_inst/pc_reg[11]/D (clocked by clk_out2_pll). Large setup violations at the end of those stages might be difficult to fix during the post-placement implementation flow and could be the result of non-optimal XDC constraints or non-optimal design architecture
Related violations: <none>

TIMING-16#852 Warning
Large setup violation  
There is a large setup violation of -1.588 ns between student_top_inst/Core_cpu/SegReg_ID_EX_inst/inst_ex_reg[21]/C (clocked by clk_out2_pll) and student_top_inst/Core_cpu/PC_inst/pc_reg[29]/D (clocked by clk_out2_pll). Large setup violations at the end of those stages might be difficult to fix during the post-placement implementation flow and could be the result of non-optimal XDC constraints or non-optimal design architecture
Related violations: <none>

TIMING-16#853 Warning
Large setup violation  
There is a large setup violation of -1.589 ns between student_top_inst/Core_cpu/SegReg_ID_EX_inst/inst_ex_reg[21]/C (clocked by clk_out2_pll) and student_top_inst/Core_cpu/BPU_inst/btb_reg_0_63_21_23/RAMA/WE (clocked by clk_out2_pll). Large setup violations at the end of those stages might be difficult to fix during the post-placement implementation flow and could be the result of non-optimal XDC constraints or non-optimal design architecture
Related violations: <none>

TIMING-16#854 Warning
Large setup violation  
There is a large setup violation of -1.589 ns between student_top_inst/Core_cpu/SegReg_ID_EX_inst/inst_ex_reg[21]/C (clocked by clk_out2_pll) and student_top_inst/Core_cpu/BPU_inst/btb_reg_0_63_21_23/RAMB/WE (clocked by clk_out2_pll). Large setup violations at the end of those stages might be difficult to fix during the post-placement implementation flow and could be the result of non-optimal XDC constraints or non-optimal design architecture
Related violations: <none>

TIMING-16#855 Warning
Large setup violation  
There is a large setup violation of -1.589 ns between student_top_inst/Core_cpu/SegReg_ID_EX_inst/inst_ex_reg[21]/C (clocked by clk_out2_pll) and student_top_inst/Core_cpu/BPU_inst/btb_reg_0_63_21_23/RAMC/WE (clocked by clk_out2_pll). Large setup violations at the end of those stages might be difficult to fix during the post-placement implementation flow and could be the result of non-optimal XDC constraints or non-optimal design architecture
Related violations: <none>

TIMING-16#856 Warning
Large setup violation  
There is a large setup violation of -1.589 ns between student_top_inst/Core_cpu/SegReg_ID_EX_inst/inst_ex_reg[21]/C (clocked by clk_out2_pll) and student_top_inst/Core_cpu/BPU_inst/btb_reg_0_63_21_23/RAMD/WE (clocked by clk_out2_pll). Large setup violations at the end of those stages might be difficult to fix during the post-placement implementation flow and could be the result of non-optimal XDC constraints or non-optimal design architecture
Related violations: <none>

TIMING-16#857 Warning
Large setup violation  
There is a large setup violation of -1.591 ns between student_top_inst/Core_cpu/SegReg_ID_EX_inst/inst_ex_reg[21]/C (clocked by clk_out2_pll) and student_top_inst/Core_cpu/PC_inst/pc_reg[23]/D (clocked by clk_out2_pll). Large setup violations at the end of those stages might be difficult to fix during the post-placement implementation flow and could be the result of non-optimal XDC constraints or non-optimal design architecture
Related violations: <none>

TIMING-16#858 Warning
Large setup violation  
There is a large setup violation of -1.592 ns between student_top_inst/Core_cpu/SegReg_ID_EX_inst/inst_ex_reg[18]/C (clocked by clk_out2_pll) and student_top_inst/Core_cpu/SegReg_ID_EX_inst/mem_access_ex_reg[0]/CE (clocked by clk_out2_pll). Large setup violations at the end of those stages might be difficult to fix during the post-placement implementation flow and could be the result of non-optimal XDC constraints or non-optimal design architecture
Related violations: <none>

TIMING-16#859 Warning
Large setup violation  
There is a large setup violation of -1.592 ns between student_top_inst/Core_cpu/SegReg_ID_EX_inst/inst_ex_reg[18]/C (clocked by clk_out2_pll) and student_top_inst/Core_cpu/SegReg_ID_EX_inst/mem_access_ex_reg[3]/CE (clocked by clk_out2_pll). Large setup violations at the end of those stages might be difficult to fix during the post-placement implementation flow and could be the result of non-optimal XDC constraints or non-optimal design architecture
Related violations: <none>

TIMING-16#860 Warning
Large setup violation  
There is a large setup violation of -1.592 ns between student_top_inst/Core_cpu/SegReg_ID_EX_inst/inst_ex_reg[18]/C (clocked by clk_out2_pll) and student_top_inst/Core_cpu/SegReg_ID_EX_inst/mem_access_ex_reg[4]/CE (clocked by clk_out2_pll). Large setup violations at the end of those stages might be difficult to fix during the post-placement implementation flow and could be the result of non-optimal XDC constraints or non-optimal design architecture
Related violations: <none>

TIMING-16#861 Warning
Large setup violation  
There is a large setup violation of -1.595 ns between student_top_inst/Core_cpu/SegReg_ID_EX_inst/inst_ex_reg[21]/C (clocked by clk_out2_pll) and student_top_inst/Core_cpu/PC_inst/pc_reg[17]/D (clocked by clk_out2_pll). Large setup violations at the end of those stages might be difficult to fix during the post-placement implementation flow and could be the result of non-optimal XDC constraints or non-optimal design architecture
Related violations: <none>

TIMING-16#862 Warning
Large setup violation  
There is a large setup violation of -1.596 ns between student_top_inst/Core_cpu/SegReg_ID_EX_inst/inst_ex_reg[21]/C (clocked by clk_out2_pll) and student_top_inst/Core_cpu/BPU_inst/ras_stack_reg[1][10]/CE (clocked by clk_out2_pll). Large setup violations at the end of those stages might be difficult to fix during the post-placement implementation flow and could be the result of non-optimal XDC constraints or non-optimal design architecture
Related violations: <none>

TIMING-16#863 Warning
Large setup violation  
There is a large setup violation of -1.596 ns between student_top_inst/Core_cpu/SegReg_ID_EX_inst/inst_ex_reg[21]/C (clocked by clk_out2_pll) and student_top_inst/Core_cpu/BPU_inst/ras_stack_reg[1][12]/CE (clocked by clk_out2_pll). Large setup violations at the end of those stages might be difficult to fix during the post-placement implementation flow and could be the result of non-optimal XDC constraints or non-optimal design architecture
Related violations: <none>

TIMING-16#864 Warning
Large setup violation  
There is a large setup violation of -1.596 ns between student_top_inst/Core_cpu/SegReg_ID_EX_inst/inst_ex_reg[21]/C (clocked by clk_out2_pll) and student_top_inst/Core_cpu/BPU_inst/ras_stack_reg[1][15]/CE (clocked by clk_out2_pll). Large setup violations at the end of those stages might be difficult to fix during the post-placement implementation flow and could be the result of non-optimal XDC constraints or non-optimal design architecture
Related violations: <none>

TIMING-16#865 Warning
Large setup violation  
There is a large setup violation of -1.596 ns between student_top_inst/Core_cpu/SegReg_ID_EX_inst/inst_ex_reg[21]/C (clocked by clk_out2_pll) and student_top_inst/Core_cpu/BPU_inst/ras_stack_reg[1][29]/CE (clocked by clk_out2_pll). Large setup violations at the end of those stages might be difficult to fix during the post-placement implementation flow and could be the result of non-optimal XDC constraints or non-optimal design architecture
Related violations: <none>

TIMING-16#866 Warning
Large setup violation  
There is a large setup violation of -1.598 ns between student_top_inst/Core_cpu/SegReg_ID_EX_inst/inst_ex_reg[18]/C (clocked by clk_out2_pll) and student_top_inst/Core_cpu/SegReg_ID_EX_inst/br_type_ex_reg[1]/CE (clocked by clk_out2_pll). Large setup violations at the end of those stages might be difficult to fix during the post-placement implementation flow and could be the result of non-optimal XDC constraints or non-optimal design architecture
Related violations: <none>

TIMING-16#867 Warning
Large setup violation  
There is a large setup violation of -1.598 ns between student_top_inst/Core_cpu/SegReg_ID_EX_inst/inst_ex_reg[18]/C (clocked by clk_out2_pll) and student_top_inst/Core_cpu/SegReg_ID_EX_inst/csr_rdata_ex_reg[12]/CE (clocked by clk_out2_pll). Large setup violations at the end of those stages might be difficult to fix during the post-placement implementation flow and could be the result of non-optimal XDC constraints or non-optimal design architecture
Related violations: <none>

TIMING-16#868 Warning
Large setup violation  
There is a large setup violation of -1.598 ns between student_top_inst/Core_cpu/SegReg_ID_EX_inst/inst_ex_reg[18]/C (clocked by clk_out2_pll) and student_top_inst/Core_cpu/SegReg_ID_EX_inst/csr_rdata_ex_reg[8]/CE (clocked by clk_out2_pll). Large setup violations at the end of those stages might be difficult to fix during the post-placement implementation flow and could be the result of non-optimal XDC constraints or non-optimal design architecture
Related violations: <none>

TIMING-16#869 Warning
Large setup violation  
There is a large setup violation of -1.598 ns between student_top_inst/Core_cpu/SegReg_ID_EX_inst/inst_ex_reg[18]/C (clocked by clk_out2_pll) and student_top_inst/Core_cpu/SegReg_ID_EX_inst/priv_vec_ex_reg[2]/CE (clocked by clk_out2_pll). Large setup violations at the end of those stages might be difficult to fix during the post-placement implementation flow and could be the result of non-optimal XDC constraints or non-optimal design architecture
Related violations: <none>

TIMING-16#870 Warning
Large setup violation  
There is a large setup violation of -1.601 ns between student_top_inst/Core_cpu/SegReg_ID_EX_inst/inst_ex_reg[18]/C (clocked by clk_out2_pll) and student_top_inst/Core_cpu/SegReg_ID_EX_inst/csr_rdata_ex_reg[26]/CE (clocked by clk_out2_pll). Large setup violations at the end of those stages might be difficult to fix during the post-placement implementation flow and could be the result of non-optimal XDC constraints or non-optimal design architecture
Related violations: <none>

TIMING-16#871 Warning
Large setup violation  
There is a large setup violation of -1.601 ns between student_top_inst/Core_cpu/SegReg_ID_EX_inst/inst_ex_reg[18]/C (clocked by clk_out2_pll) and student_top_inst/Core_cpu/SegReg_ID_EX_inst/imm_ex_reg[30]/CE (clocked by clk_out2_pll). Large setup violations at the end of those stages might be difficult to fix during the post-placement implementation flow and could be the result of non-optimal XDC constraints or non-optimal design architecture
Related violations: <none>

TIMING-16#872 Warning
Large setup violation  
There is a large setup violation of -1.601 ns between student_top_inst/Core_cpu/SegReg_ID_EX_inst/inst_ex_reg[18]/C (clocked by clk_out2_pll) and student_top_inst/Core_cpu/SegReg_ID_EX_inst/imm_ex_reg[31]/CE (clocked by clk_out2_pll). Large setup violations at the end of those stages might be difficult to fix during the post-placement implementation flow and could be the result of non-optimal XDC constraints or non-optimal design architecture
Related violations: <none>

TIMING-16#873 Warning
Large setup violation  
There is a large setup violation of -1.601 ns between student_top_inst/Core_cpu/SegReg_ID_EX_inst/inst_ex_reg[18]/C (clocked by clk_out2_pll) and student_top_inst/Core_cpu/SegReg_ID_EX_inst/imm_ex_reg[5]/CE (clocked by clk_out2_pll). Large setup violations at the end of those stages might be difficult to fix during the post-placement implementation flow and could be the result of non-optimal XDC constraints or non-optimal design architecture
Related violations: <none>

TIMING-16#874 Warning
Large setup violation  
There is a large setup violation of -1.601 ns between student_top_inst/Core_cpu/SegReg_ID_EX_inst/inst_ex_reg[18]/C (clocked by clk_out2_pll) and student_top_inst/Core_cpu/SegReg_ID_EX_inst/imm_ex_reg[7]/CE (clocked by clk_out2_pll). Large setup violations at the end of those stages might be difficult to fix during the post-placement implementation flow and could be the result of non-optimal XDC constraints or non-optimal design architecture
Related violations: <none>

TIMING-16#875 Warning
Large setup violation  
There is a large setup violation of -1.601 ns between student_top_inst/Core_cpu/SegReg_ID_EX_inst/inst_ex_reg[18]/C (clocked by clk_out2_pll) and student_top_inst/Core_cpu/SegReg_ID_EX_inst/imm_ex_reg[8]/CE (clocked by clk_out2_pll). Large setup violations at the end of those stages might be difficult to fix during the post-placement implementation flow and could be the result of non-optimal XDC constraints or non-optimal design architecture
Related violations: <none>

TIMING-16#876 Warning
Large setup violation  
There is a large setup violation of -1.601 ns between student_top_inst/Core_cpu/SegReg_ID_EX_inst/inst_ex_reg[18]/C (clocked by clk_out2_pll) and student_top_inst/Core_cpu/SegReg_ID_EX_inst/imm_ex_reg[9]/CE (clocked by clk_out2_pll). Large setup violations at the end of those stages might be difficult to fix during the post-placement implementation flow and could be the result of non-optimal XDC constraints or non-optimal design architecture
Related violations: <none>

TIMING-16#877 Warning
Large setup violation  
There is a large setup violation of -1.601 ns between student_top_inst/Core_cpu/SegReg_ID_EX_inst/inst_ex_reg[21]/C (clocked by clk_out2_pll) and student_top_inst/Core_cpu/BPU_inst/ras_stack_reg[0][17]/CE (clocked by clk_out2_pll). Large setup violations at the end of those stages might be difficult to fix during the post-placement implementation flow and could be the result of non-optimal XDC constraints or non-optimal design architecture
Related violations: <none>

TIMING-16#878 Warning
Large setup violation  
There is a large setup violation of -1.601 ns between student_top_inst/Core_cpu/SegReg_ID_EX_inst/inst_ex_reg[21]/C (clocked by clk_out2_pll) and student_top_inst/Core_cpu/BPU_inst/ras_stack_reg[0][18]/CE (clocked by clk_out2_pll). Large setup violations at the end of those stages might be difficult to fix during the post-placement implementation flow and could be the result of non-optimal XDC constraints or non-optimal design architecture
Related violations: <none>

TIMING-16#879 Warning
Large setup violation  
There is a large setup violation of -1.601 ns between student_top_inst/Core_cpu/SegReg_ID_EX_inst/inst_ex_reg[21]/C (clocked by clk_out2_pll) and student_top_inst/Core_cpu/BPU_inst/ras_stack_reg[0][19]/CE (clocked by clk_out2_pll). Large setup violations at the end of those stages might be difficult to fix during the post-placement implementation flow and could be the result of non-optimal XDC constraints or non-optimal design architecture
Related violations: <none>

TIMING-16#880 Warning
Large setup violation  
There is a large setup violation of -1.601 ns between student_top_inst/Core_cpu/SegReg_ID_EX_inst/inst_ex_reg[21]/C (clocked by clk_out2_pll) and student_top_inst/Core_cpu/BPU_inst/ras_stack_reg[0][20]/CE (clocked by clk_out2_pll). Large setup violations at the end of those stages might be difficult to fix during the post-placement implementation flow and could be the result of non-optimal XDC constraints or non-optimal design architecture
Related violations: <none>

TIMING-16#881 Warning
Large setup violation  
There is a large setup violation of -1.603 ns between student_top_inst/Core_cpu/SegReg_ID_EX_inst/inst_ex_reg[21]/C (clocked by clk_out2_pll) and student_top_inst/Core_cpu/PC_inst/pc_reg[3]_rep/D (clocked by clk_out2_pll). Large setup violations at the end of those stages might be difficult to fix during the post-placement implementation flow and could be the result of non-optimal XDC constraints or non-optimal design architecture
Related violations: <none>

TIMING-16#882 Warning
Large setup violation  
There is a large setup violation of -1.604 ns between student_top_inst/Core_cpu/SegReg_ID_EX_inst/inst_ex_reg[18]/C (clocked by clk_out2_pll) and student_top_inst/Core_cpu/SegReg_ID_EX_inst/imm_ex_reg[26]/CE (clocked by clk_out2_pll). Large setup violations at the end of those stages might be difficult to fix during the post-placement implementation flow and could be the result of non-optimal XDC constraints or non-optimal design architecture
Related violations: <none>

TIMING-16#883 Warning
Large setup violation  
There is a large setup violation of -1.604 ns between student_top_inst/Core_cpu/SegReg_ID_EX_inst/inst_ex_reg[18]/C (clocked by clk_out2_pll) and student_top_inst/Core_cpu/SegReg_ID_EX_inst/imm_ex_reg[27]/CE (clocked by clk_out2_pll). Large setup violations at the end of those stages might be difficult to fix during the post-placement implementation flow and could be the result of non-optimal XDC constraints or non-optimal design architecture
Related violations: <none>

TIMING-16#884 Warning
Large setup violation  
There is a large setup violation of -1.610 ns between student_top_inst/Core_cpu/SegReg_ID_EX_inst/inst_ex_reg[21]/C (clocked by clk_out2_pll) and student_top_inst/Core_cpu/BPU_inst/ras_stack_reg[1][1]/CE (clocked by clk_out2_pll). Large setup violations at the end of those stages might be difficult to fix during the post-placement implementation flow and could be the result of non-optimal XDC constraints or non-optimal design architecture
Related violations: <none>

TIMING-16#885 Warning
Large setup violation  
There is a large setup violation of -1.610 ns between student_top_inst/Core_cpu/SegReg_ID_EX_inst/inst_ex_reg[21]/C (clocked by clk_out2_pll) and student_top_inst/Core_cpu/BPU_inst/ras_stack_reg[1][22]/CE (clocked by clk_out2_pll). Large setup violations at the end of those stages might be difficult to fix during the post-placement implementation flow and could be the result of non-optimal XDC constraints or non-optimal design architecture
Related violations: <none>

TIMING-16#886 Warning
Large setup violation  
There is a large setup violation of -1.610 ns between student_top_inst/Core_cpu/SegReg_ID_EX_inst/inst_ex_reg[21]/C (clocked by clk_out2_pll) and student_top_inst/Core_cpu/BPU_inst/ras_stack_reg[1][2]/CE (clocked by clk_out2_pll). Large setup violations at the end of those stages might be difficult to fix during the post-placement implementation flow and could be the result of non-optimal XDC constraints or non-optimal design architecture
Related violations: <none>

TIMING-16#887 Warning
Large setup violation  
There is a large setup violation of -1.610 ns between student_top_inst/Core_cpu/SegReg_ID_EX_inst/inst_ex_reg[21]/C (clocked by clk_out2_pll) and student_top_inst/Core_cpu/BPU_inst/ras_stack_reg[1][6]/CE (clocked by clk_out2_pll). Large setup violations at the end of those stages might be difficult to fix during the post-placement implementation flow and could be the result of non-optimal XDC constraints or non-optimal design architecture
Related violations: <none>

TIMING-16#888 Warning
Large setup violation  
There is a large setup violation of -1.611 ns between student_top_inst/Core_cpu/SegReg_ID_EX_inst/inst_ex_reg[21]/C (clocked by clk_out2_pll) and student_top_inst/Core_cpu/BPU_inst/ras_stack_reg[1][26]/CE (clocked by clk_out2_pll). Large setup violations at the end of those stages might be difficult to fix during the post-placement implementation flow and could be the result of non-optimal XDC constraints or non-optimal design architecture
Related violations: <none>

TIMING-16#889 Warning
Large setup violation  
There is a large setup violation of -1.611 ns between student_top_inst/Core_cpu/SegReg_ID_EX_inst/inst_ex_reg[21]/C (clocked by clk_out2_pll) and student_top_inst/Core_cpu/BPU_inst/ras_stack_reg[1][30]/CE (clocked by clk_out2_pll). Large setup violations at the end of those stages might be difficult to fix during the post-placement implementation flow and could be the result of non-optimal XDC constraints or non-optimal design architecture
Related violations: <none>

TIMING-16#890 Warning
Large setup violation  
There is a large setup violation of -1.613 ns between student_top_inst/Core_cpu/SegReg_ID_EX_inst/inst_ex_reg[21]/C (clocked by clk_out2_pll) and student_top_inst/Core_cpu/BPU_inst/btb_reg_0_63_12_14/RAMA/WE (clocked by clk_out2_pll). Large setup violations at the end of those stages might be difficult to fix during the post-placement implementation flow and could be the result of non-optimal XDC constraints or non-optimal design architecture
Related violations: <none>

TIMING-16#891 Warning
Large setup violation  
There is a large setup violation of -1.613 ns between student_top_inst/Core_cpu/SegReg_ID_EX_inst/inst_ex_reg[21]/C (clocked by clk_out2_pll) and student_top_inst/Core_cpu/BPU_inst/btb_reg_0_63_12_14/RAMB/WE (clocked by clk_out2_pll). Large setup violations at the end of those stages might be difficult to fix during the post-placement implementation flow and could be the result of non-optimal XDC constraints or non-optimal design architecture
Related violations: <none>

TIMING-16#892 Warning
Large setup violation  
There is a large setup violation of -1.613 ns between student_top_inst/Core_cpu/SegReg_ID_EX_inst/inst_ex_reg[21]/C (clocked by clk_out2_pll) and student_top_inst/Core_cpu/BPU_inst/btb_reg_0_63_12_14/RAMC/WE (clocked by clk_out2_pll). Large setup violations at the end of those stages might be difficult to fix during the post-placement implementation flow and could be the result of non-optimal XDC constraints or non-optimal design architecture
Related violations: <none>

TIMING-16#893 Warning
Large setup violation  
There is a large setup violation of -1.613 ns between student_top_inst/Core_cpu/SegReg_ID_EX_inst/inst_ex_reg[21]/C (clocked by clk_out2_pll) and student_top_inst/Core_cpu/BPU_inst/btb_reg_0_63_12_14/RAMD/WE (clocked by clk_out2_pll). Large setup violations at the end of those stages might be difficult to fix during the post-placement implementation flow and could be the result of non-optimal XDC constraints or non-optimal design architecture
Related violations: <none>

TIMING-16#894 Warning
Large setup violation  
There is a large setup violation of -1.617 ns between student_top_inst/Core_cpu/SegReg_ID_EX_inst/inst_ex_reg[21]/C (clocked by clk_out2_pll) and student_top_inst/Core_cpu/BPU_inst/btb_reg_0_63_33_35/RAMA/WE (clocked by clk_out2_pll). Large setup violations at the end of those stages might be difficult to fix during the post-placement implementation flow and could be the result of non-optimal XDC constraints or non-optimal design architecture
Related violations: <none>

TIMING-16#895 Warning
Large setup violation  
There is a large setup violation of -1.617 ns between student_top_inst/Core_cpu/SegReg_ID_EX_inst/inst_ex_reg[21]/C (clocked by clk_out2_pll) and student_top_inst/Core_cpu/BPU_inst/btb_reg_0_63_33_35/RAMB/WE (clocked by clk_out2_pll). Large setup violations at the end of those stages might be difficult to fix during the post-placement implementation flow and could be the result of non-optimal XDC constraints or non-optimal design architecture
Related violations: <none>

TIMING-16#896 Warning
Large setup violation  
There is a large setup violation of -1.617 ns between student_top_inst/Core_cpu/SegReg_ID_EX_inst/inst_ex_reg[21]/C (clocked by clk_out2_pll) and student_top_inst/Core_cpu/BPU_inst/btb_reg_0_63_33_35/RAMC/WE (clocked by clk_out2_pll). Large setup violations at the end of those stages might be difficult to fix during the post-placement implementation flow and could be the result of non-optimal XDC constraints or non-optimal design architecture
Related violations: <none>

TIMING-16#897 Warning
Large setup violation  
There is a large setup violation of -1.617 ns between student_top_inst/Core_cpu/SegReg_ID_EX_inst/inst_ex_reg[21]/C (clocked by clk_out2_pll) and student_top_inst/Core_cpu/BPU_inst/btb_reg_0_63_33_35/RAMD/WE (clocked by clk_out2_pll). Large setup violations at the end of those stages might be difficult to fix during the post-placement implementation flow and could be the result of non-optimal XDC constraints or non-optimal design architecture
Related violations: <none>

TIMING-16#898 Warning
Large setup violation  
There is a large setup violation of -1.617 ns between student_top_inst/Core_cpu/SegReg_ID_EX_inst/inst_ex_reg[21]/C (clocked by clk_out2_pll) and student_top_inst/Core_cpu/PC_inst/pc_reg[20]/D (clocked by clk_out2_pll). Large setup violations at the end of those stages might be difficult to fix during the post-placement implementation flow and could be the result of non-optimal XDC constraints or non-optimal design architecture
Related violations: <none>

TIMING-16#899 Warning
Large setup violation  
There is a large setup violation of -1.618 ns between student_top_inst/Core_cpu/SegReg_ID_EX_inst/inst_ex_reg[18]/C (clocked by clk_out2_pll) and student_top_inst/Core_cpu/SegReg_ID_EX_inst/csr_rdata_ex_reg[13]/CE (clocked by clk_out2_pll). Large setup violations at the end of those stages might be difficult to fix during the post-placement implementation flow and could be the result of non-optimal XDC constraints or non-optimal design architecture
Related violations: <none>

TIMING-16#900 Warning
Large setup violation  
There is a large setup violation of -1.618 ns between student_top_inst/Core_cpu/SegReg_ID_EX_inst/inst_ex_reg[18]/C (clocked by clk_out2_pll) and student_top_inst/Core_cpu/SegReg_ID_EX_inst/csr_rdata_ex_reg[21]/CE (clocked by clk_out2_pll). Large setup violations at the end of those stages might be difficult to fix during the post-placement implementation flow and could be the result of non-optimal XDC constraints or non-optimal design architecture
Related violations: <none>

TIMING-16#901 Warning
Large setup violation  
There is a large setup violation of -1.618 ns between student_top_inst/Core_cpu/SegReg_ID_EX_inst/inst_ex_reg[18]/C (clocked by clk_out2_pll) and student_top_inst/Core_cpu/SegReg_ID_EX_inst/csr_rdata_ex_reg[23]/CE (clocked by clk_out2_pll). Large setup violations at the end of those stages might be difficult to fix during the post-placement implementation flow and could be the result of non-optimal XDC constraints or non-optimal design architecture
Related violations: <none>

TIMING-16#902 Warning
Large setup violation  
There is a large setup violation of -1.618 ns between student_top_inst/Core_cpu/SegReg_ID_EX_inst/inst_ex_reg[18]/C (clocked by clk_out2_pll) and student_top_inst/Core_cpu/SegReg_ID_EX_inst/csr_rdata_ex_reg[24]/CE (clocked by clk_out2_pll). Large setup violations at the end of those stages might be difficult to fix during the post-placement implementation flow and could be the result of non-optimal XDC constraints or non-optimal design architecture
Related violations: <none>

TIMING-16#903 Warning
Large setup violation  
There is a large setup violation of -1.621 ns between student_top_inst/Core_cpu/SegReg_ID_EX_inst/inst_ex_reg[18]/C (clocked by clk_out2_pll) and student_top_inst/Core_cpu/SegReg_ID_EX_inst/csr_rdata_ex_reg[10]/CE (clocked by clk_out2_pll). Large setup violations at the end of those stages might be difficult to fix during the post-placement implementation flow and could be the result of non-optimal XDC constraints or non-optimal design architecture
Related violations: <none>

TIMING-16#904 Warning
Large setup violation  
There is a large setup violation of -1.621 ns between student_top_inst/Core_cpu/SegReg_ID_EX_inst/inst_ex_reg[18]/C (clocked by clk_out2_pll) and student_top_inst/Core_cpu/SegReg_ID_EX_inst/csr_rdata_ex_reg[18]/CE (clocked by clk_out2_pll). Large setup violations at the end of those stages might be difficult to fix during the post-placement implementation flow and could be the result of non-optimal XDC constraints or non-optimal design architecture
Related violations: <none>

TIMING-16#905 Warning
Large setup violation  
There is a large setup violation of -1.621 ns between student_top_inst/Core_cpu/SegReg_ID_EX_inst/inst_ex_reg[18]/C (clocked by clk_out2_pll) and student_top_inst/Core_cpu/SegReg_ID_EX_inst/csr_rdata_ex_reg[1]/CE (clocked by clk_out2_pll). Large setup violations at the end of those stages might be difficult to fix during the post-placement implementation flow and could be the result of non-optimal XDC constraints or non-optimal design architecture
Related violations: <none>

TIMING-16#906 Warning
Large setup violation  
There is a large setup violation of -1.621 ns between student_top_inst/Core_cpu/SegReg_ID_EX_inst/inst_ex_reg[18]/C (clocked by clk_out2_pll) and student_top_inst/Core_cpu/SegReg_ID_EX_inst/imm_ex_reg[29]/CE (clocked by clk_out2_pll). Large setup violations at the end of those stages might be difficult to fix during the post-placement implementation flow and could be the result of non-optimal XDC constraints or non-optimal design architecture
Related violations: <none>

TIMING-16#907 Warning
Large setup violation  
There is a large setup violation of -1.623 ns between student_top_inst/Core_cpu/SegReg_ID_EX_inst/inst_ex_reg[18]/C (clocked by clk_out2_pll) and student_top_inst/Core_cpu/SegReg_ID_EX_inst/alu_rs1_sel_ex_reg[0]/CE (clocked by clk_out2_pll). Large setup violations at the end of those stages might be difficult to fix during the post-placement implementation flow and could be the result of non-optimal XDC constraints or non-optimal design architecture
Related violations: <none>

TIMING-16#908 Warning
Large setup violation  
There is a large setup violation of -1.623 ns between student_top_inst/Core_cpu/SegReg_ID_EX_inst/inst_ex_reg[18]/C (clocked by clk_out2_pll) and student_top_inst/Core_cpu/SegReg_ID_EX_inst/alu_rs2_sel_ex_reg[1]/CE (clocked by clk_out2_pll). Large setup violations at the end of those stages might be difficult to fix during the post-placement implementation flow and could be the result of non-optimal XDC constraints or non-optimal design architecture
Related violations: <none>

TIMING-16#909 Warning
Large setup violation  
There is a large setup violation of -1.623 ns between student_top_inst/Core_cpu/SegReg_ID_EX_inst/inst_ex_reg[18]/C (clocked by clk_out2_pll) and student_top_inst/Core_cpu/SegReg_ID_EX_inst/imm_ex_reg[25]/CE (clocked by clk_out2_pll). Large setup violations at the end of those stages might be difficult to fix during the post-placement implementation flow and could be the result of non-optimal XDC constraints or non-optimal design architecture
Related violations: <none>

TIMING-16#910 Warning
Large setup violation  
There is a large setup violation of -1.623 ns between student_top_inst/Core_cpu/SegReg_ID_EX_inst/inst_ex_reg[18]/C (clocked by clk_out2_pll) and student_top_inst/Core_cpu/SegReg_ID_EX_inst/rdata1_ex_reg[14]/CE (clocked by clk_out2_pll). Large setup violations at the end of those stages might be difficult to fix during the post-placement implementation flow and could be the result of non-optimal XDC constraints or non-optimal design architecture
Related violations: <none>

TIMING-16#911 Warning
Large setup violation  
There is a large setup violation of -1.634 ns between student_top_inst/Core_cpu/SegReg_ID_EX_inst/inst_ex_reg[21]/C (clocked by clk_out2_pll) and student_top_inst/Core_cpu/PC_inst/pc_reg[3]/D (clocked by clk_out2_pll). Large setup violations at the end of those stages might be difficult to fix during the post-placement implementation flow and could be the result of non-optimal XDC constraints or non-optimal design architecture
Related violations: <none>

TIMING-16#912 Warning
Large setup violation  
There is a large setup violation of -1.636 ns between student_top_inst/Core_cpu/SegReg_ID_EX_inst/inst_ex_reg[18]/C (clocked by clk_out2_pll) and student_top_inst/Core_cpu/SegReg_ID_EX_inst/inst_ex_reg[20]/CE (clocked by clk_out2_pll). Large setup violations at the end of those stages might be difficult to fix during the post-placement implementation flow and could be the result of non-optimal XDC constraints or non-optimal design architecture
Related violations: <none>

TIMING-16#913 Warning
Large setup violation  
There is a large setup violation of -1.638 ns between student_top_inst/Core_cpu/SegReg_ID_EX_inst/inst_ex_reg[21]/C (clocked by clk_out2_pll) and student_top_inst/Core_cpu/BPU_inst/bht_reg_128_255_1_1/DP.HIGH/I (clocked by clk_out2_pll). Large setup violations at the end of those stages might be difficult to fix during the post-placement implementation flow and could be the result of non-optimal XDC constraints or non-optimal design architecture
Related violations: <none>

TIMING-16#914 Warning
Large setup violation  
There is a large setup violation of -1.639 ns between student_top_inst/Core_cpu/SegReg_ID_EX_inst/inst_ex_reg[21]/C (clocked by clk_out2_pll) and student_top_inst/Core_cpu/BPU_inst/ras_stack_reg[1][31]/CE (clocked by clk_out2_pll). Large setup violations at the end of those stages might be difficult to fix during the post-placement implementation flow and could be the result of non-optimal XDC constraints or non-optimal design architecture
Related violations: <none>

TIMING-16#915 Warning
Large setup violation  
There is a large setup violation of -1.639 ns between student_top_inst/Core_cpu/SegReg_ID_EX_inst/inst_ex_reg[21]/C (clocked by clk_out2_pll) and student_top_inst/Core_cpu/BPU_inst/ras_stack_reg[1][4]/CE (clocked by clk_out2_pll). Large setup violations at the end of those stages might be difficult to fix during the post-placement implementation flow and could be the result of non-optimal XDC constraints or non-optimal design architecture
Related violations: <none>

TIMING-16#916 Warning
Large setup violation  
There is a large setup violation of -1.639 ns between student_top_inst/Core_cpu/SegReg_ID_EX_inst/inst_ex_reg[21]/C (clocked by clk_out2_pll) and student_top_inst/Core_cpu/BPU_inst/ras_stack_reg[1][5]/CE (clocked by clk_out2_pll). Large setup violations at the end of those stages might be difficult to fix during the post-placement implementation flow and could be the result of non-optimal XDC constraints or non-optimal design architecture
Related violations: <none>

TIMING-16#917 Warning
Large setup violation  
There is a large setup violation of -1.641 ns between student_top_inst/Core_cpu/SegReg_ID_EX_inst/inst_ex_reg[21]/C (clocked by clk_out2_pll) and student_top_inst/Core_cpu/BPU_inst/btb_reg_192_255_45_47/RAMA/WE (clocked by clk_out2_pll). Large setup violations at the end of those stages might be difficult to fix during the post-placement implementation flow and could be the result of non-optimal XDC constraints or non-optimal design architecture
Related violations: <none>

TIMING-16#918 Warning
Large setup violation  
There is a large setup violation of -1.641 ns between student_top_inst/Core_cpu/SegReg_ID_EX_inst/inst_ex_reg[21]/C (clocked by clk_out2_pll) and student_top_inst/Core_cpu/BPU_inst/btb_reg_192_255_45_47/RAMB/WE (clocked by clk_out2_pll). Large setup violations at the end of those stages might be difficult to fix during the post-placement implementation flow and could be the result of non-optimal XDC constraints or non-optimal design architecture
Related violations: <none>

TIMING-16#919 Warning
Large setup violation  
There is a large setup violation of -1.641 ns between student_top_inst/Core_cpu/SegReg_ID_EX_inst/inst_ex_reg[21]/C (clocked by clk_out2_pll) and student_top_inst/Core_cpu/BPU_inst/btb_reg_192_255_45_47/RAMC/WE (clocked by clk_out2_pll). Large setup violations at the end of those stages might be difficult to fix during the post-placement implementation flow and could be the result of non-optimal XDC constraints or non-optimal design architecture
Related violations: <none>

TIMING-16#920 Warning
Large setup violation  
There is a large setup violation of -1.641 ns between student_top_inst/Core_cpu/SegReg_ID_EX_inst/inst_ex_reg[21]/C (clocked by clk_out2_pll) and student_top_inst/Core_cpu/BPU_inst/btb_reg_192_255_45_47/RAMD/WE (clocked by clk_out2_pll). Large setup violations at the end of those stages might be difficult to fix during the post-placement implementation flow and could be the result of non-optimal XDC constraints or non-optimal design architecture
Related violations: <none>

TIMING-16#921 Warning
Large setup violation  
There is a large setup violation of -1.642 ns between student_top_inst/Core_cpu/SegReg_ID_EX_inst/inst_ex_reg[18]/C (clocked by clk_out2_pll) and student_top_inst/Core_cpu/SegReg_ID_EX_inst/csr_rdata_ex_reg[14]/CE (clocked by clk_out2_pll). Large setup violations at the end of those stages might be difficult to fix during the post-placement implementation flow and could be the result of non-optimal XDC constraints or non-optimal design architecture
Related violations: <none>

TIMING-16#922 Warning
Large setup violation  
There is a large setup violation of -1.642 ns between student_top_inst/Core_cpu/SegReg_ID_EX_inst/inst_ex_reg[18]/C (clocked by clk_out2_pll) and student_top_inst/Core_cpu/SegReg_ID_EX_inst/csr_rdata_ex_reg[15]/CE (clocked by clk_out2_pll). Large setup violations at the end of those stages might be difficult to fix during the post-placement implementation flow and could be the result of non-optimal XDC constraints or non-optimal design architecture
Related violations: <none>

TIMING-16#923 Warning
Large setup violation  
There is a large setup violation of -1.642 ns between student_top_inst/Core_cpu/SegReg_ID_EX_inst/inst_ex_reg[18]/C (clocked by clk_out2_pll) and student_top_inst/Core_cpu/SegReg_ID_EX_inst/muldiv_op_ex_reg[0]/CE (clocked by clk_out2_pll). Large setup violations at the end of those stages might be difficult to fix during the post-placement implementation flow and could be the result of non-optimal XDC constraints or non-optimal design architecture
Related violations: <none>

TIMING-16#924 Warning
Large setup violation  
There is a large setup violation of -1.642 ns between student_top_inst/Core_cpu/SegReg_ID_EX_inst/inst_ex_reg[18]/C (clocked by clk_out2_pll) and student_top_inst/Core_cpu/SegReg_ID_EX_inst/muldiv_op_ex_reg[1]/CE (clocked by clk_out2_pll). Large setup violations at the end of those stages might be difficult to fix during the post-placement implementation flow and could be the result of non-optimal XDC constraints or non-optimal design architecture
Related violations: <none>

TIMING-16#925 Warning
Large setup violation  
There is a large setup violation of -1.643 ns between student_top_inst/Core_cpu/SegReg_ID_EX_inst/inst_ex_reg[21]/C (clocked by clk_out2_pll) and student_top_inst/Core_cpu/BPU_inst/btb_reg_0_63_51_52/RAMA/WE (clocked by clk_out2_pll). Large setup violations at the end of those stages might be difficult to fix during the post-placement implementation flow and could be the result of non-optimal XDC constraints or non-optimal design architecture
Related violations: <none>

TIMING-16#926 Warning
Large setup violation  
There is a large setup violation of -1.643 ns between student_top_inst/Core_cpu/SegReg_ID_EX_inst/inst_ex_reg[21]/C (clocked by clk_out2_pll) and student_top_inst/Core_cpu/BPU_inst/btb_reg_0_63_51_52/RAMB/WE (clocked by clk_out2_pll). Large setup violations at the end of those stages might be difficult to fix during the post-placement implementation flow and could be the result of non-optimal XDC constraints or non-optimal design architecture
Related violations: <none>

TIMING-16#927 Warning
Large setup violation  
There is a large setup violation of -1.643 ns between student_top_inst/Core_cpu/SegReg_ID_EX_inst/inst_ex_reg[21]/C (clocked by clk_out2_pll) and student_top_inst/Core_cpu/BPU_inst/btb_reg_0_63_51_52/RAMC/WE (clocked by clk_out2_pll). Large setup violations at the end of those stages might be difficult to fix during the post-placement implementation flow and could be the result of non-optimal XDC constraints or non-optimal design architecture
Related violations: <none>

TIMING-16#928 Warning
Large setup violation  
There is a large setup violation of -1.643 ns between student_top_inst/Core_cpu/SegReg_ID_EX_inst/inst_ex_reg[21]/C (clocked by clk_out2_pll) and student_top_inst/Core_cpu/BPU_inst/btb_reg_0_63_51_52/RAMD/WE (clocked by clk_out2_pll). Large setup violations at the end of those stages might be difficult to fix during the post-placement implementation flow and could be the result of non-optimal XDC constraints or non-optimal design architecture
Related violations: <none>

TIMING-16#929 Warning
Large setup violation  
There is a large setup violation of -1.646 ns between student_top_inst/Core_cpu/SegReg_ID_EX_inst/inst_ex_reg[21]/C (clocked by clk_out2_pll) and student_top_inst/Core_cpu/PC_inst/pc_reg[5]/D (clocked by clk_out2_pll). Large setup violations at the end of those stages might be difficult to fix during the post-placement implementation flow and could be the result of non-optimal XDC constraints or non-optimal design architecture
Related violations: <none>

TIMING-16#930 Warning
Large setup violation  
There is a large setup violation of -1.647 ns between student_top_inst/Core_cpu/SegReg_ID_EX_inst/inst_ex_reg[18]/C (clocked by clk_out2_pll) and student_top_inst/Core_cpu/SegReg_ID_EX_inst/alu_rs1_sel_ex_reg[1]/CE (clocked by clk_out2_pll). Large setup violations at the end of those stages might be difficult to fix during the post-placement implementation flow and could be the result of non-optimal XDC constraints or non-optimal design architecture
Related violations: <none>

TIMING-16#931 Warning
Large setup violation  
There is a large setup violation of -1.647 ns between student_top_inst/Core_cpu/SegReg_ID_EX_inst/inst_ex_reg[18]/C (clocked by clk_out2_pll) and student_top_inst/Core_cpu/SegReg_ID_EX_inst/alu_rs2_sel_ex_reg[0]/CE (clocked by clk_out2_pll). Large setup violations at the end of those stages might be difficult to fix during the post-placement implementation flow and could be the result of non-optimal XDC constraints or non-optimal design architecture
Related violations: <none>

TIMING-16#932 Warning
Large setup violation  
There is a large setup violation of -1.647 ns between student_top_inst/Core_cpu/SegReg_ID_EX_inst/inst_ex_reg[18]/C (clocked by clk_out2_pll) and student_top_inst/Core_cpu/SegReg_ID_EX_inst/inst_ex_reg[24]/CE (clocked by clk_out2_pll). Large setup violations at the end of those stages might be difficult to fix during the post-placement implementation flow and could be the result of non-optimal XDC constraints or non-optimal design architecture
Related violations: <none>

TIMING-16#933 Warning
Large setup violation  
There is a large setup violation of -1.647 ns between student_top_inst/Core_cpu/SegReg_ID_EX_inst/inst_ex_reg[18]/C (clocked by clk_out2_pll) and student_top_inst/Core_cpu/SegReg_ID_EX_inst/rdata1_ex_reg[3]/CE (clocked by clk_out2_pll). Large setup violations at the end of those stages might be difficult to fix during the post-placement implementation flow and could be the result of non-optimal XDC constraints or non-optimal design architecture
Related violations: <none>

TIMING-16#934 Warning
Large setup violation  
There is a large setup violation of -1.647 ns between student_top_inst/Core_cpu/SegReg_ID_EX_inst/inst_ex_reg[18]/C (clocked by clk_out2_pll) and student_top_inst/Core_cpu/SegReg_ID_EX_inst/rdata2_ex_reg[28]/CE (clocked by clk_out2_pll). Large setup violations at the end of those stages might be difficult to fix during the post-placement implementation flow and could be the result of non-optimal XDC constraints or non-optimal design architecture
Related violations: <none>

TIMING-16#935 Warning
Large setup violation  
There is a large setup violation of -1.647 ns between student_top_inst/Core_cpu/SegReg_ID_EX_inst/inst_ex_reg[21]/C (clocked by clk_out2_pll) and student_top_inst/Core_cpu/BPU_inst/btb_reg_128_191_45_47/RAMA/WE (clocked by clk_out2_pll). Large setup violations at the end of those stages might be difficult to fix during the post-placement implementation flow and could be the result of non-optimal XDC constraints or non-optimal design architecture
Related violations: <none>

TIMING-16#936 Warning
Large setup violation  
There is a large setup violation of -1.647 ns between student_top_inst/Core_cpu/SegReg_ID_EX_inst/inst_ex_reg[21]/C (clocked by clk_out2_pll) and student_top_inst/Core_cpu/BPU_inst/btb_reg_128_191_45_47/RAMB/WE (clocked by clk_out2_pll). Large setup violations at the end of those stages might be difficult to fix during the post-placement implementation flow and could be the result of non-optimal XDC constraints or non-optimal design architecture
Related violations: <none>

TIMING-16#937 Warning
Large setup violation  
There is a large setup violation of -1.647 ns between student_top_inst/Core_cpu/SegReg_ID_EX_inst/inst_ex_reg[21]/C (clocked by clk_out2_pll) and student_top_inst/Core_cpu/BPU_inst/btb_reg_128_191_45_47/RAMC/WE (clocked by clk_out2_pll). Large setup violations at the end of those stages might be difficult to fix during the post-placement implementation flow and could be the result of non-optimal XDC constraints or non-optimal design architecture
Related violations: <none>

TIMING-16#938 Warning
Large setup violation  
There is a large setup violation of -1.647 ns between student_top_inst/Core_cpu/SegReg_ID_EX_inst/inst_ex_reg[21]/C (clocked by clk_out2_pll) and student_top_inst/Core_cpu/BPU_inst/btb_reg_128_191_45_47/RAMD/WE (clocked by clk_out2_pll). Large setup violations at the end of those stages might be difficult to fix during the post-placement implementation flow and could be the result of non-optimal XDC constraints or non-optimal design architecture
Related violations: <none>

TIMING-16#939 Warning
Large setup violation  
There is a large setup violation of -1.658 ns between student_top_inst/Core_cpu/SegReg_ID_EX_inst/inst_ex_reg[21]/C (clocked by clk_out2_pll) and student_top_inst/Core_cpu/BPU_inst/ras_stack_reg[2][24]/CE (clocked by clk_out2_pll). Large setup violations at the end of those stages might be difficult to fix during the post-placement implementation flow and could be the result of non-optimal XDC constraints or non-optimal design architecture
Related violations: <none>

TIMING-16#940 Warning
Large setup violation  
There is a large setup violation of -1.658 ns between student_top_inst/Core_cpu/SegReg_ID_EX_inst/inst_ex_reg[21]/C (clocked by clk_out2_pll) and student_top_inst/Core_cpu/BPU_inst/ras_stack_reg[2][28]/CE (clocked by clk_out2_pll). Large setup violations at the end of those stages might be difficult to fix during the post-placement implementation flow and could be the result of non-optimal XDC constraints or non-optimal design architecture
Related violations: <none>

TIMING-16#941 Warning
Large setup violation  
There is a large setup violation of -1.660 ns between student_top_inst/Core_cpu/SegReg_ID_EX_inst/inst_ex_reg[21]/C (clocked by clk_out2_pll) and student_top_inst/Core_cpu/PC_inst/pc_reg[12]/D (clocked by clk_out2_pll). Large setup violations at the end of those stages might be difficult to fix during the post-placement implementation flow and could be the result of non-optimal XDC constraints or non-optimal design architecture
Related violations: <none>

TIMING-16#942 Warning
Large setup violation  
There is a large setup violation of -1.661 ns between student_top_inst/Core_cpu/SegReg_ID_EX_inst/inst_ex_reg[21]/C (clocked by clk_out2_pll) and student_top_inst/Core_cpu/BPU_inst/btb_reg_128_191_42_44/RAMA/WE (clocked by clk_out2_pll). Large setup violations at the end of those stages might be difficult to fix during the post-placement implementation flow and could be the result of non-optimal XDC constraints or non-optimal design architecture
Related violations: <none>

TIMING-16#943 Warning
Large setup violation  
There is a large setup violation of -1.661 ns between student_top_inst/Core_cpu/SegReg_ID_EX_inst/inst_ex_reg[21]/C (clocked by clk_out2_pll) and student_top_inst/Core_cpu/BPU_inst/btb_reg_128_191_42_44/RAMB/WE (clocked by clk_out2_pll). Large setup violations at the end of those stages might be difficult to fix during the post-placement implementation flow and could be the result of non-optimal XDC constraints or non-optimal design architecture
Related violations: <none>

TIMING-16#944 Warning
Large setup violation  
There is a large setup violation of -1.661 ns between student_top_inst/Core_cpu/SegReg_ID_EX_inst/inst_ex_reg[21]/C (clocked by clk_out2_pll) and student_top_inst/Core_cpu/BPU_inst/btb_reg_128_191_42_44/RAMC/WE (clocked by clk_out2_pll). Large setup violations at the end of those stages might be difficult to fix during the post-placement implementation flow and could be the result of non-optimal XDC constraints or non-optimal design architecture
Related violations: <none>

TIMING-16#945 Warning
Large setup violation  
There is a large setup violation of -1.661 ns between student_top_inst/Core_cpu/SegReg_ID_EX_inst/inst_ex_reg[21]/C (clocked by clk_out2_pll) and student_top_inst/Core_cpu/BPU_inst/btb_reg_128_191_42_44/RAMD/WE (clocked by clk_out2_pll). Large setup violations at the end of those stages might be difficult to fix during the post-placement implementation flow and could be the result of non-optimal XDC constraints or non-optimal design architecture
Related violations: <none>

TIMING-16#946 Warning
Large setup violation  
There is a large setup violation of -1.666 ns between student_top_inst/Core_cpu/SegReg_ID_EX_inst/inst_ex_reg[15]/C (clocked by clk_out2_pll) and student_top_inst/Core_cpu/SegReg_ID_EX_inst/imm_ex_reg[20]/CE (clocked by clk_out2_pll). Large setup violations at the end of those stages might be difficult to fix during the post-placement implementation flow and could be the result of non-optimal XDC constraints or non-optimal design architecture
Related violations: <none>

TIMING-16#947 Warning
Large setup violation  
There is a large setup violation of -1.666 ns between student_top_inst/Core_cpu/SegReg_ID_EX_inst/inst_ex_reg[15]/C (clocked by clk_out2_pll) and student_top_inst/Core_cpu/SegReg_ID_EX_inst/imm_ex_reg[22]/CE (clocked by clk_out2_pll). Large setup violations at the end of those stages might be difficult to fix during the post-placement implementation flow and could be the result of non-optimal XDC constraints or non-optimal design architecture
Related violations: <none>

TIMING-16#948 Warning
Large setup violation  
There is a large setup violation of -1.666 ns between student_top_inst/Core_cpu/SegReg_ID_EX_inst/inst_ex_reg[15]/C (clocked by clk_out2_pll) and student_top_inst/Core_cpu/SegReg_ID_EX_inst/inst_ex_reg[22]/CE (clocked by clk_out2_pll). Large setup violations at the end of those stages might be difficult to fix during the post-placement implementation flow and could be the result of non-optimal XDC constraints or non-optimal design architecture
Related violations: <none>

TIMING-16#949 Warning
Large setup violation  
There is a large setup violation of -1.666 ns between student_top_inst/Core_cpu/SegReg_ID_EX_inst/inst_ex_reg[15]/C (clocked by clk_out2_pll) and student_top_inst/Core_cpu/SegReg_ID_EX_inst/rdata1_ex_reg[1]/CE (clocked by clk_out2_pll). Large setup violations at the end of those stages might be difficult to fix during the post-placement implementation flow and could be the result of non-optimal XDC constraints or non-optimal design architecture
Related violations: <none>

TIMING-16#950 Warning
Large setup violation  
There is a large setup violation of -1.666 ns between student_top_inst/Core_cpu/SegReg_ID_EX_inst/inst_ex_reg[15]/C (clocked by clk_out2_pll) and student_top_inst/Core_cpu/SegReg_ID_EX_inst/rdata1_ex_reg[20]/CE (clocked by clk_out2_pll). Large setup violations at the end of those stages might be difficult to fix during the post-placement implementation flow and could be the result of non-optimal XDC constraints or non-optimal design architecture
Related violations: <none>

TIMING-16#951 Warning
Large setup violation  
There is a large setup violation of -1.673 ns between student_top_inst/Core_cpu/SegReg_ID_EX_inst/inst_ex_reg[21]/C (clocked by clk_out2_pll) and student_top_inst/Core_cpu/BPU_inst/btb_reg_0_63_48_50/RAMA/WE (clocked by clk_out2_pll). Large setup violations at the end of those stages might be difficult to fix during the post-placement implementation flow and could be the result of non-optimal XDC constraints or non-optimal design architecture
Related violations: <none>

TIMING-16#952 Warning
Large setup violation  
There is a large setup violation of -1.673 ns between student_top_inst/Core_cpu/SegReg_ID_EX_inst/inst_ex_reg[21]/C (clocked by clk_out2_pll) and student_top_inst/Core_cpu/BPU_inst/btb_reg_0_63_48_50/RAMB/WE (clocked by clk_out2_pll). Large setup violations at the end of those stages might be difficult to fix during the post-placement implementation flow and could be the result of non-optimal XDC constraints or non-optimal design architecture
Related violations: <none>

TIMING-16#953 Warning
Large setup violation  
There is a large setup violation of -1.673 ns between student_top_inst/Core_cpu/SegReg_ID_EX_inst/inst_ex_reg[21]/C (clocked by clk_out2_pll) and student_top_inst/Core_cpu/BPU_inst/btb_reg_0_63_48_50/RAMC/WE (clocked by clk_out2_pll). Large setup violations at the end of those stages might be difficult to fix during the post-placement implementation flow and could be the result of non-optimal XDC constraints or non-optimal design architecture
Related violations: <none>

TIMING-16#954 Warning
Large setup violation  
There is a large setup violation of -1.673 ns between student_top_inst/Core_cpu/SegReg_ID_EX_inst/inst_ex_reg[21]/C (clocked by clk_out2_pll) and student_top_inst/Core_cpu/BPU_inst/btb_reg_0_63_48_50/RAMD/WE (clocked by clk_out2_pll). Large setup violations at the end of those stages might be difficult to fix during the post-placement implementation flow and could be the result of non-optimal XDC constraints or non-optimal design architecture
Related violations: <none>

TIMING-16#955 Warning
Large setup violation  
There is a large setup violation of -1.676 ns between student_top_inst/Core_cpu/SegReg_ID_EX_inst/inst_ex_reg[21]/C (clocked by clk_out2_pll) and student_top_inst/Core_cpu/BPU_inst/btb_reg_0_63_0_2/RAMA/WE (clocked by clk_out2_pll). Large setup violations at the end of those stages might be difficult to fix during the post-placement implementation flow and could be the result of non-optimal XDC constraints or non-optimal design architecture
Related violations: <none>

TIMING-16#956 Warning
Large setup violation  
There is a large setup violation of -1.676 ns between student_top_inst/Core_cpu/SegReg_ID_EX_inst/inst_ex_reg[21]/C (clocked by clk_out2_pll) and student_top_inst/Core_cpu/BPU_inst/btb_reg_0_63_0_2/RAMB/WE (clocked by clk_out2_pll). Large setup violations at the end of those stages might be difficult to fix during the post-placement implementation flow and could be the result of non-optimal XDC constraints or non-optimal design architecture
Related violations: <none>

TIMING-16#957 Warning
Large setup violation  
There is a large setup violation of -1.676 ns between student_top_inst/Core_cpu/SegReg_ID_EX_inst/inst_ex_reg[21]/C (clocked by clk_out2_pll) and student_top_inst/Core_cpu/BPU_inst/btb_reg_0_63_0_2/RAMC/WE (clocked by clk_out2_pll). Large setup violations at the end of those stages might be difficult to fix during the post-placement implementation flow and could be the result of non-optimal XDC constraints or non-optimal design architecture
Related violations: <none>

TIMING-16#958 Warning
Large setup violation  
There is a large setup violation of -1.676 ns between student_top_inst/Core_cpu/SegReg_ID_EX_inst/inst_ex_reg[21]/C (clocked by clk_out2_pll) and student_top_inst/Core_cpu/BPU_inst/btb_reg_0_63_0_2/RAMD/WE (clocked by clk_out2_pll). Large setup violations at the end of those stages might be difficult to fix during the post-placement implementation flow and could be the result of non-optimal XDC constraints or non-optimal design architecture
Related violations: <none>

TIMING-16#959 Warning
Large setup violation  
There is a large setup violation of -1.682 ns between student_top_inst/Core_cpu/SegReg_ID_EX_inst/inst_ex_reg[21]/C (clocked by clk_out2_pll) and student_top_inst/Core_cpu/PC_inst/pc_reg[27]/D (clocked by clk_out2_pll). Large setup violations at the end of those stages might be difficult to fix during the post-placement implementation flow and could be the result of non-optimal XDC constraints or non-optimal design architecture
Related violations: <none>

TIMING-16#960 Warning
Large setup violation  
There is a large setup violation of -1.704 ns between student_top_inst/Core_cpu/SegReg_ID_EX_inst/inst_ex_reg[21]/C (clocked by clk_out2_pll) and student_top_inst/Core_cpu/BPU_inst/btb_reg_0_63_27_29/RAMA/WE (clocked by clk_out2_pll). Large setup violations at the end of those stages might be difficult to fix during the post-placement implementation flow and could be the result of non-optimal XDC constraints or non-optimal design architecture
Related violations: <none>

TIMING-16#961 Warning
Large setup violation  
There is a large setup violation of -1.704 ns between student_top_inst/Core_cpu/SegReg_ID_EX_inst/inst_ex_reg[21]/C (clocked by clk_out2_pll) and student_top_inst/Core_cpu/BPU_inst/btb_reg_0_63_27_29/RAMB/WE (clocked by clk_out2_pll). Large setup violations at the end of those stages might be difficult to fix during the post-placement implementation flow and could be the result of non-optimal XDC constraints or non-optimal design architecture
Related violations: <none>

TIMING-16#962 Warning
Large setup violation  
There is a large setup violation of -1.704 ns between student_top_inst/Core_cpu/SegReg_ID_EX_inst/inst_ex_reg[21]/C (clocked by clk_out2_pll) and student_top_inst/Core_cpu/BPU_inst/btb_reg_0_63_27_29/RAMC/WE (clocked by clk_out2_pll). Large setup violations at the end of those stages might be difficult to fix during the post-placement implementation flow and could be the result of non-optimal XDC constraints or non-optimal design architecture
Related violations: <none>

TIMING-16#963 Warning
Large setup violation  
There is a large setup violation of -1.704 ns between student_top_inst/Core_cpu/SegReg_ID_EX_inst/inst_ex_reg[21]/C (clocked by clk_out2_pll) and student_top_inst/Core_cpu/BPU_inst/btb_reg_0_63_27_29/RAMD/WE (clocked by clk_out2_pll). Large setup violations at the end of those stages might be difficult to fix during the post-placement implementation flow and could be the result of non-optimal XDC constraints or non-optimal design architecture
Related violations: <none>

TIMING-16#964 Warning
Large setup violation  
There is a large setup violation of -1.710 ns between student_top_inst/Core_cpu/SegReg_ID_EX_inst/inst_ex_reg[21]/C (clocked by clk_out2_pll) and student_top_inst/Core_cpu/BPU_inst/btb_reg_0_63_30_32/RAMA/WE (clocked by clk_out2_pll). Large setup violations at the end of those stages might be difficult to fix during the post-placement implementation flow and could be the result of non-optimal XDC constraints or non-optimal design architecture
Related violations: <none>

TIMING-16#965 Warning
Large setup violation  
There is a large setup violation of -1.710 ns between student_top_inst/Core_cpu/SegReg_ID_EX_inst/inst_ex_reg[21]/C (clocked by clk_out2_pll) and student_top_inst/Core_cpu/BPU_inst/btb_reg_0_63_30_32/RAMB/WE (clocked by clk_out2_pll). Large setup violations at the end of those stages might be difficult to fix during the post-placement implementation flow and could be the result of non-optimal XDC constraints or non-optimal design architecture
Related violations: <none>

TIMING-16#966 Warning
Large setup violation  
There is a large setup violation of -1.710 ns between student_top_inst/Core_cpu/SegReg_ID_EX_inst/inst_ex_reg[21]/C (clocked by clk_out2_pll) and student_top_inst/Core_cpu/BPU_inst/btb_reg_0_63_30_32/RAMC/WE (clocked by clk_out2_pll). Large setup violations at the end of those stages might be difficult to fix during the post-placement implementation flow and could be the result of non-optimal XDC constraints or non-optimal design architecture
Related violations: <none>

TIMING-16#967 Warning
Large setup violation  
There is a large setup violation of -1.710 ns between student_top_inst/Core_cpu/SegReg_ID_EX_inst/inst_ex_reg[21]/C (clocked by clk_out2_pll) and student_top_inst/Core_cpu/BPU_inst/btb_reg_0_63_30_32/RAMD/WE (clocked by clk_out2_pll). Large setup violations at the end of those stages might be difficult to fix during the post-placement implementation flow and could be the result of non-optimal XDC constraints or non-optimal design architecture
Related violations: <none>

TIMING-16#968 Warning
Large setup violation  
There is a large setup violation of -1.714 ns between student_top_inst/Core_cpu/SegReg_ID_EX_inst/inst_ex_reg[21]/C (clocked by clk_out2_pll) and student_top_inst/Core_cpu/BPU_inst/btb_reg_0_63_15_17/RAMA/WE (clocked by clk_out2_pll). Large setup violations at the end of those stages might be difficult to fix during the post-placement implementation flow and could be the result of non-optimal XDC constraints or non-optimal design architecture
Related violations: <none>

TIMING-16#969 Warning
Large setup violation  
There is a large setup violation of -1.714 ns between student_top_inst/Core_cpu/SegReg_ID_EX_inst/inst_ex_reg[21]/C (clocked by clk_out2_pll) and student_top_inst/Core_cpu/BPU_inst/btb_reg_0_63_15_17/RAMB/WE (clocked by clk_out2_pll). Large setup violations at the end of those stages might be difficult to fix during the post-placement implementation flow and could be the result of non-optimal XDC constraints or non-optimal design architecture
Related violations: <none>

TIMING-16#970 Warning
Large setup violation  
There is a large setup violation of -1.714 ns between student_top_inst/Core_cpu/SegReg_ID_EX_inst/inst_ex_reg[21]/C (clocked by clk_out2_pll) and student_top_inst/Core_cpu/BPU_inst/btb_reg_0_63_15_17/RAMC/WE (clocked by clk_out2_pll). Large setup violations at the end of those stages might be difficult to fix during the post-placement implementation flow and could be the result of non-optimal XDC constraints or non-optimal design architecture
Related violations: <none>

TIMING-16#971 Warning
Large setup violation  
There is a large setup violation of -1.714 ns between student_top_inst/Core_cpu/SegReg_ID_EX_inst/inst_ex_reg[21]/C (clocked by clk_out2_pll) and student_top_inst/Core_cpu/BPU_inst/btb_reg_0_63_15_17/RAMD/WE (clocked by clk_out2_pll). Large setup violations at the end of those stages might be difficult to fix during the post-placement implementation flow and could be the result of non-optimal XDC constraints or non-optimal design architecture
Related violations: <none>

TIMING-16#972 Warning
Large setup violation  
There is a large setup violation of -1.737 ns between student_top_inst/Core_cpu/SegReg_ID_EX_inst/inst_ex_reg[21]/C (clocked by clk_out2_pll) and student_top_inst/Core_cpu/BPU_inst/btb_reg_0_63_3_5/RAMA/WE (clocked by clk_out2_pll). Large setup violations at the end of those stages might be difficult to fix during the post-placement implementation flow and could be the result of non-optimal XDC constraints or non-optimal design architecture
Related violations: <none>

TIMING-16#973 Warning
Large setup violation  
There is a large setup violation of -1.737 ns between student_top_inst/Core_cpu/SegReg_ID_EX_inst/inst_ex_reg[21]/C (clocked by clk_out2_pll) and student_top_inst/Core_cpu/BPU_inst/btb_reg_0_63_3_5/RAMB/WE (clocked by clk_out2_pll). Large setup violations at the end of those stages might be difficult to fix during the post-placement implementation flow and could be the result of non-optimal XDC constraints or non-optimal design architecture
Related violations: <none>

TIMING-16#974 Warning
Large setup violation  
There is a large setup violation of -1.737 ns between student_top_inst/Core_cpu/SegReg_ID_EX_inst/inst_ex_reg[21]/C (clocked by clk_out2_pll) and student_top_inst/Core_cpu/BPU_inst/btb_reg_0_63_3_5/RAMC/WE (clocked by clk_out2_pll). Large setup violations at the end of those stages might be difficult to fix during the post-placement implementation flow and could be the result of non-optimal XDC constraints or non-optimal design architecture
Related violations: <none>

TIMING-16#975 Warning
Large setup violation  
There is a large setup violation of -1.737 ns between student_top_inst/Core_cpu/SegReg_ID_EX_inst/inst_ex_reg[21]/C (clocked by clk_out2_pll) and student_top_inst/Core_cpu/BPU_inst/btb_reg_0_63_3_5/RAMD/WE (clocked by clk_out2_pll). Large setup violations at the end of those stages might be difficult to fix during the post-placement implementation flow and could be the result of non-optimal XDC constraints or non-optimal design architecture
Related violations: <none>

TIMING-16#976 Warning
Large setup violation  
There is a large setup violation of -1.741 ns between student_top_inst/Core_cpu/SegReg_ID_EX_inst/inst_ex_reg[21]/C (clocked by clk_out2_pll) and student_top_inst/Core_cpu/BPU_inst/btb_reg_0_63_45_47/RAMA/WE (clocked by clk_out2_pll). Large setup violations at the end of those stages might be difficult to fix during the post-placement implementation flow and could be the result of non-optimal XDC constraints or non-optimal design architecture
Related violations: <none>

TIMING-16#977 Warning
Large setup violation  
There is a large setup violation of -1.741 ns between student_top_inst/Core_cpu/SegReg_ID_EX_inst/inst_ex_reg[21]/C (clocked by clk_out2_pll) and student_top_inst/Core_cpu/BPU_inst/btb_reg_0_63_45_47/RAMB/WE (clocked by clk_out2_pll). Large setup violations at the end of those stages might be difficult to fix during the post-placement implementation flow and could be the result of non-optimal XDC constraints or non-optimal design architecture
Related violations: <none>

TIMING-16#978 Warning
Large setup violation  
There is a large setup violation of -1.741 ns between student_top_inst/Core_cpu/SegReg_ID_EX_inst/inst_ex_reg[21]/C (clocked by clk_out2_pll) and student_top_inst/Core_cpu/BPU_inst/btb_reg_0_63_45_47/RAMC/WE (clocked by clk_out2_pll). Large setup violations at the end of those stages might be difficult to fix during the post-placement implementation flow and could be the result of non-optimal XDC constraints or non-optimal design architecture
Related violations: <none>

TIMING-16#979 Warning
Large setup violation  
There is a large setup violation of -1.741 ns between student_top_inst/Core_cpu/SegReg_ID_EX_inst/inst_ex_reg[21]/C (clocked by clk_out2_pll) and student_top_inst/Core_cpu/BPU_inst/btb_reg_0_63_45_47/RAMD/WE (clocked by clk_out2_pll). Large setup violations at the end of those stages might be difficult to fix during the post-placement implementation flow and could be the result of non-optimal XDC constraints or non-optimal design architecture
Related violations: <none>

TIMING-16#980 Warning
Large setup violation  
There is a large setup violation of -1.741 ns between student_top_inst/Core_cpu/SegReg_ID_EX_inst/inst_ex_reg[21]/C (clocked by clk_out2_pll) and student_top_inst/Core_cpu/BPU_inst/btb_reg_0_63_6_8/RAMA/WE (clocked by clk_out2_pll). Large setup violations at the end of those stages might be difficult to fix during the post-placement implementation flow and could be the result of non-optimal XDC constraints or non-optimal design architecture
Related violations: <none>

TIMING-16#981 Warning
Large setup violation  
There is a large setup violation of -1.741 ns between student_top_inst/Core_cpu/SegReg_ID_EX_inst/inst_ex_reg[21]/C (clocked by clk_out2_pll) and student_top_inst/Core_cpu/BPU_inst/btb_reg_0_63_6_8/RAMB/WE (clocked by clk_out2_pll). Large setup violations at the end of those stages might be difficult to fix during the post-placement implementation flow and could be the result of non-optimal XDC constraints or non-optimal design architecture
Related violations: <none>

TIMING-16#982 Warning
Large setup violation  
There is a large setup violation of -1.741 ns between student_top_inst/Core_cpu/SegReg_ID_EX_inst/inst_ex_reg[21]/C (clocked by clk_out2_pll) and student_top_inst/Core_cpu/BPU_inst/btb_reg_0_63_6_8/RAMC/WE (clocked by clk_out2_pll). Large setup violations at the end of those stages might be difficult to fix during the post-placement implementation flow and could be the result of non-optimal XDC constraints or non-optimal design architecture
Related violations: <none>

TIMING-16#983 Warning
Large setup violation  
There is a large setup violation of -1.741 ns between student_top_inst/Core_cpu/SegReg_ID_EX_inst/inst_ex_reg[21]/C (clocked by clk_out2_pll) and student_top_inst/Core_cpu/BPU_inst/btb_reg_0_63_6_8/RAMD/WE (clocked by clk_out2_pll). Large setup violations at the end of those stages might be difficult to fix during the post-placement implementation flow and could be the result of non-optimal XDC constraints or non-optimal design architecture
Related violations: <none>

TIMING-16#984 Warning
Large setup violation  
There is a large setup violation of -1.751 ns between student_top_inst/Core_cpu/SegReg_ID_EX_inst/inst_ex_reg[18]/C (clocked by clk_out2_pll) and student_top_inst/Core_cpu/SegReg_ID_EX_inst/inst_ex_reg[19]/CE (clocked by clk_out2_pll). Large setup violations at the end of those stages might be difficult to fix during the post-placement implementation flow and could be the result of non-optimal XDC constraints or non-optimal design architecture
Related violations: <none>

TIMING-16#985 Warning
Large setup violation  
There is a large setup violation of -1.760 ns between student_top_inst/Core_cpu/SegReg_ID_EX_inst/inst_ex_reg[21]/C (clocked by clk_out2_pll) and student_top_inst/Core_cpu/BPU_inst/btb_reg_0_63_24_26/RAMA/WE (clocked by clk_out2_pll). Large setup violations at the end of those stages might be difficult to fix during the post-placement implementation flow and could be the result of non-optimal XDC constraints or non-optimal design architecture
Related violations: <none>

TIMING-16#986 Warning
Large setup violation  
There is a large setup violation of -1.760 ns between student_top_inst/Core_cpu/SegReg_ID_EX_inst/inst_ex_reg[21]/C (clocked by clk_out2_pll) and student_top_inst/Core_cpu/BPU_inst/btb_reg_0_63_24_26/RAMB/WE (clocked by clk_out2_pll). Large setup violations at the end of those stages might be difficult to fix during the post-placement implementation flow and could be the result of non-optimal XDC constraints or non-optimal design architecture
Related violations: <none>

TIMING-16#987 Warning
Large setup violation  
There is a large setup violation of -1.760 ns between student_top_inst/Core_cpu/SegReg_ID_EX_inst/inst_ex_reg[21]/C (clocked by clk_out2_pll) and student_top_inst/Core_cpu/BPU_inst/btb_reg_0_63_24_26/RAMC/WE (clocked by clk_out2_pll). Large setup violations at the end of those stages might be difficult to fix during the post-placement implementation flow and could be the result of non-optimal XDC constraints or non-optimal design architecture
Related violations: <none>

TIMING-16#988 Warning
Large setup violation  
There is a large setup violation of -1.760 ns between student_top_inst/Core_cpu/SegReg_ID_EX_inst/inst_ex_reg[21]/C (clocked by clk_out2_pll) and student_top_inst/Core_cpu/BPU_inst/btb_reg_0_63_24_26/RAMD/WE (clocked by clk_out2_pll). Large setup violations at the end of those stages might be difficult to fix during the post-placement implementation flow and could be the result of non-optimal XDC constraints or non-optimal design architecture
Related violations: <none>

TIMING-16#989 Warning
Large setup violation  
There is a large setup violation of -1.776 ns between student_top_inst/Core_cpu/SegReg_ID_EX_inst/inst_ex_reg[21]/C (clocked by clk_out2_pll) and student_top_inst/Core_cpu/BPU_inst/btb_reg_0_63_39_41/RAMA/WE (clocked by clk_out2_pll). Large setup violations at the end of those stages might be difficult to fix during the post-placement implementation flow and could be the result of non-optimal XDC constraints or non-optimal design architecture
Related violations: <none>

TIMING-16#990 Warning
Large setup violation  
There is a large setup violation of -1.776 ns between student_top_inst/Core_cpu/SegReg_ID_EX_inst/inst_ex_reg[21]/C (clocked by clk_out2_pll) and student_top_inst/Core_cpu/BPU_inst/btb_reg_0_63_39_41/RAMB/WE (clocked by clk_out2_pll). Large setup violations at the end of those stages might be difficult to fix during the post-placement implementation flow and could be the result of non-optimal XDC constraints or non-optimal design architecture
Related violations: <none>

TIMING-16#991 Warning
Large setup violation  
There is a large setup violation of -1.776 ns between student_top_inst/Core_cpu/SegReg_ID_EX_inst/inst_ex_reg[21]/C (clocked by clk_out2_pll) and student_top_inst/Core_cpu/BPU_inst/btb_reg_0_63_39_41/RAMC/WE (clocked by clk_out2_pll). Large setup violations at the end of those stages might be difficult to fix during the post-placement implementation flow and could be the result of non-optimal XDC constraints or non-optimal design architecture
Related violations: <none>

TIMING-16#992 Warning
Large setup violation  
There is a large setup violation of -1.776 ns between student_top_inst/Core_cpu/SegReg_ID_EX_inst/inst_ex_reg[21]/C (clocked by clk_out2_pll) and student_top_inst/Core_cpu/BPU_inst/btb_reg_0_63_39_41/RAMD/WE (clocked by clk_out2_pll). Large setup violations at the end of those stages might be difficult to fix during the post-placement implementation flow and could be the result of non-optimal XDC constraints or non-optimal design architecture
Related violations: <none>

TIMING-16#993 Warning
Large setup violation  
There is a large setup violation of -1.806 ns between student_top_inst/Core_cpu/SegReg_ID_EX_inst/inst_ex_reg[21]/C (clocked by clk_out2_pll) and student_top_inst/Core_cpu/BPU_inst/btb_reg_0_63_9_11/RAMA/WE (clocked by clk_out2_pll). Large setup violations at the end of those stages might be difficult to fix during the post-placement implementation flow and could be the result of non-optimal XDC constraints or non-optimal design architecture
Related violations: <none>

TIMING-16#994 Warning
Large setup violation  
There is a large setup violation of -1.806 ns between student_top_inst/Core_cpu/SegReg_ID_EX_inst/inst_ex_reg[21]/C (clocked by clk_out2_pll) and student_top_inst/Core_cpu/BPU_inst/btb_reg_0_63_9_11/RAMB/WE (clocked by clk_out2_pll). Large setup violations at the end of those stages might be difficult to fix during the post-placement implementation flow and could be the result of non-optimal XDC constraints or non-optimal design architecture
Related violations: <none>

TIMING-16#995 Warning
Large setup violation  
There is a large setup violation of -1.806 ns between student_top_inst/Core_cpu/SegReg_ID_EX_inst/inst_ex_reg[21]/C (clocked by clk_out2_pll) and student_top_inst/Core_cpu/BPU_inst/btb_reg_0_63_9_11/RAMC/WE (clocked by clk_out2_pll). Large setup violations at the end of those stages might be difficult to fix during the post-placement implementation flow and could be the result of non-optimal XDC constraints or non-optimal design architecture
Related violations: <none>

TIMING-16#996 Warning
Large setup violation  
There is a large setup violation of -1.806 ns between student_top_inst/Core_cpu/SegReg_ID_EX_inst/inst_ex_reg[21]/C (clocked by clk_out2_pll) and student_top_inst/Core_cpu/BPU_inst/btb_reg_0_63_9_11/RAMD/WE (clocked by clk_out2_pll). Large setup violations at the end of those stages might be difficult to fix during the post-placement implementation flow and could be the result of non-optimal XDC constraints or non-optimal design architecture
Related violations: <none>

TIMING-16#997 Warning
Large setup violation  
There is a large setup violation of -1.873 ns between student_top_inst/Core_cpu/SegReg_ID_EX_inst/inst_ex_reg[21]/C (clocked by clk_out2_pll) and student_top_inst/Core_cpu/BPU_inst/btb_reg_0_63_42_44/RAMA/WE (clocked by clk_out2_pll). Large setup violations at the end of those stages might be difficult to fix during the post-placement implementation flow and could be the result of non-optimal XDC constraints or non-optimal design architecture
Related violations: <none>

TIMING-16#998 Warning
Large setup violation  
There is a large setup violation of -1.873 ns between student_top_inst/Core_cpu/SegReg_ID_EX_inst/inst_ex_reg[21]/C (clocked by clk_out2_pll) and student_top_inst/Core_cpu/BPU_inst/btb_reg_0_63_42_44/RAMB/WE (clocked by clk_out2_pll). Large setup violations at the end of those stages might be difficult to fix during the post-placement implementation flow and could be the result of non-optimal XDC constraints or non-optimal design architecture
Related violations: <none>

TIMING-16#999 Warning
Large setup violation  
There is a large setup violation of -1.873 ns between student_top_inst/Core_cpu/SegReg_ID_EX_inst/inst_ex_reg[21]/C (clocked by clk_out2_pll) and student_top_inst/Core_cpu/BPU_inst/btb_reg_0_63_42_44/RAMC/WE (clocked by clk_out2_pll). Large setup violations at the end of those stages might be difficult to fix during the post-placement implementation flow and could be the result of non-optimal XDC constraints or non-optimal design architecture
Related violations: <none>

TIMING-16#1000 Warning
Large setup violation  
There is a large setup violation of -1.873 ns between student_top_inst/Core_cpu/SegReg_ID_EX_inst/inst_ex_reg[21]/C (clocked by clk_out2_pll) and student_top_inst/Core_cpu/BPU_inst/btb_reg_0_63_42_44/RAMD/WE (clocked by clk_out2_pll). Large setup violations at the end of those stages might be difficult to fix during the post-placement implementation flow and could be the result of non-optimal XDC constraints or non-optimal design architecture
Related violations: <none>

TIMING-28#1 Warning
Auto-derived clock referenced by a timing constraint  
The auto-derived clock clk_out1_pll is referenced by name inside timing constraint (see constraint position 3 in the Timing Constraint window in Vivado IDE). It is recommended to reference an auto-derived clock by the pin name attached to the clock: get_clocks -of_objects [get_pins pll_inst/inst/plle2_adv_inst/CLKOUT0]
Related violations: <none>

TIMING-28#2 Warning
Auto-derived clock referenced by a timing constraint  
The auto-derived clock clk_out2_pll is referenced by name inside timing constraint (see constraint position 3 in the Timing Constraint window in Vivado IDE). It is recommended to reference an auto-derived clock by the pin name attached to the clock: get_clocks -of_objects [get_pins pll_inst/inst/plle2_adv_inst/CLKOUT1]
Related violations: <none>

TIMING-47#1 Warning
False path, asynchronous clock group or max delay datapath only constraint between synchronous clocks  
A Clock Group timing constraint is set between synchronous clocks clk_out1_pll and clk_out2_pll (see constraint position 3 in the Timing Constraint window in Vivado IDE). Masking entire synchronous clock domains via  set_false_path, set_clock_groups or set_max_delay -datapath_only may result in failure in hardware.
Related violations: <none>

TIMING-47#2 Warning
False path, asynchronous clock group or max delay datapath only constraint between synchronous clocks  
A Clock Group timing constraint is set between synchronous clocks clk_out2_pll and clk_out1_pll (see constraint position 3 in the Timing Constraint window in Vivado IDE). Masking entire synchronous clock domains via  set_false_path, set_clock_groups or set_max_delay -datapath_only may result in failure in hardware.
Related violations: <none>


