Copyright 1986-2022 Xilinx, Inc. All Rights Reserved. Copyright 2022-2024 Advanced Micro Devices, Inc. All Rights Reserved.
------------------------------------------------------------------------------------------------------------------------------------------------------------------------------------------------------
| Tool Version : Vivado v.2024.1 (win64) Build 5076996 Wed May 22 18:37:14 MDT 2024
| Date         : Thu Mar 19 21:57:37 2026
| Host         : KuonjiAlice running 64-bit major release  (build 9200)
| Command      : report_timing_summary -max_paths 10 -report_unconstrained -file top_timing_summary_routed.rpt -pb top_timing_summary_routed.pb -rpx top_timing_summary_routed.rpx -warn_on_violation
| Design       : top
| Device       : 7k325t-ffg900
| Speed File   : -2  PRODUCTION 1.12 2017-02-17
| Design State : Routed
------------------------------------------------------------------------------------------------------------------------------------------------------------------------------------------------------

Timing Summary Report

------------------------------------------------------------------------------------------------
| Timer Settings
| --------------
------------------------------------------------------------------------------------------------

  Enable Multi Corner Analysis               :  Yes
  Enable Pessimism Removal                   :  Yes
  Pessimism Removal Resolution               :  Nearest Common Node
  Enable Input Delay Default Clock           :  No
  Enable Preset / Clear Arcs                 :  No
  Disable Flight Delays                      :  No
  Ignore I/O Paths                           :  No
  Timing Early Launch at Borrowing Latches   :  No
  Borrow Time for Max Delay Exceptions       :  Yes
  Merge Timing Exceptions                    :  Yes
  Inter-SLR Compensation                     :  Conservative

  Corner  Analyze    Analyze    
  Name    Max Paths  Min Paths  
  ------  ---------  ---------  
  Slow    Yes        Yes        
  Fast    Yes        Yes        


------------------------------------------------------------------------------------------------
| Report Methodology
| ------------------
------------------------------------------------------------------------------------------------

Rule       Severity  Description                                                                                            Violations  
---------  --------  -----------------------------------------------------------------------------------------------------  ----------  
TIMING-9   Warning   Unknown CDC Logic                                                                                      1           
TIMING-16  Warning   Large setup violation                                                                                  160         
TIMING-28  Warning   Auto-derived clock referenced by a timing constraint                                                   2           
TIMING-47  Warning   False path, asynchronous clock group or max delay datapath only constraint between synchronous clocks  2           

Note: This report is based on the most recent report_methodology run and may not be up-to-date. Run report_methodology on the current design for the latest report.



check_timing report

Table of Contents
-----------------
1. checking no_clock (0)
2. checking constant_clock (0)
3. checking pulse_width_clock (0)
4. checking unconstrained_internal_endpoints (0)
5. checking no_input_delay (1)
6. checking no_output_delay (69)
7. checking multiple_clock (0)
8. checking generated_clocks (0)
9. checking loops (0)
10. checking partial_input_delay (0)
11. checking partial_output_delay (0)
12. checking latch_loops (0)

1. checking no_clock (0)
------------------------
 There are 0 register/latch pins with no clock.


2. checking constant_clock (0)
------------------------------
 There are 0 register/latch pins with constant_clock.


3. checking pulse_width_clock (0)
---------------------------------
 There are 0 register/latch pins which need pulse_width check


4. checking unconstrained_internal_endpoints (0)
------------------------------------------------
 There are 0 pins that are not constrained for maximum delay.

 There are 0 pins that are not constrained for maximum delay due to constant clock.


5. checking no_input_delay (1)
------------------------------
 There is 1 input port with no input delay specified. (HIGH)

 There are 0 input ports with no input delay but user has a false path constraint.


6. checking no_output_delay (69)
--------------------------------
 There are 69 ports with no output delay specified. (HIGH)

 There are 0 ports with no output delay but user has a false path constraint

 There are 0 ports with no output delay but with a timing clock defined on it or propagating through it


7. checking multiple_clock (0)
------------------------------
 There are 0 register/latch pins with multiple clocks.


8. checking generated_clocks (0)
--------------------------------
 There are 0 generated clocks that are not connected to a clock source.


9. checking loops (0)
---------------------
 There are 0 combinational loops in the design.


10. checking partial_input_delay (0)
------------------------------------
 There are 0 input ports with partial input delay specified.


11. checking partial_output_delay (0)
-------------------------------------
 There are 0 ports with partial output delay specified.


12. checking latch_loops (0)
----------------------------
 There are 0 combinational latch loops in the design through latch input



------------------------------------------------------------------------------------------------
| Design Timing Summary
| ---------------------
------------------------------------------------------------------------------------------------

    WNS(ns)      TNS(ns)  TNS Failing Endpoints  TNS Total Endpoints      WHS(ns)      THS(ns)  THS Failing Endpoints  THS Total Endpoints     WPWS(ns)     TPWS(ns)  TPWS Failing Endpoints  TPWS Total Endpoints  
    -------      -------  ---------------------  -------------------      -------      -------  ---------------------  -------------------     --------     --------  ----------------------  --------------------  
     -1.523     -822.452                   1691                 5987        0.106        0.000                      0                 5987        1.100        0.000                       0                  2242  


Timing constraints are not met.


------------------------------------------------------------------------------------------------
| Clock Summary
| -------------
------------------------------------------------------------------------------------------------

Clock           Waveform(ns)         Period(ns)      Frequency(MHz)
-----           ------------         ----------      --------------
i_sys_clk_p     {0.000 2.500}        5.000           200.000         
  clk_out1_pll  {0.000 10.000}       20.000          50.000          
  clk_out2_pll  {0.000 2.778}        5.556           180.000         
  clkfbout_pll  {0.000 5.000}        10.000          100.000         


------------------------------------------------------------------------------------------------
| Intra Clock Table
| -----------------
------------------------------------------------------------------------------------------------

Clock               WNS(ns)      TNS(ns)  TNS Failing Endpoints  TNS Total Endpoints      WHS(ns)      THS(ns)  THS Failing Endpoints  THS Total Endpoints     WPWS(ns)     TPWS(ns)  TPWS Failing Endpoints  TPWS Total Endpoints  
-----               -------      -------  ---------------------  -------------------      -------      -------  ---------------------  -------------------     --------     --------  ----------------------  --------------------  
i_sys_clk_p                                                                                                                                                       1.100        0.000                       0                     1  
  clk_out1_pll       16.082        0.000                      0                  558        0.115        0.000                      0                  558        9.600        0.000                       0                   355  
  clk_out2_pll       -1.523     -822.452                   1691                 5429        0.106        0.000                      0                 5429        2.010        0.000                       0                  1883  
  clkfbout_pll                                                                                                                                                    8.592        0.000                       0                     3  


------------------------------------------------------------------------------------------------
| Inter Clock Table
| -----------------
------------------------------------------------------------------------------------------------

From Clock    To Clock          WNS(ns)      TNS(ns)  TNS Failing Endpoints  TNS Total Endpoints      WHS(ns)      THS(ns)  THS Failing Endpoints  THS Total Endpoints  
----------    --------          -------      -------  ---------------------  -------------------      -------      -------  ---------------------  -------------------  


------------------------------------------------------------------------------------------------
| Other Path Groups Table
| -----------------------
------------------------------------------------------------------------------------------------

Path Group    From Clock    To Clock          WNS(ns)      TNS(ns)  TNS Failing Endpoints  TNS Total Endpoints      WHS(ns)      THS(ns)  THS Failing Endpoints  THS Total Endpoints  
----------    ----------    --------          -------      -------  ---------------------  -------------------      -------      -------  ---------------------  -------------------  


------------------------------------------------------------------------------------------------
| User Ignored Path Table
| -----------------------
------------------------------------------------------------------------------------------------

Path Group    From Clock    To Clock    
----------    ----------    --------    
(none)        clk_out2_pll  clk_out1_pll  
(none)        clk_out1_pll  clk_out2_pll  


------------------------------------------------------------------------------------------------
| Unconstrained Path Table
| ------------------------
------------------------------------------------------------------------------------------------

Path Group    From Clock    To Clock    
----------    ----------    --------    
(none)        clk_out1_pll                
(none)        clk_out2_pll                
(none)        clkfbout_pll                
(none)                      clk_out1_pll  


------------------------------------------------------------------------------------------------
| Timing Details
| --------------
------------------------------------------------------------------------------------------------


---------------------------------------------------------------------------------------------------
From Clock:  i_sys_clk_p
  To Clock:  i_sys_clk_p

Setup :           NA  Failing Endpoints,  Worst Slack           NA  ,  Total Violation           NA
Hold  :           NA  Failing Endpoints,  Worst Slack           NA  ,  Total Violation           NA
PW    :            0  Failing Endpoints,  Worst Slack        1.100ns,  Total Violation        0.000ns
---------------------------------------------------------------------------------------------------


Pulse Width Checks
--------------------------------------------------------------------------------------
Clock Name:         i_sys_clk_p
Waveform(ns):       { 0.000 2.500 }
Period(ns):         5.000
Sources:            { i_sys_clk_p }

Check Type        Corner  Lib Pin           Reference Pin  Required(ns)  Actual(ns)  Slack(ns)  Location        Pin
Min Period        n/a     PLLE2_ADV/CLKIN1  n/a            1.071         5.000       3.929      PLLE2_ADV_X1Y1  pll_inst/inst/plle2_adv_inst/CLKIN1
Max Period        n/a     PLLE2_ADV/CLKIN1  n/a            52.633        5.000       47.633     PLLE2_ADV_X1Y1  pll_inst/inst/plle2_adv_inst/CLKIN1
Low Pulse Width   Slow    PLLE2_ADV/CLKIN1  n/a            1.400         2.500       1.100      PLLE2_ADV_X1Y1  pll_inst/inst/plle2_adv_inst/CLKIN1
Low Pulse Width   Fast    PLLE2_ADV/CLKIN1  n/a            1.400         2.500       1.100      PLLE2_ADV_X1Y1  pll_inst/inst/plle2_adv_inst/CLKIN1
High Pulse Width  Slow    PLLE2_ADV/CLKIN1  n/a            1.400         2.500       1.100      PLLE2_ADV_X1Y1  pll_inst/inst/plle2_adv_inst/CLKIN1
High Pulse Width  Fast    PLLE2_ADV/CLKIN1  n/a            1.400         2.500       1.100      PLLE2_ADV_X1Y1  pll_inst/inst/plle2_adv_inst/CLKIN1



---------------------------------------------------------------------------------------------------
From Clock:  clk_out1_pll
  To Clock:  clk_out1_pll

Setup :            0  Failing Endpoints,  Worst Slack       16.082ns,  Total Violation        0.000ns
Hold  :            0  Failing Endpoints,  Worst Slack        0.115ns,  Total Violation        0.000ns
PW    :            0  Failing Endpoints,  Worst Slack        9.600ns,  Total Violation        0.000ns
---------------------------------------------------------------------------------------------------


Max Delay Paths
--------------------------------------------------------------------------------------
Slack (MET) :             16.082ns  (required time - arrival time)
  Source:                 uart_inst/rx_data_reg[0]/C
                            (rising edge-triggered cell FDCE clocked by clk_out1_pll  {rise@0.000ns fall@10.000ns period=20.000ns})
  Destination:            twin_controller_inst/status_buffer_reg[14][4]/CE
                            (rising edge-triggered cell FDCE clocked by clk_out1_pll  {rise@0.000ns fall@10.000ns period=20.000ns})
  Path Group:             clk_out1_pll
  Path Type:              Setup (Max at Slow Process Corner)
  Requirement:            20.000ns  (clk_out1_pll rise@20.000ns - clk_out1_pll rise@0.000ns)
  Data Path Delay:        3.681ns  (logic 0.345ns (9.374%)  route 3.336ns (90.626%))
  Logic Levels:           2  (LUT5=1 LUT6=1)
  Clock Path Skew:        0.050ns (DCD - SCD + CPR)
    Destination Clock Delay (DCD):    -1.943ns = ( 18.057 - 20.000 ) 
    Source Clock Delay      (SCD):    -2.440ns
    Clock Pessimism Removal (CPR):    -0.448ns
  Clock Uncertainty:      0.086ns  ((TSJ^2 + DJ^2)^1/2) / 2 + PE
    Total System Jitter     (TSJ):    0.071ns
    Discrete Jitter          (DJ):    0.157ns
    Phase Error              (PE):    0.000ns

    Location             Delay type                Incr(ns)  Path(ns)    Netlist Resource(s)
  -------------------------------------------------------------------    -------------------
                         (clock clk_out1_pll rise edge)
                                                      0.000     0.000 r  
    AD12                                              0.000     0.000 r  i_sys_clk_p (IN)
                         net (fo=0)                   0.000     0.000    pll_inst/inst/clk_in1_p
    AD12                 IBUFDS (Prop_ibufds_I_O)     0.906     0.906 r  pll_inst/inst/clkin1_ibufgds/O
                         net (fo=1, routed)           1.098     2.004    pll_inst/inst/clk_in1_pll
    PLLE2_ADV_X1Y1       PLLE2_ADV (Prop_plle2_adv_CLKIN1_CLKOUT0)
                                                     -8.058    -6.054 r  pll_inst/inst/plle2_adv_inst/CLKOUT0
                         net (fo=1, routed)           2.128    -3.926    pll_inst/inst/clk_out1_pll
    BUFGCTRL_X0Y1        BUFG (Prop_bufg_I_O)         0.093    -3.833 r  pll_inst/inst/clkout1_buf/O
                         net (fo=353, routed)         1.393    -2.440    uart_inst/clk_out1
    SLICE_X66Y104        FDCE                                         r  uart_inst/rx_data_reg[0]/C
  -------------------------------------------------------------------    -------------------
    SLICE_X66Y104        FDCE (Prop_fdce_C_Q)         0.259    -2.181 f  uart_inst/rx_data_reg[0]/Q
                         net (fo=17, routed)          1.320    -0.861    uart_inst/rx_data[0]
    SLICE_X66Y99         LUT6 (Prop_lut6_I1_O)        0.043    -0.818 r  uart_inst/status_buffer[0][6]_i_2/O
                         net (fo=1, routed)           0.255    -0.564    uart_inst/status_buffer[0][6]_i_2_n_0
    SLICE_X66Y99         LUT5 (Prop_lut5_I3_O)        0.043    -0.521 r  uart_inst/status_buffer[0][6]_i_1/O
                         net (fo=134, routed)         1.761     1.240    twin_controller_inst/E[0]
    SLICE_X64Y91         FDCE                                         r  twin_controller_inst/status_buffer_reg[14][4]/CE
  -------------------------------------------------------------------    -------------------

                         (clock clk_out1_pll rise edge)
                                                     20.000    20.000 r  
    AD12                                              0.000    20.000 r  i_sys_clk_p (IN)
                         net (fo=0)                   0.000    20.000    pll_inst/inst/clk_in1_p
    AD12                 IBUFDS (Prop_ibufds_I_O)     0.803    20.803 r  pll_inst/inst/clkin1_ibufgds/O
                         net (fo=1, routed)           1.001    21.804    pll_inst/inst/clk_in1_pll
    PLLE2_ADV_X1Y1       PLLE2_ADV (Prop_plle2_adv_CLKIN1_CLKOUT0)
                                                     -7.261    14.543 r  pll_inst/inst/plle2_adv_inst/CLKOUT0
                         net (fo=1, routed)           2.003    16.546    pll_inst/inst/clk_out1_pll
    BUFGCTRL_X0Y1        BUFG (Prop_bufg_I_O)         0.083    16.629 r  pll_inst/inst/clkout1_buf/O
                         net (fo=353, routed)         1.428    18.057    twin_controller_inst/CLK
    SLICE_X64Y91         FDCE                                         r  twin_controller_inst/status_buffer_reg[14][4]/C
                         clock pessimism             -0.448    17.610    
                         clock uncertainty           -0.086    17.523    
    SLICE_X64Y91         FDCE (Setup_fdce_C_CE)      -0.201    17.322    twin_controller_inst/status_buffer_reg[14][4]
  -------------------------------------------------------------------
                         required time                         17.322    
                         arrival time                          -1.240    
  -------------------------------------------------------------------
                         slack                                 16.082    

Slack (MET) :             16.082ns  (required time - arrival time)
  Source:                 uart_inst/rx_data_reg[0]/C
                            (rising edge-triggered cell FDCE clocked by clk_out1_pll  {rise@0.000ns fall@10.000ns period=20.000ns})
  Destination:            twin_controller_inst/status_buffer_reg[15][0]/CE
                            (rising edge-triggered cell FDCE clocked by clk_out1_pll  {rise@0.000ns fall@10.000ns period=20.000ns})
  Path Group:             clk_out1_pll
  Path Type:              Setup (Max at Slow Process Corner)
  Requirement:            20.000ns  (clk_out1_pll rise@20.000ns - clk_out1_pll rise@0.000ns)
  Data Path Delay:        3.681ns  (logic 0.345ns (9.374%)  route 3.336ns (90.626%))
  Logic Levels:           2  (LUT5=1 LUT6=1)
  Clock Path Skew:        0.050ns (DCD - SCD + CPR)
    Destination Clock Delay (DCD):    -1.943ns = ( 18.057 - 20.000 ) 
    Source Clock Delay      (SCD):    -2.440ns
    Clock Pessimism Removal (CPR):    -0.448ns
  Clock Uncertainty:      0.086ns  ((TSJ^2 + DJ^2)^1/2) / 2 + PE
    Total System Jitter     (TSJ):    0.071ns
    Discrete Jitter          (DJ):    0.157ns
    Phase Error              (PE):    0.000ns

    Location             Delay type                Incr(ns)  Path(ns)    Netlist Resource(s)
  -------------------------------------------------------------------    -------------------
                         (clock clk_out1_pll rise edge)
                                                      0.000     0.000 r  
    AD12                                              0.000     0.000 r  i_sys_clk_p (IN)
                         net (fo=0)                   0.000     0.000    pll_inst/inst/clk_in1_p
    AD12                 IBUFDS (Prop_ibufds_I_O)     0.906     0.906 r  pll_inst/inst/clkin1_ibufgds/O
                         net (fo=1, routed)           1.098     2.004    pll_inst/inst/clk_in1_pll
    PLLE2_ADV_X1Y1       PLLE2_ADV (Prop_plle2_adv_CLKIN1_CLKOUT0)
                                                     -8.058    -6.054 r  pll_inst/inst/plle2_adv_inst/CLKOUT0
                         net (fo=1, routed)           2.128    -3.926    pll_inst/inst/clk_out1_pll
    BUFGCTRL_X0Y1        BUFG (Prop_bufg_I_O)         0.093    -3.833 r  pll_inst/inst/clkout1_buf/O
                         net (fo=353, routed)         1.393    -2.440    uart_inst/clk_out1
    SLICE_X66Y104        FDCE                                         r  uart_inst/rx_data_reg[0]/C
  -------------------------------------------------------------------    -------------------
    SLICE_X66Y104        FDCE (Prop_fdce_C_Q)         0.259    -2.181 f  uart_inst/rx_data_reg[0]/Q
                         net (fo=17, routed)          1.320    -0.861    uart_inst/rx_data[0]
    SLICE_X66Y99         LUT6 (Prop_lut6_I1_O)        0.043    -0.818 r  uart_inst/status_buffer[0][6]_i_2/O
                         net (fo=1, routed)           0.255    -0.564    uart_inst/status_buffer[0][6]_i_2_n_0
    SLICE_X66Y99         LUT5 (Prop_lut5_I3_O)        0.043    -0.521 r  uart_inst/status_buffer[0][6]_i_1/O
                         net (fo=134, routed)         1.761     1.240    twin_controller_inst/E[0]
    SLICE_X64Y91         FDCE                                         r  twin_controller_inst/status_buffer_reg[15][0]/CE
  -------------------------------------------------------------------    -------------------

                         (clock clk_out1_pll rise edge)
                                                     20.000    20.000 r  
    AD12                                              0.000    20.000 r  i_sys_clk_p (IN)
                         net (fo=0)                   0.000    20.000    pll_inst/inst/clk_in1_p
    AD12                 IBUFDS (Prop_ibufds_I_O)     0.803    20.803 r  pll_inst/inst/clkin1_ibufgds/O
                         net (fo=1, routed)           1.001    21.804    pll_inst/inst/clk_in1_pll
    PLLE2_ADV_X1Y1       PLLE2_ADV (Prop_plle2_adv_CLKIN1_CLKOUT0)
                                                     -7.261    14.543 r  pll_inst/inst/plle2_adv_inst/CLKOUT0
                         net (fo=1, routed)           2.003    16.546    pll_inst/inst/clk_out1_pll
    BUFGCTRL_X0Y1        BUFG (Prop_bufg_I_O)         0.083    16.629 r  pll_inst/inst/clkout1_buf/O
                         net (fo=353, routed)         1.428    18.057    twin_controller_inst/CLK
    SLICE_X64Y91         FDCE                                         r  twin_controller_inst/status_buffer_reg[15][0]/C
                         clock pessimism             -0.448    17.610    
                         clock uncertainty           -0.086    17.523    
    SLICE_X64Y91         FDCE (Setup_fdce_C_CE)      -0.201    17.322    twin_controller_inst/status_buffer_reg[15][0]
  -------------------------------------------------------------------
                         required time                         17.322    
                         arrival time                          -1.240    
  -------------------------------------------------------------------
                         slack                                 16.082    

Slack (MET) :             16.082ns  (required time - arrival time)
  Source:                 uart_inst/rx_data_reg[0]/C
                            (rising edge-triggered cell FDCE clocked by clk_out1_pll  {rise@0.000ns fall@10.000ns period=20.000ns})
  Destination:            twin_controller_inst/status_buffer_reg[15][4]/CE
                            (rising edge-triggered cell FDCE clocked by clk_out1_pll  {rise@0.000ns fall@10.000ns period=20.000ns})
  Path Group:             clk_out1_pll
  Path Type:              Setup (Max at Slow Process Corner)
  Requirement:            20.000ns  (clk_out1_pll rise@20.000ns - clk_out1_pll rise@0.000ns)
  Data Path Delay:        3.681ns  (logic 0.345ns (9.374%)  route 3.336ns (90.626%))
  Logic Levels:           2  (LUT5=1 LUT6=1)
  Clock Path Skew:        0.050ns (DCD - SCD + CPR)
    Destination Clock Delay (DCD):    -1.943ns = ( 18.057 - 20.000 ) 
    Source Clock Delay      (SCD):    -2.440ns
    Clock Pessimism Removal (CPR):    -0.448ns
  Clock Uncertainty:      0.086ns  ((TSJ^2 + DJ^2)^1/2) / 2 + PE
    Total System Jitter     (TSJ):    0.071ns
    Discrete Jitter          (DJ):    0.157ns
    Phase Error              (PE):    0.000ns

    Location             Delay type                Incr(ns)  Path(ns)    Netlist Resource(s)
  -------------------------------------------------------------------    -------------------
                         (clock clk_out1_pll rise edge)
                                                      0.000     0.000 r  
    AD12                                              0.000     0.000 r  i_sys_clk_p (IN)
                         net (fo=0)                   0.000     0.000    pll_inst/inst/clk_in1_p
    AD12                 IBUFDS (Prop_ibufds_I_O)     0.906     0.906 r  pll_inst/inst/clkin1_ibufgds/O
                         net (fo=1, routed)           1.098     2.004    pll_inst/inst/clk_in1_pll
    PLLE2_ADV_X1Y1       PLLE2_ADV (Prop_plle2_adv_CLKIN1_CLKOUT0)
                                                     -8.058    -6.054 r  pll_inst/inst/plle2_adv_inst/CLKOUT0
                         net (fo=1, routed)           2.128    -3.926    pll_inst/inst/clk_out1_pll
    BUFGCTRL_X0Y1        BUFG (Prop_bufg_I_O)         0.093    -3.833 r  pll_inst/inst/clkout1_buf/O
                         net (fo=353, routed)         1.393    -2.440    uart_inst/clk_out1
    SLICE_X66Y104        FDCE                                         r  uart_inst/rx_data_reg[0]/C
  -------------------------------------------------------------------    -------------------
    SLICE_X66Y104        FDCE (Prop_fdce_C_Q)         0.259    -2.181 f  uart_inst/rx_data_reg[0]/Q
                         net (fo=17, routed)          1.320    -0.861    uart_inst/rx_data[0]
    SLICE_X66Y99         LUT6 (Prop_lut6_I1_O)        0.043    -0.818 r  uart_inst/status_buffer[0][6]_i_2/O
                         net (fo=1, routed)           0.255    -0.564    uart_inst/status_buffer[0][6]_i_2_n_0
    SLICE_X66Y99         LUT5 (Prop_lut5_I3_O)        0.043    -0.521 r  uart_inst/status_buffer[0][6]_i_1/O
                         net (fo=134, routed)         1.761     1.240    twin_controller_inst/E[0]
    SLICE_X64Y91         FDCE                                         r  twin_controller_inst/status_buffer_reg[15][4]/CE
  -------------------------------------------------------------------    -------------------

                         (clock clk_out1_pll rise edge)
                                                     20.000    20.000 r  
    AD12                                              0.000    20.000 r  i_sys_clk_p (IN)
                         net (fo=0)                   0.000    20.000    pll_inst/inst/clk_in1_p
    AD12                 IBUFDS (Prop_ibufds_I_O)     0.803    20.803 r  pll_inst/inst/clkin1_ibufgds/O
                         net (fo=1, routed)           1.001    21.804    pll_inst/inst/clk_in1_pll
    PLLE2_ADV_X1Y1       PLLE2_ADV (Prop_plle2_adv_CLKIN1_CLKOUT0)
                                                     -7.261    14.543 r  pll_inst/inst/plle2_adv_inst/CLKOUT0
                         net (fo=1, routed)           2.003    16.546    pll_inst/inst/clk_out1_pll
    BUFGCTRL_X0Y1        BUFG (Prop_bufg_I_O)         0.083    16.629 r  pll_inst/inst/clkout1_buf/O
                         net (fo=353, routed)         1.428    18.057    twin_controller_inst/CLK
    SLICE_X64Y91         FDCE                                         r  twin_controller_inst/status_buffer_reg[15][4]/C
                         clock pessimism             -0.448    17.610    
                         clock uncertainty           -0.086    17.523    
    SLICE_X64Y91         FDCE (Setup_fdce_C_CE)      -0.201    17.322    twin_controller_inst/status_buffer_reg[15][4]
  -------------------------------------------------------------------
                         required time                         17.322    
                         arrival time                          -1.240    
  -------------------------------------------------------------------
                         slack                                 16.082    

Slack (MET) :             16.082ns  (required time - arrival time)
  Source:                 uart_inst/rx_data_reg[0]/C
                            (rising edge-triggered cell FDCE clocked by clk_out1_pll  {rise@0.000ns fall@10.000ns period=20.000ns})
  Destination:            twin_controller_inst/status_buffer_reg[15][6]/CE
                            (rising edge-triggered cell FDCE clocked by clk_out1_pll  {rise@0.000ns fall@10.000ns period=20.000ns})
  Path Group:             clk_out1_pll
  Path Type:              Setup (Max at Slow Process Corner)
  Requirement:            20.000ns  (clk_out1_pll rise@20.000ns - clk_out1_pll rise@0.000ns)
  Data Path Delay:        3.681ns  (logic 0.345ns (9.374%)  route 3.336ns (90.626%))
  Logic Levels:           2  (LUT5=1 LUT6=1)
  Clock Path Skew:        0.050ns (DCD - SCD + CPR)
    Destination Clock Delay (DCD):    -1.943ns = ( 18.057 - 20.000 ) 
    Source Clock Delay      (SCD):    -2.440ns
    Clock Pessimism Removal (CPR):    -0.448ns
  Clock Uncertainty:      0.086ns  ((TSJ^2 + DJ^2)^1/2) / 2 + PE
    Total System Jitter     (TSJ):    0.071ns
    Discrete Jitter          (DJ):    0.157ns
    Phase Error              (PE):    0.000ns

    Location             Delay type                Incr(ns)  Path(ns)    Netlist Resource(s)
  -------------------------------------------------------------------    -------------------
                         (clock clk_out1_pll rise edge)
                                                      0.000     0.000 r  
    AD12                                              0.000     0.000 r  i_sys_clk_p (IN)
                         net (fo=0)                   0.000     0.000    pll_inst/inst/clk_in1_p
    AD12                 IBUFDS (Prop_ibufds_I_O)     0.906     0.906 r  pll_inst/inst/clkin1_ibufgds/O
                         net (fo=1, routed)           1.098     2.004    pll_inst/inst/clk_in1_pll
    PLLE2_ADV_X1Y1       PLLE2_ADV (Prop_plle2_adv_CLKIN1_CLKOUT0)
                                                     -8.058    -6.054 r  pll_inst/inst/plle2_adv_inst/CLKOUT0
                         net (fo=1, routed)           2.128    -3.926    pll_inst/inst/clk_out1_pll
    BUFGCTRL_X0Y1        BUFG (Prop_bufg_I_O)         0.093    -3.833 r  pll_inst/inst/clkout1_buf/O
                         net (fo=353, routed)         1.393    -2.440    uart_inst/clk_out1
    SLICE_X66Y104        FDCE                                         r  uart_inst/rx_data_reg[0]/C
  -------------------------------------------------------------------    -------------------
    SLICE_X66Y104        FDCE (Prop_fdce_C_Q)         0.259    -2.181 f  uart_inst/rx_data_reg[0]/Q
                         net (fo=17, routed)          1.320    -0.861    uart_inst/rx_data[0]
    SLICE_X66Y99         LUT6 (Prop_lut6_I1_O)        0.043    -0.818 r  uart_inst/status_buffer[0][6]_i_2/O
                         net (fo=1, routed)           0.255    -0.564    uart_inst/status_buffer[0][6]_i_2_n_0
    SLICE_X66Y99         LUT5 (Prop_lut5_I3_O)        0.043    -0.521 r  uart_inst/status_buffer[0][6]_i_1/O
                         net (fo=134, routed)         1.761     1.240    twin_controller_inst/E[0]
    SLICE_X64Y91         FDCE                                         r  twin_controller_inst/status_buffer_reg[15][6]/CE
  -------------------------------------------------------------------    -------------------

                         (clock clk_out1_pll rise edge)
                                                     20.000    20.000 r  
    AD12                                              0.000    20.000 r  i_sys_clk_p (IN)
                         net (fo=0)                   0.000    20.000    pll_inst/inst/clk_in1_p
    AD12                 IBUFDS (Prop_ibufds_I_O)     0.803    20.803 r  pll_inst/inst/clkin1_ibufgds/O
                         net (fo=1, routed)           1.001    21.804    pll_inst/inst/clk_in1_pll
    PLLE2_ADV_X1Y1       PLLE2_ADV (Prop_plle2_adv_CLKIN1_CLKOUT0)
                                                     -7.261    14.543 r  pll_inst/inst/plle2_adv_inst/CLKOUT0
                         net (fo=1, routed)           2.003    16.546    pll_inst/inst/clk_out1_pll
    BUFGCTRL_X0Y1        BUFG (Prop_bufg_I_O)         0.083    16.629 r  pll_inst/inst/clkout1_buf/O
                         net (fo=353, routed)         1.428    18.057    twin_controller_inst/CLK
    SLICE_X64Y91         FDCE                                         r  twin_controller_inst/status_buffer_reg[15][6]/C
                         clock pessimism             -0.448    17.610    
                         clock uncertainty           -0.086    17.523    
    SLICE_X64Y91         FDCE (Setup_fdce_C_CE)      -0.201    17.322    twin_controller_inst/status_buffer_reg[15][6]
  -------------------------------------------------------------------
                         required time                         17.322    
                         arrival time                          -1.240    
  -------------------------------------------------------------------
                         slack                                 16.082    

Slack (MET) :             16.167ns  (required time - arrival time)
  Source:                 uart_inst/rx_data_reg[0]/C
                            (rising edge-triggered cell FDCE clocked by clk_out1_pll  {rise@0.000ns fall@10.000ns period=20.000ns})
  Destination:            twin_controller_inst/status_buffer_reg[11][0]/CE
                            (rising edge-triggered cell FDCE clocked by clk_out1_pll  {rise@0.000ns fall@10.000ns period=20.000ns})
  Path Group:             clk_out1_pll
  Path Type:              Setup (Max at Slow Process Corner)
  Requirement:            20.000ns  (clk_out1_pll rise@20.000ns - clk_out1_pll rise@0.000ns)
  Data Path Delay:        3.620ns  (logic 0.345ns (9.532%)  route 3.275ns (90.468%))
  Logic Levels:           2  (LUT5=1 LUT6=1)
  Clock Path Skew:        0.051ns (DCD - SCD + CPR)
    Destination Clock Delay (DCD):    -1.942ns = ( 18.058 - 20.000 ) 
    Source Clock Delay      (SCD):    -2.440ns
    Clock Pessimism Removal (CPR):    -0.448ns
  Clock Uncertainty:      0.086ns  ((TSJ^2 + DJ^2)^1/2) / 2 + PE
    Total System Jitter     (TSJ):    0.071ns
    Discrete Jitter          (DJ):    0.157ns
    Phase Error              (PE):    0.000ns

    Location             Delay type                Incr(ns)  Path(ns)    Netlist Resource(s)
  -------------------------------------------------------------------    -------------------
                         (clock clk_out1_pll rise edge)
                                                      0.000     0.000 r  
    AD12                                              0.000     0.000 r  i_sys_clk_p (IN)
                         net (fo=0)                   0.000     0.000    pll_inst/inst/clk_in1_p
    AD12                 IBUFDS (Prop_ibufds_I_O)     0.906     0.906 r  pll_inst/inst/clkin1_ibufgds/O
                         net (fo=1, routed)           1.098     2.004    pll_inst/inst/clk_in1_pll
    PLLE2_ADV_X1Y1       PLLE2_ADV (Prop_plle2_adv_CLKIN1_CLKOUT0)
                                                     -8.058    -6.054 r  pll_inst/inst/plle2_adv_inst/CLKOUT0
                         net (fo=1, routed)           2.128    -3.926    pll_inst/inst/clk_out1_pll
    BUFGCTRL_X0Y1        BUFG (Prop_bufg_I_O)         0.093    -3.833 r  pll_inst/inst/clkout1_buf/O
                         net (fo=353, routed)         1.393    -2.440    uart_inst/clk_out1
    SLICE_X66Y104        FDCE                                         r  uart_inst/rx_data_reg[0]/C
  -------------------------------------------------------------------    -------------------
    SLICE_X66Y104        FDCE (Prop_fdce_C_Q)         0.259    -2.181 f  uart_inst/rx_data_reg[0]/Q
                         net (fo=17, routed)          1.320    -0.861    uart_inst/rx_data[0]
    SLICE_X66Y99         LUT6 (Prop_lut6_I1_O)        0.043    -0.818 r  uart_inst/status_buffer[0][6]_i_2/O
                         net (fo=1, routed)           0.255    -0.564    uart_inst/status_buffer[0][6]_i_2_n_0
    SLICE_X66Y99         LUT5 (Prop_lut5_I3_O)        0.043    -0.521 r  uart_inst/status_buffer[0][6]_i_1/O
                         net (fo=134, routed)         1.700     1.179    twin_controller_inst/E[0]
    SLICE_X66Y94         FDCE                                         r  twin_controller_inst/status_buffer_reg[11][0]/CE
  -------------------------------------------------------------------    -------------------

                         (clock clk_out1_pll rise edge)
                                                     20.000    20.000 r  
    AD12                                              0.000    20.000 r  i_sys_clk_p (IN)
                         net (fo=0)                   0.000    20.000    pll_inst/inst/clk_in1_p
    AD12                 IBUFDS (Prop_ibufds_I_O)     0.803    20.803 r  pll_inst/inst/clkin1_ibufgds/O
                         net (fo=1, routed)           1.001    21.804    pll_inst/inst/clk_in1_pll
    PLLE2_ADV_X1Y1       PLLE2_ADV (Prop_plle2_adv_CLKIN1_CLKOUT0)
                                                     -7.261    14.543 r  pll_inst/inst/plle2_adv_inst/CLKOUT0
                         net (fo=1, routed)           2.003    16.546    pll_inst/inst/clk_out1_pll
    BUFGCTRL_X0Y1        BUFG (Prop_bufg_I_O)         0.083    16.629 r  pll_inst/inst/clkout1_buf/O
                         net (fo=353, routed)         1.429    18.058    twin_controller_inst/CLK
    SLICE_X66Y94         FDCE                                         r  twin_controller_inst/status_buffer_reg[11][0]/C
                         clock pessimism             -0.448    17.611    
                         clock uncertainty           -0.086    17.524    
    SLICE_X66Y94         FDCE (Setup_fdce_C_CE)      -0.178    17.346    twin_controller_inst/status_buffer_reg[11][0]
  -------------------------------------------------------------------
                         required time                         17.346    
                         arrival time                          -1.179    
  -------------------------------------------------------------------
                         slack                                 16.167    

Slack (MET) :             16.167ns  (required time - arrival time)
  Source:                 uart_inst/rx_data_reg[0]/C
                            (rising edge-triggered cell FDCE clocked by clk_out1_pll  {rise@0.000ns fall@10.000ns period=20.000ns})
  Destination:            twin_controller_inst/status_buffer_reg[6][0]/CE
                            (rising edge-triggered cell FDCE clocked by clk_out1_pll  {rise@0.000ns fall@10.000ns period=20.000ns})
  Path Group:             clk_out1_pll
  Path Type:              Setup (Max at Slow Process Corner)
  Requirement:            20.000ns  (clk_out1_pll rise@20.000ns - clk_out1_pll rise@0.000ns)
  Data Path Delay:        3.620ns  (logic 0.345ns (9.532%)  route 3.275ns (90.468%))
  Logic Levels:           2  (LUT5=1 LUT6=1)
  Clock Path Skew:        0.051ns (DCD - SCD + CPR)
    Destination Clock Delay (DCD):    -1.942ns = ( 18.058 - 20.000 ) 
    Source Clock Delay      (SCD):    -2.440ns
    Clock Pessimism Removal (CPR):    -0.448ns
  Clock Uncertainty:      0.086ns  ((TSJ^2 + DJ^2)^1/2) / 2 + PE
    Total System Jitter     (TSJ):    0.071ns
    Discrete Jitter          (DJ):    0.157ns
    Phase Error              (PE):    0.000ns

    Location             Delay type                Incr(ns)  Path(ns)    Netlist Resource(s)
  -------------------------------------------------------------------    -------------------
                         (clock clk_out1_pll rise edge)
                                                      0.000     0.000 r  
    AD12                                              0.000     0.000 r  i_sys_clk_p (IN)
                         net (fo=0)                   0.000     0.000    pll_inst/inst/clk_in1_p
    AD12                 IBUFDS (Prop_ibufds_I_O)     0.906     0.906 r  pll_inst/inst/clkin1_ibufgds/O
                         net (fo=1, routed)           1.098     2.004    pll_inst/inst/clk_in1_pll
    PLLE2_ADV_X1Y1       PLLE2_ADV (Prop_plle2_adv_CLKIN1_CLKOUT0)
                                                     -8.058    -6.054 r  pll_inst/inst/plle2_adv_inst/CLKOUT0
                         net (fo=1, routed)           2.128    -3.926    pll_inst/inst/clk_out1_pll
    BUFGCTRL_X0Y1        BUFG (Prop_bufg_I_O)         0.093    -3.833 r  pll_inst/inst/clkout1_buf/O
                         net (fo=353, routed)         1.393    -2.440    uart_inst/clk_out1
    SLICE_X66Y104        FDCE                                         r  uart_inst/rx_data_reg[0]/C
  -------------------------------------------------------------------    -------------------
    SLICE_X66Y104        FDCE (Prop_fdce_C_Q)         0.259    -2.181 f  uart_inst/rx_data_reg[0]/Q
                         net (fo=17, routed)          1.320    -0.861    uart_inst/rx_data[0]
    SLICE_X66Y99         LUT6 (Prop_lut6_I1_O)        0.043    -0.818 r  uart_inst/status_buffer[0][6]_i_2/O
                         net (fo=1, routed)           0.255    -0.564    uart_inst/status_buffer[0][6]_i_2_n_0
    SLICE_X66Y99         LUT5 (Prop_lut5_I3_O)        0.043    -0.521 r  uart_inst/status_buffer[0][6]_i_1/O
                         net (fo=134, routed)         1.700     1.179    twin_controller_inst/E[0]
    SLICE_X66Y94         FDCE                                         r  twin_controller_inst/status_buffer_reg[6][0]/CE
  -------------------------------------------------------------------    -------------------

                         (clock clk_out1_pll rise edge)
                                                     20.000    20.000 r  
    AD12                                              0.000    20.000 r  i_sys_clk_p (IN)
                         net (fo=0)                   0.000    20.000    pll_inst/inst/clk_in1_p
    AD12                 IBUFDS (Prop_ibufds_I_O)     0.803    20.803 r  pll_inst/inst/clkin1_ibufgds/O
                         net (fo=1, routed)           1.001    21.804    pll_inst/inst/clk_in1_pll
    PLLE2_ADV_X1Y1       PLLE2_ADV (Prop_plle2_adv_CLKIN1_CLKOUT0)
                                                     -7.261    14.543 r  pll_inst/inst/plle2_adv_inst/CLKOUT0
                         net (fo=1, routed)           2.003    16.546    pll_inst/inst/clk_out1_pll
    BUFGCTRL_X0Y1        BUFG (Prop_bufg_I_O)         0.083    16.629 r  pll_inst/inst/clkout1_buf/O
                         net (fo=353, routed)         1.429    18.058    twin_controller_inst/CLK
    SLICE_X66Y94         FDCE                                         r  twin_controller_inst/status_buffer_reg[6][0]/C
                         clock pessimism             -0.448    17.611    
                         clock uncertainty           -0.086    17.524    
    SLICE_X66Y94         FDCE (Setup_fdce_C_CE)      -0.178    17.346    twin_controller_inst/status_buffer_reg[6][0]
  -------------------------------------------------------------------
                         required time                         17.346    
                         arrival time                          -1.179    
  -------------------------------------------------------------------
                         slack                                 16.167    

Slack (MET) :             16.167ns  (required time - arrival time)
  Source:                 uart_inst/rx_data_reg[0]/C
                            (rising edge-triggered cell FDCE clocked by clk_out1_pll  {rise@0.000ns fall@10.000ns period=20.000ns})
  Destination:            twin_controller_inst/status_buffer_reg[7][0]/CE
                            (rising edge-triggered cell FDCE clocked by clk_out1_pll  {rise@0.000ns fall@10.000ns period=20.000ns})
  Path Group:             clk_out1_pll
  Path Type:              Setup (Max at Slow Process Corner)
  Requirement:            20.000ns  (clk_out1_pll rise@20.000ns - clk_out1_pll rise@0.000ns)
  Data Path Delay:        3.620ns  (logic 0.345ns (9.532%)  route 3.275ns (90.468%))
  Logic Levels:           2  (LUT5=1 LUT6=1)
  Clock Path Skew:        0.051ns (DCD - SCD + CPR)
    Destination Clock Delay (DCD):    -1.942ns = ( 18.058 - 20.000 ) 
    Source Clock Delay      (SCD):    -2.440ns
    Clock Pessimism Removal (CPR):    -0.448ns
  Clock Uncertainty:      0.086ns  ((TSJ^2 + DJ^2)^1/2) / 2 + PE
    Total System Jitter     (TSJ):    0.071ns
    Discrete Jitter          (DJ):    0.157ns
    Phase Error              (PE):    0.000ns

    Location             Delay type                Incr(ns)  Path(ns)    Netlist Resource(s)
  -------------------------------------------------------------------    -------------------
                         (clock clk_out1_pll rise edge)
                                                      0.000     0.000 r  
    AD12                                              0.000     0.000 r  i_sys_clk_p (IN)
                         net (fo=0)                   0.000     0.000    pll_inst/inst/clk_in1_p
    AD12                 IBUFDS (Prop_ibufds_I_O)     0.906     0.906 r  pll_inst/inst/clkin1_ibufgds/O
                         net (fo=1, routed)           1.098     2.004    pll_inst/inst/clk_in1_pll
    PLLE2_ADV_X1Y1       PLLE2_ADV (Prop_plle2_adv_CLKIN1_CLKOUT0)
                                                     -8.058    -6.054 r  pll_inst/inst/plle2_adv_inst/CLKOUT0
                         net (fo=1, routed)           2.128    -3.926    pll_inst/inst/clk_out1_pll
    BUFGCTRL_X0Y1        BUFG (Prop_bufg_I_O)         0.093    -3.833 r  pll_inst/inst/clkout1_buf/O
                         net (fo=353, routed)         1.393    -2.440    uart_inst/clk_out1
    SLICE_X66Y104        FDCE                                         r  uart_inst/rx_data_reg[0]/C
  -------------------------------------------------------------------    -------------------
    SLICE_X66Y104        FDCE (Prop_fdce_C_Q)         0.259    -2.181 f  uart_inst/rx_data_reg[0]/Q
                         net (fo=17, routed)          1.320    -0.861    uart_inst/rx_data[0]
    SLICE_X66Y99         LUT6 (Prop_lut6_I1_O)        0.043    -0.818 r  uart_inst/status_buffer[0][6]_i_2/O
                         net (fo=1, routed)           0.255    -0.564    uart_inst/status_buffer[0][6]_i_2_n_0
    SLICE_X66Y99         LUT5 (Prop_lut5_I3_O)        0.043    -0.521 r  uart_inst/status_buffer[0][6]_i_1/O
                         net (fo=134, routed)         1.700     1.179    twin_controller_inst/E[0]
    SLICE_X66Y94         FDCE                                         r  twin_controller_inst/status_buffer_reg[7][0]/CE
  -------------------------------------------------------------------    -------------------

                         (clock clk_out1_pll rise edge)
                                                     20.000    20.000 r  
    AD12                                              0.000    20.000 r  i_sys_clk_p (IN)
                         net (fo=0)                   0.000    20.000    pll_inst/inst/clk_in1_p
    AD12                 IBUFDS (Prop_ibufds_I_O)     0.803    20.803 r  pll_inst/inst/clkin1_ibufgds/O
                         net (fo=1, routed)           1.001    21.804    pll_inst/inst/clk_in1_pll
    PLLE2_ADV_X1Y1       PLLE2_ADV (Prop_plle2_adv_CLKIN1_CLKOUT0)
                                                     -7.261    14.543 r  pll_inst/inst/plle2_adv_inst/CLKOUT0
                         net (fo=1, routed)           2.003    16.546    pll_inst/inst/clk_out1_pll
    BUFGCTRL_X0Y1        BUFG (Prop_bufg_I_O)         0.083    16.629 r  pll_inst/inst/clkout1_buf/O
                         net (fo=353, routed)         1.429    18.058    twin_controller_inst/CLK
    SLICE_X66Y94         FDCE                                         r  twin_controller_inst/status_buffer_reg[7][0]/C
                         clock pessimism             -0.448    17.611    
                         clock uncertainty           -0.086    17.524    
    SLICE_X66Y94         FDCE (Setup_fdce_C_CE)      -0.178    17.346    twin_controller_inst/status_buffer_reg[7][0]
  -------------------------------------------------------------------
                         required time                         17.346    
                         arrival time                          -1.179    
  -------------------------------------------------------------------
                         slack                                 16.167    

Slack (MET) :             16.190ns  (required time - arrival time)
  Source:                 uart_inst/rx_data_reg[0]/C
                            (rising edge-triggered cell FDCE clocked by clk_out1_pll  {rise@0.000ns fall@10.000ns period=20.000ns})
  Destination:            twin_controller_inst/status_buffer_reg[10][2]/CE
                            (rising edge-triggered cell FDCE clocked by clk_out1_pll  {rise@0.000ns fall@10.000ns period=20.000ns})
  Path Group:             clk_out1_pll
  Path Type:              Setup (Max at Slow Process Corner)
  Requirement:            20.000ns  (clk_out1_pll rise@20.000ns - clk_out1_pll rise@0.000ns)
  Data Path Delay:        3.597ns  (logic 0.345ns (9.593%)  route 3.252ns (90.407%))
  Logic Levels:           2  (LUT5=1 LUT6=1)
  Clock Path Skew:        0.051ns (DCD - SCD + CPR)
    Destination Clock Delay (DCD):    -1.942ns = ( 18.058 - 20.000 ) 
    Source Clock Delay      (SCD):    -2.440ns
    Clock Pessimism Removal (CPR):    -0.448ns
  Clock Uncertainty:      0.086ns  ((TSJ^2 + DJ^2)^1/2) / 2 + PE
    Total System Jitter     (TSJ):    0.071ns
    Discrete Jitter          (DJ):    0.157ns
    Phase Error              (PE):    0.000ns

    Location             Delay type                Incr(ns)  Path(ns)    Netlist Resource(s)
  -------------------------------------------------------------------    -------------------
                         (clock clk_out1_pll rise edge)
                                                      0.000     0.000 r  
    AD12                                              0.000     0.000 r  i_sys_clk_p (IN)
                         net (fo=0)                   0.000     0.000    pll_inst/inst/clk_in1_p
    AD12                 IBUFDS (Prop_ibufds_I_O)     0.906     0.906 r  pll_inst/inst/clkin1_ibufgds/O
                         net (fo=1, routed)           1.098     2.004    pll_inst/inst/clk_in1_pll
    PLLE2_ADV_X1Y1       PLLE2_ADV (Prop_plle2_adv_CLKIN1_CLKOUT0)
                                                     -8.058    -6.054 r  pll_inst/inst/plle2_adv_inst/CLKOUT0
                         net (fo=1, routed)           2.128    -3.926    pll_inst/inst/clk_out1_pll
    BUFGCTRL_X0Y1        BUFG (Prop_bufg_I_O)         0.093    -3.833 r  pll_inst/inst/clkout1_buf/O
                         net (fo=353, routed)         1.393    -2.440    uart_inst/clk_out1
    SLICE_X66Y104        FDCE                                         r  uart_inst/rx_data_reg[0]/C
  -------------------------------------------------------------------    -------------------
    SLICE_X66Y104        FDCE (Prop_fdce_C_Q)         0.259    -2.181 f  uart_inst/rx_data_reg[0]/Q
                         net (fo=17, routed)          1.320    -0.861    uart_inst/rx_data[0]
    SLICE_X66Y99         LUT6 (Prop_lut6_I1_O)        0.043    -0.818 r  uart_inst/status_buffer[0][6]_i_2/O
                         net (fo=1, routed)           0.255    -0.564    uart_inst/status_buffer[0][6]_i_2_n_0
    SLICE_X66Y99         LUT5 (Prop_lut5_I3_O)        0.043    -0.521 r  uart_inst/status_buffer[0][6]_i_1/O
                         net (fo=134, routed)         1.677     1.156    twin_controller_inst/E[0]
    SLICE_X62Y93         FDCE                                         r  twin_controller_inst/status_buffer_reg[10][2]/CE
  -------------------------------------------------------------------    -------------------

                         (clock clk_out1_pll rise edge)
                                                     20.000    20.000 r  
    AD12                                              0.000    20.000 r  i_sys_clk_p (IN)
                         net (fo=0)                   0.000    20.000    pll_inst/inst/clk_in1_p
    AD12                 IBUFDS (Prop_ibufds_I_O)     0.803    20.803 r  pll_inst/inst/clkin1_ibufgds/O
                         net (fo=1, routed)           1.001    21.804    pll_inst/inst/clk_in1_pll
    PLLE2_ADV_X1Y1       PLLE2_ADV (Prop_plle2_adv_CLKIN1_CLKOUT0)
                                                     -7.261    14.543 r  pll_inst/inst/plle2_adv_inst/CLKOUT0
                         net (fo=1, routed)           2.003    16.546    pll_inst/inst/clk_out1_pll
    BUFGCTRL_X0Y1        BUFG (Prop_bufg_I_O)         0.083    16.629 r  pll_inst/inst/clkout1_buf/O
                         net (fo=353, routed)         1.429    18.058    twin_controller_inst/CLK
    SLICE_X62Y93         FDCE                                         r  twin_controller_inst/status_buffer_reg[10][2]/C
                         clock pessimism             -0.448    17.611    
                         clock uncertainty           -0.086    17.524    
    SLICE_X62Y93         FDCE (Setup_fdce_C_CE)      -0.178    17.346    twin_controller_inst/status_buffer_reg[10][2]
  -------------------------------------------------------------------
                         required time                         17.346    
                         arrival time                          -1.156    
  -------------------------------------------------------------------
                         slack                                 16.190    

Slack (MET) :             16.190ns  (required time - arrival time)
  Source:                 uart_inst/rx_data_reg[0]/C
                            (rising edge-triggered cell FDCE clocked by clk_out1_pll  {rise@0.000ns fall@10.000ns period=20.000ns})
  Destination:            twin_controller_inst/status_buffer_reg[13][2]/CE
                            (rising edge-triggered cell FDCE clocked by clk_out1_pll  {rise@0.000ns fall@10.000ns period=20.000ns})
  Path Group:             clk_out1_pll
  Path Type:              Setup (Max at Slow Process Corner)
  Requirement:            20.000ns  (clk_out1_pll rise@20.000ns - clk_out1_pll rise@0.000ns)
  Data Path Delay:        3.597ns  (logic 0.345ns (9.593%)  route 3.252ns (90.407%))
  Logic Levels:           2  (LUT5=1 LUT6=1)
  Clock Path Skew:        0.051ns (DCD - SCD + CPR)
    Destination Clock Delay (DCD):    -1.942ns = ( 18.058 - 20.000 ) 
    Source Clock Delay      (SCD):    -2.440ns
    Clock Pessimism Removal (CPR):    -0.448ns
  Clock Uncertainty:      0.086ns  ((TSJ^2 + DJ^2)^1/2) / 2 + PE
    Total System Jitter     (TSJ):    0.071ns
    Discrete Jitter          (DJ):    0.157ns
    Phase Error              (PE):    0.000ns

    Location             Delay type                Incr(ns)  Path(ns)    Netlist Resource(s)
  -------------------------------------------------------------------    -------------------
                         (clock clk_out1_pll rise edge)
                                                      0.000     0.000 r  
    AD12                                              0.000     0.000 r  i_sys_clk_p (IN)
                         net (fo=0)                   0.000     0.000    pll_inst/inst/clk_in1_p
    AD12                 IBUFDS (Prop_ibufds_I_O)     0.906     0.906 r  pll_inst/inst/clkin1_ibufgds/O
                         net (fo=1, routed)           1.098     2.004    pll_inst/inst/clk_in1_pll
    PLLE2_ADV_X1Y1       PLLE2_ADV (Prop_plle2_adv_CLKIN1_CLKOUT0)
                                                     -8.058    -6.054 r  pll_inst/inst/plle2_adv_inst/CLKOUT0
                         net (fo=1, routed)           2.128    -3.926    pll_inst/inst/clk_out1_pll
    BUFGCTRL_X0Y1        BUFG (Prop_bufg_I_O)         0.093    -3.833 r  pll_inst/inst/clkout1_buf/O
                         net (fo=353, routed)         1.393    -2.440    uart_inst/clk_out1
    SLICE_X66Y104        FDCE                                         r  uart_inst/rx_data_reg[0]/C
  -------------------------------------------------------------------    -------------------
    SLICE_X66Y104        FDCE (Prop_fdce_C_Q)         0.259    -2.181 f  uart_inst/rx_data_reg[0]/Q
                         net (fo=17, routed)          1.320    -0.861    uart_inst/rx_data[0]
    SLICE_X66Y99         LUT6 (Prop_lut6_I1_O)        0.043    -0.818 r  uart_inst/status_buffer[0][6]_i_2/O
                         net (fo=1, routed)           0.255    -0.564    uart_inst/status_buffer[0][6]_i_2_n_0
    SLICE_X66Y99         LUT5 (Prop_lut5_I3_O)        0.043    -0.521 r  uart_inst/status_buffer[0][6]_i_1/O
                         net (fo=134, routed)         1.677     1.156    twin_controller_inst/E[0]
    SLICE_X62Y93         FDCE                                         r  twin_controller_inst/status_buffer_reg[13][2]/CE
  -------------------------------------------------------------------    -------------------

                         (clock clk_out1_pll rise edge)
                                                     20.000    20.000 r  
    AD12                                              0.000    20.000 r  i_sys_clk_p (IN)
                         net (fo=0)                   0.000    20.000    pll_inst/inst/clk_in1_p
    AD12                 IBUFDS (Prop_ibufds_I_O)     0.803    20.803 r  pll_inst/inst/clkin1_ibufgds/O
                         net (fo=1, routed)           1.001    21.804    pll_inst/inst/clk_in1_pll
    PLLE2_ADV_X1Y1       PLLE2_ADV (Prop_plle2_adv_CLKIN1_CLKOUT0)
                                                     -7.261    14.543 r  pll_inst/inst/plle2_adv_inst/CLKOUT0
                         net (fo=1, routed)           2.003    16.546    pll_inst/inst/clk_out1_pll
    BUFGCTRL_X0Y1        BUFG (Prop_bufg_I_O)         0.083    16.629 r  pll_inst/inst/clkout1_buf/O
                         net (fo=353, routed)         1.429    18.058    twin_controller_inst/CLK
    SLICE_X62Y93         FDCE                                         r  twin_controller_inst/status_buffer_reg[13][2]/C
                         clock pessimism             -0.448    17.611    
                         clock uncertainty           -0.086    17.524    
    SLICE_X62Y93         FDCE (Setup_fdce_C_CE)      -0.178    17.346    twin_controller_inst/status_buffer_reg[13][2]
  -------------------------------------------------------------------
                         required time                         17.346    
                         arrival time                          -1.156    
  -------------------------------------------------------------------
                         slack                                 16.190    

Slack (MET) :             16.190ns  (required time - arrival time)
  Source:                 uart_inst/rx_data_reg[0]/C
                            (rising edge-triggered cell FDCE clocked by clk_out1_pll  {rise@0.000ns fall@10.000ns period=20.000ns})
  Destination:            twin_controller_inst/status_buffer_reg[5][2]/CE
                            (rising edge-triggered cell FDCE clocked by clk_out1_pll  {rise@0.000ns fall@10.000ns period=20.000ns})
  Path Group:             clk_out1_pll
  Path Type:              Setup (Max at Slow Process Corner)
  Requirement:            20.000ns  (clk_out1_pll rise@20.000ns - clk_out1_pll rise@0.000ns)
  Data Path Delay:        3.597ns  (logic 0.345ns (9.593%)  route 3.252ns (90.407%))
  Logic Levels:           2  (LUT5=1 LUT6=1)
  Clock Path Skew:        0.051ns (DCD - SCD + CPR)
    Destination Clock Delay (DCD):    -1.942ns = ( 18.058 - 20.000 ) 
    Source Clock Delay      (SCD):    -2.440ns
    Clock Pessimism Removal (CPR):    -0.448ns
  Clock Uncertainty:      0.086ns  ((TSJ^2 + DJ^2)^1/2) / 2 + PE
    Total System Jitter     (TSJ):    0.071ns
    Discrete Jitter          (DJ):    0.157ns
    Phase Error              (PE):    0.000ns

    Location             Delay type                Incr(ns)  Path(ns)    Netlist Resource(s)
  -------------------------------------------------------------------    -------------------
                         (clock clk_out1_pll rise edge)
                                                      0.000     0.000 r  
    AD12                                              0.000     0.000 r  i_sys_clk_p (IN)
                         net (fo=0)                   0.000     0.000    pll_inst/inst/clk_in1_p
    AD12                 IBUFDS (Prop_ibufds_I_O)     0.906     0.906 r  pll_inst/inst/clkin1_ibufgds/O
                         net (fo=1, routed)           1.098     2.004    pll_inst/inst/clk_in1_pll
    PLLE2_ADV_X1Y1       PLLE2_ADV (Prop_plle2_adv_CLKIN1_CLKOUT0)
                                                     -8.058    -6.054 r  pll_inst/inst/plle2_adv_inst/CLKOUT0
                         net (fo=1, routed)           2.128    -3.926    pll_inst/inst/clk_out1_pll
    BUFGCTRL_X0Y1        BUFG (Prop_bufg_I_O)         0.093    -3.833 r  pll_inst/inst/clkout1_buf/O
                         net (fo=353, routed)         1.393    -2.440    uart_inst/clk_out1
    SLICE_X66Y104        FDCE                                         r  uart_inst/rx_data_reg[0]/C
  -------------------------------------------------------------------    -------------------
    SLICE_X66Y104        FDCE (Prop_fdce_C_Q)         0.259    -2.181 f  uart_inst/rx_data_reg[0]/Q
                         net (fo=17, routed)          1.320    -0.861    uart_inst/rx_data[0]
    SLICE_X66Y99         LUT6 (Prop_lut6_I1_O)        0.043    -0.818 r  uart_inst/status_buffer[0][6]_i_2/O
                         net (fo=1, routed)           0.255    -0.564    uart_inst/status_buffer[0][6]_i_2_n_0
    SLICE_X66Y99         LUT5 (Prop_lut5_I3_O)        0.043    -0.521 r  uart_inst/status_buffer[0][6]_i_1/O
                         net (fo=134, routed)         1.677     1.156    twin_controller_inst/E[0]
    SLICE_X62Y93         FDCE                                         r  twin_controller_inst/status_buffer_reg[5][2]/CE
  -------------------------------------------------------------------    -------------------

                         (clock clk_out1_pll rise edge)
                                                     20.000    20.000 r  
    AD12                                              0.000    20.000 r  i_sys_clk_p (IN)
                         net (fo=0)                   0.000    20.000    pll_inst/inst/clk_in1_p
    AD12                 IBUFDS (Prop_ibufds_I_O)     0.803    20.803 r  pll_inst/inst/clkin1_ibufgds/O
                         net (fo=1, routed)           1.001    21.804    pll_inst/inst/clk_in1_pll
    PLLE2_ADV_X1Y1       PLLE2_ADV (Prop_plle2_adv_CLKIN1_CLKOUT0)
                                                     -7.261    14.543 r  pll_inst/inst/plle2_adv_inst/CLKOUT0
                         net (fo=1, routed)           2.003    16.546    pll_inst/inst/clk_out1_pll
    BUFGCTRL_X0Y1        BUFG (Prop_bufg_I_O)         0.083    16.629 r  pll_inst/inst/clkout1_buf/O
                         net (fo=353, routed)         1.429    18.058    twin_controller_inst/CLK
    SLICE_X62Y93         FDCE                                         r  twin_controller_inst/status_buffer_reg[5][2]/C
                         clock pessimism             -0.448    17.611    
                         clock uncertainty           -0.086    17.524    
    SLICE_X62Y93         FDCE (Setup_fdce_C_CE)      -0.178    17.346    twin_controller_inst/status_buffer_reg[5][2]
  -------------------------------------------------------------------
                         required time                         17.346    
                         arrival time                          -1.156    
  -------------------------------------------------------------------
                         slack                                 16.190    





Min Delay Paths
--------------------------------------------------------------------------------------
Slack (MET) :             0.115ns  (arrival time - required time)
  Source:                 uart_inst/rx_data_reg[1]/C
                            (rising edge-triggered cell FDCE clocked by clk_out1_pll  {rise@0.000ns fall@10.000ns period=20.000ns})
  Destination:            twin_controller_inst/key_reg[7]/D
                            (rising edge-triggered cell FDCE clocked by clk_out1_pll  {rise@0.000ns fall@10.000ns period=20.000ns})
  Path Group:             clk_out1_pll
  Path Type:              Hold (Min at Fast Process Corner)
  Requirement:            0.000ns  (clk_out1_pll rise@0.000ns - clk_out1_pll rise@0.000ns)
  Data Path Delay:        0.440ns  (logic 0.146ns (33.182%)  route 0.294ns (66.818%))
  Logic Levels:           1  (LUT6=1)
  Clock Path Skew:        0.265ns (DCD - SCD - CPR)
    Destination Clock Delay (DCD):    -0.557ns
    Source Clock Delay      (SCD):    -0.440ns
    Clock Pessimism Removal (CPR):    -0.383ns

    Location             Delay type                Incr(ns)  Path(ns)    Netlist Resource(s)
  -------------------------------------------------------------------    -------------------
                         (clock clk_out1_pll rise edge)
                                                      0.000     0.000 r  
    AD12                                              0.000     0.000 r  i_sys_clk_p (IN)
                         net (fo=0)                   0.000     0.000    pll_inst/inst/clk_in1_p
    AD12                 IBUFDS (Prop_ibufds_I_O)     0.388     0.388 r  pll_inst/inst/clkin1_ibufgds/O
                         net (fo=1, routed)           0.503     0.891    pll_inst/inst/clk_in1_pll
    PLLE2_ADV_X1Y1       PLLE2_ADV (Prop_plle2_adv_CLKIN1_CLKOUT0)
                                                     -2.908    -2.017 r  pll_inst/inst/plle2_adv_inst/CLKOUT0
                         net (fo=1, routed)           0.958    -1.059    pll_inst/inst/clk_out1_pll
    BUFGCTRL_X0Y1        BUFG (Prop_bufg_I_O)         0.026    -1.033 r  pll_inst/inst/clkout1_buf/O
                         net (fo=353, routed)         0.593    -0.440    uart_inst/clk_out1
    SLICE_X66Y104        FDCE                                         r  uart_inst/rx_data_reg[1]/C
  -------------------------------------------------------------------    -------------------
    SLICE_X66Y104        FDCE (Prop_fdce_C_Q)         0.118    -0.322 r  uart_inst/rx_data_reg[1]/Q
                         net (fo=17, routed)          0.294    -0.028    uart_inst/rx_data[1]
    SLICE_X68Y99         LUT6 (Prop_lut6_I2_O)        0.028     0.000 r  uart_inst/key[7]_i_1/O
                         net (fo=1, routed)           0.000     0.000    twin_controller_inst/key_reg[7]_0
    SLICE_X68Y99         FDCE                                         r  twin_controller_inst/key_reg[7]/D
  -------------------------------------------------------------------    -------------------

                         (clock clk_out1_pll rise edge)
                                                      0.000     0.000 r  
    AD12                                              0.000     0.000 r  i_sys_clk_p (IN)
                         net (fo=0)                   0.000     0.000    pll_inst/inst/clk_in1_p
    AD12                 IBUFDS (Prop_ibufds_I_O)     0.470     0.470 r  pll_inst/inst/clkin1_ibufgds/O
                         net (fo=1, routed)           0.554     1.024    pll_inst/inst/clk_in1_pll
    PLLE2_ADV_X1Y1       PLLE2_ADV (Prop_plle2_adv_CLKIN1_CLKOUT0)
                                                     -3.524    -2.500 r  pll_inst/inst/plle2_adv_inst/CLKOUT0
                         net (fo=1, routed)           1.027    -1.473    pll_inst/inst/clk_out1_pll
    BUFGCTRL_X0Y1        BUFG (Prop_bufg_I_O)         0.030    -1.443 r  pll_inst/inst/clkout1_buf/O
                         net (fo=353, routed)         0.886    -0.557    twin_controller_inst/CLK
    SLICE_X68Y99         FDCE                                         r  twin_controller_inst/key_reg[7]/C
                         clock pessimism              0.383    -0.175    
    SLICE_X68Y99         FDCE (Hold_fdce_C_D)         0.060    -0.115    twin_controller_inst/key_reg[7]
  -------------------------------------------------------------------
                         required time                          0.115    
                         arrival time                           0.000    
  -------------------------------------------------------------------
                         slack                                  0.115    

Slack (MET) :             0.115ns  (arrival time - required time)
  Source:                 uart_inst/rx_data_reg[7]/C
                            (rising edge-triggered cell FDCE clocked by clk_out1_pll  {rise@0.000ns fall@10.000ns period=20.000ns})
  Destination:            twin_controller_inst/sw_reg[39]/D
                            (rising edge-triggered cell FDCE clocked by clk_out1_pll  {rise@0.000ns fall@10.000ns period=20.000ns})
  Path Group:             clk_out1_pll
  Path Type:              Hold (Min at Fast Process Corner)
  Requirement:            0.000ns  (clk_out1_pll rise@0.000ns - clk_out1_pll rise@0.000ns)
  Data Path Delay:        0.441ns  (logic 0.179ns (40.558%)  route 0.262ns (59.442%))
  Logic Levels:           1  (LUT4=1)
  Clock Path Skew:        0.265ns (DCD - SCD - CPR)
    Destination Clock Delay (DCD):    -0.557ns
    Source Clock Delay      (SCD):    -0.440ns
    Clock Pessimism Removal (CPR):    -0.383ns

    Location             Delay type                Incr(ns)  Path(ns)    Netlist Resource(s)
  -------------------------------------------------------------------    -------------------
                         (clock clk_out1_pll rise edge)
                                                      0.000     0.000 r  
    AD12                                              0.000     0.000 r  i_sys_clk_p (IN)
                         net (fo=0)                   0.000     0.000    pll_inst/inst/clk_in1_p
    AD12                 IBUFDS (Prop_ibufds_I_O)     0.388     0.388 r  pll_inst/inst/clkin1_ibufgds/O
                         net (fo=1, routed)           0.503     0.891    pll_inst/inst/clk_in1_pll
    PLLE2_ADV_X1Y1       PLLE2_ADV (Prop_plle2_adv_CLKIN1_CLKOUT0)
                                                     -2.908    -2.017 r  pll_inst/inst/plle2_adv_inst/CLKOUT0
                         net (fo=1, routed)           0.958    -1.059    pll_inst/inst/clk_out1_pll
    BUFGCTRL_X0Y1        BUFG (Prop_bufg_I_O)         0.026    -1.033 r  pll_inst/inst/clkout1_buf/O
                         net (fo=353, routed)         0.593    -0.440    uart_inst/clk_out1
    SLICE_X66Y104        FDCE                                         r  uart_inst/rx_data_reg[7]/C
  -------------------------------------------------------------------    -------------------
    SLICE_X66Y104        FDCE (Prop_fdce_C_Q)         0.107    -0.333 r  uart_inst/rx_data_reg[7]/Q
                         net (fo=74, routed)          0.262    -0.070    uart_inst/rx_data[7]
    SLICE_X67Y99         LUT4 (Prop_lut4_I0_O)        0.072     0.002 r  uart_inst/sw[39]_i_1/O
                         net (fo=1, routed)           0.000     0.002    twin_controller_inst/sw_reg[39]_0
    SLICE_X67Y99         FDCE                                         r  twin_controller_inst/sw_reg[39]/D
  -------------------------------------------------------------------    -------------------

                         (clock clk_out1_pll rise edge)
                                                      0.000     0.000 r  
    AD12                                              0.000     0.000 r  i_sys_clk_p (IN)
                         net (fo=0)                   0.000     0.000    pll_inst/inst/clk_in1_p
    AD12                 IBUFDS (Prop_ibufds_I_O)     0.470     0.470 r  pll_inst/inst/clkin1_ibufgds/O
                         net (fo=1, routed)           0.554     1.024    pll_inst/inst/clk_in1_pll
    PLLE2_ADV_X1Y1       PLLE2_ADV (Prop_plle2_adv_CLKIN1_CLKOUT0)
                                                     -3.524    -2.500 r  pll_inst/inst/plle2_adv_inst/CLKOUT0
                         net (fo=1, routed)           1.027    -1.473    pll_inst/inst/clk_out1_pll
    BUFGCTRL_X0Y1        BUFG (Prop_bufg_I_O)         0.030    -1.443 r  pll_inst/inst/clkout1_buf/O
                         net (fo=353, routed)         0.886    -0.557    twin_controller_inst/CLK
    SLICE_X67Y99         FDCE                                         r  twin_controller_inst/sw_reg[39]/C
                         clock pessimism              0.383    -0.175    
    SLICE_X67Y99         FDCE (Hold_fdce_C_D)         0.061    -0.114    twin_controller_inst/sw_reg[39]
  -------------------------------------------------------------------
                         required time                          0.114    
                         arrival time                           0.002    
  -------------------------------------------------------------------
                         slack                                  0.115    

Slack (MET) :             0.124ns  (arrival time - required time)
  Source:                 uart_inst/rx_data_reg[7]/C
                            (rising edge-triggered cell FDCE clocked by clk_out1_pll  {rise@0.000ns fall@10.000ns period=20.000ns})
  Destination:            twin_controller_inst/sw_reg[7]/D
                            (rising edge-triggered cell FDCE clocked by clk_out1_pll  {rise@0.000ns fall@10.000ns period=20.000ns})
  Path Group:             clk_out1_pll
  Path Type:              Hold (Min at Fast Process Corner)
  Requirement:            0.000ns  (clk_out1_pll rise@0.000ns - clk_out1_pll rise@0.000ns)
  Data Path Delay:        0.450ns  (logic 0.179ns (39.763%)  route 0.271ns (60.237%))
  Logic Levels:           1  (LUT4=1)
  Clock Path Skew:        0.265ns (DCD - SCD - CPR)
    Destination Clock Delay (DCD):    -0.557ns
    Source Clock Delay      (SCD):    -0.440ns
    Clock Pessimism Removal (CPR):    -0.383ns

    Location             Delay type                Incr(ns)  Path(ns)    Netlist Resource(s)
  -------------------------------------------------------------------    -------------------
                         (clock clk_out1_pll rise edge)
                                                      0.000     0.000 r  
    AD12                                              0.000     0.000 r  i_sys_clk_p (IN)
                         net (fo=0)                   0.000     0.000    pll_inst/inst/clk_in1_p
    AD12                 IBUFDS (Prop_ibufds_I_O)     0.388     0.388 r  pll_inst/inst/clkin1_ibufgds/O
                         net (fo=1, routed)           0.503     0.891    pll_inst/inst/clk_in1_pll
    PLLE2_ADV_X1Y1       PLLE2_ADV (Prop_plle2_adv_CLKIN1_CLKOUT0)
                                                     -2.908    -2.017 r  pll_inst/inst/plle2_adv_inst/CLKOUT0
                         net (fo=1, routed)           0.958    -1.059    pll_inst/inst/clk_out1_pll
    BUFGCTRL_X0Y1        BUFG (Prop_bufg_I_O)         0.026    -1.033 r  pll_inst/inst/clkout1_buf/O
                         net (fo=353, routed)         0.593    -0.440    uart_inst/clk_out1
    SLICE_X66Y104        FDCE                                         r  uart_inst/rx_data_reg[7]/C
  -------------------------------------------------------------------    -------------------
    SLICE_X66Y104        FDCE (Prop_fdce_C_Q)         0.107    -0.333 r  uart_inst/rx_data_reg[7]/Q
                         net (fo=74, routed)          0.271    -0.061    uart_inst/rx_data[7]
    SLICE_X68Y98         LUT4 (Prop_lut4_I0_O)        0.072     0.011 r  uart_inst/sw[7]_i_1/O
                         net (fo=1, routed)           0.000     0.011    twin_controller_inst/sw_reg[7]_1
    SLICE_X68Y98         FDCE                                         r  twin_controller_inst/sw_reg[7]/D
  -------------------------------------------------------------------    -------------------

                         (clock clk_out1_pll rise edge)
                                                      0.000     0.000 r  
    AD12                                              0.000     0.000 r  i_sys_clk_p (IN)
                         net (fo=0)                   0.000     0.000    pll_inst/inst/clk_in1_p
    AD12                 IBUFDS (Prop_ibufds_I_O)     0.470     0.470 r  pll_inst/inst/clkin1_ibufgds/O
                         net (fo=1, routed)           0.554     1.024    pll_inst/inst/clk_in1_pll
    PLLE2_ADV_X1Y1       PLLE2_ADV (Prop_plle2_adv_CLKIN1_CLKOUT0)
                                                     -3.524    -2.500 r  pll_inst/inst/plle2_adv_inst/CLKOUT0
                         net (fo=1, routed)           1.027    -1.473    pll_inst/inst/clk_out1_pll
    BUFGCTRL_X0Y1        BUFG (Prop_bufg_I_O)         0.030    -1.443 r  pll_inst/inst/clkout1_buf/O
                         net (fo=353, routed)         0.886    -0.557    twin_controller_inst/CLK
    SLICE_X68Y98         FDCE                                         r  twin_controller_inst/sw_reg[7]/C
                         clock pessimism              0.383    -0.175    
    SLICE_X68Y98         FDCE (Hold_fdce_C_D)         0.061    -0.114    twin_controller_inst/sw_reg[7]
  -------------------------------------------------------------------
                         required time                          0.114    
                         arrival time                           0.011    
  -------------------------------------------------------------------
                         slack                                  0.124    

Slack (MET) :             0.131ns  (arrival time - required time)
  Source:                 twin_controller_inst/sw_reg[57]/C
                            (rising edge-triggered cell FDCE clocked by clk_out1_pll  {rise@0.000ns fall@10.000ns period=20.000ns})
  Destination:            twin_controller_inst/status_buffer_reg[13][1]/D
                            (rising edge-triggered cell FDCE clocked by clk_out1_pll  {rise@0.000ns fall@10.000ns period=20.000ns})
  Path Group:             clk_out1_pll
  Path Type:              Hold (Min at Fast Process Corner)
  Requirement:            0.000ns  (clk_out1_pll rise@0.000ns - clk_out1_pll rise@0.000ns)
  Data Path Delay:        0.174ns  (logic 0.100ns (57.621%)  route 0.074ns (42.379%))
  Logic Levels:           0  
  Clock Path Skew:        0.011ns (DCD - SCD - CPR)
    Destination Clock Delay (DCD):    -0.557ns
    Source Clock Delay      (SCD):    -0.386ns
    Clock Pessimism Removal (CPR):    -0.183ns

    Location             Delay type                Incr(ns)  Path(ns)    Netlist Resource(s)
  -------------------------------------------------------------------    -------------------
                         (clock clk_out1_pll rise edge)
                                                      0.000     0.000 r  
    AD12                                              0.000     0.000 r  i_sys_clk_p (IN)
                         net (fo=0)                   0.000     0.000    pll_inst/inst/clk_in1_p
    AD12                 IBUFDS (Prop_ibufds_I_O)     0.388     0.388 r  pll_inst/inst/clkin1_ibufgds/O
                         net (fo=1, routed)           0.503     0.891    pll_inst/inst/clk_in1_pll
    PLLE2_ADV_X1Y1       PLLE2_ADV (Prop_plle2_adv_CLKIN1_CLKOUT0)
                                                     -2.908    -2.017 r  pll_inst/inst/plle2_adv_inst/CLKOUT0
                         net (fo=1, routed)           0.958    -1.059    pll_inst/inst/clk_out1_pll
    BUFGCTRL_X0Y1        BUFG (Prop_bufg_I_O)         0.026    -1.033 r  pll_inst/inst/clkout1_buf/O
                         net (fo=353, routed)         0.647    -0.386    twin_controller_inst/CLK
    SLICE_X65Y98         FDCE                                         r  twin_controller_inst/sw_reg[57]/C
  -------------------------------------------------------------------    -------------------
    SLICE_X65Y98         FDCE (Prop_fdce_C_Q)         0.100    -0.286 r  twin_controller_inst/sw_reg[57]/Q
                         net (fo=3, routed)           0.074    -0.212    twin_controller_inst/virtual_sw[57]
    SLICE_X64Y98         FDCE                                         r  twin_controller_inst/status_buffer_reg[13][1]/D
  -------------------------------------------------------------------    -------------------

                         (clock clk_out1_pll rise edge)
                                                      0.000     0.000 r  
    AD12                                              0.000     0.000 r  i_sys_clk_p (IN)
                         net (fo=0)                   0.000     0.000    pll_inst/inst/clk_in1_p
    AD12                 IBUFDS (Prop_ibufds_I_O)     0.470     0.470 r  pll_inst/inst/clkin1_ibufgds/O
                         net (fo=1, routed)           0.554     1.024    pll_inst/inst/clk_in1_pll
    PLLE2_ADV_X1Y1       PLLE2_ADV (Prop_plle2_adv_CLKIN1_CLKOUT0)
                                                     -3.524    -2.500 r  pll_inst/inst/plle2_adv_inst/CLKOUT0
                         net (fo=1, routed)           1.027    -1.473    pll_inst/inst/clk_out1_pll
    BUFGCTRL_X0Y1        BUFG (Prop_bufg_I_O)         0.030    -1.443 r  pll_inst/inst/clkout1_buf/O
                         net (fo=353, routed)         0.886    -0.557    twin_controller_inst/CLK
    SLICE_X64Y98         FDCE                                         r  twin_controller_inst/status_buffer_reg[13][1]/C
                         clock pessimism              0.183    -0.375    
    SLICE_X64Y98         FDCE (Hold_fdce_C_D)         0.032    -0.343    twin_controller_inst/status_buffer_reg[13][1]
  -------------------------------------------------------------------
                         required time                          0.343    
                         arrival time                          -0.212    
  -------------------------------------------------------------------
                         slack                                  0.131    

Slack (MET) :             0.136ns  (arrival time - required time)
  Source:                 twin_controller_inst/sw_reg[32]/C
                            (rising edge-triggered cell FDCE clocked by clk_out1_pll  {rise@0.000ns fall@10.000ns period=20.000ns})
  Destination:            twin_controller_inst/status_buffer_reg[10][0]/D
                            (rising edge-triggered cell FDCE clocked by clk_out1_pll  {rise@0.000ns fall@10.000ns period=20.000ns})
  Path Group:             clk_out1_pll
  Path Type:              Hold (Min at Fast Process Corner)
  Requirement:            0.000ns  (clk_out1_pll rise@0.000ns - clk_out1_pll rise@0.000ns)
  Data Path Delay:        0.209ns  (logic 0.100ns (47.779%)  route 0.109ns (52.221%))
  Logic Levels:           0  
  Clock Path Skew:        0.014ns (DCD - SCD - CPR)
    Destination Clock Delay (DCD):    -0.558ns
    Source Clock Delay      (SCD):    -0.388ns
    Clock Pessimism Removal (CPR):    -0.185ns

    Location             Delay type                Incr(ns)  Path(ns)    Netlist Resource(s)
  -------------------------------------------------------------------    -------------------
                         (clock clk_out1_pll rise edge)
                                                      0.000     0.000 r  
    AD12                                              0.000     0.000 r  i_sys_clk_p (IN)
                         net (fo=0)                   0.000     0.000    pll_inst/inst/clk_in1_p
    AD12                 IBUFDS (Prop_ibufds_I_O)     0.388     0.388 r  pll_inst/inst/clkin1_ibufgds/O
                         net (fo=1, routed)           0.503     0.891    pll_inst/inst/clk_in1_pll
    PLLE2_ADV_X1Y1       PLLE2_ADV (Prop_plle2_adv_CLKIN1_CLKOUT0)
                                                     -2.908    -2.017 r  pll_inst/inst/plle2_adv_inst/CLKOUT0
                         net (fo=1, routed)           0.958    -1.059    pll_inst/inst/clk_out1_pll
    BUFGCTRL_X0Y1        BUFG (Prop_bufg_I_O)         0.026    -1.033 r  pll_inst/inst/clkout1_buf/O
                         net (fo=353, routed)         0.645    -0.388    twin_controller_inst/CLK
    SLICE_X69Y95         FDCE                                         r  twin_controller_inst/sw_reg[32]/C
  -------------------------------------------------------------------    -------------------
    SLICE_X69Y95         FDCE (Prop_fdce_C_Q)         0.100    -0.288 r  twin_controller_inst/sw_reg[32]/Q
                         net (fo=3, routed)           0.109    -0.178    twin_controller_inst/virtual_sw[32]
    SLICE_X66Y95         FDCE                                         r  twin_controller_inst/status_buffer_reg[10][0]/D
  -------------------------------------------------------------------    -------------------

                         (clock clk_out1_pll rise edge)
                                                      0.000     0.000 r  
    AD12                                              0.000     0.000 r  i_sys_clk_p (IN)
                         net (fo=0)                   0.000     0.000    pll_inst/inst/clk_in1_p
    AD12                 IBUFDS (Prop_ibufds_I_O)     0.470     0.470 r  pll_inst/inst/clkin1_ibufgds/O
                         net (fo=1, routed)           0.554     1.024    pll_inst/inst/clk_in1_pll
    PLLE2_ADV_X1Y1       PLLE2_ADV (Prop_plle2_adv_CLKIN1_CLKOUT0)
                                                     -3.524    -2.500 r  pll_inst/inst/plle2_adv_inst/CLKOUT0
                         net (fo=1, routed)           1.027    -1.473    pll_inst/inst/clk_out1_pll
    BUFGCTRL_X0Y1        BUFG (Prop_bufg_I_O)         0.030    -1.443 r  pll_inst/inst/clkout1_buf/O
                         net (fo=353, routed)         0.885    -0.558    twin_controller_inst/CLK
    SLICE_X66Y95         FDCE                                         r  twin_controller_inst/status_buffer_reg[10][0]/C
                         clock pessimism              0.185    -0.374    
    SLICE_X66Y95         FDCE (Hold_fdce_C_D)         0.059    -0.315    twin_controller_inst/status_buffer_reg[10][0]
  -------------------------------------------------------------------
                         required time                          0.315    
                         arrival time                          -0.178    
  -------------------------------------------------------------------
                         slack                                  0.136    

Slack (MET) :             0.137ns  (arrival time - required time)
  Source:                 twin_controller_inst/send_cnt_reg[4]/C
                            (rising edge-triggered cell FDCE clocked by clk_out1_pll  {rise@0.000ns fall@10.000ns period=20.000ns})
  Destination:            twin_controller_inst/tx_data_reg[7]/D
                            (rising edge-triggered cell FDCE clocked by clk_out1_pll  {rise@0.000ns fall@10.000ns period=20.000ns})
  Path Group:             clk_out1_pll
  Path Type:              Hold (Min at Fast Process Corner)
  Requirement:            0.000ns  (clk_out1_pll rise@0.000ns - clk_out1_pll rise@0.000ns)
  Data Path Delay:        0.488ns  (logic 0.146ns (29.940%)  route 0.342ns (70.060%))
  Logic Levels:           1  (LUT5=1)
  Clock Path Skew:        0.264ns (DCD - SCD - CPR)
    Destination Clock Delay (DCD):    -0.556ns
    Source Clock Delay      (SCD):    -0.438ns
    Clock Pessimism Removal (CPR):    -0.383ns

    Location             Delay type                Incr(ns)  Path(ns)    Netlist Resource(s)
  -------------------------------------------------------------------    -------------------
                         (clock clk_out1_pll rise edge)
                                                      0.000     0.000 r  
    AD12                                              0.000     0.000 r  i_sys_clk_p (IN)
                         net (fo=0)                   0.000     0.000    pll_inst/inst/clk_in1_p
    AD12                 IBUFDS (Prop_ibufds_I_O)     0.388     0.388 r  pll_inst/inst/clkin1_ibufgds/O
                         net (fo=1, routed)           0.503     0.891    pll_inst/inst/clk_in1_pll
    PLLE2_ADV_X1Y1       PLLE2_ADV (Prop_plle2_adv_CLKIN1_CLKOUT0)
                                                     -2.908    -2.017 r  pll_inst/inst/plle2_adv_inst/CLKOUT0
                         net (fo=1, routed)           0.958    -1.059    pll_inst/inst/clk_out1_pll
    BUFGCTRL_X0Y1        BUFG (Prop_bufg_I_O)         0.026    -1.033 r  pll_inst/inst/clkout1_buf/O
                         net (fo=353, routed)         0.595    -0.438    twin_controller_inst/CLK
    SLICE_X62Y100        FDCE                                         r  twin_controller_inst/send_cnt_reg[4]/C
  -------------------------------------------------------------------    -------------------
    SLICE_X62Y100        FDCE (Prop_fdce_C_Q)         0.118    -0.320 r  twin_controller_inst/send_cnt_reg[4]/Q
                         net (fo=10, routed)          0.342     0.022    twin_controller_inst/send_cnt_reg[4]
    SLICE_X58Y98         LUT5 (Prop_lut5_I3_O)        0.028     0.050 r  twin_controller_inst/tx_data[7]_i_1/O
                         net (fo=1, routed)           0.000     0.050    twin_controller_inst/status_buffer[7]
    SLICE_X58Y98         FDCE                                         r  twin_controller_inst/tx_data_reg[7]/D
  -------------------------------------------------------------------    -------------------

                         (clock clk_out1_pll rise edge)
                                                      0.000     0.000 r  
    AD12                                              0.000     0.000 r  i_sys_clk_p (IN)
                         net (fo=0)                   0.000     0.000    pll_inst/inst/clk_in1_p
    AD12                 IBUFDS (Prop_ibufds_I_O)     0.470     0.470 r  pll_inst/inst/clkin1_ibufgds/O
                         net (fo=1, routed)           0.554     1.024    pll_inst/inst/clk_in1_pll
    PLLE2_ADV_X1Y1       PLLE2_ADV (Prop_plle2_adv_CLKIN1_CLKOUT0)
                                                     -3.524    -2.500 r  pll_inst/inst/plle2_adv_inst/CLKOUT0
                         net (fo=1, routed)           1.027    -1.473    pll_inst/inst/clk_out1_pll
    BUFGCTRL_X0Y1        BUFG (Prop_bufg_I_O)         0.030    -1.443 r  pll_inst/inst/clkout1_buf/O
                         net (fo=353, routed)         0.887    -0.556    twin_controller_inst/CLK
    SLICE_X58Y98         FDCE                                         r  twin_controller_inst/tx_data_reg[7]/C
                         clock pessimism              0.383    -0.174    
    SLICE_X58Y98         FDCE (Hold_fdce_C_D)         0.087    -0.087    twin_controller_inst/tx_data_reg[7]
  -------------------------------------------------------------------
                         required time                          0.087    
                         arrival time                           0.050    
  -------------------------------------------------------------------
                         slack                                  0.137    

Slack (MET) :             0.138ns  (arrival time - required time)
  Source:                 twin_controller_inst/sw_reg[45]/C
                            (rising edge-triggered cell FDCE clocked by clk_out1_pll  {rise@0.000ns fall@10.000ns period=20.000ns})
  Destination:            twin_controller_inst/status_buffer_reg[11][5]/D
                            (rising edge-triggered cell FDCE clocked by clk_out1_pll  {rise@0.000ns fall@10.000ns period=20.000ns})
  Path Group:             clk_out1_pll
  Path Type:              Hold (Min at Fast Process Corner)
  Requirement:            0.000ns  (clk_out1_pll rise@0.000ns - clk_out1_pll rise@0.000ns)
  Data Path Delay:        0.211ns  (logic 0.100ns (47.360%)  route 0.111ns (52.640%))
  Logic Levels:           0  
  Clock Path Skew:        0.014ns (DCD - SCD - CPR)
    Destination Clock Delay (DCD):    -0.557ns
    Source Clock Delay      (SCD):    -0.386ns
    Clock Pessimism Removal (CPR):    -0.186ns

    Location             Delay type                Incr(ns)  Path(ns)    Netlist Resource(s)
  -------------------------------------------------------------------    -------------------
                         (clock clk_out1_pll rise edge)
                                                      0.000     0.000 r  
    AD12                                              0.000     0.000 r  i_sys_clk_p (IN)
                         net (fo=0)                   0.000     0.000    pll_inst/inst/clk_in1_p
    AD12                 IBUFDS (Prop_ibufds_I_O)     0.388     0.388 r  pll_inst/inst/clkin1_ibufgds/O
                         net (fo=1, routed)           0.503     0.891    pll_inst/inst/clk_in1_pll
    PLLE2_ADV_X1Y1       PLLE2_ADV (Prop_plle2_adv_CLKIN1_CLKOUT0)
                                                     -2.908    -2.017 r  pll_inst/inst/plle2_adv_inst/CLKOUT0
                         net (fo=1, routed)           0.958    -1.059    pll_inst/inst/clk_out1_pll
    BUFGCTRL_X0Y1        BUFG (Prop_bufg_I_O)         0.026    -1.033 r  pll_inst/inst/clkout1_buf/O
                         net (fo=353, routed)         0.647    -0.386    twin_controller_inst/CLK
    SLICE_X64Y99         FDCE                                         r  twin_controller_inst/sw_reg[45]/C
  -------------------------------------------------------------------    -------------------
    SLICE_X64Y99         FDCE (Prop_fdce_C_Q)         0.100    -0.286 r  twin_controller_inst/sw_reg[45]/Q
                         net (fo=3, routed)           0.111    -0.174    twin_controller_inst/virtual_sw[45]
    SLICE_X62Y99         FDCE                                         r  twin_controller_inst/status_buffer_reg[11][5]/D
  -------------------------------------------------------------------    -------------------

                         (clock clk_out1_pll rise edge)
                                                      0.000     0.000 r  
    AD12                                              0.000     0.000 r  i_sys_clk_p (IN)
                         net (fo=0)                   0.000     0.000    pll_inst/inst/clk_in1_p
    AD12                 IBUFDS (Prop_ibufds_I_O)     0.470     0.470 r  pll_inst/inst/clkin1_ibufgds/O
                         net (fo=1, routed)           0.554     1.024    pll_inst/inst/clk_in1_pll
    PLLE2_ADV_X1Y1       PLLE2_ADV (Prop_plle2_adv_CLKIN1_CLKOUT0)
                                                     -3.524    -2.500 r  pll_inst/inst/plle2_adv_inst/CLKOUT0
                         net (fo=1, routed)           1.027    -1.473    pll_inst/inst/clk_out1_pll
    BUFGCTRL_X0Y1        BUFG (Prop_bufg_I_O)         0.030    -1.443 r  pll_inst/inst/clkout1_buf/O
                         net (fo=353, routed)         0.886    -0.557    twin_controller_inst/CLK
    SLICE_X62Y99         FDCE                                         r  twin_controller_inst/status_buffer_reg[11][5]/C
                         clock pessimism              0.186    -0.372    
    SLICE_X62Y99         FDCE (Hold_fdce_C_D)         0.059    -0.313    twin_controller_inst/status_buffer_reg[11][5]
  -------------------------------------------------------------------
                         required time                          0.313    
                         arrival time                          -0.174    
  -------------------------------------------------------------------
                         slack                                  0.138    

Slack (MET) :             0.139ns  (arrival time - required time)
  Source:                 twin_controller_inst/tx_data_reg[1]/C
                            (rising edge-triggered cell FDCE clocked by clk_out1_pll  {rise@0.000ns fall@10.000ns period=20.000ns})
  Destination:            uart_inst/tx_shift_reg[2]/D
                            (rising edge-triggered cell FDPE clocked by clk_out1_pll  {rise@0.000ns fall@10.000ns period=20.000ns})
  Path Group:             clk_out1_pll
  Path Type:              Hold (Min at Fast Process Corner)
  Requirement:            0.000ns  (clk_out1_pll rise@0.000ns - clk_out1_pll rise@0.000ns)
  Data Path Delay:        0.225ns  (logic 0.148ns (65.915%)  route 0.077ns (34.085%))
  Logic Levels:           1  (LUT3=1)
  Clock Path Skew:        0.011ns (DCD - SCD - CPR)
    Destination Clock Delay (DCD):    -0.556ns
    Source Clock Delay      (SCD):    -0.385ns
    Clock Pessimism Removal (CPR):    -0.183ns

    Location             Delay type                Incr(ns)  Path(ns)    Netlist Resource(s)
  -------------------------------------------------------------------    -------------------
                         (clock clk_out1_pll rise edge)
                                                      0.000     0.000 r  
    AD12                                              0.000     0.000 r  i_sys_clk_p (IN)
                         net (fo=0)                   0.000     0.000    pll_inst/inst/clk_in1_p
    AD12                 IBUFDS (Prop_ibufds_I_O)     0.388     0.388 r  pll_inst/inst/clkin1_ibufgds/O
                         net (fo=1, routed)           0.503     0.891    pll_inst/inst/clk_in1_pll
    PLLE2_ADV_X1Y1       PLLE2_ADV (Prop_plle2_adv_CLKIN1_CLKOUT0)
                                                     -2.908    -2.017 r  pll_inst/inst/plle2_adv_inst/CLKOUT0
                         net (fo=1, routed)           0.958    -1.059    pll_inst/inst/clk_out1_pll
    BUFGCTRL_X0Y1        BUFG (Prop_bufg_I_O)         0.026    -1.033 r  pll_inst/inst/clkout1_buf/O
                         net (fo=353, routed)         0.648    -0.385    twin_controller_inst/CLK
    SLICE_X58Y98         FDCE                                         r  twin_controller_inst/tx_data_reg[1]/C
  -------------------------------------------------------------------    -------------------
    SLICE_X58Y98         FDCE (Prop_fdce_C_Q)         0.118    -0.267 r  twin_controller_inst/tx_data_reg[1]/Q
                         net (fo=1, routed)           0.077    -0.190    uart_inst/Q[1]
    SLICE_X59Y98         LUT3 (Prop_lut3_I2_O)        0.030    -0.160 r  uart_inst/tx_shift[2]_i_1/O
                         net (fo=1, routed)           0.000    -0.160    uart_inst/tx_shift0_in[2]
    SLICE_X59Y98         FDPE                                         r  uart_inst/tx_shift_reg[2]/D
  -------------------------------------------------------------------    -------------------

                         (clock clk_out1_pll rise edge)
                                                      0.000     0.000 r  
    AD12                                              0.000     0.000 r  i_sys_clk_p (IN)
                         net (fo=0)                   0.000     0.000    pll_inst/inst/clk_in1_p
    AD12                 IBUFDS (Prop_ibufds_I_O)     0.470     0.470 r  pll_inst/inst/clkin1_ibufgds/O
                         net (fo=1, routed)           0.554     1.024    pll_inst/inst/clk_in1_pll
    PLLE2_ADV_X1Y1       PLLE2_ADV (Prop_plle2_adv_CLKIN1_CLKOUT0)
                                                     -3.524    -2.500 r  pll_inst/inst/plle2_adv_inst/CLKOUT0
                         net (fo=1, routed)           1.027    -1.473    pll_inst/inst/clk_out1_pll
    BUFGCTRL_X0Y1        BUFG (Prop_bufg_I_O)         0.030    -1.443 r  pll_inst/inst/clkout1_buf/O
                         net (fo=353, routed)         0.887    -0.556    uart_inst/clk_out1
    SLICE_X59Y98         FDPE                                         r  uart_inst/tx_shift_reg[2]/C
                         clock pessimism              0.183    -0.374    
    SLICE_X59Y98         FDPE (Hold_fdpe_C_D)         0.075    -0.299    uart_inst/tx_shift_reg[2]
  -------------------------------------------------------------------
                         required time                          0.299    
                         arrival time                          -0.160    
  -------------------------------------------------------------------
                         slack                                  0.139    

Slack (MET) :             0.139ns  (arrival time - required time)
  Source:                 twin_controller_inst/sw_reg[28]/C
                            (rising edge-triggered cell FDCE clocked by clk_out1_pll  {rise@0.000ns fall@10.000ns period=20.000ns})
  Destination:            twin_controller_inst/status_buffer_reg[9][4]/D
                            (rising edge-triggered cell FDCE clocked by clk_out1_pll  {rise@0.000ns fall@10.000ns period=20.000ns})
  Path Group:             clk_out1_pll
  Path Type:              Hold (Min at Fast Process Corner)
  Requirement:            0.000ns  (clk_out1_pll rise@0.000ns - clk_out1_pll rise@0.000ns)
  Data Path Delay:        0.218ns  (logic 0.100ns (45.951%)  route 0.118ns (54.049%))
  Logic Levels:           0  
  Clock Path Skew:        0.030ns (DCD - SCD - CPR)
    Destination Clock Delay (DCD):    -0.558ns
    Source Clock Delay      (SCD):    -0.386ns
    Clock Pessimism Removal (CPR):    -0.203ns

    Location             Delay type                Incr(ns)  Path(ns)    Netlist Resource(s)
  -------------------------------------------------------------------    -------------------
                         (clock clk_out1_pll rise edge)
                                                      0.000     0.000 r  
    AD12                                              0.000     0.000 r  i_sys_clk_p (IN)
                         net (fo=0)                   0.000     0.000    pll_inst/inst/clk_in1_p
    AD12                 IBUFDS (Prop_ibufds_I_O)     0.388     0.388 r  pll_inst/inst/clkin1_ibufgds/O
                         net (fo=1, routed)           0.503     0.891    pll_inst/inst/clk_in1_pll
    PLLE2_ADV_X1Y1       PLLE2_ADV (Prop_plle2_adv_CLKIN1_CLKOUT0)
                                                     -2.908    -2.017 r  pll_inst/inst/plle2_adv_inst/CLKOUT0
                         net (fo=1, routed)           0.958    -1.059    pll_inst/inst/clk_out1_pll
    BUFGCTRL_X0Y1        BUFG (Prop_bufg_I_O)         0.026    -1.033 r  pll_inst/inst/clkout1_buf/O
                         net (fo=353, routed)         0.647    -0.386    twin_controller_inst/CLK
    SLICE_X65Y97         FDCE                                         r  twin_controller_inst/sw_reg[28]/C
  -------------------------------------------------------------------    -------------------
    SLICE_X65Y97         FDCE (Prop_fdce_C_Q)         0.100    -0.286 r  twin_controller_inst/sw_reg[28]/Q
                         net (fo=3, routed)           0.118    -0.168    twin_controller_inst/virtual_sw[28]
    SLICE_X67Y96         FDCE                                         r  twin_controller_inst/status_buffer_reg[9][4]/D
  -------------------------------------------------------------------    -------------------

                         (clock clk_out1_pll rise edge)
                                                      0.000     0.000 r  
    AD12                                              0.000     0.000 r  i_sys_clk_p (IN)
                         net (fo=0)                   0.000     0.000    pll_inst/inst/clk_in1_p
    AD12                 IBUFDS (Prop_ibufds_I_O)     0.470     0.470 r  pll_inst/inst/clkin1_ibufgds/O
                         net (fo=1, routed)           0.554     1.024    pll_inst/inst/clk_in1_pll
    PLLE2_ADV_X1Y1       PLLE2_ADV (Prop_plle2_adv_CLKIN1_CLKOUT0)
                                                     -3.524    -2.500 r  pll_inst/inst/plle2_adv_inst/CLKOUT0
                         net (fo=1, routed)           1.027    -1.473    pll_inst/inst/clk_out1_pll
    BUFGCTRL_X0Y1        BUFG (Prop_bufg_I_O)         0.030    -1.443 r  pll_inst/inst/clkout1_buf/O
                         net (fo=353, routed)         0.885    -0.558    twin_controller_inst/CLK
    SLICE_X67Y96         FDCE                                         r  twin_controller_inst/status_buffer_reg[9][4]/C
                         clock pessimism              0.203    -0.356    
    SLICE_X67Y96         FDCE (Hold_fdce_C_D)         0.049    -0.307    twin_controller_inst/status_buffer_reg[9][4]
  -------------------------------------------------------------------
                         required time                          0.307    
                         arrival time                          -0.168    
  -------------------------------------------------------------------
                         slack                                  0.139    

Slack (MET) :             0.141ns  (arrival time - required time)
  Source:                 uart_inst/rx_data_reg[7]/C
                            (rising edge-triggered cell FDCE clocked by clk_out1_pll  {rise@0.000ns fall@10.000ns period=20.000ns})
  Destination:            twin_controller_inst/key_reg[1]/D
                            (rising edge-triggered cell FDCE clocked by clk_out1_pll  {rise@0.000ns fall@10.000ns period=20.000ns})
  Path Group:             clk_out1_pll
  Path Type:              Hold (Min at Fast Process Corner)
  Requirement:            0.000ns  (clk_out1_pll rise@0.000ns - clk_out1_pll rise@0.000ns)
  Data Path Delay:        0.466ns  (logic 0.179ns (38.373%)  route 0.287ns (61.627%))
  Logic Levels:           1  (LUT6=1)
  Clock Path Skew:        0.265ns (DCD - SCD - CPR)
    Destination Clock Delay (DCD):    -0.557ns
    Source Clock Delay      (SCD):    -0.440ns
    Clock Pessimism Removal (CPR):    -0.383ns

    Location             Delay type                Incr(ns)  Path(ns)    Netlist Resource(s)
  -------------------------------------------------------------------    -------------------
                         (clock clk_out1_pll rise edge)
                                                      0.000     0.000 r  
    AD12                                              0.000     0.000 r  i_sys_clk_p (IN)
                         net (fo=0)                   0.000     0.000    pll_inst/inst/clk_in1_p
    AD12                 IBUFDS (Prop_ibufds_I_O)     0.388     0.388 r  pll_inst/inst/clkin1_ibufgds/O
                         net (fo=1, routed)           0.503     0.891    pll_inst/inst/clk_in1_pll
    PLLE2_ADV_X1Y1       PLLE2_ADV (Prop_plle2_adv_CLKIN1_CLKOUT0)
                                                     -2.908    -2.017 r  pll_inst/inst/plle2_adv_inst/CLKOUT0
                         net (fo=1, routed)           0.958    -1.059    pll_inst/inst/clk_out1_pll
    BUFGCTRL_X0Y1        BUFG (Prop_bufg_I_O)         0.026    -1.033 r  pll_inst/inst/clkout1_buf/O
                         net (fo=353, routed)         0.593    -0.440    uart_inst/clk_out1
    SLICE_X66Y104        FDCE                                         r  uart_inst/rx_data_reg[7]/C
  -------------------------------------------------------------------    -------------------
    SLICE_X66Y104        FDCE (Prop_fdce_C_Q)         0.107    -0.333 r  uart_inst/rx_data_reg[7]/Q
                         net (fo=74, routed)          0.287    -0.045    uart_inst/rx_data[7]
    SLICE_X68Y99         LUT6 (Prop_lut6_I0_O)        0.072     0.027 r  uart_inst/key[1]_i_1/O
                         net (fo=1, routed)           0.000     0.027    twin_controller_inst/key_reg[1]_0
    SLICE_X68Y99         FDCE                                         r  twin_controller_inst/key_reg[1]/D
  -------------------------------------------------------------------    -------------------

                         (clock clk_out1_pll rise edge)
                                                      0.000     0.000 r  
    AD12                                              0.000     0.000 r  i_sys_clk_p (IN)
                         net (fo=0)                   0.000     0.000    pll_inst/inst/clk_in1_p
    AD12                 IBUFDS (Prop_ibufds_I_O)     0.470     0.470 r  pll_inst/inst/clkin1_ibufgds/O
                         net (fo=1, routed)           0.554     1.024    pll_inst/inst/clk_in1_pll
    PLLE2_ADV_X1Y1       PLLE2_ADV (Prop_plle2_adv_CLKIN1_CLKOUT0)
                                                     -3.524    -2.500 r  pll_inst/inst/plle2_adv_inst/CLKOUT0
                         net (fo=1, routed)           1.027    -1.473    pll_inst/inst/clk_out1_pll
    BUFGCTRL_X0Y1        BUFG (Prop_bufg_I_O)         0.030    -1.443 r  pll_inst/inst/clkout1_buf/O
                         net (fo=353, routed)         0.886    -0.557    twin_controller_inst/CLK
    SLICE_X68Y99         FDCE                                         r  twin_controller_inst/key_reg[1]/C
                         clock pessimism              0.383    -0.175    
    SLICE_X68Y99         FDCE (Hold_fdce_C_D)         0.060    -0.115    twin_controller_inst/key_reg[1]
  -------------------------------------------------------------------
                         required time                          0.115    
                         arrival time                           0.027    
  -------------------------------------------------------------------
                         slack                                  0.141    





Pulse Width Checks
--------------------------------------------------------------------------------------
Clock Name:         clk_out1_pll
Waveform(ns):       { 0.000 10.000 }
Period(ns):         20.000
Sources:            { pll_inst/inst/plle2_adv_inst/CLKOUT0 }

Check Type        Corner  Lib Pin            Reference Pin  Required(ns)  Actual(ns)  Slack(ns)  Location        Pin
Min Period        n/a     BUFG/I             n/a            1.408         20.000      18.591     BUFGCTRL_X0Y1   pll_inst/inst/clkout1_buf/I
Min Period        n/a     PLLE2_ADV/CLKOUT0  n/a            1.071         20.000      18.929     PLLE2_ADV_X1Y1  pll_inst/inst/plle2_adv_inst/CLKOUT0
Min Period        n/a     FDCE/C             n/a            0.750         20.000      19.250     SLICE_X63Y100   twin_controller_inst/send_cnt_reg[1]/C
Min Period        n/a     FDCE/C             n/a            0.750         20.000      19.250     SLICE_X63Y100   twin_controller_inst/send_cnt_reg[3]/C
Min Period        n/a     FDCE/C             n/a            0.750         20.000      19.250     SLICE_X58Y96    twin_controller_inst/status_buffer_reg[17][4]/C
Min Period        n/a     FDCE/C             n/a            0.750         20.000      19.250     SLICE_X58Y96    twin_controller_inst/status_buffer_reg[17][5]/C
Min Period        n/a     FDCE/C             n/a            0.750         20.000      19.250     SLICE_X58Y96    twin_controller_inst/status_buffer_reg[17][7]/C
Min Period        n/a     FDCE/C             n/a            0.750         20.000      19.250     SLICE_X61Y98    twin_controller_inst/status_buffer_reg[1][5]/C
Min Period        n/a     FDCE/C             n/a            0.750         20.000      19.250     SLICE_X60Y99    twin_controller_inst/status_buffer_reg[2][5]/C
Min Period        n/a     FDCE/C             n/a            0.750         20.000      19.250     SLICE_X60Y99    twin_controller_inst/status_buffer_reg[3][1]/C
Max Period        n/a     PLLE2_ADV/CLKOUT0  n/a            160.000       20.000      140.000    PLLE2_ADV_X1Y1  pll_inst/inst/plle2_adv_inst/CLKOUT0
Low Pulse Width   Slow    FDCE/C             n/a            0.400         10.000      9.600      SLICE_X63Y100   twin_controller_inst/send_cnt_reg[1]/C
Low Pulse Width   Fast    FDCE/C             n/a            0.400         10.000      9.600      SLICE_X63Y100   twin_controller_inst/send_cnt_reg[1]/C
Low Pulse Width   Slow    FDCE/C             n/a            0.400         10.000      9.600      SLICE_X63Y100   twin_controller_inst/send_cnt_reg[3]/C
Low Pulse Width   Fast    FDCE/C             n/a            0.400         10.000      9.600      SLICE_X63Y100   twin_controller_inst/send_cnt_reg[3]/C
Low Pulse Width   Slow    FDCE/C             n/a            0.400         10.000      9.600      SLICE_X58Y96    twin_controller_inst/status_buffer_reg[17][4]/C
Low Pulse Width   Fast    FDCE/C             n/a            0.400         10.000      9.600      SLICE_X58Y96    twin_controller_inst/status_buffer_reg[17][4]/C
Low Pulse Width   Slow    FDCE/C             n/a            0.400         10.000      9.600      SLICE_X58Y96    twin_controller_inst/status_buffer_reg[17][5]/C
Low Pulse Width   Fast    FDCE/C             n/a            0.400         10.000      9.600      SLICE_X58Y96    twin_controller_inst/status_buffer_reg[17][5]/C
Low Pulse Width   Slow    FDCE/C             n/a            0.400         10.000      9.600      SLICE_X58Y96    twin_controller_inst/status_buffer_reg[17][7]/C
Low Pulse Width   Fast    FDCE/C             n/a            0.400         10.000      9.600      SLICE_X58Y96    twin_controller_inst/status_buffer_reg[17][7]/C
High Pulse Width  Slow    FDRE/C             n/a            0.350         10.000      9.650      SLICE_X52Y112   student_top_inst/bridge_inst/counter_inst/cnt_1ms_reg[0]/C
High Pulse Width  Fast    FDRE/C             n/a            0.350         10.000      9.650      SLICE_X52Y112   student_top_inst/bridge_inst/counter_inst/cnt_1ms_reg[0]/C
High Pulse Width  Slow    FDRE/C             n/a            0.350         10.000      9.650      SLICE_X52Y114   student_top_inst/bridge_inst/counter_inst/cnt_1ms_reg[10]/C
High Pulse Width  Fast    FDRE/C             n/a            0.350         10.000      9.650      SLICE_X52Y114   student_top_inst/bridge_inst/counter_inst/cnt_1ms_reg[10]/C
High Pulse Width  Slow    FDRE/C             n/a            0.350         10.000      9.650      SLICE_X52Y114   student_top_inst/bridge_inst/counter_inst/cnt_1ms_reg[11]/C
High Pulse Width  Fast    FDRE/C             n/a            0.350         10.000      9.650      SLICE_X52Y114   student_top_inst/bridge_inst/counter_inst/cnt_1ms_reg[11]/C
High Pulse Width  Slow    FDRE/C             n/a            0.350         10.000      9.650      SLICE_X52Y115   student_top_inst/bridge_inst/counter_inst/cnt_1ms_reg[12]/C
High Pulse Width  Fast    FDRE/C             n/a            0.350         10.000      9.650      SLICE_X52Y115   student_top_inst/bridge_inst/counter_inst/cnt_1ms_reg[12]/C
High Pulse Width  Slow    FDRE/C             n/a            0.350         10.000      9.650      SLICE_X52Y115   student_top_inst/bridge_inst/counter_inst/cnt_1ms_reg[13]/C
High Pulse Width  Fast    FDRE/C             n/a            0.350         10.000      9.650      SLICE_X52Y115   student_top_inst/bridge_inst/counter_inst/cnt_1ms_reg[13]/C



---------------------------------------------------------------------------------------------------
From Clock:  clk_out2_pll
  To Clock:  clk_out2_pll

Setup :         1691  Failing Endpoints,  Worst Slack       -1.523ns,  Total Violation     -822.452ns
Hold  :            0  Failing Endpoints,  Worst Slack        0.106ns,  Total Violation        0.000ns
PW    :            0  Failing Endpoints,  Worst Slack        2.010ns,  Total Violation        0.000ns
---------------------------------------------------------------------------------------------------


Max Delay Paths
--------------------------------------------------------------------------------------
Slack (VIOLATED) :        -1.523ns  (required time - arrival time)
  Source:                 student_top_inst/Core_cpu/SegReg_LS_WB_inst/inst_wb_reg[11]/C
                            (rising edge-triggered cell FDRE clocked by clk_out2_pll  {rise@0.000ns fall@2.778ns period=5.556ns})
  Destination:            student_top_inst/bridge_inst/dram_driver_inst/Mem_DRAM/U0/inst_blk_mem_gen/gnbram.gnativebmg.native_blk_mem_gen/valid.cstr/ramloop[55].ram.r/prim_init.ram/DEVICE_7SERIES.NO_BMM_INFO.SP.SIMPLE_PRIM36.ram/WEA[0]
                            (rising edge-triggered cell RAMB36E1 clocked by clk_out2_pll  {rise@0.000ns fall@2.778ns period=5.556ns})
  Path Group:             clk_out2_pll
  Path Type:              Setup (Max at Slow Process Corner)
  Requirement:            5.556ns  (clk_out2_pll rise@5.556ns - clk_out2_pll rise@0.000ns)
  Data Path Delay:        6.290ns  (logic 0.879ns (13.975%)  route 5.411ns (86.025%))
  Logic Levels:           10  (CARRY4=1 LUT4=2 LUT5=1 LUT6=6)
  Clock Path Skew:        -0.314ns (DCD - SCD + CPR)
    Destination Clock Delay (DCD):    -2.089ns = ( 3.467 - 5.556 ) 
    Source Clock Delay      (SCD):    -2.222ns
    Clock Pessimism Removal (CPR):    -0.448ns
  Clock Uncertainty:      0.071ns  ((TSJ^2 + DJ^2)^1/2) / 2 + PE
    Total System Jitter     (TSJ):    0.071ns
    Discrete Jitter          (DJ):    0.122ns
    Phase Error              (PE):    0.000ns

    Location             Delay type                Incr(ns)  Path(ns)    Netlist Resource(s)
  -------------------------------------------------------------------    -------------------
                         (clock clk_out2_pll rise edge)
                                                      0.000     0.000 r  
    AD12                                              0.000     0.000 r  i_sys_clk_p (IN)
                         net (fo=0)                   0.000     0.000    pll_inst/inst/clk_in1_p
    AD12                 IBUFDS (Prop_ibufds_I_O)     0.906     0.906 r  pll_inst/inst/clkin1_ibufgds/O
                         net (fo=1, routed)           1.098     2.004    pll_inst/inst/clk_in1_pll
    PLLE2_ADV_X1Y1       PLLE2_ADV (Prop_plle2_adv_CLKIN1_CLKOUT1)
                                                     -8.058    -6.054 r  pll_inst/inst/plle2_adv_inst/CLKOUT1
                         net (fo=1, routed)           2.128    -3.926    pll_inst/inst/clk_out2_pll
    BUFGCTRL_X0Y0        BUFG (Prop_bufg_I_O)         0.093    -3.833 r  pll_inst/inst/clkout2_buf/O
                         net (fo=1881, routed)        1.611    -2.222    student_top_inst/Core_cpu/SegReg_LS_WB_inst/clk_out2
    SLICE_X47Y77         FDRE                                         r  student_top_inst/Core_cpu/SegReg_LS_WB_inst/inst_wb_reg[11]/C
  -------------------------------------------------------------------    -------------------
    SLICE_X47Y77         FDRE (Prop_fdre_C_Q)         0.223    -1.999 r  student_top_inst/Core_cpu/SegReg_LS_WB_inst/inst_wb_reg[11]/Q
                         net (fo=36, routed)          0.454    -1.545    student_top_inst/Core_cpu/SegReg_LS_WB_inst/inst_wb_reg_n_0_[11]
    SLICE_X47Y78         LUT6 (Prop_lut6_I2_O)        0.043    -1.502 r  student_top_inst/Core_cpu/SegReg_LS_WB_inst/seg_wdata[7]_i_8/O
                         net (fo=2, routed)           0.445    -1.058    student_top_inst/Core_cpu/SegReg_LS_WB_inst/Hazard_inst/p_5_in
    SLICE_X47Y77         LUT6 (Prop_lut6_I0_O)        0.043    -1.015 r  student_top_inst/Core_cpu/SegReg_LS_WB_inst/seg_wdata[7]_i_5/O
                         net (fo=34, routed)          0.539    -0.476    student_top_inst/Core_cpu/ALU_rf_data2_mux/forward2_en0
    SLICE_X43Y82         LUT5 (Prop_lut5_I4_O)        0.043    -0.433 r  student_top_inst/Core_cpu/ALU_rf_data2_mux/seg_wdata[25]_i_2/O
                         net (fo=13, routed)          0.449     0.017    student_top_inst/Core_cpu/ALU_rs2_mux/alu_rf_data2[17]
    SLICE_X36Y86         LUT4 (Prop_lut4_I0_O)        0.043     0.060 r  student_top_inst/Core_cpu/ALU_rs2_mux/alu_result_ls[25]_i_10/O
                         net (fo=2, routed)           0.469     0.529    student_top_inst/Core_cpu/SegReg_ID_EX_inst/alu_rs2[25]
    SLICE_X31Y85         LUT4 (Prop_lut4_I3_O)        0.043     0.572 r  student_top_inst/Core_cpu/SegReg_ID_EX_inst/alu_result_ls[0]_i_24/O
                         net (fo=2, routed)           0.383     0.954    student_top_inst/Core_cpu/SegReg_ID_EX_inst/alu_result_ls[0]_i_24_n_0
    SLICE_X33Y85         CARRY4 (Prop_carry4_DI[0]_CO[3])
                                                      0.269     1.223 r  student_top_inst/Core_cpu/SegReg_ID_EX_inst/alu_result_ls_reg[0]_i_13/CO[3]
                         net (fo=1, routed)           0.411     1.634    student_top_inst/Core_cpu/SegReg_ID_EX_inst/ALU_inst/data3
    SLICE_X31Y86         LUT6 (Prop_lut6_I0_O)        0.043     1.677 r  student_top_inst/Core_cpu/SegReg_ID_EX_inst/alu_result_ls[0]_i_5/O
                         net (fo=1, routed)           0.554     2.231    student_top_inst/Core_cpu/SegReg_ID_EX_inst/alu_result_ls[0]_i_5_n_0
    SLICE_X31Y76         LUT6 (Prop_lut6_I5_O)        0.043     2.274 r  student_top_inst/Core_cpu/SegReg_ID_EX_inst/alu_result_ls[0]_i_1/O
                         net (fo=7, routed)           0.123     2.397    student_top_inst/Core_cpu/SegReg_ID_EX_inst/perip_addr[0]
    SLICE_X31Y76         LUT6 (Prop_lut6_I2_O)        0.043     2.440 r  student_top_inst/Core_cpu/SegReg_ID_EX_inst/Mem_DRAM_i_53_comp/O
                         net (fo=1, routed)           0.357     2.797    student_top_inst/Core_cpu/SegReg_ID_EX_inst/perip_wstrb[3]
    SLICE_X33Y76         LUT6 (Prop_lut6_I2_O)        0.043     2.840 r  student_top_inst/Core_cpu/SegReg_ID_EX_inst/Mem_DRAM_i_1_comp/O
                         net (fo=16, routed)          1.228     4.068    student_top_inst/bridge_inst/dram_driver_inst/Mem_DRAM/U0/inst_blk_mem_gen/gnbram.gnativebmg.native_blk_mem_gen/valid.cstr/ramloop[55].ram.r/prim_init.ram/wea[0]
    RAMB36_X2Y23         RAMB36E1                                     r  student_top_inst/bridge_inst/dram_driver_inst/Mem_DRAM/U0/inst_blk_mem_gen/gnbram.gnativebmg.native_blk_mem_gen/valid.cstr/ramloop[55].ram.r/prim_init.ram/DEVICE_7SERIES.NO_BMM_INFO.SP.SIMPLE_PRIM36.ram/WEA[0]
  -------------------------------------------------------------------    -------------------

                         (clock clk_out2_pll rise edge)
                                                      5.556     5.556 r  
    AD12                                              0.000     5.556 r  i_sys_clk_p (IN)
                         net (fo=0)                   0.000     5.556    pll_inst/inst/clk_in1_p
    AD12                 IBUFDS (Prop_ibufds_I_O)     0.803     6.359 r  pll_inst/inst/clkin1_ibufgds/O
                         net (fo=1, routed)           1.001     7.360    pll_inst/inst/clk_in1_pll
    PLLE2_ADV_X1Y1       PLLE2_ADV (Prop_plle2_adv_CLKIN1_CLKOUT1)
                                                     -7.261     0.099 r  pll_inst/inst/plle2_adv_inst/CLKOUT1
                         net (fo=1, routed)           2.003     2.102    pll_inst/inst/clk_out2_pll
    BUFGCTRL_X0Y0        BUFG (Prop_bufg_I_O)         0.083     2.185 r  pll_inst/inst/clkout2_buf/O
                         net (fo=1881, routed)        1.282     3.467    student_top_inst/bridge_inst/dram_driver_inst/Mem_DRAM/U0/inst_blk_mem_gen/gnbram.gnativebmg.native_blk_mem_gen/valid.cstr/ramloop[55].ram.r/prim_init.ram/clka
    RAMB36_X2Y23         RAMB36E1                                     r  student_top_inst/bridge_inst/dram_driver_inst/Mem_DRAM/U0/inst_blk_mem_gen/gnbram.gnativebmg.native_blk_mem_gen/valid.cstr/ramloop[55].ram.r/prim_init.ram/DEVICE_7SERIES.NO_BMM_INFO.SP.SIMPLE_PRIM36.ram/CLKARDCLK
                         clock pessimism             -0.448     3.019    
                         clock uncertainty           -0.071     2.948    
    RAMB36_X2Y23         RAMB36E1 (Setup_ramb36e1_CLKARDCLK_WEA[0])
                                                     -0.404     2.544    student_top_inst/bridge_inst/dram_driver_inst/Mem_DRAM/U0/inst_blk_mem_gen/gnbram.gnativebmg.native_blk_mem_gen/valid.cstr/ramloop[55].ram.r/prim_init.ram/DEVICE_7SERIES.NO_BMM_INFO.SP.SIMPLE_PRIM36.ram
  -------------------------------------------------------------------
                         required time                          2.544    
                         arrival time                          -4.068    
  -------------------------------------------------------------------
                         slack                                 -1.523    

Slack (VIOLATED) :        -1.496ns  (required time - arrival time)
  Source:                 student_top_inst/Core_cpu/SegReg_LS_WB_inst/inst_wb_reg[11]/C
                            (rising edge-triggered cell FDRE clocked by clk_out2_pll  {rise@0.000ns fall@2.778ns period=5.556ns})
  Destination:            student_top_inst/bridge_inst/dram_driver_inst/Mem_DRAM/U0/inst_blk_mem_gen/gnbram.gnativebmg.native_blk_mem_gen/valid.cstr/ramloop[53].ram.r/prim_init.ram/DEVICE_7SERIES.NO_BMM_INFO.SP.SIMPLE_PRIM36.ram/WEA[0]
                            (rising edge-triggered cell RAMB36E1 clocked by clk_out2_pll  {rise@0.000ns fall@2.778ns period=5.556ns})
  Path Group:             clk_out2_pll
  Path Type:              Setup (Max at Slow Process Corner)
  Requirement:            5.556ns  (clk_out2_pll rise@5.556ns - clk_out2_pll rise@0.000ns)
  Data Path Delay:        6.268ns  (logic 0.879ns (14.024%)  route 5.389ns (85.976%))
  Logic Levels:           10  (CARRY4=1 LUT4=2 LUT5=1 LUT6=6)
  Clock Path Skew:        -0.309ns (DCD - SCD + CPR)
    Destination Clock Delay (DCD):    -2.084ns = ( 3.472 - 5.556 ) 
    Source Clock Delay      (SCD):    -2.222ns
    Clock Pessimism Removal (CPR):    -0.448ns
  Clock Uncertainty:      0.071ns  ((TSJ^2 + DJ^2)^1/2) / 2 + PE
    Total System Jitter     (TSJ):    0.071ns
    Discrete Jitter          (DJ):    0.122ns
    Phase Error              (PE):    0.000ns

    Location             Delay type                Incr(ns)  Path(ns)    Netlist Resource(s)
  -------------------------------------------------------------------    -------------------
                         (clock clk_out2_pll rise edge)
                                                      0.000     0.000 r  
    AD12                                              0.000     0.000 r  i_sys_clk_p (IN)
                         net (fo=0)                   0.000     0.000    pll_inst/inst/clk_in1_p
    AD12                 IBUFDS (Prop_ibufds_I_O)     0.906     0.906 r  pll_inst/inst/clkin1_ibufgds/O
                         net (fo=1, routed)           1.098     2.004    pll_inst/inst/clk_in1_pll
    PLLE2_ADV_X1Y1       PLLE2_ADV (Prop_plle2_adv_CLKIN1_CLKOUT1)
                                                     -8.058    -6.054 r  pll_inst/inst/plle2_adv_inst/CLKOUT1
                         net (fo=1, routed)           2.128    -3.926    pll_inst/inst/clk_out2_pll
    BUFGCTRL_X0Y0        BUFG (Prop_bufg_I_O)         0.093    -3.833 r  pll_inst/inst/clkout2_buf/O
                         net (fo=1881, routed)        1.611    -2.222    student_top_inst/Core_cpu/SegReg_LS_WB_inst/clk_out2
    SLICE_X47Y77         FDRE                                         r  student_top_inst/Core_cpu/SegReg_LS_WB_inst/inst_wb_reg[11]/C
  -------------------------------------------------------------------    -------------------
    SLICE_X47Y77         FDRE (Prop_fdre_C_Q)         0.223    -1.999 r  student_top_inst/Core_cpu/SegReg_LS_WB_inst/inst_wb_reg[11]/Q
                         net (fo=36, routed)          0.454    -1.545    student_top_inst/Core_cpu/SegReg_LS_WB_inst/inst_wb_reg_n_0_[11]
    SLICE_X47Y78         LUT6 (Prop_lut6_I2_O)        0.043    -1.502 r  student_top_inst/Core_cpu/SegReg_LS_WB_inst/seg_wdata[7]_i_8/O
                         net (fo=2, routed)           0.445    -1.058    student_top_inst/Core_cpu/SegReg_LS_WB_inst/Hazard_inst/p_5_in
    SLICE_X47Y77         LUT6 (Prop_lut6_I0_O)        0.043    -1.015 r  student_top_inst/Core_cpu/SegReg_LS_WB_inst/seg_wdata[7]_i_5/O
                         net (fo=34, routed)          0.539    -0.476    student_top_inst/Core_cpu/ALU_rf_data2_mux/forward2_en0
    SLICE_X43Y82         LUT5 (Prop_lut5_I4_O)        0.043    -0.433 r  student_top_inst/Core_cpu/ALU_rf_data2_mux/seg_wdata[25]_i_2/O
                         net (fo=13, routed)          0.449     0.017    student_top_inst/Core_cpu/ALU_rs2_mux/alu_rf_data2[17]
    SLICE_X36Y86         LUT4 (Prop_lut4_I0_O)        0.043     0.060 r  student_top_inst/Core_cpu/ALU_rs2_mux/alu_result_ls[25]_i_10/O
                         net (fo=2, routed)           0.469     0.529    student_top_inst/Core_cpu/SegReg_ID_EX_inst/alu_rs2[25]
    SLICE_X31Y85         LUT4 (Prop_lut4_I3_O)        0.043     0.572 r  student_top_inst/Core_cpu/SegReg_ID_EX_inst/alu_result_ls[0]_i_24/O
                         net (fo=2, routed)           0.383     0.954    student_top_inst/Core_cpu/SegReg_ID_EX_inst/alu_result_ls[0]_i_24_n_0
    SLICE_X33Y85         CARRY4 (Prop_carry4_DI[0]_CO[3])
                                                      0.269     1.223 r  student_top_inst/Core_cpu/SegReg_ID_EX_inst/alu_result_ls_reg[0]_i_13/CO[3]
                         net (fo=1, routed)           0.411     1.634    student_top_inst/Core_cpu/SegReg_ID_EX_inst/ALU_inst/data3
    SLICE_X31Y86         LUT6 (Prop_lut6_I0_O)        0.043     1.677 r  student_top_inst/Core_cpu/SegReg_ID_EX_inst/alu_result_ls[0]_i_5/O
                         net (fo=1, routed)           0.554     2.231    student_top_inst/Core_cpu/SegReg_ID_EX_inst/alu_result_ls[0]_i_5_n_0
    SLICE_X31Y76         LUT6 (Prop_lut6_I5_O)        0.043     2.274 r  student_top_inst/Core_cpu/SegReg_ID_EX_inst/alu_result_ls[0]_i_1/O
                         net (fo=7, routed)           0.123     2.397    student_top_inst/Core_cpu/SegReg_ID_EX_inst/perip_addr[0]
    SLICE_X31Y76         LUT6 (Prop_lut6_I2_O)        0.043     2.440 r  student_top_inst/Core_cpu/SegReg_ID_EX_inst/Mem_DRAM_i_53_comp/O
                         net (fo=1, routed)           0.357     2.797    student_top_inst/Core_cpu/SegReg_ID_EX_inst/perip_wstrb[3]
    SLICE_X33Y76         LUT6 (Prop_lut6_I2_O)        0.043     2.840 r  student_top_inst/Core_cpu/SegReg_ID_EX_inst/Mem_DRAM_i_1_comp/O
                         net (fo=16, routed)          1.206     4.045    student_top_inst/bridge_inst/dram_driver_inst/Mem_DRAM/U0/inst_blk_mem_gen/gnbram.gnativebmg.native_blk_mem_gen/valid.cstr/ramloop[53].ram.r/prim_init.ram/wea[0]
    RAMB36_X2Y22         RAMB36E1                                     r  student_top_inst/bridge_inst/dram_driver_inst/Mem_DRAM/U0/inst_blk_mem_gen/gnbram.gnativebmg.native_blk_mem_gen/valid.cstr/ramloop[53].ram.r/prim_init.ram/DEVICE_7SERIES.NO_BMM_INFO.SP.SIMPLE_PRIM36.ram/WEA[0]
  -------------------------------------------------------------------    -------------------

                         (clock clk_out2_pll rise edge)
                                                      5.556     5.556 r  
    AD12                                              0.000     5.556 r  i_sys_clk_p (IN)
                         net (fo=0)                   0.000     5.556    pll_inst/inst/clk_in1_p
    AD12                 IBUFDS (Prop_ibufds_I_O)     0.803     6.359 r  pll_inst/inst/clkin1_ibufgds/O
                         net (fo=1, routed)           1.001     7.360    pll_inst/inst/clk_in1_pll
    PLLE2_ADV_X1Y1       PLLE2_ADV (Prop_plle2_adv_CLKIN1_CLKOUT1)
                                                     -7.261     0.099 r  pll_inst/inst/plle2_adv_inst/CLKOUT1
                         net (fo=1, routed)           2.003     2.102    pll_inst/inst/clk_out2_pll
    BUFGCTRL_X0Y0        BUFG (Prop_bufg_I_O)         0.083     2.185 r  pll_inst/inst/clkout2_buf/O
                         net (fo=1881, routed)        1.287     3.472    student_top_inst/bridge_inst/dram_driver_inst/Mem_DRAM/U0/inst_blk_mem_gen/gnbram.gnativebmg.native_blk_mem_gen/valid.cstr/ramloop[53].ram.r/prim_init.ram/clka
    RAMB36_X2Y22         RAMB36E1                                     r  student_top_inst/bridge_inst/dram_driver_inst/Mem_DRAM/U0/inst_blk_mem_gen/gnbram.gnativebmg.native_blk_mem_gen/valid.cstr/ramloop[53].ram.r/prim_init.ram/DEVICE_7SERIES.NO_BMM_INFO.SP.SIMPLE_PRIM36.ram/CLKARDCLK
                         clock pessimism             -0.448     3.024    
                         clock uncertainty           -0.071     2.953    
    RAMB36_X2Y22         RAMB36E1 (Setup_ramb36e1_CLKARDCLK_WEA[0])
                                                     -0.404     2.549    student_top_inst/bridge_inst/dram_driver_inst/Mem_DRAM/U0/inst_blk_mem_gen/gnbram.gnativebmg.native_blk_mem_gen/valid.cstr/ramloop[53].ram.r/prim_init.ram/DEVICE_7SERIES.NO_BMM_INFO.SP.SIMPLE_PRIM36.ram
  -------------------------------------------------------------------
                         required time                          2.549    
                         arrival time                          -4.045    
  -------------------------------------------------------------------
                         slack                                 -1.496    

Slack (VIOLATED) :        -1.490ns  (required time - arrival time)
  Source:                 student_top_inst/Core_cpu/SegReg_LS_WB_inst/inst_wb_reg[11]/C
                            (rising edge-triggered cell FDRE clocked by clk_out2_pll  {rise@0.000ns fall@2.778ns period=5.556ns})
  Destination:            student_top_inst/bridge_inst/dram_driver_inst/Mem_DRAM/U0/inst_blk_mem_gen/gnbram.gnativebmg.native_blk_mem_gen/valid.cstr/ramloop[56].ram.r/prim_init.ram/DEVICE_7SERIES.NO_BMM_INFO.SP.SIMPLE_PRIM36.ram/WEA[0]
                            (rising edge-triggered cell RAMB36E1 clocked by clk_out2_pll  {rise@0.000ns fall@2.778ns period=5.556ns})
  Path Group:             clk_out2_pll
  Path Type:              Setup (Max at Slow Process Corner)
  Requirement:            5.556ns  (clk_out2_pll rise@5.556ns - clk_out2_pll rise@0.000ns)
  Data Path Delay:        6.324ns  (logic 0.879ns (13.899%)  route 5.445ns (86.101%))
  Logic Levels:           10  (CARRY4=1 LUT4=2 LUT5=1 LUT6=6)
  Clock Path Skew:        -0.246ns (DCD - SCD + CPR)
    Destination Clock Delay (DCD):    -2.021ns = ( 3.535 - 5.556 ) 
    Source Clock Delay      (SCD):    -2.222ns
    Clock Pessimism Removal (CPR):    -0.448ns
  Clock Uncertainty:      0.071ns  ((TSJ^2 + DJ^2)^1/2) / 2 + PE
    Total System Jitter     (TSJ):    0.071ns
    Discrete Jitter          (DJ):    0.122ns
    Phase Error              (PE):    0.000ns

    Location             Delay type                Incr(ns)  Path(ns)    Netlist Resource(s)
  -------------------------------------------------------------------    -------------------
                         (clock clk_out2_pll rise edge)
                                                      0.000     0.000 r  
    AD12                                              0.000     0.000 r  i_sys_clk_p (IN)
                         net (fo=0)                   0.000     0.000    pll_inst/inst/clk_in1_p
    AD12                 IBUFDS (Prop_ibufds_I_O)     0.906     0.906 r  pll_inst/inst/clkin1_ibufgds/O
                         net (fo=1, routed)           1.098     2.004    pll_inst/inst/clk_in1_pll
    PLLE2_ADV_X1Y1       PLLE2_ADV (Prop_plle2_adv_CLKIN1_CLKOUT1)
                                                     -8.058    -6.054 r  pll_inst/inst/plle2_adv_inst/CLKOUT1
                         net (fo=1, routed)           2.128    -3.926    pll_inst/inst/clk_out2_pll
    BUFGCTRL_X0Y0        BUFG (Prop_bufg_I_O)         0.093    -3.833 r  pll_inst/inst/clkout2_buf/O
                         net (fo=1881, routed)        1.611    -2.222    student_top_inst/Core_cpu/SegReg_LS_WB_inst/clk_out2
    SLICE_X47Y77         FDRE                                         r  student_top_inst/Core_cpu/SegReg_LS_WB_inst/inst_wb_reg[11]/C
  -------------------------------------------------------------------    -------------------
    SLICE_X47Y77         FDRE (Prop_fdre_C_Q)         0.223    -1.999 r  student_top_inst/Core_cpu/SegReg_LS_WB_inst/inst_wb_reg[11]/Q
                         net (fo=36, routed)          0.454    -1.545    student_top_inst/Core_cpu/SegReg_LS_WB_inst/inst_wb_reg_n_0_[11]
    SLICE_X47Y78         LUT6 (Prop_lut6_I2_O)        0.043    -1.502 r  student_top_inst/Core_cpu/SegReg_LS_WB_inst/seg_wdata[7]_i_8/O
                         net (fo=2, routed)           0.445    -1.058    student_top_inst/Core_cpu/SegReg_LS_WB_inst/Hazard_inst/p_5_in
    SLICE_X47Y77         LUT6 (Prop_lut6_I0_O)        0.043    -1.015 r  student_top_inst/Core_cpu/SegReg_LS_WB_inst/seg_wdata[7]_i_5/O
                         net (fo=34, routed)          0.539    -0.476    student_top_inst/Core_cpu/ALU_rf_data2_mux/forward2_en0
    SLICE_X43Y82         LUT5 (Prop_lut5_I4_O)        0.043    -0.433 r  student_top_inst/Core_cpu/ALU_rf_data2_mux/seg_wdata[25]_i_2/O
                         net (fo=13, routed)          0.449     0.017    student_top_inst/Core_cpu/ALU_rs2_mux/alu_rf_data2[17]
    SLICE_X36Y86         LUT4 (Prop_lut4_I0_O)        0.043     0.060 r  student_top_inst/Core_cpu/ALU_rs2_mux/alu_result_ls[25]_i_10/O
                         net (fo=2, routed)           0.469     0.529    student_top_inst/Core_cpu/SegReg_ID_EX_inst/alu_rs2[25]
    SLICE_X31Y85         LUT4 (Prop_lut4_I3_O)        0.043     0.572 r  student_top_inst/Core_cpu/SegReg_ID_EX_inst/alu_result_ls[0]_i_24/O
                         net (fo=2, routed)           0.383     0.954    student_top_inst/Core_cpu/SegReg_ID_EX_inst/alu_result_ls[0]_i_24_n_0
    SLICE_X33Y85         CARRY4 (Prop_carry4_DI[0]_CO[3])
                                                      0.269     1.223 r  student_top_inst/Core_cpu/SegReg_ID_EX_inst/alu_result_ls_reg[0]_i_13/CO[3]
                         net (fo=1, routed)           0.411     1.634    student_top_inst/Core_cpu/SegReg_ID_EX_inst/ALU_inst/data3
    SLICE_X31Y86         LUT6 (Prop_lut6_I0_O)        0.043     1.677 r  student_top_inst/Core_cpu/SegReg_ID_EX_inst/alu_result_ls[0]_i_5/O
                         net (fo=1, routed)           0.554     2.231    student_top_inst/Core_cpu/SegReg_ID_EX_inst/alu_result_ls[0]_i_5_n_0
    SLICE_X31Y76         LUT6 (Prop_lut6_I5_O)        0.043     2.274 r  student_top_inst/Core_cpu/SegReg_ID_EX_inst/alu_result_ls[0]_i_1/O
                         net (fo=7, routed)           0.123     2.397    student_top_inst/Core_cpu/SegReg_ID_EX_inst/perip_addr[0]
    SLICE_X31Y76         LUT6 (Prop_lut6_I2_O)        0.043     2.440 r  student_top_inst/Core_cpu/SegReg_ID_EX_inst/Mem_DRAM_i_53_comp/O
                         net (fo=1, routed)           0.357     2.797    student_top_inst/Core_cpu/SegReg_ID_EX_inst/perip_wstrb[3]
    SLICE_X33Y76         LUT6 (Prop_lut6_I2_O)        0.043     2.840 r  student_top_inst/Core_cpu/SegReg_ID_EX_inst/Mem_DRAM_i_1_comp/O
                         net (fo=16, routed)          1.262     4.102    student_top_inst/bridge_inst/dram_driver_inst/Mem_DRAM/U0/inst_blk_mem_gen/gnbram.gnativebmg.native_blk_mem_gen/valid.cstr/ramloop[56].ram.r/prim_init.ram/wea[0]
    RAMB36_X1Y24         RAMB36E1                                     r  student_top_inst/bridge_inst/dram_driver_inst/Mem_DRAM/U0/inst_blk_mem_gen/gnbram.gnativebmg.native_blk_mem_gen/valid.cstr/ramloop[56].ram.r/prim_init.ram/DEVICE_7SERIES.NO_BMM_INFO.SP.SIMPLE_PRIM36.ram/WEA[0]
  -------------------------------------------------------------------    -------------------

                         (clock clk_out2_pll rise edge)
                                                      5.556     5.556 r  
    AD12                                              0.000     5.556 r  i_sys_clk_p (IN)
                         net (fo=0)                   0.000     5.556    pll_inst/inst/clk_in1_p
    AD12                 IBUFDS (Prop_ibufds_I_O)     0.803     6.359 r  pll_inst/inst/clkin1_ibufgds/O
                         net (fo=1, routed)           1.001     7.360    pll_inst/inst/clk_in1_pll
    PLLE2_ADV_X1Y1       PLLE2_ADV (Prop_plle2_adv_CLKIN1_CLKOUT1)
                                                     -7.261     0.099 r  pll_inst/inst/plle2_adv_inst/CLKOUT1
                         net (fo=1, routed)           2.003     2.102    pll_inst/inst/clk_out2_pll
    BUFGCTRL_X0Y0        BUFG (Prop_bufg_I_O)         0.083     2.185 r  pll_inst/inst/clkout2_buf/O
                         net (fo=1881, routed)        1.350     3.535    student_top_inst/bridge_inst/dram_driver_inst/Mem_DRAM/U0/inst_blk_mem_gen/gnbram.gnativebmg.native_blk_mem_gen/valid.cstr/ramloop[56].ram.r/prim_init.ram/clka
    RAMB36_X1Y24         RAMB36E1                                     r  student_top_inst/bridge_inst/dram_driver_inst/Mem_DRAM/U0/inst_blk_mem_gen/gnbram.gnativebmg.native_blk_mem_gen/valid.cstr/ramloop[56].ram.r/prim_init.ram/DEVICE_7SERIES.NO_BMM_INFO.SP.SIMPLE_PRIM36.ram/CLKARDCLK
                         clock pessimism             -0.448     3.087    
                         clock uncertainty           -0.071     3.016    
    RAMB36_X1Y24         RAMB36E1 (Setup_ramb36e1_CLKARDCLK_WEA[0])
                                                     -0.404     2.612    student_top_inst/bridge_inst/dram_driver_inst/Mem_DRAM/U0/inst_blk_mem_gen/gnbram.gnativebmg.native_blk_mem_gen/valid.cstr/ramloop[56].ram.r/prim_init.ram/DEVICE_7SERIES.NO_BMM_INFO.SP.SIMPLE_PRIM36.ram
  -------------------------------------------------------------------
                         required time                          2.612    
                         arrival time                          -4.102    
  -------------------------------------------------------------------
                         slack                                 -1.490    

Slack (VIOLATED) :        -1.487ns  (required time - arrival time)
  Source:                 student_top_inst/Core_cpu/SegReg_ID_EX_inst/inst_ex_reg[15]/C
                            (rising edge-triggered cell FDRE clocked by clk_out2_pll  {rise@0.000ns fall@2.778ns period=5.556ns})
  Destination:            student_top_inst/Mem_IROM/U0/inst_blk_mem_gen/gnbram.gnativebmg.native_blk_mem_gen/valid.cstr/ramloop[3].ram.r/prim_init.ram/DEVICE_7SERIES.NO_BMM_INFO.SP.SIMPLE_PRIM36.ram/RSTRAMARSTRAM
                            (rising edge-triggered cell RAMB36E1 clocked by clk_out2_pll  {rise@0.000ns fall@2.778ns period=5.556ns})
  Path Group:             clk_out2_pll
  Path Type:              Setup (Max at Slow Process Corner)
  Requirement:            5.556ns  (clk_out2_pll rise@5.556ns - clk_out2_pll rise@0.000ns)
  Data Path Delay:        6.371ns  (logic 1.583ns (24.848%)  route 4.788ns (75.152%))
  Logic Levels:           12  (CARRY4=5 LUT2=1 LUT3=1 LUT5=2 LUT6=3)
  Clock Path Skew:        -0.319ns (DCD - SCD + CPR)
    Destination Clock Delay (DCD):    -2.094ns = ( 3.462 - 5.556 ) 
    Source Clock Delay      (SCD):    -2.222ns
    Clock Pessimism Removal (CPR):    -0.448ns
  Clock Uncertainty:      0.071ns  ((TSJ^2 + DJ^2)^1/2) / 2 + PE
    Total System Jitter     (TSJ):    0.071ns
    Discrete Jitter          (DJ):    0.122ns
    Phase Error              (PE):    0.000ns

    Location             Delay type                Incr(ns)  Path(ns)    Netlist Resource(s)
  -------------------------------------------------------------------    -------------------
                         (clock clk_out2_pll rise edge)
                                                      0.000     0.000 r  
    AD12                                              0.000     0.000 r  i_sys_clk_p (IN)
                         net (fo=0)                   0.000     0.000    pll_inst/inst/clk_in1_p
    AD12                 IBUFDS (Prop_ibufds_I_O)     0.906     0.906 r  pll_inst/inst/clkin1_ibufgds/O
                         net (fo=1, routed)           1.098     2.004    pll_inst/inst/clk_in1_pll
    PLLE2_ADV_X1Y1       PLLE2_ADV (Prop_plle2_adv_CLKIN1_CLKOUT1)
                                                     -8.058    -6.054 r  pll_inst/inst/plle2_adv_inst/CLKOUT1
                         net (fo=1, routed)           2.128    -3.926    pll_inst/inst/clk_out2_pll
    BUFGCTRL_X0Y0        BUFG (Prop_bufg_I_O)         0.093    -3.833 r  pll_inst/inst/clkout2_buf/O
                         net (fo=1881, routed)        1.611    -2.222    student_top_inst/Core_cpu/SegReg_ID_EX_inst/clk_out2
    SLICE_X46Y77         FDRE                                         r  student_top_inst/Core_cpu/SegReg_ID_EX_inst/inst_ex_reg[15]/C
  -------------------------------------------------------------------    -------------------
    SLICE_X46Y77         FDRE (Prop_fdre_C_Q)         0.259    -1.963 r  student_top_inst/Core_cpu/SegReg_ID_EX_inst/inst_ex_reg[15]/Q
                         net (fo=2, routed)           0.435    -1.528    student_top_inst/Core_cpu/SegReg_LS_WB_inst/seg_wdata_reg[0][0]
    SLICE_X47Y77         LUT6 (Prop_lut6_I1_O)        0.043    -1.485 r  student_top_inst/Core_cpu/SegReg_LS_WB_inst/btb_reg_0_63_0_2_i_44/O
                         net (fo=1, routed)           0.361    -1.124    student_top_inst/Core_cpu/SegReg_LS_WB_inst/btb_reg_0_63_0_2_i_44_n_0
    SLICE_X46Y78         LUT6 (Prop_lut6_I3_O)        0.043    -1.081 r  student_top_inst/Core_cpu/SegReg_LS_WB_inst/btb_reg_0_63_0_2_i_37/O
                         net (fo=34, routed)          0.528    -0.553    student_top_inst/Core_cpu/ALU_rf_data1_mux/forward1_en0
    SLICE_X45Y79         LUT5 (Prop_lut5_I4_O)        0.043    -0.510 r  student_top_inst/Core_cpu/ALU_rf_data1_mux/btb_reg_0_63_0_2_i_25/O
                         net (fo=15, routed)          0.652     0.142    student_top_inst/Core_cpu/SegReg_EX_LS_inst/alu_rf_data1[4]
    SLICE_X45Y84         CARRY4 (Prop_carry4_DI[0]_CO[3])
                                                      0.269     0.411 r  student_top_inst/Core_cpu/SegReg_EX_LS_inst/btb_reg_0_63_0_2_i_7/CO[3]
                         net (fo=1, routed)           0.000     0.411    student_top_inst/Core_cpu/SegReg_EX_LS_inst/btb_reg_0_63_0_2_i_7_n_0
    SLICE_X45Y85         CARRY4 (Prop_carry4_CI_CO[3])
                                                      0.053     0.464 r  student_top_inst/Core_cpu/SegReg_EX_LS_inst/btb_reg_0_63_6_8_i_4/CO[3]
                         net (fo=1, routed)           0.000     0.464    student_top_inst/Core_cpu/SegReg_EX_LS_inst/btb_reg_0_63_6_8_i_4_n_0
    SLICE_X45Y86         CARRY4 (Prop_carry4_CI_O[1])
                                                      0.166     0.630 r  student_top_inst/Core_cpu/SegReg_EX_LS_inst/btb_reg_0_63_9_11_i_4/O[1]
                         net (fo=2, routed)           0.384     1.014    student_top_inst/Core_cpu/SegReg_ID_EX_inst/jump_target1[12]
    SLICE_X45Y94         LUT5 (Prop_lut5_I0_O)        0.123     1.137 r  student_top_inst/Core_cpu/SegReg_ID_EX_inst/btb_reg_0_63_9_11_i_3/O
                         net (fo=2, routed)           0.458     1.595    student_top_inst/Core_cpu/SegReg_ID_EX_inst/p_1_in[11]
    SLICE_X48Y94         LUT6 (Prop_lut6_I1_O)        0.043     1.638 r  student_top_inst/Core_cpu/SegReg_ID_EX_inst/Mem_IROM_i_11/O
                         net (fo=1, routed)           0.000     1.638    student_top_inst/Core_cpu/SegReg_ID_EX_inst/Mem_IROM_i_11_n_0
    SLICE_X48Y94         CARRY4 (Prop_carry4_S[0]_CO[3])
                                                      0.259     1.897 r  student_top_inst/Core_cpu/SegReg_ID_EX_inst/Mem_IROM_i_3/CO[3]
                         net (fo=1, routed)           0.000     1.897    student_top_inst/Core_cpu/SegReg_ID_EX_inst/Mem_IROM_i_3_n_0
    SLICE_X48Y95         CARRY4 (Prop_carry4_CI_CO[2])
                                                      0.110     2.007 r  student_top_inst/Core_cpu/SegReg_ID_EX_inst/Mem_IROM_i_2/CO[2]
                         net (fo=1, routed)           0.232     2.239    student_top_inst/Core_cpu/SegReg_ID_EX_inst/Hazard_inst/target_mispredicted0
    SLICE_X49Y95         LUT3 (Prop_lut3_I0_O)        0.129     2.368 r  student_top_inst/Core_cpu/SegReg_ID_EX_inst/Mem_IROM_i_1/O
                         net (fo=37, routed)          0.697     3.065    student_top_inst/Mem_IROM/U0/inst_blk_mem_gen/gnbram.gnativebmg.native_blk_mem_gen/valid.cstr/ramloop[3].ram.r/prim_init.ram/rsta
    SLICE_X76Y99         LUT2 (Prop_lut2_I0_O)        0.043     3.108 r  student_top_inst/Mem_IROM/U0/inst_blk_mem_gen/gnbram.gnativebmg.native_blk_mem_gen/valid.cstr/ramloop[3].ram.r/prim_init.ram/DEVICE_7SERIES.NO_BMM_INFO.SP.SIMPLE_PRIM36.ram_i_2/O
                         net (fo=9, routed)           1.040     4.148    student_top_inst/Mem_IROM/U0/inst_blk_mem_gen/gnbram.gnativebmg.native_blk_mem_gen/valid.cstr/ramloop[3].ram.r/prim_init.ram/ram_rstram_a
    RAMB36_X2Y24         RAMB36E1                                     r  student_top_inst/Mem_IROM/U0/inst_blk_mem_gen/gnbram.gnativebmg.native_blk_mem_gen/valid.cstr/ramloop[3].ram.r/prim_init.ram/DEVICE_7SERIES.NO_BMM_INFO.SP.SIMPLE_PRIM36.ram/RSTRAMARSTRAM
  -------------------------------------------------------------------    -------------------

                         (clock clk_out2_pll rise edge)
                                                      5.556     5.556 r  
    AD12                                              0.000     5.556 r  i_sys_clk_p (IN)
                         net (fo=0)                   0.000     5.556    pll_inst/inst/clk_in1_p
    AD12                 IBUFDS (Prop_ibufds_I_O)     0.803     6.359 r  pll_inst/inst/clkin1_ibufgds/O
                         net (fo=1, routed)           1.001     7.360    pll_inst/inst/clk_in1_pll
    PLLE2_ADV_X1Y1       PLLE2_ADV (Prop_plle2_adv_CLKIN1_CLKOUT1)
                                                     -7.261     0.099 r  pll_inst/inst/plle2_adv_inst/CLKOUT1
                         net (fo=1, routed)           2.003     2.102    pll_inst/inst/clk_out2_pll
    BUFGCTRL_X0Y0        BUFG (Prop_bufg_I_O)         0.083     2.185 r  pll_inst/inst/clkout2_buf/O
                         net (fo=1881, routed)        1.277     3.462    student_top_inst/Mem_IROM/U0/inst_blk_mem_gen/gnbram.gnativebmg.native_blk_mem_gen/valid.cstr/ramloop[3].ram.r/prim_init.ram/clka
    RAMB36_X2Y24         RAMB36E1                                     r  student_top_inst/Mem_IROM/U0/inst_blk_mem_gen/gnbram.gnativebmg.native_blk_mem_gen/valid.cstr/ramloop[3].ram.r/prim_init.ram/DEVICE_7SERIES.NO_BMM_INFO.SP.SIMPLE_PRIM36.ram/CLKARDCLK
                         clock pessimism             -0.448     3.014    
                         clock uncertainty           -0.071     2.943    
    RAMB36_X2Y24         RAMB36E1 (Setup_ramb36e1_CLKARDCLK_RSTRAMARSTRAM)
                                                     -0.282     2.661    student_top_inst/Mem_IROM/U0/inst_blk_mem_gen/gnbram.gnativebmg.native_blk_mem_gen/valid.cstr/ramloop[3].ram.r/prim_init.ram/DEVICE_7SERIES.NO_BMM_INFO.SP.SIMPLE_PRIM36.ram
  -------------------------------------------------------------------
                         required time                          2.661    
                         arrival time                          -4.148    
  -------------------------------------------------------------------
                         slack                                 -1.487    

Slack (VIOLATED) :        -1.455ns  (required time - arrival time)
  Source:                 student_top_inst/Core_cpu/SegReg_ID_EX_inst/inst_ex_reg[15]/C
                            (rising edge-triggered cell FDRE clocked by clk_out2_pll  {rise@0.000ns fall@2.778ns period=5.556ns})
  Destination:            student_top_inst/Mem_IROM/U0/inst_blk_mem_gen/gnbram.gnativebmg.native_blk_mem_gen/valid.cstr/ramloop[3].ram.r/prim_init.ram/DEVICE_7SERIES.NO_BMM_INFO.SP.SIMPLE_PRIM36.ram/RSTRAMB
                            (rising edge-triggered cell RAMB36E1 clocked by clk_out2_pll  {rise@0.000ns fall@2.778ns period=5.556ns})
  Path Group:             clk_out2_pll
  Path Type:              Setup (Max at Slow Process Corner)
  Requirement:            5.556ns  (clk_out2_pll rise@5.556ns - clk_out2_pll rise@0.000ns)
  Data Path Delay:        6.341ns  (logic 1.583ns (24.966%)  route 4.758ns (75.034%))
  Logic Levels:           12  (CARRY4=5 LUT2=1 LUT3=1 LUT5=2 LUT6=3)
  Clock Path Skew:        -0.317ns (DCD - SCD + CPR)
    Destination Clock Delay (DCD):    -2.092ns = ( 3.464 - 5.556 ) 
    Source Clock Delay      (SCD):    -2.222ns
    Clock Pessimism Removal (CPR):    -0.448ns
  Clock Uncertainty:      0.071ns  ((TSJ^2 + DJ^2)^1/2) / 2 + PE
    Total System Jitter     (TSJ):    0.071ns
    Discrete Jitter          (DJ):    0.122ns
    Phase Error              (PE):    0.000ns

    Location             Delay type                Incr(ns)  Path(ns)    Netlist Resource(s)
  -------------------------------------------------------------------    -------------------
                         (clock clk_out2_pll rise edge)
                                                      0.000     0.000 r  
    AD12                                              0.000     0.000 r  i_sys_clk_p (IN)
                         net (fo=0)                   0.000     0.000    pll_inst/inst/clk_in1_p
    AD12                 IBUFDS (Prop_ibufds_I_O)     0.906     0.906 r  pll_inst/inst/clkin1_ibufgds/O
                         net (fo=1, routed)           1.098     2.004    pll_inst/inst/clk_in1_pll
    PLLE2_ADV_X1Y1       PLLE2_ADV (Prop_plle2_adv_CLKIN1_CLKOUT1)
                                                     -8.058    -6.054 r  pll_inst/inst/plle2_adv_inst/CLKOUT1
                         net (fo=1, routed)           2.128    -3.926    pll_inst/inst/clk_out2_pll
    BUFGCTRL_X0Y0        BUFG (Prop_bufg_I_O)         0.093    -3.833 r  pll_inst/inst/clkout2_buf/O
                         net (fo=1881, routed)        1.611    -2.222    student_top_inst/Core_cpu/SegReg_ID_EX_inst/clk_out2
    SLICE_X46Y77         FDRE                                         r  student_top_inst/Core_cpu/SegReg_ID_EX_inst/inst_ex_reg[15]/C
  -------------------------------------------------------------------    -------------------
    SLICE_X46Y77         FDRE (Prop_fdre_C_Q)         0.259    -1.963 r  student_top_inst/Core_cpu/SegReg_ID_EX_inst/inst_ex_reg[15]/Q
                         net (fo=2, routed)           0.435    -1.528    student_top_inst/Core_cpu/SegReg_LS_WB_inst/seg_wdata_reg[0][0]
    SLICE_X47Y77         LUT6 (Prop_lut6_I1_O)        0.043    -1.485 r  student_top_inst/Core_cpu/SegReg_LS_WB_inst/btb_reg_0_63_0_2_i_44/O
                         net (fo=1, routed)           0.361    -1.124    student_top_inst/Core_cpu/SegReg_LS_WB_inst/btb_reg_0_63_0_2_i_44_n_0
    SLICE_X46Y78         LUT6 (Prop_lut6_I3_O)        0.043    -1.081 r  student_top_inst/Core_cpu/SegReg_LS_WB_inst/btb_reg_0_63_0_2_i_37/O
                         net (fo=34, routed)          0.528    -0.553    student_top_inst/Core_cpu/ALU_rf_data1_mux/forward1_en0
    SLICE_X45Y79         LUT5 (Prop_lut5_I4_O)        0.043    -0.510 r  student_top_inst/Core_cpu/ALU_rf_data1_mux/btb_reg_0_63_0_2_i_25/O
                         net (fo=15, routed)          0.652     0.142    student_top_inst/Core_cpu/SegReg_EX_LS_inst/alu_rf_data1[4]
    SLICE_X45Y84         CARRY4 (Prop_carry4_DI[0]_CO[3])
                                                      0.269     0.411 r  student_top_inst/Core_cpu/SegReg_EX_LS_inst/btb_reg_0_63_0_2_i_7/CO[3]
                         net (fo=1, routed)           0.000     0.411    student_top_inst/Core_cpu/SegReg_EX_LS_inst/btb_reg_0_63_0_2_i_7_n_0
    SLICE_X45Y85         CARRY4 (Prop_carry4_CI_CO[3])
                                                      0.053     0.464 r  student_top_inst/Core_cpu/SegReg_EX_LS_inst/btb_reg_0_63_6_8_i_4/CO[3]
                         net (fo=1, routed)           0.000     0.464    student_top_inst/Core_cpu/SegReg_EX_LS_inst/btb_reg_0_63_6_8_i_4_n_0
    SLICE_X45Y86         CARRY4 (Prop_carry4_CI_O[1])
                                                      0.166     0.630 r  student_top_inst/Core_cpu/SegReg_EX_LS_inst/btb_reg_0_63_9_11_i_4/O[1]
                         net (fo=2, routed)           0.384     1.014    student_top_inst/Core_cpu/SegReg_ID_EX_inst/jump_target1[12]
    SLICE_X45Y94         LUT5 (Prop_lut5_I0_O)        0.123     1.137 r  student_top_inst/Core_cpu/SegReg_ID_EX_inst/btb_reg_0_63_9_11_i_3/O
                         net (fo=2, routed)           0.458     1.595    student_top_inst/Core_cpu/SegReg_ID_EX_inst/p_1_in[11]
    SLICE_X48Y94         LUT6 (Prop_lut6_I1_O)        0.043     1.638 r  student_top_inst/Core_cpu/SegReg_ID_EX_inst/Mem_IROM_i_11/O
                         net (fo=1, routed)           0.000     1.638    student_top_inst/Core_cpu/SegReg_ID_EX_inst/Mem_IROM_i_11_n_0
    SLICE_X48Y94         CARRY4 (Prop_carry4_S[0]_CO[3])
                                                      0.259     1.897 r  student_top_inst/Core_cpu/SegReg_ID_EX_inst/Mem_IROM_i_3/CO[3]
                         net (fo=1, routed)           0.000     1.897    student_top_inst/Core_cpu/SegReg_ID_EX_inst/Mem_IROM_i_3_n_0
    SLICE_X48Y95         CARRY4 (Prop_carry4_CI_CO[2])
                                                      0.110     2.007 r  student_top_inst/Core_cpu/SegReg_ID_EX_inst/Mem_IROM_i_2/CO[2]
                         net (fo=1, routed)           0.232     2.239    student_top_inst/Core_cpu/SegReg_ID_EX_inst/Hazard_inst/target_mispredicted0
    SLICE_X49Y95         LUT3 (Prop_lut3_I0_O)        0.129     2.368 r  student_top_inst/Core_cpu/SegReg_ID_EX_inst/Mem_IROM_i_1/O
                         net (fo=37, routed)          0.697     3.065    student_top_inst/Mem_IROM/U0/inst_blk_mem_gen/gnbram.gnativebmg.native_blk_mem_gen/valid.cstr/ramloop[3].ram.r/prim_init.ram/rsta
    SLICE_X76Y99         LUT2 (Prop_lut2_I0_O)        0.043     3.108 r  student_top_inst/Mem_IROM/U0/inst_blk_mem_gen/gnbram.gnativebmg.native_blk_mem_gen/valid.cstr/ramloop[3].ram.r/prim_init.ram/DEVICE_7SERIES.NO_BMM_INFO.SP.SIMPLE_PRIM36.ram_i_2/O
                         net (fo=9, routed)           1.010     4.118    student_top_inst/Mem_IROM/U0/inst_blk_mem_gen/gnbram.gnativebmg.native_blk_mem_gen/valid.cstr/ramloop[3].ram.r/prim_init.ram/ram_rstram_a
    RAMB36_X2Y24         RAMB36E1                                     r  student_top_inst/Mem_IROM/U0/inst_blk_mem_gen/gnbram.gnativebmg.native_blk_mem_gen/valid.cstr/ramloop[3].ram.r/prim_init.ram/DEVICE_7SERIES.NO_BMM_INFO.SP.SIMPLE_PRIM36.ram/RSTRAMB
  -------------------------------------------------------------------    -------------------

                         (clock clk_out2_pll rise edge)
                                                      5.556     5.556 r  
    AD12                                              0.000     5.556 r  i_sys_clk_p (IN)
                         net (fo=0)                   0.000     5.556    pll_inst/inst/clk_in1_p
    AD12                 IBUFDS (Prop_ibufds_I_O)     0.803     6.359 r  pll_inst/inst/clkin1_ibufgds/O
                         net (fo=1, routed)           1.001     7.360    pll_inst/inst/clk_in1_pll
    PLLE2_ADV_X1Y1       PLLE2_ADV (Prop_plle2_adv_CLKIN1_CLKOUT1)
                                                     -7.261     0.099 r  pll_inst/inst/plle2_adv_inst/CLKOUT1
                         net (fo=1, routed)           2.003     2.102    pll_inst/inst/clk_out2_pll
    BUFGCTRL_X0Y0        BUFG (Prop_bufg_I_O)         0.083     2.185 r  pll_inst/inst/clkout2_buf/O
                         net (fo=1881, routed)        1.279     3.464    student_top_inst/Mem_IROM/U0/inst_blk_mem_gen/gnbram.gnativebmg.native_blk_mem_gen/valid.cstr/ramloop[3].ram.r/prim_init.ram/clka
    RAMB36_X2Y24         RAMB36E1                                     r  student_top_inst/Mem_IROM/U0/inst_blk_mem_gen/gnbram.gnativebmg.native_blk_mem_gen/valid.cstr/ramloop[3].ram.r/prim_init.ram/DEVICE_7SERIES.NO_BMM_INFO.SP.SIMPLE_PRIM36.ram/CLKBWRCLK
                         clock pessimism             -0.448     3.016    
                         clock uncertainty           -0.071     2.945    
    RAMB36_X2Y24         RAMB36E1 (Setup_ramb36e1_CLKBWRCLK_RSTRAMB)
                                                     -0.282     2.663    student_top_inst/Mem_IROM/U0/inst_blk_mem_gen/gnbram.gnativebmg.native_blk_mem_gen/valid.cstr/ramloop[3].ram.r/prim_init.ram/DEVICE_7SERIES.NO_BMM_INFO.SP.SIMPLE_PRIM36.ram
  -------------------------------------------------------------------
                         required time                          2.663    
                         arrival time                          -4.118    
  -------------------------------------------------------------------
                         slack                                 -1.455    

Slack (VIOLATED) :        -1.420ns  (required time - arrival time)
  Source:                 student_top_inst/Core_cpu/SegReg_LS_WB_inst/inst_wb_reg[11]/C
                            (rising edge-triggered cell FDRE clocked by clk_out2_pll  {rise@0.000ns fall@2.778ns period=5.556ns})
  Destination:            student_top_inst/bridge_inst/dram_driver_inst/Mem_DRAM/U0/inst_blk_mem_gen/gnbram.gnativebmg.native_blk_mem_gen/valid.cstr/ramloop[59].ram.r/prim_init.ram/DEVICE_7SERIES.NO_BMM_INFO.SP.SIMPLE_PRIM36.ram/WEA[0]
                            (rising edge-triggered cell RAMB36E1 clocked by clk_out2_pll  {rise@0.000ns fall@2.778ns period=5.556ns})
  Path Group:             clk_out2_pll
  Path Type:              Setup (Max at Slow Process Corner)
  Requirement:            5.556ns  (clk_out2_pll rise@5.556ns - clk_out2_pll rise@0.000ns)
  Data Path Delay:        6.259ns  (logic 0.879ns (14.043%)  route 5.380ns (85.957%))
  Logic Levels:           10  (CARRY4=1 LUT4=2 LUT5=1 LUT6=6)
  Clock Path Skew:        -0.241ns (DCD - SCD + CPR)
    Destination Clock Delay (DCD):    -2.016ns = ( 3.540 - 5.556 ) 
    Source Clock Delay      (SCD):    -2.222ns
    Clock Pessimism Removal (CPR):    -0.448ns
  Clock Uncertainty:      0.071ns  ((TSJ^2 + DJ^2)^1/2) / 2 + PE
    Total System Jitter     (TSJ):    0.071ns
    Discrete Jitter          (DJ):    0.122ns
    Phase Error              (PE):    0.000ns

    Location             Delay type                Incr(ns)  Path(ns)    Netlist Resource(s)
  -------------------------------------------------------------------    -------------------
                         (clock clk_out2_pll rise edge)
                                                      0.000     0.000 r  
    AD12                                              0.000     0.000 r  i_sys_clk_p (IN)
                         net (fo=0)                   0.000     0.000    pll_inst/inst/clk_in1_p
    AD12                 IBUFDS (Prop_ibufds_I_O)     0.906     0.906 r  pll_inst/inst/clkin1_ibufgds/O
                         net (fo=1, routed)           1.098     2.004    pll_inst/inst/clk_in1_pll
    PLLE2_ADV_X1Y1       PLLE2_ADV (Prop_plle2_adv_CLKIN1_CLKOUT1)
                                                     -8.058    -6.054 r  pll_inst/inst/plle2_adv_inst/CLKOUT1
                         net (fo=1, routed)           2.128    -3.926    pll_inst/inst/clk_out2_pll
    BUFGCTRL_X0Y0        BUFG (Prop_bufg_I_O)         0.093    -3.833 r  pll_inst/inst/clkout2_buf/O
                         net (fo=1881, routed)        1.611    -2.222    student_top_inst/Core_cpu/SegReg_LS_WB_inst/clk_out2
    SLICE_X47Y77         FDRE                                         r  student_top_inst/Core_cpu/SegReg_LS_WB_inst/inst_wb_reg[11]/C
  -------------------------------------------------------------------    -------------------
    SLICE_X47Y77         FDRE (Prop_fdre_C_Q)         0.223    -1.999 r  student_top_inst/Core_cpu/SegReg_LS_WB_inst/inst_wb_reg[11]/Q
                         net (fo=36, routed)          0.454    -1.545    student_top_inst/Core_cpu/SegReg_LS_WB_inst/inst_wb_reg_n_0_[11]
    SLICE_X47Y78         LUT6 (Prop_lut6_I2_O)        0.043    -1.502 r  student_top_inst/Core_cpu/SegReg_LS_WB_inst/seg_wdata[7]_i_8/O
                         net (fo=2, routed)           0.445    -1.058    student_top_inst/Core_cpu/SegReg_LS_WB_inst/Hazard_inst/p_5_in
    SLICE_X47Y77         LUT6 (Prop_lut6_I0_O)        0.043    -1.015 r  student_top_inst/Core_cpu/SegReg_LS_WB_inst/seg_wdata[7]_i_5/O
                         net (fo=34, routed)          0.539    -0.476    student_top_inst/Core_cpu/ALU_rf_data2_mux/forward2_en0
    SLICE_X43Y82         LUT5 (Prop_lut5_I4_O)        0.043    -0.433 r  student_top_inst/Core_cpu/ALU_rf_data2_mux/seg_wdata[25]_i_2/O
                         net (fo=13, routed)          0.449     0.017    student_top_inst/Core_cpu/ALU_rs2_mux/alu_rf_data2[17]
    SLICE_X36Y86         LUT4 (Prop_lut4_I0_O)        0.043     0.060 r  student_top_inst/Core_cpu/ALU_rs2_mux/alu_result_ls[25]_i_10/O
                         net (fo=2, routed)           0.469     0.529    student_top_inst/Core_cpu/SegReg_ID_EX_inst/alu_rs2[25]
    SLICE_X31Y85         LUT4 (Prop_lut4_I3_O)        0.043     0.572 r  student_top_inst/Core_cpu/SegReg_ID_EX_inst/alu_result_ls[0]_i_24/O
                         net (fo=2, routed)           0.383     0.954    student_top_inst/Core_cpu/SegReg_ID_EX_inst/alu_result_ls[0]_i_24_n_0
    SLICE_X33Y85         CARRY4 (Prop_carry4_DI[0]_CO[3])
                                                      0.269     1.223 r  student_top_inst/Core_cpu/SegReg_ID_EX_inst/alu_result_ls_reg[0]_i_13/CO[3]
                         net (fo=1, routed)           0.411     1.634    student_top_inst/Core_cpu/SegReg_ID_EX_inst/ALU_inst/data3
    SLICE_X31Y86         LUT6 (Prop_lut6_I0_O)        0.043     1.677 r  student_top_inst/Core_cpu/SegReg_ID_EX_inst/alu_result_ls[0]_i_5/O
                         net (fo=1, routed)           0.554     2.231    student_top_inst/Core_cpu/SegReg_ID_EX_inst/alu_result_ls[0]_i_5_n_0
    SLICE_X31Y76         LUT6 (Prop_lut6_I5_O)        0.043     2.274 r  student_top_inst/Core_cpu/SegReg_ID_EX_inst/alu_result_ls[0]_i_1/O
                         net (fo=7, routed)           0.123     2.397    student_top_inst/Core_cpu/SegReg_ID_EX_inst/perip_addr[0]
    SLICE_X31Y76         LUT6 (Prop_lut6_I2_O)        0.043     2.440 r  student_top_inst/Core_cpu/SegReg_ID_EX_inst/Mem_DRAM_i_53_comp/O
                         net (fo=1, routed)           0.357     2.797    student_top_inst/Core_cpu/SegReg_ID_EX_inst/perip_wstrb[3]
    SLICE_X33Y76         LUT6 (Prop_lut6_I2_O)        0.043     2.840 r  student_top_inst/Core_cpu/SegReg_ID_EX_inst/Mem_DRAM_i_1_comp/O
                         net (fo=16, routed)          1.197     4.037    student_top_inst/bridge_inst/dram_driver_inst/Mem_DRAM/U0/inst_blk_mem_gen/gnbram.gnativebmg.native_blk_mem_gen/valid.cstr/ramloop[59].ram.r/prim_init.ram/wea[0]
    RAMB36_X1Y23         RAMB36E1                                     r  student_top_inst/bridge_inst/dram_driver_inst/Mem_DRAM/U0/inst_blk_mem_gen/gnbram.gnativebmg.native_blk_mem_gen/valid.cstr/ramloop[59].ram.r/prim_init.ram/DEVICE_7SERIES.NO_BMM_INFO.SP.SIMPLE_PRIM36.ram/WEA[0]
  -------------------------------------------------------------------    -------------------

                         (clock clk_out2_pll rise edge)
                                                      5.556     5.556 r  
    AD12                                              0.000     5.556 r  i_sys_clk_p (IN)
                         net (fo=0)                   0.000     5.556    pll_inst/inst/clk_in1_p
    AD12                 IBUFDS (Prop_ibufds_I_O)     0.803     6.359 r  pll_inst/inst/clkin1_ibufgds/O
                         net (fo=1, routed)           1.001     7.360    pll_inst/inst/clk_in1_pll
    PLLE2_ADV_X1Y1       PLLE2_ADV (Prop_plle2_adv_CLKIN1_CLKOUT1)
                                                     -7.261     0.099 r  pll_inst/inst/plle2_adv_inst/CLKOUT1
                         net (fo=1, routed)           2.003     2.102    pll_inst/inst/clk_out2_pll
    BUFGCTRL_X0Y0        BUFG (Prop_bufg_I_O)         0.083     2.185 r  pll_inst/inst/clkout2_buf/O
                         net (fo=1881, routed)        1.355     3.540    student_top_inst/bridge_inst/dram_driver_inst/Mem_DRAM/U0/inst_blk_mem_gen/gnbram.gnativebmg.native_blk_mem_gen/valid.cstr/ramloop[59].ram.r/prim_init.ram/clka
    RAMB36_X1Y23         RAMB36E1                                     r  student_top_inst/bridge_inst/dram_driver_inst/Mem_DRAM/U0/inst_blk_mem_gen/gnbram.gnativebmg.native_blk_mem_gen/valid.cstr/ramloop[59].ram.r/prim_init.ram/DEVICE_7SERIES.NO_BMM_INFO.SP.SIMPLE_PRIM36.ram/CLKARDCLK
                         clock pessimism             -0.448     3.092    
                         clock uncertainty           -0.071     3.021    
    RAMB36_X1Y23         RAMB36E1 (Setup_ramb36e1_CLKARDCLK_WEA[0])
                                                     -0.404     2.617    student_top_inst/bridge_inst/dram_driver_inst/Mem_DRAM/U0/inst_blk_mem_gen/gnbram.gnativebmg.native_blk_mem_gen/valid.cstr/ramloop[59].ram.r/prim_init.ram/DEVICE_7SERIES.NO_BMM_INFO.SP.SIMPLE_PRIM36.ram
  -------------------------------------------------------------------
                         required time                          2.617    
                         arrival time                          -4.037    
  -------------------------------------------------------------------
                         slack                                 -1.420    

Slack (VIOLATED) :        -1.408ns  (required time - arrival time)
  Source:                 student_top_inst/Core_cpu/SegReg_LS_WB_inst/inst_wb_reg[11]/C
                            (rising edge-triggered cell FDRE clocked by clk_out2_pll  {rise@0.000ns fall@2.778ns period=5.556ns})
  Destination:            student_top_inst/bridge_inst/dram_driver_inst/Mem_DRAM/U0/inst_blk_mem_gen/gnbram.gnativebmg.native_blk_mem_gen/valid.cstr/ramloop[58].ram.r/prim_init.ram/DEVICE_7SERIES.NO_BMM_INFO.SP.SIMPLE_PRIM36.ram/WEA[0]
                            (rising edge-triggered cell RAMB36E1 clocked by clk_out2_pll  {rise@0.000ns fall@2.778ns period=5.556ns})
  Path Group:             clk_out2_pll
  Path Type:              Setup (Max at Slow Process Corner)
  Requirement:            5.556ns  (clk_out2_pll rise@5.556ns - clk_out2_pll rise@0.000ns)
  Data Path Delay:        6.181ns  (logic 0.879ns (14.220%)  route 5.302ns (85.780%))
  Logic Levels:           10  (CARRY4=1 LUT4=2 LUT5=1 LUT6=6)
  Clock Path Skew:        -0.307ns (DCD - SCD + CPR)
    Destination Clock Delay (DCD):    -2.082ns = ( 3.474 - 5.556 ) 
    Source Clock Delay      (SCD):    -2.222ns
    Clock Pessimism Removal (CPR):    -0.448ns
  Clock Uncertainty:      0.071ns  ((TSJ^2 + DJ^2)^1/2) / 2 + PE
    Total System Jitter     (TSJ):    0.071ns
    Discrete Jitter          (DJ):    0.122ns
    Phase Error              (PE):    0.000ns

    Location             Delay type                Incr(ns)  Path(ns)    Netlist Resource(s)
  -------------------------------------------------------------------    -------------------
                         (clock clk_out2_pll rise edge)
                                                      0.000     0.000 r  
    AD12                                              0.000     0.000 r  i_sys_clk_p (IN)
                         net (fo=0)                   0.000     0.000    pll_inst/inst/clk_in1_p
    AD12                 IBUFDS (Prop_ibufds_I_O)     0.906     0.906 r  pll_inst/inst/clkin1_ibufgds/O
                         net (fo=1, routed)           1.098     2.004    pll_inst/inst/clk_in1_pll
    PLLE2_ADV_X1Y1       PLLE2_ADV (Prop_plle2_adv_CLKIN1_CLKOUT1)
                                                     -8.058    -6.054 r  pll_inst/inst/plle2_adv_inst/CLKOUT1
                         net (fo=1, routed)           2.128    -3.926    pll_inst/inst/clk_out2_pll
    BUFGCTRL_X0Y0        BUFG (Prop_bufg_I_O)         0.093    -3.833 r  pll_inst/inst/clkout2_buf/O
                         net (fo=1881, routed)        1.611    -2.222    student_top_inst/Core_cpu/SegReg_LS_WB_inst/clk_out2
    SLICE_X47Y77         FDRE                                         r  student_top_inst/Core_cpu/SegReg_LS_WB_inst/inst_wb_reg[11]/C
  -------------------------------------------------------------------    -------------------
    SLICE_X47Y77         FDRE (Prop_fdre_C_Q)         0.223    -1.999 r  student_top_inst/Core_cpu/SegReg_LS_WB_inst/inst_wb_reg[11]/Q
                         net (fo=36, routed)          0.454    -1.545    student_top_inst/Core_cpu/SegReg_LS_WB_inst/inst_wb_reg_n_0_[11]
    SLICE_X47Y78         LUT6 (Prop_lut6_I2_O)        0.043    -1.502 r  student_top_inst/Core_cpu/SegReg_LS_WB_inst/seg_wdata[7]_i_8/O
                         net (fo=2, routed)           0.445    -1.058    student_top_inst/Core_cpu/SegReg_LS_WB_inst/Hazard_inst/p_5_in
    SLICE_X47Y77         LUT6 (Prop_lut6_I0_O)        0.043    -1.015 r  student_top_inst/Core_cpu/SegReg_LS_WB_inst/seg_wdata[7]_i_5/O
                         net (fo=34, routed)          0.539    -0.476    student_top_inst/Core_cpu/ALU_rf_data2_mux/forward2_en0
    SLICE_X43Y82         LUT5 (Prop_lut5_I4_O)        0.043    -0.433 r  student_top_inst/Core_cpu/ALU_rf_data2_mux/seg_wdata[25]_i_2/O
                         net (fo=13, routed)          0.449     0.017    student_top_inst/Core_cpu/ALU_rs2_mux/alu_rf_data2[17]
    SLICE_X36Y86         LUT4 (Prop_lut4_I0_O)        0.043     0.060 r  student_top_inst/Core_cpu/ALU_rs2_mux/alu_result_ls[25]_i_10/O
                         net (fo=2, routed)           0.469     0.529    student_top_inst/Core_cpu/SegReg_ID_EX_inst/alu_rs2[25]
    SLICE_X31Y85         LUT4 (Prop_lut4_I3_O)        0.043     0.572 r  student_top_inst/Core_cpu/SegReg_ID_EX_inst/alu_result_ls[0]_i_24/O
                         net (fo=2, routed)           0.383     0.954    student_top_inst/Core_cpu/SegReg_ID_EX_inst/alu_result_ls[0]_i_24_n_0
    SLICE_X33Y85         CARRY4 (Prop_carry4_DI[0]_CO[3])
                                                      0.269     1.223 r  student_top_inst/Core_cpu/SegReg_ID_EX_inst/alu_result_ls_reg[0]_i_13/CO[3]
                         net (fo=1, routed)           0.411     1.634    student_top_inst/Core_cpu/SegReg_ID_EX_inst/ALU_inst/data3
    SLICE_X31Y86         LUT6 (Prop_lut6_I0_O)        0.043     1.677 r  student_top_inst/Core_cpu/SegReg_ID_EX_inst/alu_result_ls[0]_i_5/O
                         net (fo=1, routed)           0.554     2.231    student_top_inst/Core_cpu/SegReg_ID_EX_inst/alu_result_ls[0]_i_5_n_0
    SLICE_X31Y76         LUT6 (Prop_lut6_I5_O)        0.043     2.274 r  student_top_inst/Core_cpu/SegReg_ID_EX_inst/alu_result_ls[0]_i_1/O
                         net (fo=7, routed)           0.123     2.397    student_top_inst/Core_cpu/SegReg_ID_EX_inst/perip_addr[0]
    SLICE_X31Y76         LUT6 (Prop_lut6_I2_O)        0.043     2.440 r  student_top_inst/Core_cpu/SegReg_ID_EX_inst/Mem_DRAM_i_53_comp/O
                         net (fo=1, routed)           0.357     2.797    student_top_inst/Core_cpu/SegReg_ID_EX_inst/perip_wstrb[3]
    SLICE_X33Y76         LUT6 (Prop_lut6_I2_O)        0.043     2.840 r  student_top_inst/Core_cpu/SegReg_ID_EX_inst/Mem_DRAM_i_1_comp/O
                         net (fo=16, routed)          1.119     3.959    student_top_inst/bridge_inst/dram_driver_inst/Mem_DRAM/U0/inst_blk_mem_gen/gnbram.gnativebmg.native_blk_mem_gen/valid.cstr/ramloop[58].ram.r/prim_init.ram/wea[0]
    RAMB36_X2Y21         RAMB36E1                                     r  student_top_inst/bridge_inst/dram_driver_inst/Mem_DRAM/U0/inst_blk_mem_gen/gnbram.gnativebmg.native_blk_mem_gen/valid.cstr/ramloop[58].ram.r/prim_init.ram/DEVICE_7SERIES.NO_BMM_INFO.SP.SIMPLE_PRIM36.ram/WEA[0]
  -------------------------------------------------------------------    -------------------

                         (clock clk_out2_pll rise edge)
                                                      5.556     5.556 r  
    AD12                                              0.000     5.556 r  i_sys_clk_p (IN)
                         net (fo=0)                   0.000     5.556    pll_inst/inst/clk_in1_p
    AD12                 IBUFDS (Prop_ibufds_I_O)     0.803     6.359 r  pll_inst/inst/clkin1_ibufgds/O
                         net (fo=1, routed)           1.001     7.360    pll_inst/inst/clk_in1_pll
    PLLE2_ADV_X1Y1       PLLE2_ADV (Prop_plle2_adv_CLKIN1_CLKOUT1)
                                                     -7.261     0.099 r  pll_inst/inst/plle2_adv_inst/CLKOUT1
                         net (fo=1, routed)           2.003     2.102    pll_inst/inst/clk_out2_pll
    BUFGCTRL_X0Y0        BUFG (Prop_bufg_I_O)         0.083     2.185 r  pll_inst/inst/clkout2_buf/O
                         net (fo=1881, routed)        1.289     3.474    student_top_inst/bridge_inst/dram_driver_inst/Mem_DRAM/U0/inst_blk_mem_gen/gnbram.gnativebmg.native_blk_mem_gen/valid.cstr/ramloop[58].ram.r/prim_init.ram/clka
    RAMB36_X2Y21         RAMB36E1                                     r  student_top_inst/bridge_inst/dram_driver_inst/Mem_DRAM/U0/inst_blk_mem_gen/gnbram.gnativebmg.native_blk_mem_gen/valid.cstr/ramloop[58].ram.r/prim_init.ram/DEVICE_7SERIES.NO_BMM_INFO.SP.SIMPLE_PRIM36.ram/CLKARDCLK
                         clock pessimism             -0.448     3.026    
                         clock uncertainty           -0.071     2.955    
    RAMB36_X2Y21         RAMB36E1 (Setup_ramb36e1_CLKARDCLK_WEA[0])
                                                     -0.404     2.551    student_top_inst/bridge_inst/dram_driver_inst/Mem_DRAM/U0/inst_blk_mem_gen/gnbram.gnativebmg.native_blk_mem_gen/valid.cstr/ramloop[58].ram.r/prim_init.ram/DEVICE_7SERIES.NO_BMM_INFO.SP.SIMPLE_PRIM36.ram
  -------------------------------------------------------------------
                         required time                          2.551    
                         arrival time                          -3.959    
  -------------------------------------------------------------------
                         slack                                 -1.408    

Slack (VIOLATED) :        -1.399ns  (required time - arrival time)
  Source:                 student_top_inst/Core_cpu/SegReg_LS_WB_inst/inst_wb_reg[11]/C
                            (rising edge-triggered cell FDRE clocked by clk_out2_pll  {rise@0.000ns fall@2.778ns period=5.556ns})
  Destination:            student_top_inst/bridge_inst/dram_driver_inst/Mem_DRAM/U0/inst_blk_mem_gen/gnbram.gnativebmg.native_blk_mem_gen/valid.cstr/ramloop[24].ram.r/prim_init.ram/DEVICE_7SERIES.NO_BMM_INFO.SP.SIMPLE_PRIM36.ram/WEA[0]
                            (rising edge-triggered cell RAMB36E1 clocked by clk_out2_pll  {rise@0.000ns fall@2.778ns period=5.556ns})
  Path Group:             clk_out2_pll
  Path Type:              Setup (Max at Slow Process Corner)
  Requirement:            5.556ns  (clk_out2_pll rise@5.556ns - clk_out2_pll rise@0.000ns)
  Data Path Delay:        6.579ns  (logic 0.879ns (13.362%)  route 5.700ns (86.638%))
  Logic Levels:           10  (CARRY4=1 LUT2=1 LUT4=2 LUT5=1 LUT6=5)
  Clock Path Skew:        0.099ns (DCD - SCD + CPR)
    Destination Clock Delay (DCD):    -1.678ns = ( 3.878 - 5.556 ) 
    Source Clock Delay      (SCD):    -2.222ns
    Clock Pessimism Removal (CPR):    -0.446ns
  Clock Uncertainty:      0.071ns  ((TSJ^2 + DJ^2)^1/2) / 2 + PE
    Total System Jitter     (TSJ):    0.071ns
    Discrete Jitter          (DJ):    0.122ns
    Phase Error              (PE):    0.000ns

    Location             Delay type                Incr(ns)  Path(ns)    Netlist Resource(s)
  -------------------------------------------------------------------    -------------------
                         (clock clk_out2_pll rise edge)
                                                      0.000     0.000 r  
    AD12                                              0.000     0.000 r  i_sys_clk_p (IN)
                         net (fo=0)                   0.000     0.000    pll_inst/inst/clk_in1_p
    AD12                 IBUFDS (Prop_ibufds_I_O)     0.906     0.906 r  pll_inst/inst/clkin1_ibufgds/O
                         net (fo=1, routed)           1.098     2.004    pll_inst/inst/clk_in1_pll
    PLLE2_ADV_X1Y1       PLLE2_ADV (Prop_plle2_adv_CLKIN1_CLKOUT1)
                                                     -8.058    -6.054 r  pll_inst/inst/plle2_adv_inst/CLKOUT1
                         net (fo=1, routed)           2.128    -3.926    pll_inst/inst/clk_out2_pll
    BUFGCTRL_X0Y0        BUFG (Prop_bufg_I_O)         0.093    -3.833 r  pll_inst/inst/clkout2_buf/O
                         net (fo=1881, routed)        1.611    -2.222    student_top_inst/Core_cpu/SegReg_LS_WB_inst/clk_out2
    SLICE_X47Y77         FDRE                                         r  student_top_inst/Core_cpu/SegReg_LS_WB_inst/inst_wb_reg[11]/C
  -------------------------------------------------------------------    -------------------
    SLICE_X47Y77         FDRE (Prop_fdre_C_Q)         0.223    -1.999 r  student_top_inst/Core_cpu/SegReg_LS_WB_inst/inst_wb_reg[11]/Q
                         net (fo=36, routed)          0.454    -1.545    student_top_inst/Core_cpu/SegReg_LS_WB_inst/inst_wb_reg_n_0_[11]
    SLICE_X47Y78         LUT6 (Prop_lut6_I2_O)        0.043    -1.502 r  student_top_inst/Core_cpu/SegReg_LS_WB_inst/seg_wdata[7]_i_8/O
                         net (fo=2, routed)           0.445    -1.058    student_top_inst/Core_cpu/SegReg_LS_WB_inst/Hazard_inst/p_5_in
    SLICE_X47Y77         LUT6 (Prop_lut6_I0_O)        0.043    -1.015 r  student_top_inst/Core_cpu/SegReg_LS_WB_inst/seg_wdata[7]_i_5/O
                         net (fo=34, routed)          0.539    -0.476    student_top_inst/Core_cpu/ALU_rf_data2_mux/forward2_en0
    SLICE_X43Y82         LUT5 (Prop_lut5_I4_O)        0.043    -0.433 r  student_top_inst/Core_cpu/ALU_rf_data2_mux/seg_wdata[25]_i_2/O
                         net (fo=13, routed)          0.449     0.017    student_top_inst/Core_cpu/ALU_rs2_mux/alu_rf_data2[17]
    SLICE_X36Y86         LUT4 (Prop_lut4_I0_O)        0.043     0.060 r  student_top_inst/Core_cpu/ALU_rs2_mux/alu_result_ls[25]_i_10/O
                         net (fo=2, routed)           0.469     0.529    student_top_inst/Core_cpu/SegReg_ID_EX_inst/alu_rs2[25]
    SLICE_X31Y85         LUT4 (Prop_lut4_I3_O)        0.043     0.572 r  student_top_inst/Core_cpu/SegReg_ID_EX_inst/alu_result_ls[0]_i_24/O
                         net (fo=2, routed)           0.383     0.954    student_top_inst/Core_cpu/SegReg_ID_EX_inst/alu_result_ls[0]_i_24_n_0
    SLICE_X33Y85         CARRY4 (Prop_carry4_DI[0]_CO[3])
                                                      0.269     1.223 r  student_top_inst/Core_cpu/SegReg_ID_EX_inst/alu_result_ls_reg[0]_i_13/CO[3]
                         net (fo=1, routed)           0.411     1.634    student_top_inst/Core_cpu/SegReg_ID_EX_inst/ALU_inst/data3
    SLICE_X31Y86         LUT6 (Prop_lut6_I0_O)        0.043     1.677 r  student_top_inst/Core_cpu/SegReg_ID_EX_inst/alu_result_ls[0]_i_5/O
                         net (fo=1, routed)           0.554     2.231    student_top_inst/Core_cpu/SegReg_ID_EX_inst/alu_result_ls[0]_i_5_n_0
    SLICE_X31Y76         LUT6 (Prop_lut6_I5_O)        0.043     2.274 r  student_top_inst/Core_cpu/SegReg_ID_EX_inst/alu_result_ls[0]_i_1/O
                         net (fo=7, routed)           0.262     2.536    student_top_inst/Core_cpu/SegReg_ID_EX_inst/perip_addr[0]
    SLICE_X33Y76         LUT6 (Prop_lut6_I4_O)        0.043     2.579 r  student_top_inst/Core_cpu/SegReg_ID_EX_inst/Mem_DRAM_i_56/O
                         net (fo=1, routed)           0.232     2.810    student_top_inst/Core_cpu/SegReg_ID_EX_inst/perip_wstrb[1]
    SLICE_X33Y76         LUT2 (Prop_lut2_I0_O)        0.043     2.853 r  student_top_inst/Core_cpu/SegReg_ID_EX_inst/Mem_DRAM_i_3/O
                         net (fo=16, routed)          1.503     4.356    student_top_inst/bridge_inst/dram_driver_inst/Mem_DRAM/U0/inst_blk_mem_gen/gnbram.gnativebmg.native_blk_mem_gen/valid.cstr/ramloop[24].ram.r/prim_init.ram/wea[0]
    RAMB36_X0Y4          RAMB36E1                                     r  student_top_inst/bridge_inst/dram_driver_inst/Mem_DRAM/U0/inst_blk_mem_gen/gnbram.gnativebmg.native_blk_mem_gen/valid.cstr/ramloop[24].ram.r/prim_init.ram/DEVICE_7SERIES.NO_BMM_INFO.SP.SIMPLE_PRIM36.ram/WEA[0]
  -------------------------------------------------------------------    -------------------

                         (clock clk_out2_pll rise edge)
                                                      5.556     5.556 r  
    AD12                                              0.000     5.556 r  i_sys_clk_p (IN)
                         net (fo=0)                   0.000     5.556    pll_inst/inst/clk_in1_p
    AD12                 IBUFDS (Prop_ibufds_I_O)     0.803     6.359 r  pll_inst/inst/clkin1_ibufgds/O
                         net (fo=1, routed)           1.001     7.360    pll_inst/inst/clk_in1_pll
    PLLE2_ADV_X1Y1       PLLE2_ADV (Prop_plle2_adv_CLKIN1_CLKOUT1)
                                                     -7.261     0.099 r  pll_inst/inst/plle2_adv_inst/CLKOUT1
                         net (fo=1, routed)           2.003     2.102    pll_inst/inst/clk_out2_pll
    BUFGCTRL_X0Y0        BUFG (Prop_bufg_I_O)         0.083     2.185 r  pll_inst/inst/clkout2_buf/O
                         net (fo=1881, routed)        1.693     3.878    student_top_inst/bridge_inst/dram_driver_inst/Mem_DRAM/U0/inst_blk_mem_gen/gnbram.gnativebmg.native_blk_mem_gen/valid.cstr/ramloop[24].ram.r/prim_init.ram/clka
    RAMB36_X0Y4          RAMB36E1                                     r  student_top_inst/bridge_inst/dram_driver_inst/Mem_DRAM/U0/inst_blk_mem_gen/gnbram.gnativebmg.native_blk_mem_gen/valid.cstr/ramloop[24].ram.r/prim_init.ram/DEVICE_7SERIES.NO_BMM_INFO.SP.SIMPLE_PRIM36.ram/CLKARDCLK
                         clock pessimism             -0.446     3.432    
                         clock uncertainty           -0.071     3.361    
    RAMB36_X0Y4          RAMB36E1 (Setup_ramb36e1_CLKARDCLK_WEA[0])
                                                     -0.404     2.957    student_top_inst/bridge_inst/dram_driver_inst/Mem_DRAM/U0/inst_blk_mem_gen/gnbram.gnativebmg.native_blk_mem_gen/valid.cstr/ramloop[24].ram.r/prim_init.ram/DEVICE_7SERIES.NO_BMM_INFO.SP.SIMPLE_PRIM36.ram
  -------------------------------------------------------------------
                         required time                          2.957    
                         arrival time                          -4.356    
  -------------------------------------------------------------------
                         slack                                 -1.399    

Slack (VIOLATED) :        -1.393ns  (required time - arrival time)
  Source:                 student_top_inst/Core_cpu/SegReg_LS_WB_inst/inst_wb_reg[11]/C
                            (rising edge-triggered cell FDRE clocked by clk_out2_pll  {rise@0.000ns fall@2.778ns period=5.556ns})
  Destination:            student_top_inst/bridge_inst/dram_driver_inst/Mem_DRAM/U0/inst_blk_mem_gen/gnbram.gnativebmg.native_blk_mem_gen/valid.cstr/ramloop[28].ram.r/prim_init.ram/DEVICE_7SERIES.NO_BMM_INFO.SP.SIMPLE_PRIM36.ram/WEA[0]
                            (rising edge-triggered cell RAMB36E1 clocked by clk_out2_pll  {rise@0.000ns fall@2.778ns period=5.556ns})
  Path Group:             clk_out2_pll
  Path Type:              Setup (Max at Slow Process Corner)
  Requirement:            5.556ns  (clk_out2_pll rise@5.556ns - clk_out2_pll rise@0.000ns)
  Data Path Delay:        6.578ns  (logic 0.879ns (13.364%)  route 5.699ns (86.636%))
  Logic Levels:           10  (CARRY4=1 LUT2=1 LUT4=2 LUT5=1 LUT6=5)
  Clock Path Skew:        0.104ns (DCD - SCD + CPR)
    Destination Clock Delay (DCD):    -1.673ns = ( 3.883 - 5.556 ) 
    Source Clock Delay      (SCD):    -2.222ns
    Clock Pessimism Removal (CPR):    -0.446ns
  Clock Uncertainty:      0.071ns  ((TSJ^2 + DJ^2)^1/2) / 2 + PE
    Total System Jitter     (TSJ):    0.071ns
    Discrete Jitter          (DJ):    0.122ns
    Phase Error              (PE):    0.000ns

    Location             Delay type                Incr(ns)  Path(ns)    Netlist Resource(s)
  -------------------------------------------------------------------    -------------------
                         (clock clk_out2_pll rise edge)
                                                      0.000     0.000 r  
    AD12                                              0.000     0.000 r  i_sys_clk_p (IN)
                         net (fo=0)                   0.000     0.000    pll_inst/inst/clk_in1_p
    AD12                 IBUFDS (Prop_ibufds_I_O)     0.906     0.906 r  pll_inst/inst/clkin1_ibufgds/O
                         net (fo=1, routed)           1.098     2.004    pll_inst/inst/clk_in1_pll
    PLLE2_ADV_X1Y1       PLLE2_ADV (Prop_plle2_adv_CLKIN1_CLKOUT1)
                                                     -8.058    -6.054 r  pll_inst/inst/plle2_adv_inst/CLKOUT1
                         net (fo=1, routed)           2.128    -3.926    pll_inst/inst/clk_out2_pll
    BUFGCTRL_X0Y0        BUFG (Prop_bufg_I_O)         0.093    -3.833 r  pll_inst/inst/clkout2_buf/O
                         net (fo=1881, routed)        1.611    -2.222    student_top_inst/Core_cpu/SegReg_LS_WB_inst/clk_out2
    SLICE_X47Y77         FDRE                                         r  student_top_inst/Core_cpu/SegReg_LS_WB_inst/inst_wb_reg[11]/C
  -------------------------------------------------------------------    -------------------
    SLICE_X47Y77         FDRE (Prop_fdre_C_Q)         0.223    -1.999 r  student_top_inst/Core_cpu/SegReg_LS_WB_inst/inst_wb_reg[11]/Q
                         net (fo=36, routed)          0.454    -1.545    student_top_inst/Core_cpu/SegReg_LS_WB_inst/inst_wb_reg_n_0_[11]
    SLICE_X47Y78         LUT6 (Prop_lut6_I2_O)        0.043    -1.502 r  student_top_inst/Core_cpu/SegReg_LS_WB_inst/seg_wdata[7]_i_8/O
                         net (fo=2, routed)           0.445    -1.058    student_top_inst/Core_cpu/SegReg_LS_WB_inst/Hazard_inst/p_5_in
    SLICE_X47Y77         LUT6 (Prop_lut6_I0_O)        0.043    -1.015 r  student_top_inst/Core_cpu/SegReg_LS_WB_inst/seg_wdata[7]_i_5/O
                         net (fo=34, routed)          0.539    -0.476    student_top_inst/Core_cpu/ALU_rf_data2_mux/forward2_en0
    SLICE_X43Y82         LUT5 (Prop_lut5_I4_O)        0.043    -0.433 r  student_top_inst/Core_cpu/ALU_rf_data2_mux/seg_wdata[25]_i_2/O
                         net (fo=13, routed)          0.449     0.017    student_top_inst/Core_cpu/ALU_rs2_mux/alu_rf_data2[17]
    SLICE_X36Y86         LUT4 (Prop_lut4_I0_O)        0.043     0.060 r  student_top_inst/Core_cpu/ALU_rs2_mux/alu_result_ls[25]_i_10/O
                         net (fo=2, routed)           0.469     0.529    student_top_inst/Core_cpu/SegReg_ID_EX_inst/alu_rs2[25]
    SLICE_X31Y85         LUT4 (Prop_lut4_I3_O)        0.043     0.572 r  student_top_inst/Core_cpu/SegReg_ID_EX_inst/alu_result_ls[0]_i_24/O
                         net (fo=2, routed)           0.383     0.954    student_top_inst/Core_cpu/SegReg_ID_EX_inst/alu_result_ls[0]_i_24_n_0
    SLICE_X33Y85         CARRY4 (Prop_carry4_DI[0]_CO[3])
                                                      0.269     1.223 r  student_top_inst/Core_cpu/SegReg_ID_EX_inst/alu_result_ls_reg[0]_i_13/CO[3]
                         net (fo=1, routed)           0.411     1.634    student_top_inst/Core_cpu/SegReg_ID_EX_inst/ALU_inst/data3
    SLICE_X31Y86         LUT6 (Prop_lut6_I0_O)        0.043     1.677 r  student_top_inst/Core_cpu/SegReg_ID_EX_inst/alu_result_ls[0]_i_5/O
                         net (fo=1, routed)           0.554     2.231    student_top_inst/Core_cpu/SegReg_ID_EX_inst/alu_result_ls[0]_i_5_n_0
    SLICE_X31Y76         LUT6 (Prop_lut6_I5_O)        0.043     2.274 r  student_top_inst/Core_cpu/SegReg_ID_EX_inst/alu_result_ls[0]_i_1/O
                         net (fo=7, routed)           0.262     2.536    student_top_inst/Core_cpu/SegReg_ID_EX_inst/perip_addr[0]
    SLICE_X33Y76         LUT6 (Prop_lut6_I4_O)        0.043     2.579 r  student_top_inst/Core_cpu/SegReg_ID_EX_inst/Mem_DRAM_i_56/O
                         net (fo=1, routed)           0.232     2.810    student_top_inst/Core_cpu/SegReg_ID_EX_inst/perip_wstrb[1]
    SLICE_X33Y76         LUT2 (Prop_lut2_I0_O)        0.043     2.853 r  student_top_inst/Core_cpu/SegReg_ID_EX_inst/Mem_DRAM_i_3/O
                         net (fo=16, routed)          1.502     4.355    student_top_inst/bridge_inst/dram_driver_inst/Mem_DRAM/U0/inst_blk_mem_gen/gnbram.gnativebmg.native_blk_mem_gen/valid.cstr/ramloop[28].ram.r/prim_init.ram/wea[0]
    RAMB36_X0Y3          RAMB36E1                                     r  student_top_inst/bridge_inst/dram_driver_inst/Mem_DRAM/U0/inst_blk_mem_gen/gnbram.gnativebmg.native_blk_mem_gen/valid.cstr/ramloop[28].ram.r/prim_init.ram/DEVICE_7SERIES.NO_BMM_INFO.SP.SIMPLE_PRIM36.ram/WEA[0]
  -------------------------------------------------------------------    -------------------

                         (clock clk_out2_pll rise edge)
                                                      5.556     5.556 r  
    AD12                                              0.000     5.556 r  i_sys_clk_p (IN)
                         net (fo=0)                   0.000     5.556    pll_inst/inst/clk_in1_p
    AD12                 IBUFDS (Prop_ibufds_I_O)     0.803     6.359 r  pll_inst/inst/clkin1_ibufgds/O
                         net (fo=1, routed)           1.001     7.360    pll_inst/inst/clk_in1_pll
    PLLE2_ADV_X1Y1       PLLE2_ADV (Prop_plle2_adv_CLKIN1_CLKOUT1)
                                                     -7.261     0.099 r  pll_inst/inst/plle2_adv_inst/CLKOUT1
                         net (fo=1, routed)           2.003     2.102    pll_inst/inst/clk_out2_pll
    BUFGCTRL_X0Y0        BUFG (Prop_bufg_I_O)         0.083     2.185 r  pll_inst/inst/clkout2_buf/O
                         net (fo=1881, routed)        1.698     3.883    student_top_inst/bridge_inst/dram_driver_inst/Mem_DRAM/U0/inst_blk_mem_gen/gnbram.gnativebmg.native_blk_mem_gen/valid.cstr/ramloop[28].ram.r/prim_init.ram/clka
    RAMB36_X0Y3          RAMB36E1                                     r  student_top_inst/bridge_inst/dram_driver_inst/Mem_DRAM/U0/inst_blk_mem_gen/gnbram.gnativebmg.native_blk_mem_gen/valid.cstr/ramloop[28].ram.r/prim_init.ram/DEVICE_7SERIES.NO_BMM_INFO.SP.SIMPLE_PRIM36.ram/CLKARDCLK
                         clock pessimism             -0.446     3.437    
                         clock uncertainty           -0.071     3.366    
    RAMB36_X0Y3          RAMB36E1 (Setup_ramb36e1_CLKARDCLK_WEA[0])
                                                     -0.404     2.962    student_top_inst/bridge_inst/dram_driver_inst/Mem_DRAM/U0/inst_blk_mem_gen/gnbram.gnativebmg.native_blk_mem_gen/valid.cstr/ramloop[28].ram.r/prim_init.ram/DEVICE_7SERIES.NO_BMM_INFO.SP.SIMPLE_PRIM36.ram
  -------------------------------------------------------------------
                         required time                          2.962    
                         arrival time                          -4.355    
  -------------------------------------------------------------------
                         slack                                 -1.393    

Slack (VIOLATED) :        -1.391ns  (required time - arrival time)
  Source:                 student_top_inst/Core_cpu/SegReg_ID_EX_inst/inst_ex_reg[15]/C
                            (rising edge-triggered cell FDRE clocked by clk_out2_pll  {rise@0.000ns fall@2.778ns period=5.556ns})
  Destination:            student_top_inst/bridge_inst/dram_driver_inst/Mem_DRAM/U0/inst_blk_mem_gen/gnbram.gnativebmg.native_blk_mem_gen/valid.cstr/ramloop[37].ram.r/prim_init.ram/DEVICE_7SERIES.NO_BMM_INFO.SP.SIMPLE_PRIM36.ram/WEA[0]
                            (rising edge-triggered cell RAMB36E1 clocked by clk_out2_pll  {rise@0.000ns fall@2.778ns period=5.556ns})
  Path Group:             clk_out2_pll
  Path Type:              Setup (Max at Slow Process Corner)
  Requirement:            5.556ns  (clk_out2_pll rise@5.556ns - clk_out2_pll rise@0.000ns)
  Data Path Delay:        6.167ns  (logic 1.264ns (20.497%)  route 4.903ns (79.503%))
  Logic Levels:           14  (CARRY4=5 LUT2=1 LUT4=1 LUT5=1 LUT6=6)
  Clock Path Skew:        -0.305ns (DCD - SCD + CPR)
    Destination Clock Delay (DCD):    -2.080ns = ( 3.476 - 5.556 ) 
    Source Clock Delay      (SCD):    -2.222ns
    Clock Pessimism Removal (CPR):    -0.448ns
  Clock Uncertainty:      0.071ns  ((TSJ^2 + DJ^2)^1/2) / 2 + PE
    Total System Jitter     (TSJ):    0.071ns
    Discrete Jitter          (DJ):    0.122ns
    Phase Error              (PE):    0.000ns

    Location             Delay type                Incr(ns)  Path(ns)    Netlist Resource(s)
  -------------------------------------------------------------------    -------------------
                         (clock clk_out2_pll rise edge)
                                                      0.000     0.000 r  
    AD12                                              0.000     0.000 r  i_sys_clk_p (IN)
                         net (fo=0)                   0.000     0.000    pll_inst/inst/clk_in1_p
    AD12                 IBUFDS (Prop_ibufds_I_O)     0.906     0.906 r  pll_inst/inst/clkin1_ibufgds/O
                         net (fo=1, routed)           1.098     2.004    pll_inst/inst/clk_in1_pll
    PLLE2_ADV_X1Y1       PLLE2_ADV (Prop_plle2_adv_CLKIN1_CLKOUT1)
                                                     -8.058    -6.054 r  pll_inst/inst/plle2_adv_inst/CLKOUT1
                         net (fo=1, routed)           2.128    -3.926    pll_inst/inst/clk_out2_pll
    BUFGCTRL_X0Y0        BUFG (Prop_bufg_I_O)         0.093    -3.833 r  pll_inst/inst/clkout2_buf/O
                         net (fo=1881, routed)        1.611    -2.222    student_top_inst/Core_cpu/SegReg_ID_EX_inst/clk_out2
    SLICE_X46Y77         FDRE                                         r  student_top_inst/Core_cpu/SegReg_ID_EX_inst/inst_ex_reg[15]/C
  -------------------------------------------------------------------    -------------------
    SLICE_X46Y77         FDRE (Prop_fdre_C_Q)         0.259    -1.963 r  student_top_inst/Core_cpu/SegReg_ID_EX_inst/inst_ex_reg[15]/Q
                         net (fo=2, routed)           0.435    -1.528    student_top_inst/Core_cpu/SegReg_LS_WB_inst/seg_wdata_reg[0][0]
    SLICE_X47Y77         LUT6 (Prop_lut6_I1_O)        0.043    -1.485 r  student_top_inst/Core_cpu/SegReg_LS_WB_inst/btb_reg_0_63_0_2_i_44/O
                         net (fo=1, routed)           0.361    -1.124    student_top_inst/Core_cpu/SegReg_LS_WB_inst/btb_reg_0_63_0_2_i_44_n_0
    SLICE_X46Y78         LUT6 (Prop_lut6_I3_O)        0.043    -1.081 r  student_top_inst/Core_cpu/SegReg_LS_WB_inst/btb_reg_0_63_0_2_i_37/O
                         net (fo=34, routed)          0.528    -0.553    student_top_inst/Core_cpu/ALU_rf_data1_mux/forward1_en0
    SLICE_X45Y79         LUT5 (Prop_lut5_I4_O)        0.043    -0.510 r  student_top_inst/Core_cpu/ALU_rf_data1_mux/btb_reg_0_63_0_2_i_25/O
                         net (fo=15, routed)          0.213    -0.297    student_top_inst/Core_cpu/ALU_rs1_mux/alu_rf_data1[4]
    SLICE_X42Y79         LUT4 (Prop_lut4_I0_O)        0.043    -0.254 r  student_top_inst/Core_cpu/ALU_rs1_mux/Mem_DRAM_i_243/O
                         net (fo=14, routed)          0.511     0.257    student_top_inst/Core_cpu/SegReg_ID_EX_inst/alu_rs1[4]
    SLICE_X41Y80         CARRY4 (Prop_carry4_DI[0]_CO[3])
                                                      0.269     0.526 r  student_top_inst/Core_cpu/SegReg_ID_EX_inst/Mem_DRAM_i_211/CO[3]
                         net (fo=1, routed)           0.000     0.526    student_top_inst/Core_cpu/SegReg_ID_EX_inst/Mem_DRAM_i_211_n_0
    SLICE_X41Y81         CARRY4 (Prop_carry4_CI_CO[3])
                                                      0.053     0.579 r  student_top_inst/Core_cpu/SegReg_ID_EX_inst/Mem_DRAM_i_185/CO[3]
                         net (fo=1, routed)           0.000     0.579    student_top_inst/Core_cpu/SegReg_ID_EX_inst/Mem_DRAM_i_185_n_0
    SLICE_X41Y82         CARRY4 (Prop_carry4_CI_CO[3])
                                                      0.053     0.632 r  student_top_inst/Core_cpu/SegReg_ID_EX_inst/Mem_DRAM_i_159/CO[3]
                         net (fo=1, routed)           0.000     0.632    student_top_inst/Core_cpu/SegReg_ID_EX_inst/Mem_DRAM_i_159_n_0
    SLICE_X41Y83         CARRY4 (Prop_carry4_CI_CO[3])
                                                      0.053     0.685 r  student_top_inst/Core_cpu/SegReg_ID_EX_inst/Mem_DRAM_i_138/CO[3]
                         net (fo=1, routed)           0.000     0.685    student_top_inst/Core_cpu/SegReg_ID_EX_inst/Mem_DRAM_i_138_n_0
    SLICE_X41Y84         CARRY4 (Prop_carry4_CI_O[2])
                                                      0.111     0.796 f  student_top_inst/Core_cpu/SegReg_ID_EX_inst/alu_result_ls_reg[22]_i_6/O[2]
                         net (fo=1, routed)           0.491     1.287    student_top_inst/Core_cpu/SegReg_ID_EX_inst/ALU_inst/data1[22]
    SLICE_X34Y80         LUT6 (Prop_lut6_I1_O)        0.122     1.409 f  student_top_inst/Core_cpu/SegReg_ID_EX_inst/alu_result_ls[22]_i_2/O
                         net (fo=1, routed)           0.432     1.842    student_top_inst/Core_cpu/SegReg_ID_EX_inst/alu_result_ls[22]_i_2_n_0
    SLICE_X33Y80         LUT6 (Prop_lut6_I0_O)        0.043     1.885 f  student_top_inst/Core_cpu/SegReg_ID_EX_inst/alu_result_ls[22]_i_1/O
                         net (fo=2, routed)           0.248     2.132    student_top_inst/Core_cpu/SegReg_ID_EX_inst/perip_addr[6]
    SLICE_X33Y80         LUT6 (Prop_lut6_I2_O)        0.043     2.175 f  student_top_inst/Core_cpu/SegReg_ID_EX_inst/LED[23]_i_3_comp/O
                         net (fo=7, routed)           0.429     2.604    student_top_inst/Core_cpu/SegReg_ID_EX_inst/alu_op_ex_reg[1]_5
    SLICE_X33Y76         LUT6 (Prop_lut6_I5_O)        0.043     2.647 f  student_top_inst/Core_cpu/SegReg_ID_EX_inst/Mem_DRAM_i_54/O
                         net (fo=3, routed)           0.300     2.947    student_top_inst/Core_cpu/SegReg_ID_EX_inst/Mem_DRAM_i_54_n_0
    SLICE_X32Y79         LUT2 (Prop_lut2_I1_O)        0.043     2.990 r  student_top_inst/Core_cpu/SegReg_ID_EX_inst/Mem_DRAM_i_2/O
                         net (fo=16, routed)          0.954     3.944    student_top_inst/bridge_inst/dram_driver_inst/Mem_DRAM/U0/inst_blk_mem_gen/gnbram.gnativebmg.native_blk_mem_gen/valid.cstr/ramloop[37].ram.r/prim_init.ram/wea[0]
    RAMB36_X2Y20         RAMB36E1                                     r  student_top_inst/bridge_inst/dram_driver_inst/Mem_DRAM/U0/inst_blk_mem_gen/gnbram.gnativebmg.native_blk_mem_gen/valid.cstr/ramloop[37].ram.r/prim_init.ram/DEVICE_7SERIES.NO_BMM_INFO.SP.SIMPLE_PRIM36.ram/WEA[0]
  -------------------------------------------------------------------    -------------------

                         (clock clk_out2_pll rise edge)
                                                      5.556     5.556 r  
    AD12                                              0.000     5.556 r  i_sys_clk_p (IN)
                         net (fo=0)                   0.000     5.556    pll_inst/inst/clk_in1_p
    AD12                 IBUFDS (Prop_ibufds_I_O)     0.803     6.359 r  pll_inst/inst/clkin1_ibufgds/O
                         net (fo=1, routed)           1.001     7.360    pll_inst/inst/clk_in1_pll
    PLLE2_ADV_X1Y1       PLLE2_ADV (Prop_plle2_adv_CLKIN1_CLKOUT1)
                                                     -7.261     0.099 r  pll_inst/inst/plle2_adv_inst/CLKOUT1
                         net (fo=1, routed)           2.003     2.102    pll_inst/inst/clk_out2_pll
    BUFGCTRL_X0Y0        BUFG (Prop_bufg_I_O)         0.083     2.185 r  pll_inst/inst/clkout2_buf/O
                         net (fo=1881, routed)        1.291     3.476    student_top_inst/bridge_inst/dram_driver_inst/Mem_DRAM/U0/inst_blk_mem_gen/gnbram.gnativebmg.native_blk_mem_gen/valid.cstr/ramloop[37].ram.r/prim_init.ram/clka
    RAMB36_X2Y20         RAMB36E1                                     r  student_top_inst/bridge_inst/dram_driver_inst/Mem_DRAM/U0/inst_blk_mem_gen/gnbram.gnativebmg.native_blk_mem_gen/valid.cstr/ramloop[37].ram.r/prim_init.ram/DEVICE_7SERIES.NO_BMM_INFO.SP.SIMPLE_PRIM36.ram/CLKARDCLK
                         clock pessimism             -0.448     3.028    
                         clock uncertainty           -0.071     2.957    
    RAMB36_X2Y20         RAMB36E1 (Setup_ramb36e1_CLKARDCLK_WEA[0])
                                                     -0.404     2.553    student_top_inst/bridge_inst/dram_driver_inst/Mem_DRAM/U0/inst_blk_mem_gen/gnbram.gnativebmg.native_blk_mem_gen/valid.cstr/ramloop[37].ram.r/prim_init.ram/DEVICE_7SERIES.NO_BMM_INFO.SP.SIMPLE_PRIM36.ram
  -------------------------------------------------------------------
                         required time                          2.553    
                         arrival time                          -3.944    
  -------------------------------------------------------------------
                         slack                                 -1.391    





Min Delay Paths
--------------------------------------------------------------------------------------
Slack (MET) :             0.106ns  (arrival time - required time)
  Source:                 student_top_inst/Core_cpu/SegReg_IF1_IF2_inst/predict_target_if2_reg[30]/C
                            (rising edge-triggered cell FDRE clocked by clk_out2_pll  {rise@0.000ns fall@2.778ns period=5.556ns})
  Destination:            student_top_inst/Core_cpu/SegReg_IF2_ID_inst/predict_target_id_reg[30]/D
                            (rising edge-triggered cell FDRE clocked by clk_out2_pll  {rise@0.000ns fall@2.778ns period=5.556ns})
  Path Group:             clk_out2_pll
  Path Type:              Hold (Min at Fast Process Corner)
  Requirement:            0.000ns  (clk_out2_pll rise@0.000ns - clk_out2_pll rise@0.000ns)
  Data Path Delay:        0.155ns  (logic 0.100ns (64.566%)  route 0.055ns (35.434%))
  Logic Levels:           0  
  Clock Path Skew:        0.000ns (DCD - SCD - CPR)
    Destination Clock Delay (DCD):    -0.555ns
    Source Clock Delay      (SCD):    -0.384ns
    Clock Pessimism Removal (CPR):    -0.172ns

    Location             Delay type                Incr(ns)  Path(ns)    Netlist Resource(s)
  -------------------------------------------------------------------    -------------------
                         (clock clk_out2_pll rise edge)
                                                      0.000     0.000 r  
    AD12                                              0.000     0.000 r  i_sys_clk_p (IN)
                         net (fo=0)                   0.000     0.000    pll_inst/inst/clk_in1_p
    AD12                 IBUFDS (Prop_ibufds_I_O)     0.388     0.388 r  pll_inst/inst/clkin1_ibufgds/O
                         net (fo=1, routed)           0.503     0.891    pll_inst/inst/clk_in1_pll
    PLLE2_ADV_X1Y1       PLLE2_ADV (Prop_plle2_adv_CLKIN1_CLKOUT1)
                                                     -2.908    -2.017 r  pll_inst/inst/plle2_adv_inst/CLKOUT1
                         net (fo=1, routed)           0.958    -1.059    pll_inst/inst/clk_out2_pll
    BUFGCTRL_X0Y0        BUFG (Prop_bufg_I_O)         0.026    -1.033 r  pll_inst/inst/clkout2_buf/O
                         net (fo=1881, routed)        0.649    -0.384    student_top_inst/Core_cpu/SegReg_IF1_IF2_inst/clk_out2
    SLICE_X51Y98         FDRE                                         r  student_top_inst/Core_cpu/SegReg_IF1_IF2_inst/predict_target_if2_reg[30]/C
  -------------------------------------------------------------------    -------------------
    SLICE_X51Y98         FDRE (Prop_fdre_C_Q)         0.100    -0.284 r  student_top_inst/Core_cpu/SegReg_IF1_IF2_inst/predict_target_if2_reg[30]/Q
                         net (fo=1, routed)           0.055    -0.229    student_top_inst/Core_cpu/SegReg_IF2_ID_inst/D[28]
    SLICE_X51Y98         FDRE                                         r  student_top_inst/Core_cpu/SegReg_IF2_ID_inst/predict_target_id_reg[30]/D
  -------------------------------------------------------------------    -------------------

                         (clock clk_out2_pll rise edge)
                                                      0.000     0.000 r  
    AD12                                              0.000     0.000 r  i_sys_clk_p (IN)
                         net (fo=0)                   0.000     0.000    pll_inst/inst/clk_in1_p
    AD12                 IBUFDS (Prop_ibufds_I_O)     0.470     0.470 r  pll_inst/inst/clkin1_ibufgds/O
                         net (fo=1, routed)           0.554     1.024    pll_inst/inst/clk_in1_pll
    PLLE2_ADV_X1Y1       PLLE2_ADV (Prop_plle2_adv_CLKIN1_CLKOUT1)
                                                     -3.524    -2.500 r  pll_inst/inst/plle2_adv_inst/CLKOUT1
                         net (fo=1, routed)           1.027    -1.473    pll_inst/inst/clk_out2_pll
    BUFGCTRL_X0Y0        BUFG (Prop_bufg_I_O)         0.030    -1.443 r  pll_inst/inst/clkout2_buf/O
                         net (fo=1881, routed)        0.888    -0.555    student_top_inst/Core_cpu/SegReg_IF2_ID_inst/clk_out2
    SLICE_X51Y98         FDRE                                         r  student_top_inst/Core_cpu/SegReg_IF2_ID_inst/predict_target_id_reg[30]/C
                         clock pessimism              0.172    -0.384    
    SLICE_X51Y98         FDRE (Hold_fdre_C_D)         0.049    -0.335    student_top_inst/Core_cpu/SegReg_IF2_ID_inst/predict_target_id_reg[30]
  -------------------------------------------------------------------
                         required time                          0.335    
                         arrival time                          -0.229    
  -------------------------------------------------------------------
                         slack                                  0.106    

Slack (MET) :             0.106ns  (arrival time - required time)
  Source:                 student_top_inst/Core_cpu/SegReg_IF1_IF2_inst/predict_target_if2_reg[6]/C
                            (rising edge-triggered cell FDRE clocked by clk_out2_pll  {rise@0.000ns fall@2.778ns period=5.556ns})
  Destination:            student_top_inst/Core_cpu/SegReg_IF2_ID_inst/predict_target_id_reg[6]/D
                            (rising edge-triggered cell FDRE clocked by clk_out2_pll  {rise@0.000ns fall@2.778ns period=5.556ns})
  Path Group:             clk_out2_pll
  Path Type:              Hold (Min at Fast Process Corner)
  Requirement:            0.000ns  (clk_out2_pll rise@0.000ns - clk_out2_pll rise@0.000ns)
  Data Path Delay:        0.155ns  (logic 0.100ns (64.566%)  route 0.055ns (35.434%))
  Logic Levels:           0  
  Clock Path Skew:        0.000ns (DCD - SCD - CPR)
    Destination Clock Delay (DCD):    -0.555ns
    Source Clock Delay      (SCD):    -0.384ns
    Clock Pessimism Removal (CPR):    -0.172ns

    Location             Delay type                Incr(ns)  Path(ns)    Netlist Resource(s)
  -------------------------------------------------------------------    -------------------
                         (clock clk_out2_pll rise edge)
                                                      0.000     0.000 r  
    AD12                                              0.000     0.000 r  i_sys_clk_p (IN)
                         net (fo=0)                   0.000     0.000    pll_inst/inst/clk_in1_p
    AD12                 IBUFDS (Prop_ibufds_I_O)     0.388     0.388 r  pll_inst/inst/clkin1_ibufgds/O
                         net (fo=1, routed)           0.503     0.891    pll_inst/inst/clk_in1_pll
    PLLE2_ADV_X1Y1       PLLE2_ADV (Prop_plle2_adv_CLKIN1_CLKOUT1)
                                                     -2.908    -2.017 r  pll_inst/inst/plle2_adv_inst/CLKOUT1
                         net (fo=1, routed)           0.958    -1.059    pll_inst/inst/clk_out2_pll
    BUFGCTRL_X0Y0        BUFG (Prop_bufg_I_O)         0.026    -1.033 r  pll_inst/inst/clkout2_buf/O
                         net (fo=1881, routed)        0.649    -0.384    student_top_inst/Core_cpu/SegReg_IF1_IF2_inst/clk_out2
    SLICE_X51Y97         FDRE                                         r  student_top_inst/Core_cpu/SegReg_IF1_IF2_inst/predict_target_if2_reg[6]/C
  -------------------------------------------------------------------    -------------------
    SLICE_X51Y97         FDRE (Prop_fdre_C_Q)         0.100    -0.284 r  student_top_inst/Core_cpu/SegReg_IF1_IF2_inst/predict_target_if2_reg[6]/Q
                         net (fo=1, routed)           0.055    -0.229    student_top_inst/Core_cpu/SegReg_IF2_ID_inst/D[4]
    SLICE_X51Y97         FDRE                                         r  student_top_inst/Core_cpu/SegReg_IF2_ID_inst/predict_target_id_reg[6]/D
  -------------------------------------------------------------------    -------------------

                         (clock clk_out2_pll rise edge)
                                                      0.000     0.000 r  
    AD12                                              0.000     0.000 r  i_sys_clk_p (IN)
                         net (fo=0)                   0.000     0.000    pll_inst/inst/clk_in1_p
    AD12                 IBUFDS (Prop_ibufds_I_O)     0.470     0.470 r  pll_inst/inst/clkin1_ibufgds/O
                         net (fo=1, routed)           0.554     1.024    pll_inst/inst/clk_in1_pll
    PLLE2_ADV_X1Y1       PLLE2_ADV (Prop_plle2_adv_CLKIN1_CLKOUT1)
                                                     -3.524    -2.500 r  pll_inst/inst/plle2_adv_inst/CLKOUT1
                         net (fo=1, routed)           1.027    -1.473    pll_inst/inst/clk_out2_pll
    BUFGCTRL_X0Y0        BUFG (Prop_bufg_I_O)         0.030    -1.443 r  pll_inst/inst/clkout2_buf/O
                         net (fo=1881, routed)        0.888    -0.555    student_top_inst/Core_cpu/SegReg_IF2_ID_inst/clk_out2
    SLICE_X51Y97         FDRE                                         r  student_top_inst/Core_cpu/SegReg_IF2_ID_inst/predict_target_id_reg[6]/C
                         clock pessimism              0.172    -0.384    
    SLICE_X51Y97         FDRE (Hold_fdre_C_D)         0.049    -0.335    student_top_inst/Core_cpu/SegReg_IF2_ID_inst/predict_target_id_reg[6]
  -------------------------------------------------------------------
                         required time                          0.335    
                         arrival time                          -0.229    
  -------------------------------------------------------------------
                         slack                                  0.106    

Slack (MET) :             0.108ns  (arrival time - required time)
  Source:                 student_top_inst/Core_cpu/SegReg_IF1_IF2_inst/pc_if2_reg[11]/C
                            (rising edge-triggered cell FDRE clocked by clk_out2_pll  {rise@0.000ns fall@2.778ns period=5.556ns})
  Destination:            student_top_inst/Core_cpu/SegReg_IF2_ID_inst/pc_id_reg[11]/D
                            (rising edge-triggered cell FDRE clocked by clk_out2_pll  {rise@0.000ns fall@2.778ns period=5.556ns})
  Path Group:             clk_out2_pll
  Path Type:              Hold (Min at Fast Process Corner)
  Requirement:            0.000ns  (clk_out2_pll rise@0.000ns - clk_out2_pll rise@0.000ns)
  Data Path Delay:        0.155ns  (logic 0.100ns (64.566%)  route 0.055ns (35.434%))
  Logic Levels:           0  
  Clock Path Skew:        0.000ns (DCD - SCD - CPR)
    Destination Clock Delay (DCD):    -0.555ns
    Source Clock Delay      (SCD):    -0.384ns
    Clock Pessimism Removal (CPR):    -0.172ns

    Location             Delay type                Incr(ns)  Path(ns)    Netlist Resource(s)
  -------------------------------------------------------------------    -------------------
                         (clock clk_out2_pll rise edge)
                                                      0.000     0.000 r  
    AD12                                              0.000     0.000 r  i_sys_clk_p (IN)
                         net (fo=0)                   0.000     0.000    pll_inst/inst/clk_in1_p
    AD12                 IBUFDS (Prop_ibufds_I_O)     0.388     0.388 r  pll_inst/inst/clkin1_ibufgds/O
                         net (fo=1, routed)           0.503     0.891    pll_inst/inst/clk_in1_pll
    PLLE2_ADV_X1Y1       PLLE2_ADV (Prop_plle2_adv_CLKIN1_CLKOUT1)
                                                     -2.908    -2.017 r  pll_inst/inst/plle2_adv_inst/CLKOUT1
                         net (fo=1, routed)           0.958    -1.059    pll_inst/inst/clk_out2_pll
    BUFGCTRL_X0Y0        BUFG (Prop_bufg_I_O)         0.026    -1.033 r  pll_inst/inst/clkout2_buf/O
                         net (fo=1881, routed)        0.649    -0.384    student_top_inst/Core_cpu/SegReg_IF1_IF2_inst/clk_out2
    SLICE_X53Y97         FDRE                                         r  student_top_inst/Core_cpu/SegReg_IF1_IF2_inst/pc_if2_reg[11]/C
  -------------------------------------------------------------------    -------------------
    SLICE_X53Y97         FDRE (Prop_fdre_C_Q)         0.100    -0.284 r  student_top_inst/Core_cpu/SegReg_IF1_IF2_inst/pc_if2_reg[11]/Q
                         net (fo=1, routed)           0.055    -0.229    student_top_inst/Core_cpu/SegReg_IF2_ID_inst/pc_id_reg[31]_1[11]
    SLICE_X53Y97         FDRE                                         r  student_top_inst/Core_cpu/SegReg_IF2_ID_inst/pc_id_reg[11]/D
  -------------------------------------------------------------------    -------------------

                         (clock clk_out2_pll rise edge)
                                                      0.000     0.000 r  
    AD12                                              0.000     0.000 r  i_sys_clk_p (IN)
                         net (fo=0)                   0.000     0.000    pll_inst/inst/clk_in1_p
    AD12                 IBUFDS (Prop_ibufds_I_O)     0.470     0.470 r  pll_inst/inst/clkin1_ibufgds/O
                         net (fo=1, routed)           0.554     1.024    pll_inst/inst/clk_in1_pll
    PLLE2_ADV_X1Y1       PLLE2_ADV (Prop_plle2_adv_CLKIN1_CLKOUT1)
                                                     -3.524    -2.500 r  pll_inst/inst/plle2_adv_inst/CLKOUT1
                         net (fo=1, routed)           1.027    -1.473    pll_inst/inst/clk_out2_pll
    BUFGCTRL_X0Y0        BUFG (Prop_bufg_I_O)         0.030    -1.443 r  pll_inst/inst/clkout2_buf/O
                         net (fo=1881, routed)        0.888    -0.555    student_top_inst/Core_cpu/SegReg_IF2_ID_inst/clk_out2
    SLICE_X53Y97         FDRE                                         r  student_top_inst/Core_cpu/SegReg_IF2_ID_inst/pc_id_reg[11]/C
                         clock pessimism              0.172    -0.384    
    SLICE_X53Y97         FDRE (Hold_fdre_C_D)         0.047    -0.337    student_top_inst/Core_cpu/SegReg_IF2_ID_inst/pc_id_reg[11]
  -------------------------------------------------------------------
                         required time                          0.337    
                         arrival time                          -0.229    
  -------------------------------------------------------------------
                         slack                                  0.108    

Slack (MET) :             0.108ns  (arrival time - required time)
  Source:                 student_top_inst/Core_cpu/SegReg_IF1_IF2_inst/pc_if2_reg[15]/C
                            (rising edge-triggered cell FDRE clocked by clk_out2_pll  {rise@0.000ns fall@2.778ns period=5.556ns})
  Destination:            student_top_inst/Core_cpu/SegReg_IF2_ID_inst/pc_id_reg[15]/D
                            (rising edge-triggered cell FDRE clocked by clk_out2_pll  {rise@0.000ns fall@2.778ns period=5.556ns})
  Path Group:             clk_out2_pll
  Path Type:              Hold (Min at Fast Process Corner)
  Requirement:            0.000ns  (clk_out2_pll rise@0.000ns - clk_out2_pll rise@0.000ns)
  Data Path Delay:        0.155ns  (logic 0.100ns (64.566%)  route 0.055ns (35.434%))
  Logic Levels:           0  
  Clock Path Skew:        0.000ns (DCD - SCD - CPR)
    Destination Clock Delay (DCD):    -0.555ns
    Source Clock Delay      (SCD):    -0.384ns
    Clock Pessimism Removal (CPR):    -0.172ns

    Location             Delay type                Incr(ns)  Path(ns)    Netlist Resource(s)
  -------------------------------------------------------------------    -------------------
                         (clock clk_out2_pll rise edge)
                                                      0.000     0.000 r  
    AD12                                              0.000     0.000 r  i_sys_clk_p (IN)
                         net (fo=0)                   0.000     0.000    pll_inst/inst/clk_in1_p
    AD12                 IBUFDS (Prop_ibufds_I_O)     0.388     0.388 r  pll_inst/inst/clkin1_ibufgds/O
                         net (fo=1, routed)           0.503     0.891    pll_inst/inst/clk_in1_pll
    PLLE2_ADV_X1Y1       PLLE2_ADV (Prop_plle2_adv_CLKIN1_CLKOUT1)
                                                     -2.908    -2.017 r  pll_inst/inst/plle2_adv_inst/CLKOUT1
                         net (fo=1, routed)           0.958    -1.059    pll_inst/inst/clk_out2_pll
    BUFGCTRL_X0Y0        BUFG (Prop_bufg_I_O)         0.026    -1.033 r  pll_inst/inst/clkout2_buf/O
                         net (fo=1881, routed)        0.649    -0.384    student_top_inst/Core_cpu/SegReg_IF1_IF2_inst/clk_out2
    SLICE_X51Y98         FDRE                                         r  student_top_inst/Core_cpu/SegReg_IF1_IF2_inst/pc_if2_reg[15]/C
  -------------------------------------------------------------------    -------------------
    SLICE_X51Y98         FDRE (Prop_fdre_C_Q)         0.100    -0.284 r  student_top_inst/Core_cpu/SegReg_IF1_IF2_inst/pc_if2_reg[15]/Q
                         net (fo=1, routed)           0.055    -0.229    student_top_inst/Core_cpu/SegReg_IF2_ID_inst/pc_id_reg[31]_1[15]
    SLICE_X51Y98         FDRE                                         r  student_top_inst/Core_cpu/SegReg_IF2_ID_inst/pc_id_reg[15]/D
  -------------------------------------------------------------------    -------------------

                         (clock clk_out2_pll rise edge)
                                                      0.000     0.000 r  
    AD12                                              0.000     0.000 r  i_sys_clk_p (IN)
                         net (fo=0)                   0.000     0.000    pll_inst/inst/clk_in1_p
    AD12                 IBUFDS (Prop_ibufds_I_O)     0.470     0.470 r  pll_inst/inst/clkin1_ibufgds/O
                         net (fo=1, routed)           0.554     1.024    pll_inst/inst/clk_in1_pll
    PLLE2_ADV_X1Y1       PLLE2_ADV (Prop_plle2_adv_CLKIN1_CLKOUT1)
                                                     -3.524    -2.500 r  pll_inst/inst/plle2_adv_inst/CLKOUT1
                         net (fo=1, routed)           1.027    -1.473    pll_inst/inst/clk_out2_pll
    BUFGCTRL_X0Y0        BUFG (Prop_bufg_I_O)         0.030    -1.443 r  pll_inst/inst/clkout2_buf/O
                         net (fo=1881, routed)        0.888    -0.555    student_top_inst/Core_cpu/SegReg_IF2_ID_inst/clk_out2
    SLICE_X51Y98         FDRE                                         r  student_top_inst/Core_cpu/SegReg_IF2_ID_inst/pc_id_reg[15]/C
                         clock pessimism              0.172    -0.384    
    SLICE_X51Y98         FDRE (Hold_fdre_C_D)         0.047    -0.337    student_top_inst/Core_cpu/SegReg_IF2_ID_inst/pc_id_reg[15]
  -------------------------------------------------------------------
                         required time                          0.337    
                         arrival time                          -0.229    
  -------------------------------------------------------------------
                         slack                                  0.108    

Slack (MET) :             0.108ns  (arrival time - required time)
  Source:                 student_top_inst/Core_cpu/SegReg_IF1_IF2_inst/pc_if2_reg[27]/C
                            (rising edge-triggered cell FDRE clocked by clk_out2_pll  {rise@0.000ns fall@2.778ns period=5.556ns})
  Destination:            student_top_inst/Core_cpu/SegReg_IF2_ID_inst/pc_id_reg[27]/D
                            (rising edge-triggered cell FDRE clocked by clk_out2_pll  {rise@0.000ns fall@2.778ns period=5.556ns})
  Path Group:             clk_out2_pll
  Path Type:              Hold (Min at Fast Process Corner)
  Requirement:            0.000ns  (clk_out2_pll rise@0.000ns - clk_out2_pll rise@0.000ns)
  Data Path Delay:        0.155ns  (logic 0.100ns (64.566%)  route 0.055ns (35.434%))
  Logic Levels:           0  
  Clock Path Skew:        0.000ns (DCD - SCD - CPR)
    Destination Clock Delay (DCD):    -0.555ns
    Source Clock Delay      (SCD):    -0.384ns
    Clock Pessimism Removal (CPR):    -0.172ns

    Location             Delay type                Incr(ns)  Path(ns)    Netlist Resource(s)
  -------------------------------------------------------------------    -------------------
                         (clock clk_out2_pll rise edge)
                                                      0.000     0.000 r  
    AD12                                              0.000     0.000 r  i_sys_clk_p (IN)
                         net (fo=0)                   0.000     0.000    pll_inst/inst/clk_in1_p
    AD12                 IBUFDS (Prop_ibufds_I_O)     0.388     0.388 r  pll_inst/inst/clkin1_ibufgds/O
                         net (fo=1, routed)           0.503     0.891    pll_inst/inst/clk_in1_pll
    PLLE2_ADV_X1Y1       PLLE2_ADV (Prop_plle2_adv_CLKIN1_CLKOUT1)
                                                     -2.908    -2.017 r  pll_inst/inst/plle2_adv_inst/CLKOUT1
                         net (fo=1, routed)           0.958    -1.059    pll_inst/inst/clk_out2_pll
    BUFGCTRL_X0Y0        BUFG (Prop_bufg_I_O)         0.026    -1.033 r  pll_inst/inst/clkout2_buf/O
                         net (fo=1881, routed)        0.649    -0.384    student_top_inst/Core_cpu/SegReg_IF1_IF2_inst/clk_out2
    SLICE_X51Y97         FDRE                                         r  student_top_inst/Core_cpu/SegReg_IF1_IF2_inst/pc_if2_reg[27]/C
  -------------------------------------------------------------------    -------------------
    SLICE_X51Y97         FDRE (Prop_fdre_C_Q)         0.100    -0.284 r  student_top_inst/Core_cpu/SegReg_IF1_IF2_inst/pc_if2_reg[27]/Q
                         net (fo=1, routed)           0.055    -0.229    student_top_inst/Core_cpu/SegReg_IF2_ID_inst/pc_id_reg[31]_1[27]
    SLICE_X51Y97         FDRE                                         r  student_top_inst/Core_cpu/SegReg_IF2_ID_inst/pc_id_reg[27]/D
  -------------------------------------------------------------------    -------------------

                         (clock clk_out2_pll rise edge)
                                                      0.000     0.000 r  
    AD12                                              0.000     0.000 r  i_sys_clk_p (IN)
                         net (fo=0)                   0.000     0.000    pll_inst/inst/clk_in1_p
    AD12                 IBUFDS (Prop_ibufds_I_O)     0.470     0.470 r  pll_inst/inst/clkin1_ibufgds/O
                         net (fo=1, routed)           0.554     1.024    pll_inst/inst/clk_in1_pll
    PLLE2_ADV_X1Y1       PLLE2_ADV (Prop_plle2_adv_CLKIN1_CLKOUT1)
                                                     -3.524    -2.500 r  pll_inst/inst/plle2_adv_inst/CLKOUT1
                         net (fo=1, routed)           1.027    -1.473    pll_inst/inst/clk_out2_pll
    BUFGCTRL_X0Y0        BUFG (Prop_bufg_I_O)         0.030    -1.443 r  pll_inst/inst/clkout2_buf/O
                         net (fo=1881, routed)        0.888    -0.555    student_top_inst/Core_cpu/SegReg_IF2_ID_inst/clk_out2
    SLICE_X51Y97         FDRE                                         r  student_top_inst/Core_cpu/SegReg_IF2_ID_inst/pc_id_reg[27]/C
                         clock pessimism              0.172    -0.384    
    SLICE_X51Y97         FDRE (Hold_fdre_C_D)         0.047    -0.337    student_top_inst/Core_cpu/SegReg_IF2_ID_inst/pc_id_reg[27]
  -------------------------------------------------------------------
                         required time                          0.337    
                         arrival time                          -0.229    
  -------------------------------------------------------------------
                         slack                                  0.108    

Slack (MET) :             0.108ns  (arrival time - required time)
  Source:                 student_top_inst/Core_cpu/SegReg_IF1_IF2_inst/predict_target_if2_reg[29]/C
                            (rising edge-triggered cell FDRE clocked by clk_out2_pll  {rise@0.000ns fall@2.778ns period=5.556ns})
  Destination:            student_top_inst/Core_cpu/SegReg_IF2_ID_inst/predict_target_id_reg[29]/D
                            (rising edge-triggered cell FDRE clocked by clk_out2_pll  {rise@0.000ns fall@2.778ns period=5.556ns})
  Path Group:             clk_out2_pll
  Path Type:              Hold (Min at Fast Process Corner)
  Requirement:            0.000ns  (clk_out2_pll rise@0.000ns - clk_out2_pll rise@0.000ns)
  Data Path Delay:        0.155ns  (logic 0.100ns (64.566%)  route 0.055ns (35.434%))
  Logic Levels:           0  
  Clock Path Skew:        0.000ns (DCD - SCD - CPR)
    Destination Clock Delay (DCD):    -0.555ns
    Source Clock Delay      (SCD):    -0.384ns
    Clock Pessimism Removal (CPR):    -0.172ns

    Location             Delay type                Incr(ns)  Path(ns)    Netlist Resource(s)
  -------------------------------------------------------------------    -------------------
                         (clock clk_out2_pll rise edge)
                                                      0.000     0.000 r  
    AD12                                              0.000     0.000 r  i_sys_clk_p (IN)
                         net (fo=0)                   0.000     0.000    pll_inst/inst/clk_in1_p
    AD12                 IBUFDS (Prop_ibufds_I_O)     0.388     0.388 r  pll_inst/inst/clkin1_ibufgds/O
                         net (fo=1, routed)           0.503     0.891    pll_inst/inst/clk_in1_pll
    PLLE2_ADV_X1Y1       PLLE2_ADV (Prop_plle2_adv_CLKIN1_CLKOUT1)
                                                     -2.908    -2.017 r  pll_inst/inst/plle2_adv_inst/CLKOUT1
                         net (fo=1, routed)           0.958    -1.059    pll_inst/inst/clk_out2_pll
    BUFGCTRL_X0Y0        BUFG (Prop_bufg_I_O)         0.026    -1.033 r  pll_inst/inst/clkout2_buf/O
                         net (fo=1881, routed)        0.649    -0.384    student_top_inst/Core_cpu/SegReg_IF1_IF2_inst/clk_out2
    SLICE_X51Y98         FDRE                                         r  student_top_inst/Core_cpu/SegReg_IF1_IF2_inst/predict_target_if2_reg[29]/C
  -------------------------------------------------------------------    -------------------
    SLICE_X51Y98         FDRE (Prop_fdre_C_Q)         0.100    -0.284 r  student_top_inst/Core_cpu/SegReg_IF1_IF2_inst/predict_target_if2_reg[29]/Q
                         net (fo=1, routed)           0.055    -0.229    student_top_inst/Core_cpu/SegReg_IF2_ID_inst/D[27]
    SLICE_X51Y98         FDRE                                         r  student_top_inst/Core_cpu/SegReg_IF2_ID_inst/predict_target_id_reg[29]/D
  -------------------------------------------------------------------    -------------------

                         (clock clk_out2_pll rise edge)
                                                      0.000     0.000 r  
    AD12                                              0.000     0.000 r  i_sys_clk_p (IN)
                         net (fo=0)                   0.000     0.000    pll_inst/inst/clk_in1_p
    AD12                 IBUFDS (Prop_ibufds_I_O)     0.470     0.470 r  pll_inst/inst/clkin1_ibufgds/O
                         net (fo=1, routed)           0.554     1.024    pll_inst/inst/clk_in1_pll
    PLLE2_ADV_X1Y1       PLLE2_ADV (Prop_plle2_adv_CLKIN1_CLKOUT1)
                                                     -3.524    -2.500 r  pll_inst/inst/plle2_adv_inst/CLKOUT1
                         net (fo=1, routed)           1.027    -1.473    pll_inst/inst/clk_out2_pll
    BUFGCTRL_X0Y0        BUFG (Prop_bufg_I_O)         0.030    -1.443 r  pll_inst/inst/clkout2_buf/O
                         net (fo=1881, routed)        0.888    -0.555    student_top_inst/Core_cpu/SegReg_IF2_ID_inst/clk_out2
    SLICE_X51Y98         FDRE                                         r  student_top_inst/Core_cpu/SegReg_IF2_ID_inst/predict_target_id_reg[29]/C
                         clock pessimism              0.172    -0.384    
    SLICE_X51Y98         FDRE (Hold_fdre_C_D)         0.047    -0.337    student_top_inst/Core_cpu/SegReg_IF2_ID_inst/predict_target_id_reg[29]
  -------------------------------------------------------------------
                         required time                          0.337    
                         arrival time                          -0.229    
  -------------------------------------------------------------------
                         slack                                  0.108    

Slack (MET) :             0.108ns  (arrival time - required time)
  Source:                 student_top_inst/Core_cpu/SegReg_IF1_IF2_inst/predict_target_if2_reg[4]/C
                            (rising edge-triggered cell FDRE clocked by clk_out2_pll  {rise@0.000ns fall@2.778ns period=5.556ns})
  Destination:            student_top_inst/Core_cpu/SegReg_IF2_ID_inst/predict_target_id_reg[4]/D
                            (rising edge-triggered cell FDRE clocked by clk_out2_pll  {rise@0.000ns fall@2.778ns period=5.556ns})
  Path Group:             clk_out2_pll
  Path Type:              Hold (Min at Fast Process Corner)
  Requirement:            0.000ns  (clk_out2_pll rise@0.000ns - clk_out2_pll rise@0.000ns)
  Data Path Delay:        0.155ns  (logic 0.100ns (64.566%)  route 0.055ns (35.434%))
  Logic Levels:           0  
  Clock Path Skew:        0.000ns (DCD - SCD - CPR)
    Destination Clock Delay (DCD):    -0.555ns
    Source Clock Delay      (SCD):    -0.384ns
    Clock Pessimism Removal (CPR):    -0.172ns

    Location             Delay type                Incr(ns)  Path(ns)    Netlist Resource(s)
  -------------------------------------------------------------------    -------------------
                         (clock clk_out2_pll rise edge)
                                                      0.000     0.000 r  
    AD12                                              0.000     0.000 r  i_sys_clk_p (IN)
                         net (fo=0)                   0.000     0.000    pll_inst/inst/clk_in1_p
    AD12                 IBUFDS (Prop_ibufds_I_O)     0.388     0.388 r  pll_inst/inst/clkin1_ibufgds/O
                         net (fo=1, routed)           0.503     0.891    pll_inst/inst/clk_in1_pll
    PLLE2_ADV_X1Y1       PLLE2_ADV (Prop_plle2_adv_CLKIN1_CLKOUT1)
                                                     -2.908    -2.017 r  pll_inst/inst/plle2_adv_inst/CLKOUT1
                         net (fo=1, routed)           0.958    -1.059    pll_inst/inst/clk_out2_pll
    BUFGCTRL_X0Y0        BUFG (Prop_bufg_I_O)         0.026    -1.033 r  pll_inst/inst/clkout2_buf/O
                         net (fo=1881, routed)        0.649    -0.384    student_top_inst/Core_cpu/SegReg_IF1_IF2_inst/clk_out2
    SLICE_X51Y97         FDRE                                         r  student_top_inst/Core_cpu/SegReg_IF1_IF2_inst/predict_target_if2_reg[4]/C
  -------------------------------------------------------------------    -------------------
    SLICE_X51Y97         FDRE (Prop_fdre_C_Q)         0.100    -0.284 r  student_top_inst/Core_cpu/SegReg_IF1_IF2_inst/predict_target_if2_reg[4]/Q
                         net (fo=1, routed)           0.055    -0.229    student_top_inst/Core_cpu/SegReg_IF2_ID_inst/D[2]
    SLICE_X51Y97         FDRE                                         r  student_top_inst/Core_cpu/SegReg_IF2_ID_inst/predict_target_id_reg[4]/D
  -------------------------------------------------------------------    -------------------

                         (clock clk_out2_pll rise edge)
                                                      0.000     0.000 r  
    AD12                                              0.000     0.000 r  i_sys_clk_p (IN)
                         net (fo=0)                   0.000     0.000    pll_inst/inst/clk_in1_p
    AD12                 IBUFDS (Prop_ibufds_I_O)     0.470     0.470 r  pll_inst/inst/clkin1_ibufgds/O
                         net (fo=1, routed)           0.554     1.024    pll_inst/inst/clk_in1_pll
    PLLE2_ADV_X1Y1       PLLE2_ADV (Prop_plle2_adv_CLKIN1_CLKOUT1)
                                                     -3.524    -2.500 r  pll_inst/inst/plle2_adv_inst/CLKOUT1
                         net (fo=1, routed)           1.027    -1.473    pll_inst/inst/clk_out2_pll
    BUFGCTRL_X0Y0        BUFG (Prop_bufg_I_O)         0.030    -1.443 r  pll_inst/inst/clkout2_buf/O
                         net (fo=1881, routed)        0.888    -0.555    student_top_inst/Core_cpu/SegReg_IF2_ID_inst/clk_out2
    SLICE_X51Y97         FDRE                                         r  student_top_inst/Core_cpu/SegReg_IF2_ID_inst/predict_target_id_reg[4]/C
                         clock pessimism              0.172    -0.384    
    SLICE_X51Y97         FDRE (Hold_fdre_C_D)         0.047    -0.337    student_top_inst/Core_cpu/SegReg_IF2_ID_inst/predict_target_id_reg[4]
  -------------------------------------------------------------------
                         required time                          0.337    
                         arrival time                          -0.229    
  -------------------------------------------------------------------
                         slack                                  0.108    

Slack (MET) :             0.111ns  (arrival time - required time)
  Source:                 student_top_inst/Core_cpu/SegReg_IF1_IF2_inst/pc_if2_reg[21]/C
                            (rising edge-triggered cell FDRE clocked by clk_out2_pll  {rise@0.000ns fall@2.778ns period=5.556ns})
  Destination:            student_top_inst/Core_cpu/SegReg_IF2_ID_inst/pc_id_reg[21]/D
                            (rising edge-triggered cell FDRE clocked by clk_out2_pll  {rise@0.000ns fall@2.778ns period=5.556ns})
  Path Group:             clk_out2_pll
  Path Type:              Hold (Min at Fast Process Corner)
  Requirement:            0.000ns  (clk_out2_pll rise@0.000ns - clk_out2_pll rise@0.000ns)
  Data Path Delay:        0.155ns  (logic 0.100ns (64.566%)  route 0.055ns (35.434%))
  Logic Levels:           0  
  Clock Path Skew:        0.000ns (DCD - SCD - CPR)
    Destination Clock Delay (DCD):    -0.555ns
    Source Clock Delay      (SCD):    -0.384ns
    Clock Pessimism Removal (CPR):    -0.172ns

    Location             Delay type                Incr(ns)  Path(ns)    Netlist Resource(s)
  -------------------------------------------------------------------    -------------------
                         (clock clk_out2_pll rise edge)
                                                      0.000     0.000 r  
    AD12                                              0.000     0.000 r  i_sys_clk_p (IN)
                         net (fo=0)                   0.000     0.000    pll_inst/inst/clk_in1_p
    AD12                 IBUFDS (Prop_ibufds_I_O)     0.388     0.388 r  pll_inst/inst/clkin1_ibufgds/O
                         net (fo=1, routed)           0.503     0.891    pll_inst/inst/clk_in1_pll
    PLLE2_ADV_X1Y1       PLLE2_ADV (Prop_plle2_adv_CLKIN1_CLKOUT1)
                                                     -2.908    -2.017 r  pll_inst/inst/plle2_adv_inst/CLKOUT1
                         net (fo=1, routed)           0.958    -1.059    pll_inst/inst/clk_out2_pll
    BUFGCTRL_X0Y0        BUFG (Prop_bufg_I_O)         0.026    -1.033 r  pll_inst/inst/clkout2_buf/O
                         net (fo=1881, routed)        0.649    -0.384    student_top_inst/Core_cpu/SegReg_IF1_IF2_inst/clk_out2
    SLICE_X51Y98         FDRE                                         r  student_top_inst/Core_cpu/SegReg_IF1_IF2_inst/pc_if2_reg[21]/C
  -------------------------------------------------------------------    -------------------
    SLICE_X51Y98         FDRE (Prop_fdre_C_Q)         0.100    -0.284 r  student_top_inst/Core_cpu/SegReg_IF1_IF2_inst/pc_if2_reg[21]/Q
                         net (fo=1, routed)           0.055    -0.229    student_top_inst/Core_cpu/SegReg_IF2_ID_inst/pc_id_reg[31]_1[21]
    SLICE_X51Y98         FDRE                                         r  student_top_inst/Core_cpu/SegReg_IF2_ID_inst/pc_id_reg[21]/D
  -------------------------------------------------------------------    -------------------

                         (clock clk_out2_pll rise edge)
                                                      0.000     0.000 r  
    AD12                                              0.000     0.000 r  i_sys_clk_p (IN)
                         net (fo=0)                   0.000     0.000    pll_inst/inst/clk_in1_p
    AD12                 IBUFDS (Prop_ibufds_I_O)     0.470     0.470 r  pll_inst/inst/clkin1_ibufgds/O
                         net (fo=1, routed)           0.554     1.024    pll_inst/inst/clk_in1_pll
    PLLE2_ADV_X1Y1       PLLE2_ADV (Prop_plle2_adv_CLKIN1_CLKOUT1)
                                                     -3.524    -2.500 r  pll_inst/inst/plle2_adv_inst/CLKOUT1
                         net (fo=1, routed)           1.027    -1.473    pll_inst/inst/clk_out2_pll
    BUFGCTRL_X0Y0        BUFG (Prop_bufg_I_O)         0.030    -1.443 r  pll_inst/inst/clkout2_buf/O
                         net (fo=1881, routed)        0.888    -0.555    student_top_inst/Core_cpu/SegReg_IF2_ID_inst/clk_out2
    SLICE_X51Y98         FDRE                                         r  student_top_inst/Core_cpu/SegReg_IF2_ID_inst/pc_id_reg[21]/C
                         clock pessimism              0.172    -0.384    
    SLICE_X51Y98         FDRE (Hold_fdre_C_D)         0.044    -0.340    student_top_inst/Core_cpu/SegReg_IF2_ID_inst/pc_id_reg[21]
  -------------------------------------------------------------------
                         required time                          0.340    
                         arrival time                          -0.229    
  -------------------------------------------------------------------
                         slack                                  0.111    

Slack (MET) :             0.111ns  (arrival time - required time)
  Source:                 student_top_inst/Core_cpu/SegReg_IF1_IF2_inst/pc_if2_reg[4]/C
                            (rising edge-triggered cell FDRE clocked by clk_out2_pll  {rise@0.000ns fall@2.778ns period=5.556ns})
  Destination:            student_top_inst/Core_cpu/SegReg_IF2_ID_inst/pc_id_reg[4]/D
                            (rising edge-triggered cell FDRE clocked by clk_out2_pll  {rise@0.000ns fall@2.778ns period=5.556ns})
  Path Group:             clk_out2_pll
  Path Type:              Hold (Min at Fast Process Corner)
  Requirement:            0.000ns  (clk_out2_pll rise@0.000ns - clk_out2_pll rise@0.000ns)
  Data Path Delay:        0.155ns  (logic 0.100ns (64.566%)  route 0.055ns (35.434%))
  Logic Levels:           0  
  Clock Path Skew:        0.000ns (DCD - SCD - CPR)
    Destination Clock Delay (DCD):    -0.555ns
    Source Clock Delay      (SCD):    -0.384ns
    Clock Pessimism Removal (CPR):    -0.172ns

    Location             Delay type                Incr(ns)  Path(ns)    Netlist Resource(s)
  -------------------------------------------------------------------    -------------------
                         (clock clk_out2_pll rise edge)
                                                      0.000     0.000 r  
    AD12                                              0.000     0.000 r  i_sys_clk_p (IN)
                         net (fo=0)                   0.000     0.000    pll_inst/inst/clk_in1_p
    AD12                 IBUFDS (Prop_ibufds_I_O)     0.388     0.388 r  pll_inst/inst/clkin1_ibufgds/O
                         net (fo=1, routed)           0.503     0.891    pll_inst/inst/clk_in1_pll
    PLLE2_ADV_X1Y1       PLLE2_ADV (Prop_plle2_adv_CLKIN1_CLKOUT1)
                                                     -2.908    -2.017 r  pll_inst/inst/plle2_adv_inst/CLKOUT1
                         net (fo=1, routed)           0.958    -1.059    pll_inst/inst/clk_out2_pll
    BUFGCTRL_X0Y0        BUFG (Prop_bufg_I_O)         0.026    -1.033 r  pll_inst/inst/clkout2_buf/O
                         net (fo=1881, routed)        0.649    -0.384    student_top_inst/Core_cpu/SegReg_IF1_IF2_inst/clk_out2
    SLICE_X51Y99         FDRE                                         r  student_top_inst/Core_cpu/SegReg_IF1_IF2_inst/pc_if2_reg[4]/C
  -------------------------------------------------------------------    -------------------
    SLICE_X51Y99         FDRE (Prop_fdre_C_Q)         0.100    -0.284 r  student_top_inst/Core_cpu/SegReg_IF1_IF2_inst/pc_if2_reg[4]/Q
                         net (fo=1, routed)           0.055    -0.229    student_top_inst/Core_cpu/SegReg_IF2_ID_inst/pc_id_reg[31]_1[4]
    SLICE_X51Y99         FDRE                                         r  student_top_inst/Core_cpu/SegReg_IF2_ID_inst/pc_id_reg[4]/D
  -------------------------------------------------------------------    -------------------

                         (clock clk_out2_pll rise edge)
                                                      0.000     0.000 r  
    AD12                                              0.000     0.000 r  i_sys_clk_p (IN)
                         net (fo=0)                   0.000     0.000    pll_inst/inst/clk_in1_p
    AD12                 IBUFDS (Prop_ibufds_I_O)     0.470     0.470 r  pll_inst/inst/clkin1_ibufgds/O
                         net (fo=1, routed)           0.554     1.024    pll_inst/inst/clk_in1_pll
    PLLE2_ADV_X1Y1       PLLE2_ADV (Prop_plle2_adv_CLKIN1_CLKOUT1)
                                                     -3.524    -2.500 r  pll_inst/inst/plle2_adv_inst/CLKOUT1
                         net (fo=1, routed)           1.027    -1.473    pll_inst/inst/clk_out2_pll
    BUFGCTRL_X0Y0        BUFG (Prop_bufg_I_O)         0.030    -1.443 r  pll_inst/inst/clkout2_buf/O
                         net (fo=1881, routed)        0.888    -0.555    student_top_inst/Core_cpu/SegReg_IF2_ID_inst/clk_out2
    SLICE_X51Y99         FDRE                                         r  student_top_inst/Core_cpu/SegReg_IF2_ID_inst/pc_id_reg[4]/C
                         clock pessimism              0.172    -0.384    
    SLICE_X51Y99         FDRE (Hold_fdre_C_D)         0.044    -0.340    student_top_inst/Core_cpu/SegReg_IF2_ID_inst/pc_id_reg[4]
  -------------------------------------------------------------------
                         required time                          0.340    
                         arrival time                          -0.229    
  -------------------------------------------------------------------
                         slack                                  0.111    

Slack (MET) :             0.111ns  (arrival time - required time)
  Source:                 student_top_inst/Core_cpu/SegReg_IF1_IF2_inst/predict_target_if2_reg[16]/C
                            (rising edge-triggered cell FDRE clocked by clk_out2_pll  {rise@0.000ns fall@2.778ns period=5.556ns})
  Destination:            student_top_inst/Core_cpu/SegReg_IF2_ID_inst/predict_target_id_reg[16]/D
                            (rising edge-triggered cell FDRE clocked by clk_out2_pll  {rise@0.000ns fall@2.778ns period=5.556ns})
  Path Group:             clk_out2_pll
  Path Type:              Hold (Min at Fast Process Corner)
  Requirement:            0.000ns  (clk_out2_pll rise@0.000ns - clk_out2_pll rise@0.000ns)
  Data Path Delay:        0.155ns  (logic 0.100ns (64.566%)  route 0.055ns (35.434%))
  Logic Levels:           0  
  Clock Path Skew:        0.000ns (DCD - SCD - CPR)
    Destination Clock Delay (DCD):    -0.555ns
    Source Clock Delay      (SCD):    -0.384ns
    Clock Pessimism Removal (CPR):    -0.172ns

    Location             Delay type                Incr(ns)  Path(ns)    Netlist Resource(s)
  -------------------------------------------------------------------    -------------------
                         (clock clk_out2_pll rise edge)
                                                      0.000     0.000 r  
    AD12                                              0.000     0.000 r  i_sys_clk_p (IN)
                         net (fo=0)                   0.000     0.000    pll_inst/inst/clk_in1_p
    AD12                 IBUFDS (Prop_ibufds_I_O)     0.388     0.388 r  pll_inst/inst/clkin1_ibufgds/O
                         net (fo=1, routed)           0.503     0.891    pll_inst/inst/clk_in1_pll
    PLLE2_ADV_X1Y1       PLLE2_ADV (Prop_plle2_adv_CLKIN1_CLKOUT1)
                                                     -2.908    -2.017 r  pll_inst/inst/plle2_adv_inst/CLKOUT1
                         net (fo=1, routed)           0.958    -1.059    pll_inst/inst/clk_out2_pll
    BUFGCTRL_X0Y0        BUFG (Prop_bufg_I_O)         0.026    -1.033 r  pll_inst/inst/clkout2_buf/O
                         net (fo=1881, routed)        0.649    -0.384    student_top_inst/Core_cpu/SegReg_IF1_IF2_inst/clk_out2
    SLICE_X53Y98         FDRE                                         r  student_top_inst/Core_cpu/SegReg_IF1_IF2_inst/predict_target_if2_reg[16]/C
  -------------------------------------------------------------------    -------------------
    SLICE_X53Y98         FDRE (Prop_fdre_C_Q)         0.100    -0.284 r  student_top_inst/Core_cpu/SegReg_IF1_IF2_inst/predict_target_if2_reg[16]/Q
                         net (fo=1, routed)           0.055    -0.229    student_top_inst/Core_cpu/SegReg_IF2_ID_inst/D[14]
    SLICE_X53Y98         FDRE                                         r  student_top_inst/Core_cpu/SegReg_IF2_ID_inst/predict_target_id_reg[16]/D
  -------------------------------------------------------------------    -------------------

                         (clock clk_out2_pll rise edge)
                                                      0.000     0.000 r  
    AD12                                              0.000     0.000 r  i_sys_clk_p (IN)
                         net (fo=0)                   0.000     0.000    pll_inst/inst/clk_in1_p
    AD12                 IBUFDS (Prop_ibufds_I_O)     0.470     0.470 r  pll_inst/inst/clkin1_ibufgds/O
                         net (fo=1, routed)           0.554     1.024    pll_inst/inst/clk_in1_pll
    PLLE2_ADV_X1Y1       PLLE2_ADV (Prop_plle2_adv_CLKIN1_CLKOUT1)
                                                     -3.524    -2.500 r  pll_inst/inst/plle2_adv_inst/CLKOUT1
                         net (fo=1, routed)           1.027    -1.473    pll_inst/inst/clk_out2_pll
    BUFGCTRL_X0Y0        BUFG (Prop_bufg_I_O)         0.030    -1.443 r  pll_inst/inst/clkout2_buf/O
                         net (fo=1881, routed)        0.888    -0.555    student_top_inst/Core_cpu/SegReg_IF2_ID_inst/clk_out2
    SLICE_X53Y98         FDRE                                         r  student_top_inst/Core_cpu/SegReg_IF2_ID_inst/predict_target_id_reg[16]/C
                         clock pessimism              0.172    -0.384    
    SLICE_X53Y98         FDRE (Hold_fdre_C_D)         0.044    -0.340    student_top_inst/Core_cpu/SegReg_IF2_ID_inst/predict_target_id_reg[16]
  -------------------------------------------------------------------
                         required time                          0.340    
                         arrival time                          -0.229    
  -------------------------------------------------------------------
                         slack                                  0.111    





Pulse Width Checks
--------------------------------------------------------------------------------------
Clock Name:         clk_out2_pll
Waveform(ns):       { 0.000 2.778 }
Period(ns):         5.556
Sources:            { pll_inst/inst/plle2_adv_inst/CLKOUT1 }

Check Type        Corner  Lib Pin             Reference Pin  Required(ns)  Actual(ns)  Slack(ns)  Location        Pin
Min Period        n/a     RAMB36E1/CLKARDCLK  n/a            1.839         5.556       3.717      RAMB36_X3Y19    student_top_inst/Mem_IROM/U0/inst_blk_mem_gen/gnbram.gnativebmg.native_blk_mem_gen/valid.cstr/ramloop[0].ram.r/prim_init.ram/DEVICE_7SERIES.NO_BMM_INFO.SP.SIMPLE_PRIM36.ram/CLKARDCLK
Min Period        n/a     RAMB36E1/CLKBWRCLK  n/a            1.839         5.556       3.717      RAMB36_X3Y19    student_top_inst/Mem_IROM/U0/inst_blk_mem_gen/gnbram.gnativebmg.native_blk_mem_gen/valid.cstr/ramloop[0].ram.r/prim_init.ram/DEVICE_7SERIES.NO_BMM_INFO.SP.SIMPLE_PRIM36.ram/CLKBWRCLK
Min Period        n/a     RAMB36E1/CLKARDCLK  n/a            1.839         5.556       3.717      RAMB36_X3Y18    student_top_inst/Mem_IROM/U0/inst_blk_mem_gen/gnbram.gnativebmg.native_blk_mem_gen/valid.cstr/ramloop[1].ram.r/prim_init.ram/DEVICE_7SERIES.NO_BMM_INFO.SP.SIMPLE_PRIM36.ram/CLKARDCLK
Min Period        n/a     RAMB36E1/CLKBWRCLK  n/a            1.839         5.556       3.717      RAMB36_X3Y18    student_top_inst/Mem_IROM/U0/inst_blk_mem_gen/gnbram.gnativebmg.native_blk_mem_gen/valid.cstr/ramloop[1].ram.r/prim_init.ram/DEVICE_7SERIES.NO_BMM_INFO.SP.SIMPLE_PRIM36.ram/CLKBWRCLK
Min Period        n/a     RAMB36E1/CLKARDCLK  n/a            1.839         5.556       3.717      RAMB36_X3Y17    student_top_inst/Mem_IROM/U0/inst_blk_mem_gen/gnbram.gnativebmg.native_blk_mem_gen/valid.cstr/ramloop[2].ram.r/prim_init.ram/DEVICE_7SERIES.NO_BMM_INFO.SP.SIMPLE_PRIM36.ram/CLKARDCLK
Min Period        n/a     RAMB36E1/CLKBWRCLK  n/a            1.839         5.556       3.717      RAMB36_X3Y17    student_top_inst/Mem_IROM/U0/inst_blk_mem_gen/gnbram.gnativebmg.native_blk_mem_gen/valid.cstr/ramloop[2].ram.r/prim_init.ram/DEVICE_7SERIES.NO_BMM_INFO.SP.SIMPLE_PRIM36.ram/CLKBWRCLK
Min Period        n/a     RAMB36E1/CLKARDCLK  n/a            1.839         5.556       3.717      RAMB36_X2Y24    student_top_inst/Mem_IROM/U0/inst_blk_mem_gen/gnbram.gnativebmg.native_blk_mem_gen/valid.cstr/ramloop[3].ram.r/prim_init.ram/DEVICE_7SERIES.NO_BMM_INFO.SP.SIMPLE_PRIM36.ram/CLKARDCLK
Min Period        n/a     RAMB36E1/CLKBWRCLK  n/a            1.839         5.556       3.717      RAMB36_X2Y24    student_top_inst/Mem_IROM/U0/inst_blk_mem_gen/gnbram.gnativebmg.native_blk_mem_gen/valid.cstr/ramloop[3].ram.r/prim_init.ram/DEVICE_7SERIES.NO_BMM_INFO.SP.SIMPLE_PRIM36.ram/CLKBWRCLK
Min Period        n/a     RAMB36E1/CLKARDCLK  n/a            1.839         5.556       3.717      RAMB36_X1Y8     student_top_inst/bridge_inst/dram_driver_inst/Mem_DRAM/U0/inst_blk_mem_gen/gnbram.gnativebmg.native_blk_mem_gen/valid.cstr/ramloop[0].ram.r/prim_init.ram/DEVICE_7SERIES.NO_BMM_INFO.SP.SIMPLE_PRIM36.ram/CLKARDCLK
Min Period        n/a     RAMB36E1/CLKBWRCLK  n/a            1.839         5.556       3.717      RAMB36_X1Y8     student_top_inst/bridge_inst/dram_driver_inst/Mem_DRAM/U0/inst_blk_mem_gen/gnbram.gnativebmg.native_blk_mem_gen/valid.cstr/ramloop[0].ram.r/prim_init.ram/DEVICE_7SERIES.NO_BMM_INFO.SP.SIMPLE_PRIM36.ram/CLKBWRCLK
Max Period        n/a     PLLE2_ADV/CLKOUT1   n/a            160.000       5.556       154.444    PLLE2_ADV_X1Y1  pll_inst/inst/plle2_adv_inst/CLKOUT1
Low Pulse Width   Slow    RAMS64E/CLK         n/a            0.768         2.778       2.010      SLICE_X52Y119   student_top_inst/Core_cpu/BPU_inst/bht_reg_0_63_0_0/SP/CLK
Low Pulse Width   Fast    RAMS64E/CLK         n/a            0.768         2.778       2.010      SLICE_X52Y119   student_top_inst/Core_cpu/BPU_inst/bht_reg_0_63_0_0/SP/CLK
Low Pulse Width   Slow    RAMD64E/CLK         n/a            0.768         2.778       2.010      SLICE_X52Y119   student_top_inst/Core_cpu/BPU_inst/bht_reg_0_63_1_1/DP/CLK
Low Pulse Width   Fast    RAMD64E/CLK         n/a            0.768         2.778       2.010      SLICE_X52Y119   student_top_inst/Core_cpu/BPU_inst/bht_reg_0_63_1_1/DP/CLK
Low Pulse Width   Slow    RAMD64E/CLK         n/a            0.768         2.778       2.010      SLICE_X52Y119   student_top_inst/Core_cpu/BPU_inst/bht_reg_0_63_1_1/SP/CLK
Low Pulse Width   Fast    RAMD64E/CLK         n/a            0.768         2.778       2.010      SLICE_X52Y119   student_top_inst/Core_cpu/BPU_inst/bht_reg_0_63_1_1/SP/CLK
Low Pulse Width   Slow    RAMD64E/CLK         n/a            0.768         2.778       2.010      SLICE_X46Y95    student_top_inst/Core_cpu/BPU_inst/btb_reg_0_63_0_2/RAMA/CLK
Low Pulse Width   Fast    RAMD64E/CLK         n/a            0.768         2.778       2.010      SLICE_X46Y95    student_top_inst/Core_cpu/BPU_inst/btb_reg_0_63_0_2/RAMA/CLK
Low Pulse Width   Slow    RAMD64E/CLK         n/a            0.768         2.778       2.010      SLICE_X46Y95    student_top_inst/Core_cpu/BPU_inst/btb_reg_0_63_0_2/RAMB/CLK
Low Pulse Width   Fast    RAMD64E/CLK         n/a            0.768         2.778       2.010      SLICE_X46Y95    student_top_inst/Core_cpu/BPU_inst/btb_reg_0_63_0_2/RAMB/CLK
High Pulse Width  Slow    RAMS64E/CLK         n/a            0.768         2.778       2.010      SLICE_X52Y119   student_top_inst/Core_cpu/BPU_inst/bht_reg_0_63_0_0/SP/CLK
High Pulse Width  Fast    RAMS64E/CLK         n/a            0.768         2.778       2.010      SLICE_X52Y119   student_top_inst/Core_cpu/BPU_inst/bht_reg_0_63_0_0/SP/CLK
High Pulse Width  Slow    RAMD64E/CLK         n/a            0.768         2.778       2.010      SLICE_X52Y119   student_top_inst/Core_cpu/BPU_inst/bht_reg_0_63_1_1/DP/CLK
High Pulse Width  Fast    RAMD64E/CLK         n/a            0.768         2.778       2.010      SLICE_X52Y119   student_top_inst/Core_cpu/BPU_inst/bht_reg_0_63_1_1/DP/CLK
High Pulse Width  Slow    RAMD64E/CLK         n/a            0.768         2.778       2.010      SLICE_X52Y119   student_top_inst/Core_cpu/BPU_inst/bht_reg_0_63_1_1/SP/CLK
High Pulse Width  Fast    RAMD64E/CLK         n/a            0.768         2.778       2.010      SLICE_X52Y119   student_top_inst/Core_cpu/BPU_inst/bht_reg_0_63_1_1/SP/CLK
High Pulse Width  Slow    RAMD64E/CLK         n/a            0.768         2.778       2.010      SLICE_X46Y95    student_top_inst/Core_cpu/BPU_inst/btb_reg_0_63_0_2/RAMA/CLK
High Pulse Width  Fast    RAMD64E/CLK         n/a            0.768         2.778       2.010      SLICE_X46Y95    student_top_inst/Core_cpu/BPU_inst/btb_reg_0_63_0_2/RAMA/CLK
High Pulse Width  Slow    RAMD64E/CLK         n/a            0.768         2.778       2.010      SLICE_X46Y95    student_top_inst/Core_cpu/BPU_inst/btb_reg_0_63_0_2/RAMB/CLK
High Pulse Width  Fast    RAMD64E/CLK         n/a            0.768         2.778       2.010      SLICE_X46Y95    student_top_inst/Core_cpu/BPU_inst/btb_reg_0_63_0_2/RAMB/CLK



---------------------------------------------------------------------------------------------------
From Clock:  clkfbout_pll
  To Clock:  clkfbout_pll

Setup :           NA  Failing Endpoints,  Worst Slack           NA  ,  Total Violation           NA
Hold  :           NA  Failing Endpoints,  Worst Slack           NA  ,  Total Violation           NA
PW    :            0  Failing Endpoints,  Worst Slack        8.592ns,  Total Violation        0.000ns
---------------------------------------------------------------------------------------------------


Pulse Width Checks
--------------------------------------------------------------------------------------
Clock Name:         clkfbout_pll
Waveform(ns):       { 0.000 5.000 }
Period(ns):         10.000
Sources:            { pll_inst/inst/plle2_adv_inst/CLKFBOUT }

Check Type  Corner  Lib Pin             Reference Pin  Required(ns)  Actual(ns)  Slack(ns)  Location        Pin
Min Period  n/a     BUFG/I              n/a            1.408         10.000      8.591      BUFGCTRL_X0Y2   pll_inst/inst/clkf_buf/I
Min Period  n/a     PLLE2_ADV/CLKFBOUT  n/a            1.071         10.000      8.929      PLLE2_ADV_X1Y1  pll_inst/inst/plle2_adv_inst/CLKFBOUT
Min Period  n/a     PLLE2_ADV/CLKFBIN   n/a            1.071         10.000      8.929      PLLE2_ADV_X1Y1  pll_inst/inst/plle2_adv_inst/CLKFBIN
Max Period  n/a     PLLE2_ADV/CLKFBIN   n/a            52.633        10.000      42.633     PLLE2_ADV_X1Y1  pll_inst/inst/plle2_adv_inst/CLKFBIN
Max Period  n/a     PLLE2_ADV/CLKFBOUT  n/a            160.000       10.000      150.000    PLLE2_ADV_X1Y1  pll_inst/inst/plle2_adv_inst/CLKFBOUT



--------------------------------------------------------------------------------------
Path Group:  (none)
From Clock:  clk_out2_pll
  To Clock:  clk_out1_pll

Max Delay            63 Endpoints
Min Delay            63 Endpoints
--------------------------------------------------------------------------------------


Max Delay Paths
--------------------------------------------------------------------------------------
Slack:                    inf
  Source:                 student_top_inst/Core_cpu/SegReg_LS_WB_inst/inst_wb_reg[11]/C
                            (rising edge-triggered cell FDRE clocked by clk_out2_pll  {rise@0.000ns fall@2.778ns period=5.556ns})
  Destination:            student_top_inst/bridge_inst/counter_inst/start_reg/D
                            (rising edge-triggered cell FDRE clocked by clk_out1_pll  {rise@0.000ns fall@10.000ns period=20.000ns})
  Path Group:             (none)
  Path Type:              Setup (Max at Slow Process Corner)
  Data Path Delay:        6.325ns  (logic 1.024ns (16.189%)  route 5.301ns (83.811%))
  Logic Levels:           11  (CARRY4=1 LUT2=1 LUT4=2 LUT5=1 LUT6=6)
  Clock Path Skew:        0.339ns (DCD - SCD + CPR)
    Destination Clock Delay (DCD):    -1.884ns
    Source Clock Delay      (SCD):    -2.222ns
    Clock Pessimism Removal (CPR):    0.000ns
  Clock Uncertainty:      0.206ns  ((TSJ^2 + DJ^2)^1/2) / 2 + PE
    Total System Jitter     (TSJ):    0.071ns
    Discrete Jitter          (DJ):    0.157ns
    Phase Error              (PE):    0.120ns
  Timing Exception:       Asynchronous Clock Groups

    Location             Delay type                Incr(ns)  Path(ns)    Netlist Resource(s)
  -------------------------------------------------------------------    -------------------
                         (clock clk_out2_pll rise edge)
                                                      0.000     0.000 r  
    AD12                                              0.000     0.000 r  i_sys_clk_p (IN)
                         net (fo=0)                   0.000     0.000    pll_inst/inst/clk_in1_p
    AD12                 IBUFDS (Prop_ibufds_I_O)     0.906     0.906 r  pll_inst/inst/clkin1_ibufgds/O
                         net (fo=1, routed)           1.098     2.004    pll_inst/inst/clk_in1_pll
    PLLE2_ADV_X1Y1       PLLE2_ADV (Prop_plle2_adv_CLKIN1_CLKOUT1)
                                                     -8.058    -6.054 r  pll_inst/inst/plle2_adv_inst/CLKOUT1
                         net (fo=1, routed)           2.128    -3.926    pll_inst/inst/clk_out2_pll
    BUFGCTRL_X0Y0        BUFG (Prop_bufg_I_O)         0.093    -3.833 r  pll_inst/inst/clkout2_buf/O
                         net (fo=1881, routed)        1.611    -2.222    student_top_inst/Core_cpu/SegReg_LS_WB_inst/clk_out2
    SLICE_X47Y77         FDRE                                         r  student_top_inst/Core_cpu/SegReg_LS_WB_inst/inst_wb_reg[11]/C
  -------------------------------------------------------------------    -------------------
    SLICE_X47Y77         FDRE (Prop_fdre_C_Q)         0.223    -1.999 r  student_top_inst/Core_cpu/SegReg_LS_WB_inst/inst_wb_reg[11]/Q
                         net (fo=36, routed)          0.454    -1.545    student_top_inst/Core_cpu/SegReg_LS_WB_inst/inst_wb_reg_n_0_[11]
    SLICE_X47Y78         LUT6 (Prop_lut6_I2_O)        0.043    -1.502 r  student_top_inst/Core_cpu/SegReg_LS_WB_inst/seg_wdata[7]_i_8/O
                         net (fo=2, routed)           0.445    -1.058    student_top_inst/Core_cpu/SegReg_LS_WB_inst/Hazard_inst/p_5_in
    SLICE_X47Y77         LUT6 (Prop_lut6_I0_O)        0.043    -1.015 r  student_top_inst/Core_cpu/SegReg_LS_WB_inst/seg_wdata[7]_i_5/O
                         net (fo=34, routed)          0.539    -0.476    student_top_inst/Core_cpu/ALU_rf_data2_mux/forward2_en0
    SLICE_X43Y82         LUT5 (Prop_lut5_I4_O)        0.043    -0.433 r  student_top_inst/Core_cpu/ALU_rf_data2_mux/seg_wdata[25]_i_2/O
                         net (fo=13, routed)          0.449     0.017    student_top_inst/Core_cpu/ALU_rs2_mux/alu_rf_data2[17]
    SLICE_X36Y86         LUT4 (Prop_lut4_I0_O)        0.043     0.060 r  student_top_inst/Core_cpu/ALU_rs2_mux/alu_result_ls[25]_i_10/O
                         net (fo=2, routed)           0.469     0.529    student_top_inst/Core_cpu/SegReg_ID_EX_inst/alu_rs2[25]
    SLICE_X31Y85         LUT4 (Prop_lut4_I3_O)        0.043     0.572 r  student_top_inst/Core_cpu/SegReg_ID_EX_inst/alu_result_ls[0]_i_24/O
                         net (fo=2, routed)           0.383     0.954    student_top_inst/Core_cpu/SegReg_ID_EX_inst/alu_result_ls[0]_i_24_n_0
    SLICE_X33Y85         CARRY4 (Prop_carry4_DI[0]_CO[3])
                                                      0.269     1.223 f  student_top_inst/Core_cpu/SegReg_ID_EX_inst/alu_result_ls_reg[0]_i_13/CO[3]
                         net (fo=1, routed)           0.411     1.634    student_top_inst/Core_cpu/SegReg_ID_EX_inst/ALU_inst/data3
    SLICE_X31Y86         LUT6 (Prop_lut6_I0_O)        0.043     1.677 f  student_top_inst/Core_cpu/SegReg_ID_EX_inst/alu_result_ls[0]_i_5/O
                         net (fo=1, routed)           0.554     2.231    student_top_inst/Core_cpu/SegReg_ID_EX_inst/alu_result_ls[0]_i_5_n_0
    SLICE_X31Y76         LUT6 (Prop_lut6_I5_O)        0.043     2.274 f  student_top_inst/Core_cpu/SegReg_ID_EX_inst/alu_result_ls[0]_i_1/O
                         net (fo=7, routed)           0.480     2.755    student_top_inst/Core_cpu/SegReg_ID_EX_inst/perip_addr[0]
    SLICE_X32Y80         LUT2 (Prop_lut2_I0_O)        0.053     2.808 f  student_top_inst/Core_cpu/SegReg_ID_EX_inst/LED[23]_i_5/O
                         net (fo=1, routed)           0.261     3.068    student_top_inst/Core_cpu/SegReg_ID_EX_inst/LED[23]_i_5_n_0
    SLICE_X33Y80         LUT6 (Prop_lut6_I3_O)        0.135     3.203 r  student_top_inst/Core_cpu/SegReg_ID_EX_inst/LED[23]_i_2/O
                         net (fo=4, routed)           0.857     4.060    student_top_inst/Core_cpu/SegReg_ID_EX_inst/seg_wdata[23]_i_7_0
    SLICE_X48Y89         LUT6 (Prop_lut6_I3_O)        0.043     4.103 r  student_top_inst/Core_cpu/SegReg_ID_EX_inst/start_i_1/O
                         net (fo=1, routed)           0.000     4.103    student_top_inst/bridge_inst/counter_inst/start_reg_0
    SLICE_X48Y89         FDRE                                         r  student_top_inst/bridge_inst/counter_inst/start_reg/D
  -------------------------------------------------------------------    -------------------

                         (clock clk_out1_pll rise edge)
                                                      0.000     0.000 r  
    AD12                                              0.000     0.000 r  i_sys_clk_p (IN)
                         net (fo=0)                   0.000     0.000    pll_inst/inst/clk_in1_p
    AD12                 IBUFDS (Prop_ibufds_I_O)     0.803     0.803 r  pll_inst/inst/clkin1_ibufgds/O
                         net (fo=1, routed)           1.001     1.804    pll_inst/inst/clk_in1_pll
    PLLE2_ADV_X1Y1       PLLE2_ADV (Prop_plle2_adv_CLKIN1_CLKOUT0)
                                                     -7.261    -5.457 r  pll_inst/inst/plle2_adv_inst/CLKOUT0
                         net (fo=1, routed)           2.003    -3.454    pll_inst/inst/clk_out1_pll
    BUFGCTRL_X0Y1        BUFG (Prop_bufg_I_O)         0.083    -3.371 r  pll_inst/inst/clkout1_buf/O
                         net (fo=353, routed)         1.487    -1.884    student_top_inst/bridge_inst/counter_inst/clk_out1
    SLICE_X48Y89         FDRE                                         r  student_top_inst/bridge_inst/counter_inst/start_reg/C

Slack:                    inf
  Source:                 student_top_inst/bridge_inst/seg_driver/count_reg[4]/C
                            (rising edge-triggered cell FDCE clocked by clk_out2_pll  {rise@0.000ns fall@2.778ns period=5.556ns})
  Destination:            twin_controller_inst/status_buffer_reg[1][1]/D
                            (rising edge-triggered cell FDCE clocked by clk_out1_pll  {rise@0.000ns fall@10.000ns period=20.000ns})
  Path Group:             (none)
  Path Type:              Setup (Max at Fast Process Corner)
  Data Path Delay:        2.895ns  (logic 0.215ns (7.428%)  route 2.680ns (92.572%))
  Logic Levels:           1  (LUT1=1)
  Clock Path Skew:        0.226ns (DCD - SCD + CPR)
    Destination Clock Delay (DCD):    -0.385ns
    Source Clock Delay      (SCD):    -0.610ns
    Clock Pessimism Removal (CPR):    0.000ns
  Clock Uncertainty:      0.206ns  ((TSJ^2 + DJ^2)^1/2) / 2 + PE
    Total System Jitter     (TSJ):    0.071ns
    Discrete Jitter          (DJ):    0.157ns
    Phase Error              (PE):    0.120ns
  Timing Exception:       Asynchronous Clock Groups

    Location             Delay type                Incr(ns)  Path(ns)    Netlist Resource(s)
  -------------------------------------------------------------------    -------------------
                         (clock clk_out2_pll rise edge)
                                                      0.000     0.000 r  
    AD12                                              0.000     0.000 r  i_sys_clk_p (IN)
                         net (fo=0)                   0.000     0.000    pll_inst/inst/clk_in1_p
    AD12                 IBUFDS (Prop_ibufds_I_O)     0.470     0.470 r  pll_inst/inst/clkin1_ibufgds/O
                         net (fo=1, routed)           0.554     1.024    pll_inst/inst/clk_in1_pll
    PLLE2_ADV_X1Y1       PLLE2_ADV (Prop_plle2_adv_CLKIN1_CLKOUT1)
                                                     -3.524    -2.500 r  pll_inst/inst/plle2_adv_inst/CLKOUT1
                         net (fo=1, routed)           1.027    -1.473    pll_inst/inst/clk_out2_pll
    BUFGCTRL_X0Y0        BUFG (Prop_bufg_I_O)         0.030    -1.443 r  pll_inst/inst/clkout2_buf/O
                         net (fo=1881, routed)        0.833    -0.610    student_top_inst/bridge_inst/seg_driver/clk_out2
    SLICE_X42Y125        FDCE                                         r  student_top_inst/bridge_inst/seg_driver/count_reg[4]/C
  -------------------------------------------------------------------    -------------------
    SLICE_X42Y125        FDCE (Prop_fdce_C_Q)         0.133    -0.477 f  student_top_inst/bridge_inst/seg_driver/count_reg[4]/Q
                         net (fo=47, routed)          0.967     0.489    student_top_inst/bridge_inst/seg_driver/Q[0]
    SLICE_X20Y168        LUT1 (Prop_lut1_I0_O)        0.082     0.571 r  student_top_inst/bridge_inst/seg_driver/virtual_seg_OBUF[39]_inst_i_1/O
                         net (fo=5, routed)           1.713     2.284    twin_controller_inst/virtual_seg_OBUF[8]
    SLICE_X60Y99         FDCE                                         r  twin_controller_inst/status_buffer_reg[1][1]/D
  -------------------------------------------------------------------    -------------------

                         (clock clk_out1_pll rise edge)
                                                      0.000     0.000 r  
    AD12                                              0.000     0.000 r  i_sys_clk_p (IN)
                         net (fo=0)                   0.000     0.000    pll_inst/inst/clk_in1_p
    AD12                 IBUFDS (Prop_ibufds_I_O)     0.388     0.388 r  pll_inst/inst/clkin1_ibufgds/O
                         net (fo=1, routed)           0.503     0.891    pll_inst/inst/clk_in1_pll
    PLLE2_ADV_X1Y1       PLLE2_ADV (Prop_plle2_adv_CLKIN1_CLKOUT0)
                                                     -2.908    -2.017 r  pll_inst/inst/plle2_adv_inst/CLKOUT0
                         net (fo=1, routed)           0.958    -1.059    pll_inst/inst/clk_out1_pll
    BUFGCTRL_X0Y1        BUFG (Prop_bufg_I_O)         0.026    -1.033 r  pll_inst/inst/clkout1_buf/O
                         net (fo=353, routed)         0.648    -0.385    twin_controller_inst/CLK
    SLICE_X60Y99         FDCE                                         r  twin_controller_inst/status_buffer_reg[1][1]/C

Slack:                    inf
  Source:                 student_top_inst/bridge_inst/seg_driver/count_reg[4]/C
                            (rising edge-triggered cell FDCE clocked by clk_out2_pll  {rise@0.000ns fall@2.778ns period=5.556ns})
  Destination:            twin_controller_inst/status_buffer_reg[0][5]/D
                            (rising edge-triggered cell FDCE clocked by clk_out1_pll  {rise@0.000ns fall@10.000ns period=20.000ns})
  Path Group:             (none)
  Path Type:              Setup (Max at Fast Process Corner)
  Data Path Delay:        2.465ns  (logic 0.309ns (12.533%)  route 2.156ns (87.467%))
  Logic Levels:           2  (LUT3=1 LUT6=1)
  Clock Path Skew:        0.226ns (DCD - SCD + CPR)
    Destination Clock Delay (DCD):    -0.385ns
    Source Clock Delay      (SCD):    -0.610ns
    Clock Pessimism Removal (CPR):    0.000ns
  Clock Uncertainty:      0.206ns  ((TSJ^2 + DJ^2)^1/2) / 2 + PE
    Total System Jitter     (TSJ):    0.071ns
    Discrete Jitter          (DJ):    0.157ns
    Phase Error              (PE):    0.120ns
  Timing Exception:       Asynchronous Clock Groups

    Location             Delay type                Incr(ns)  Path(ns)    Netlist Resource(s)
  -------------------------------------------------------------------    -------------------
                         (clock clk_out2_pll rise edge)
                                                      0.000     0.000 r  
    AD12                                              0.000     0.000 r  i_sys_clk_p (IN)
                         net (fo=0)                   0.000     0.000    pll_inst/inst/clk_in1_p
    AD12                 IBUFDS (Prop_ibufds_I_O)     0.470     0.470 r  pll_inst/inst/clkin1_ibufgds/O
                         net (fo=1, routed)           0.554     1.024    pll_inst/inst/clk_in1_pll
    PLLE2_ADV_X1Y1       PLLE2_ADV (Prop_plle2_adv_CLKIN1_CLKOUT1)
                                                     -3.524    -2.500 r  pll_inst/inst/plle2_adv_inst/CLKOUT1
                         net (fo=1, routed)           1.027    -1.473    pll_inst/inst/clk_out2_pll
    BUFGCTRL_X0Y0        BUFG (Prop_bufg_I_O)         0.030    -1.443 r  pll_inst/inst/clkout2_buf/O
                         net (fo=1881, routed)        0.833    -0.610    student_top_inst/bridge_inst/seg_driver/clk_out2
    SLICE_X42Y125        FDCE                                         r  student_top_inst/bridge_inst/seg_driver/count_reg[4]/C
  -------------------------------------------------------------------    -------------------
    SLICE_X42Y125        FDCE (Prop_fdce_C_Q)         0.133    -0.477 r  student_top_inst/bridge_inst/seg_driver/count_reg[4]/Q
                         net (fo=47, routed)          1.471     0.993    student_top_inst/bridge_inst/seg_driver/Q[0]
    SLICE_X54Y89         LUT3 (Prop_lut3_I1_O)        0.087     1.080 r  student_top_inst/bridge_inst/seg_driver/virtual_seg_OBUF[6]_inst_i_4/O
                         net (fo=7, routed)           0.299     1.379    student_top_inst/bridge_inst/seg_driver/virtual_seg_OBUF[6]_inst_i_4_n_0
    SLICE_X57Y89         LUT6 (Prop_lut6_I0_O)        0.089     1.468 r  student_top_inst/bridge_inst/seg_driver/virtual_seg_OBUF[5]_inst_i_1/O
                         net (fo=2, routed)           0.387     1.855    twin_controller_inst/virtual_seg_OBUF[5]
    SLICE_X60Y99         FDCE                                         r  twin_controller_inst/status_buffer_reg[0][5]/D
  -------------------------------------------------------------------    -------------------

                         (clock clk_out1_pll rise edge)
                                                      0.000     0.000 r  
    AD12                                              0.000     0.000 r  i_sys_clk_p (IN)
                         net (fo=0)                   0.000     0.000    pll_inst/inst/clk_in1_p
    AD12                 IBUFDS (Prop_ibufds_I_O)     0.388     0.388 r  pll_inst/inst/clkin1_ibufgds/O
                         net (fo=1, routed)           0.503     0.891    pll_inst/inst/clk_in1_pll
    PLLE2_ADV_X1Y1       PLLE2_ADV (Prop_plle2_adv_CLKIN1_CLKOUT0)
                                                     -2.908    -2.017 r  pll_inst/inst/plle2_adv_inst/CLKOUT0
                         net (fo=1, routed)           0.958    -1.059    pll_inst/inst/clk_out1_pll
    BUFGCTRL_X0Y1        BUFG (Prop_bufg_I_O)         0.026    -1.033 r  pll_inst/inst/clkout1_buf/O
                         net (fo=353, routed)         0.648    -0.385    twin_controller_inst/CLK
    SLICE_X60Y99         FDCE                                         r  twin_controller_inst/status_buffer_reg[0][5]/C

Slack:                    inf
  Source:                 student_top_inst/bridge_inst/seg_driver/count_reg[4]/C
                            (rising edge-triggered cell FDCE clocked by clk_out2_pll  {rise@0.000ns fall@2.778ns period=5.556ns})
  Destination:            twin_controller_inst/status_buffer_reg[0][6]/D
                            (rising edge-triggered cell FDCE clocked by clk_out1_pll  {rise@0.000ns fall@10.000ns period=20.000ns})
  Path Group:             (none)
  Path Type:              Setup (Max at Fast Process Corner)
  Data Path Delay:        2.391ns  (logic 0.309ns (12.924%)  route 2.082ns (87.076%))
  Logic Levels:           2  (LUT3=1 LUT6=1)
  Clock Path Skew:        0.224ns (DCD - SCD + CPR)
    Destination Clock Delay (DCD):    -0.387ns
    Source Clock Delay      (SCD):    -0.610ns
    Clock Pessimism Removal (CPR):    0.000ns
  Clock Uncertainty:      0.206ns  ((TSJ^2 + DJ^2)^1/2) / 2 + PE
    Total System Jitter     (TSJ):    0.071ns
    Discrete Jitter          (DJ):    0.157ns
    Phase Error              (PE):    0.120ns
  Timing Exception:       Asynchronous Clock Groups

    Location             Delay type                Incr(ns)  Path(ns)    Netlist Resource(s)
  -------------------------------------------------------------------    -------------------
                         (clock clk_out2_pll rise edge)
                                                      0.000     0.000 r  
    AD12                                              0.000     0.000 r  i_sys_clk_p (IN)
                         net (fo=0)                   0.000     0.000    pll_inst/inst/clk_in1_p
    AD12                 IBUFDS (Prop_ibufds_I_O)     0.470     0.470 r  pll_inst/inst/clkin1_ibufgds/O
                         net (fo=1, routed)           0.554     1.024    pll_inst/inst/clk_in1_pll
    PLLE2_ADV_X1Y1       PLLE2_ADV (Prop_plle2_adv_CLKIN1_CLKOUT1)
                                                     -3.524    -2.500 r  pll_inst/inst/plle2_adv_inst/CLKOUT1
                         net (fo=1, routed)           1.027    -1.473    pll_inst/inst/clk_out2_pll
    BUFGCTRL_X0Y0        BUFG (Prop_bufg_I_O)         0.030    -1.443 r  pll_inst/inst/clkout2_buf/O
                         net (fo=1881, routed)        0.833    -0.610    student_top_inst/bridge_inst/seg_driver/clk_out2
    SLICE_X42Y125        FDCE                                         r  student_top_inst/bridge_inst/seg_driver/count_reg[4]/C
  -------------------------------------------------------------------    -------------------
    SLICE_X42Y125        FDCE (Prop_fdce_C_Q)         0.133    -0.477 r  student_top_inst/bridge_inst/seg_driver/count_reg[4]/Q
                         net (fo=47, routed)          1.471     0.993    student_top_inst/bridge_inst/seg_driver/Q[0]
    SLICE_X54Y89         LUT3 (Prop_lut3_I1_O)        0.087     1.080 r  student_top_inst/bridge_inst/seg_driver/virtual_seg_OBUF[6]_inst_i_4/O
                         net (fo=7, routed)           0.301     1.381    student_top_inst/bridge_inst/seg_driver/virtual_seg_OBUF[6]_inst_i_4_n_0
    SLICE_X57Y89         LUT6 (Prop_lut6_I5_O)        0.089     1.470 r  student_top_inst/bridge_inst/seg_driver/virtual_seg_OBUF[6]_inst_i_1/O
                         net (fo=2, routed)           0.310     1.781    twin_controller_inst/virtual_seg_OBUF[6]
    SLICE_X62Y95         FDCE                                         r  twin_controller_inst/status_buffer_reg[0][6]/D
  -------------------------------------------------------------------    -------------------

                         (clock clk_out1_pll rise edge)
                                                      0.000     0.000 r  
    AD12                                              0.000     0.000 r  i_sys_clk_p (IN)
                         net (fo=0)                   0.000     0.000    pll_inst/inst/clk_in1_p
    AD12                 IBUFDS (Prop_ibufds_I_O)     0.388     0.388 r  pll_inst/inst/clkin1_ibufgds/O
                         net (fo=1, routed)           0.503     0.891    pll_inst/inst/clk_in1_pll
    PLLE2_ADV_X1Y1       PLLE2_ADV (Prop_plle2_adv_CLKIN1_CLKOUT0)
                                                     -2.908    -2.017 r  pll_inst/inst/plle2_adv_inst/CLKOUT0
                         net (fo=1, routed)           0.958    -1.059    pll_inst/inst/clk_out1_pll
    BUFGCTRL_X0Y1        BUFG (Prop_bufg_I_O)         0.026    -1.033 r  pll_inst/inst/clkout1_buf/O
                         net (fo=353, routed)         0.646    -0.387    twin_controller_inst/CLK
    SLICE_X62Y95         FDCE                                         r  twin_controller_inst/status_buffer_reg[0][6]/C

Slack:                    inf
  Source:                 student_top_inst/bridge_inst/seg_driver/count_reg[4]/C
                            (rising edge-triggered cell FDCE clocked by clk_out2_pll  {rise@0.000ns fall@2.778ns period=5.556ns})
  Destination:            twin_controller_inst/status_buffer_reg[0][3]/D
                            (rising edge-triggered cell FDCE clocked by clk_out1_pll  {rise@0.000ns fall@10.000ns period=20.000ns})
  Path Group:             (none)
  Path Type:              Setup (Max at Fast Process Corner)
  Data Path Delay:        2.362ns  (logic 0.309ns (13.083%)  route 2.053ns (86.917%))
  Logic Levels:           2  (LUT3=1 LUT6=1)
  Clock Path Skew:        0.226ns (DCD - SCD + CPR)
    Destination Clock Delay (DCD):    -0.385ns
    Source Clock Delay      (SCD):    -0.610ns
    Clock Pessimism Removal (CPR):    0.000ns
  Clock Uncertainty:      0.206ns  ((TSJ^2 + DJ^2)^1/2) / 2 + PE
    Total System Jitter     (TSJ):    0.071ns
    Discrete Jitter          (DJ):    0.157ns
    Phase Error              (PE):    0.120ns
  Timing Exception:       Asynchronous Clock Groups

    Location             Delay type                Incr(ns)  Path(ns)    Netlist Resource(s)
  -------------------------------------------------------------------    -------------------
                         (clock clk_out2_pll rise edge)
                                                      0.000     0.000 r  
    AD12                                              0.000     0.000 r  i_sys_clk_p (IN)
                         net (fo=0)                   0.000     0.000    pll_inst/inst/clk_in1_p
    AD12                 IBUFDS (Prop_ibufds_I_O)     0.470     0.470 r  pll_inst/inst/clkin1_ibufgds/O
                         net (fo=1, routed)           0.554     1.024    pll_inst/inst/clk_in1_pll
    PLLE2_ADV_X1Y1       PLLE2_ADV (Prop_plle2_adv_CLKIN1_CLKOUT1)
                                                     -3.524    -2.500 r  pll_inst/inst/plle2_adv_inst/CLKOUT1
                         net (fo=1, routed)           1.027    -1.473    pll_inst/inst/clk_out2_pll
    BUFGCTRL_X0Y0        BUFG (Prop_bufg_I_O)         0.030    -1.443 r  pll_inst/inst/clkout2_buf/O
                         net (fo=1881, routed)        0.833    -0.610    student_top_inst/bridge_inst/seg_driver/clk_out2
    SLICE_X42Y125        FDCE                                         r  student_top_inst/bridge_inst/seg_driver/count_reg[4]/C
  -------------------------------------------------------------------    -------------------
    SLICE_X42Y125        FDCE (Prop_fdce_C_Q)         0.133    -0.477 r  student_top_inst/bridge_inst/seg_driver/count_reg[4]/Q
                         net (fo=47, routed)          1.471     0.993    student_top_inst/bridge_inst/seg_driver/Q[0]
    SLICE_X54Y89         LUT3 (Prop_lut3_I1_O)        0.087     1.080 r  student_top_inst/bridge_inst/seg_driver/virtual_seg_OBUF[6]_inst_i_4/O
                         net (fo=7, routed)           0.226     1.306    student_top_inst/bridge_inst/seg_driver/virtual_seg_OBUF[6]_inst_i_4_n_0
    SLICE_X56Y89         LUT6 (Prop_lut6_I0_O)        0.089     1.395 r  student_top_inst/bridge_inst/seg_driver/virtual_seg_OBUF[3]_inst_i_1/O
                         net (fo=2, routed)           0.356     1.751    twin_controller_inst/virtual_seg_OBUF[3]
    SLICE_X61Y98         FDCE                                         r  twin_controller_inst/status_buffer_reg[0][3]/D
  -------------------------------------------------------------------    -------------------

                         (clock clk_out1_pll rise edge)
                                                      0.000     0.000 r  
    AD12                                              0.000     0.000 r  i_sys_clk_p (IN)
                         net (fo=0)                   0.000     0.000    pll_inst/inst/clk_in1_p
    AD12                 IBUFDS (Prop_ibufds_I_O)     0.388     0.388 r  pll_inst/inst/clkin1_ibufgds/O
                         net (fo=1, routed)           0.503     0.891    pll_inst/inst/clk_in1_pll
    PLLE2_ADV_X1Y1       PLLE2_ADV (Prop_plle2_adv_CLKIN1_CLKOUT0)
                                                     -2.908    -2.017 r  pll_inst/inst/plle2_adv_inst/CLKOUT0
                         net (fo=1, routed)           0.958    -1.059    pll_inst/inst/clk_out1_pll
    BUFGCTRL_X0Y1        BUFG (Prop_bufg_I_O)         0.026    -1.033 r  pll_inst/inst/clkout1_buf/O
                         net (fo=353, routed)         0.648    -0.385    twin_controller_inst/CLK
    SLICE_X61Y98         FDCE                                         r  twin_controller_inst/status_buffer_reg[0][3]/C

Slack:                    inf
  Source:                 student_top_inst/bridge_inst/seg_driver/count_reg[4]/C
                            (rising edge-triggered cell FDCE clocked by clk_out2_pll  {rise@0.000ns fall@2.778ns period=5.556ns})
  Destination:            twin_controller_inst/status_buffer_reg[0][4]/D
                            (rising edge-triggered cell FDCE clocked by clk_out1_pll  {rise@0.000ns fall@10.000ns period=20.000ns})
  Path Group:             (none)
  Path Type:              Setup (Max at Fast Process Corner)
  Data Path Delay:        2.282ns  (logic 0.309ns (13.543%)  route 1.973ns (86.457%))
  Logic Levels:           2  (LUT3=1 LUT6=1)
  Clock Path Skew:        0.225ns (DCD - SCD + CPR)
    Destination Clock Delay (DCD):    -0.386ns
    Source Clock Delay      (SCD):    -0.610ns
    Clock Pessimism Removal (CPR):    0.000ns
  Clock Uncertainty:      0.206ns  ((TSJ^2 + DJ^2)^1/2) / 2 + PE
    Total System Jitter     (TSJ):    0.071ns
    Discrete Jitter          (DJ):    0.157ns
    Phase Error              (PE):    0.120ns
  Timing Exception:       Asynchronous Clock Groups

    Location             Delay type                Incr(ns)  Path(ns)    Netlist Resource(s)
  -------------------------------------------------------------------    -------------------
                         (clock clk_out2_pll rise edge)
                                                      0.000     0.000 r  
    AD12                                              0.000     0.000 r  i_sys_clk_p (IN)
                         net (fo=0)                   0.000     0.000    pll_inst/inst/clk_in1_p
    AD12                 IBUFDS (Prop_ibufds_I_O)     0.470     0.470 r  pll_inst/inst/clkin1_ibufgds/O
                         net (fo=1, routed)           0.554     1.024    pll_inst/inst/clk_in1_pll
    PLLE2_ADV_X1Y1       PLLE2_ADV (Prop_plle2_adv_CLKIN1_CLKOUT1)
                                                     -3.524    -2.500 r  pll_inst/inst/plle2_adv_inst/CLKOUT1
                         net (fo=1, routed)           1.027    -1.473    pll_inst/inst/clk_out2_pll
    BUFGCTRL_X0Y0        BUFG (Prop_bufg_I_O)         0.030    -1.443 r  pll_inst/inst/clkout2_buf/O
                         net (fo=1881, routed)        0.833    -0.610    student_top_inst/bridge_inst/seg_driver/clk_out2
    SLICE_X42Y125        FDCE                                         r  student_top_inst/bridge_inst/seg_driver/count_reg[4]/C
  -------------------------------------------------------------------    -------------------
    SLICE_X42Y125        FDCE (Prop_fdce_C_Q)         0.133    -0.477 r  student_top_inst/bridge_inst/seg_driver/count_reg[4]/Q
                         net (fo=47, routed)          1.471     0.993    student_top_inst/bridge_inst/seg_driver/Q[0]
    SLICE_X54Y89         LUT3 (Prop_lut3_I1_O)        0.087     1.080 r  student_top_inst/bridge_inst/seg_driver/virtual_seg_OBUF[6]_inst_i_4/O
                         net (fo=7, routed)           0.227     1.307    student_top_inst/bridge_inst/seg_driver/virtual_seg_OBUF[6]_inst_i_4_n_0
    SLICE_X56Y89         LUT6 (Prop_lut6_I0_O)        0.089     1.396 r  student_top_inst/bridge_inst/seg_driver/virtual_seg_OBUF[4]_inst_i_1/O
                         net (fo=2, routed)           0.275     1.671    twin_controller_inst/virtual_seg_OBUF[4]
    SLICE_X60Y96         FDCE                                         r  twin_controller_inst/status_buffer_reg[0][4]/D
  -------------------------------------------------------------------    -------------------

                         (clock clk_out1_pll rise edge)
                                                      0.000     0.000 r  
    AD12                                              0.000     0.000 r  i_sys_clk_p (IN)
                         net (fo=0)                   0.000     0.000    pll_inst/inst/clk_in1_p
    AD12                 IBUFDS (Prop_ibufds_I_O)     0.388     0.388 r  pll_inst/inst/clkin1_ibufgds/O
                         net (fo=1, routed)           0.503     0.891    pll_inst/inst/clk_in1_pll
    PLLE2_ADV_X1Y1       PLLE2_ADV (Prop_plle2_adv_CLKIN1_CLKOUT0)
                                                     -2.908    -2.017 r  pll_inst/inst/plle2_adv_inst/CLKOUT0
                         net (fo=1, routed)           0.958    -1.059    pll_inst/inst/clk_out1_pll
    BUFGCTRL_X0Y1        BUFG (Prop_bufg_I_O)         0.026    -1.033 r  pll_inst/inst/clkout1_buf/O
                         net (fo=353, routed)         0.647    -0.386    twin_controller_inst/CLK
    SLICE_X60Y96         FDCE                                         r  twin_controller_inst/status_buffer_reg[0][4]/C

Slack:                    inf
  Source:                 student_top_inst/bridge_inst/seg_driver/count_reg[4]/C
                            (rising edge-triggered cell FDCE clocked by clk_out2_pll  {rise@0.000ns fall@2.778ns period=5.556ns})
  Destination:            twin_controller_inst/status_buffer_reg[1][5]/D
                            (rising edge-triggered cell FDCE clocked by clk_out1_pll  {rise@0.000ns fall@10.000ns period=20.000ns})
  Path Group:             (none)
  Path Type:              Setup (Max at Fast Process Corner)
  Data Path Delay:        2.248ns  (logic 0.303ns (13.482%)  route 1.945ns (86.518%))
  Logic Levels:           2  (LUT3=1 LUT6=1)
  Clock Path Skew:        0.226ns (DCD - SCD + CPR)
    Destination Clock Delay (DCD):    -0.385ns
    Source Clock Delay      (SCD):    -0.610ns
    Clock Pessimism Removal (CPR):    0.000ns
  Clock Uncertainty:      0.206ns  ((TSJ^2 + DJ^2)^1/2) / 2 + PE
    Total System Jitter     (TSJ):    0.071ns
    Discrete Jitter          (DJ):    0.157ns
    Phase Error              (PE):    0.120ns
  Timing Exception:       Asynchronous Clock Groups

    Location             Delay type                Incr(ns)  Path(ns)    Netlist Resource(s)
  -------------------------------------------------------------------    -------------------
                         (clock clk_out2_pll rise edge)
                                                      0.000     0.000 r  
    AD12                                              0.000     0.000 r  i_sys_clk_p (IN)
                         net (fo=0)                   0.000     0.000    pll_inst/inst/clk_in1_p
    AD12                 IBUFDS (Prop_ibufds_I_O)     0.470     0.470 r  pll_inst/inst/clkin1_ibufgds/O
                         net (fo=1, routed)           0.554     1.024    pll_inst/inst/clk_in1_pll
    PLLE2_ADV_X1Y1       PLLE2_ADV (Prop_plle2_adv_CLKIN1_CLKOUT1)
                                                     -3.524    -2.500 r  pll_inst/inst/plle2_adv_inst/CLKOUT1
                         net (fo=1, routed)           1.027    -1.473    pll_inst/inst/clk_out2_pll
    BUFGCTRL_X0Y0        BUFG (Prop_bufg_I_O)         0.030    -1.443 r  pll_inst/inst/clkout2_buf/O
                         net (fo=1881, routed)        0.833    -0.610    student_top_inst/bridge_inst/seg_driver/clk_out2
    SLICE_X42Y125        FDCE                                         r  student_top_inst/bridge_inst/seg_driver/count_reg[4]/C
  -------------------------------------------------------------------    -------------------
    SLICE_X42Y125        FDCE (Prop_fdce_C_Q)         0.133    -0.477 r  student_top_inst/bridge_inst/seg_driver/count_reg[4]/Q
                         net (fo=47, routed)          1.293     0.816    student_top_inst/bridge_inst/seg_driver/Q[0]
    SLICE_X60Y91         LUT3 (Prop_lut3_I1_O)        0.085     0.901 r  student_top_inst/bridge_inst/seg_driver/virtual_seg_OBUF[16]_inst_i_3/O
                         net (fo=7, routed)           0.312     1.214    student_top_inst/bridge_inst/seg_driver/virtual_seg_OBUF[16]_inst_i_3_n_0
    SLICE_X60Y90         LUT6 (Prop_lut6_I1_O)        0.085     1.299 r  student_top_inst/bridge_inst/seg_driver/virtual_seg_OBUF[13]_inst_i_1/O
                         net (fo=2, routed)           0.339     1.637    twin_controller_inst/virtual_seg_OBUF[12]
    SLICE_X61Y98         FDCE                                         r  twin_controller_inst/status_buffer_reg[1][5]/D
  -------------------------------------------------------------------    -------------------

                         (clock clk_out1_pll rise edge)
                                                      0.000     0.000 r  
    AD12                                              0.000     0.000 r  i_sys_clk_p (IN)
                         net (fo=0)                   0.000     0.000    pll_inst/inst/clk_in1_p
    AD12                 IBUFDS (Prop_ibufds_I_O)     0.388     0.388 r  pll_inst/inst/clkin1_ibufgds/O
                         net (fo=1, routed)           0.503     0.891    pll_inst/inst/clk_in1_pll
    PLLE2_ADV_X1Y1       PLLE2_ADV (Prop_plle2_adv_CLKIN1_CLKOUT0)
                                                     -2.908    -2.017 r  pll_inst/inst/plle2_adv_inst/CLKOUT0
                         net (fo=1, routed)           0.958    -1.059    pll_inst/inst/clk_out1_pll
    BUFGCTRL_X0Y1        BUFG (Prop_bufg_I_O)         0.026    -1.033 r  pll_inst/inst/clkout1_buf/O
                         net (fo=353, routed)         0.648    -0.385    twin_controller_inst/CLK
    SLICE_X61Y98         FDCE                                         r  twin_controller_inst/status_buffer_reg[1][5]/C

Slack:                    inf
  Source:                 student_top_inst/bridge_inst/seg_driver/count_reg[4]/C
                            (rising edge-triggered cell FDCE clocked by clk_out2_pll  {rise@0.000ns fall@2.778ns period=5.556ns})
  Destination:            twin_controller_inst/status_buffer_reg[0][1]/D
                            (rising edge-triggered cell FDCE clocked by clk_out1_pll  {rise@0.000ns fall@10.000ns period=20.000ns})
  Path Group:             (none)
  Path Type:              Setup (Max at Fast Process Corner)
  Data Path Delay:        2.217ns  (logic 0.250ns (11.279%)  route 1.967ns (88.721%))
  Logic Levels:           2  (LUT3=1 LUT6=1)
  Clock Path Skew:        0.225ns (DCD - SCD + CPR)
    Destination Clock Delay (DCD):    -0.386ns
    Source Clock Delay      (SCD):    -0.610ns
    Clock Pessimism Removal (CPR):    0.000ns
  Clock Uncertainty:      0.206ns  ((TSJ^2 + DJ^2)^1/2) / 2 + PE
    Total System Jitter     (TSJ):    0.071ns
    Discrete Jitter          (DJ):    0.157ns
    Phase Error              (PE):    0.120ns
  Timing Exception:       Asynchronous Clock Groups

    Location             Delay type                Incr(ns)  Path(ns)    Netlist Resource(s)
  -------------------------------------------------------------------    -------------------
                         (clock clk_out2_pll rise edge)
                                                      0.000     0.000 r  
    AD12                                              0.000     0.000 r  i_sys_clk_p (IN)
                         net (fo=0)                   0.000     0.000    pll_inst/inst/clk_in1_p
    AD12                 IBUFDS (Prop_ibufds_I_O)     0.470     0.470 r  pll_inst/inst/clkin1_ibufgds/O
                         net (fo=1, routed)           0.554     1.024    pll_inst/inst/clk_in1_pll
    PLLE2_ADV_X1Y1       PLLE2_ADV (Prop_plle2_adv_CLKIN1_CLKOUT1)
                                                     -3.524    -2.500 r  pll_inst/inst/plle2_adv_inst/CLKOUT1
                         net (fo=1, routed)           1.027    -1.473    pll_inst/inst/clk_out2_pll
    BUFGCTRL_X0Y0        BUFG (Prop_bufg_I_O)         0.030    -1.443 r  pll_inst/inst/clkout2_buf/O
                         net (fo=1881, routed)        0.833    -0.610    student_top_inst/bridge_inst/seg_driver/clk_out2
    SLICE_X42Y125        FDCE                                         r  student_top_inst/bridge_inst/seg_driver/count_reg[4]/C
  -------------------------------------------------------------------    -------------------
    SLICE_X42Y125        FDCE (Prop_fdce_C_Q)         0.133    -0.477 r  student_top_inst/bridge_inst/seg_driver/count_reg[4]/Q
                         net (fo=47, routed)          1.471     0.993    student_top_inst/bridge_inst/seg_driver/Q[0]
    SLICE_X54Y89         LUT3 (Prop_lut3_I1_O)        0.082     1.075 f  student_top_inst/bridge_inst/seg_driver/virtual_seg_OBUF[6]_inst_i_3/O
                         net (fo=7, routed)           0.297     1.372    student_top_inst/bridge_inst/seg_driver/virtual_seg_OBUF[6]_inst_i_3_n_0
    SLICE_X57Y89         LUT6 (Prop_lut6_I0_O)        0.035     1.407 r  student_top_inst/bridge_inst/seg_driver/virtual_seg_OBUF[1]_inst_i_1/O
                         net (fo=2, routed)           0.199     1.606    twin_controller_inst/virtual_seg_OBUF[1]
    SLICE_X61Y94         FDCE                                         r  twin_controller_inst/status_buffer_reg[0][1]/D
  -------------------------------------------------------------------    -------------------

                         (clock clk_out1_pll rise edge)
                                                      0.000     0.000 r  
    AD12                                              0.000     0.000 r  i_sys_clk_p (IN)
                         net (fo=0)                   0.000     0.000    pll_inst/inst/clk_in1_p
    AD12                 IBUFDS (Prop_ibufds_I_O)     0.388     0.388 r  pll_inst/inst/clkin1_ibufgds/O
                         net (fo=1, routed)           0.503     0.891    pll_inst/inst/clk_in1_pll
    PLLE2_ADV_X1Y1       PLLE2_ADV (Prop_plle2_adv_CLKIN1_CLKOUT0)
                                                     -2.908    -2.017 r  pll_inst/inst/plle2_adv_inst/CLKOUT0
                         net (fo=1, routed)           0.958    -1.059    pll_inst/inst/clk_out1_pll
    BUFGCTRL_X0Y1        BUFG (Prop_bufg_I_O)         0.026    -1.033 r  pll_inst/inst/clkout1_buf/O
                         net (fo=353, routed)         0.647    -0.386    twin_controller_inst/CLK
    SLICE_X61Y94         FDCE                                         r  twin_controller_inst/status_buffer_reg[0][1]/C

Slack:                    inf
  Source:                 student_top_inst/bridge_inst/seg_driver/count_reg[4]/C
                            (rising edge-triggered cell FDCE clocked by clk_out2_pll  {rise@0.000ns fall@2.778ns period=5.556ns})
  Destination:            twin_controller_inst/status_buffer_reg[0][0]/D
                            (rising edge-triggered cell FDCE clocked by clk_out1_pll  {rise@0.000ns fall@10.000ns period=20.000ns})
  Path Group:             (none)
  Path Type:              Setup (Max at Fast Process Corner)
  Data Path Delay:        2.181ns  (logic 0.309ns (14.171%)  route 1.872ns (85.829%))
  Logic Levels:           2  (LUT3=1 LUT6=1)
  Clock Path Skew:        0.224ns (DCD - SCD + CPR)
    Destination Clock Delay (DCD):    -0.387ns
    Source Clock Delay      (SCD):    -0.610ns
    Clock Pessimism Removal (CPR):    0.000ns
  Clock Uncertainty:      0.206ns  ((TSJ^2 + DJ^2)^1/2) / 2 + PE
    Total System Jitter     (TSJ):    0.071ns
    Discrete Jitter          (DJ):    0.157ns
    Phase Error              (PE):    0.120ns
  Timing Exception:       Asynchronous Clock Groups

    Location             Delay type                Incr(ns)  Path(ns)    Netlist Resource(s)
  -------------------------------------------------------------------    -------------------
                         (clock clk_out2_pll rise edge)
                                                      0.000     0.000 r  
    AD12                                              0.000     0.000 r  i_sys_clk_p (IN)
                         net (fo=0)                   0.000     0.000    pll_inst/inst/clk_in1_p
    AD12                 IBUFDS (Prop_ibufds_I_O)     0.470     0.470 r  pll_inst/inst/clkin1_ibufgds/O
                         net (fo=1, routed)           0.554     1.024    pll_inst/inst/clk_in1_pll
    PLLE2_ADV_X1Y1       PLLE2_ADV (Prop_plle2_adv_CLKIN1_CLKOUT1)
                                                     -3.524    -2.500 r  pll_inst/inst/plle2_adv_inst/CLKOUT1
                         net (fo=1, routed)           1.027    -1.473    pll_inst/inst/clk_out2_pll
    BUFGCTRL_X0Y0        BUFG (Prop_bufg_I_O)         0.030    -1.443 r  pll_inst/inst/clkout2_buf/O
                         net (fo=1881, routed)        0.833    -0.610    student_top_inst/bridge_inst/seg_driver/clk_out2
    SLICE_X42Y125        FDCE                                         r  student_top_inst/bridge_inst/seg_driver/count_reg[4]/C
  -------------------------------------------------------------------    -------------------
    SLICE_X42Y125        FDCE (Prop_fdce_C_Q)         0.133    -0.477 r  student_top_inst/bridge_inst/seg_driver/count_reg[4]/Q
                         net (fo=47, routed)          1.471     0.993    student_top_inst/bridge_inst/seg_driver/Q[0]
    SLICE_X54Y89         LUT3 (Prop_lut3_I1_O)        0.087     1.080 r  student_top_inst/bridge_inst/seg_driver/virtual_seg_OBUF[6]_inst_i_4/O
                         net (fo=7, routed)           0.140     1.220    student_top_inst/bridge_inst/seg_driver/virtual_seg_OBUF[6]_inst_i_4_n_0
    SLICE_X57Y89         LUT6 (Prop_lut6_I0_O)        0.089     1.309 r  student_top_inst/bridge_inst/seg_driver/virtual_seg_OBUF[0]_inst_i_1/O
                         net (fo=2, routed)           0.261     1.570    twin_controller_inst/virtual_seg_OBUF[0]
    SLICE_X64Y94         FDCE                                         r  twin_controller_inst/status_buffer_reg[0][0]/D
  -------------------------------------------------------------------    -------------------

                         (clock clk_out1_pll rise edge)
                                                      0.000     0.000 r  
    AD12                                              0.000     0.000 r  i_sys_clk_p (IN)
                         net (fo=0)                   0.000     0.000    pll_inst/inst/clk_in1_p
    AD12                 IBUFDS (Prop_ibufds_I_O)     0.388     0.388 r  pll_inst/inst/clkin1_ibufgds/O
                         net (fo=1, routed)           0.503     0.891    pll_inst/inst/clk_in1_pll
    PLLE2_ADV_X1Y1       PLLE2_ADV (Prop_plle2_adv_CLKIN1_CLKOUT0)
                                                     -2.908    -2.017 r  pll_inst/inst/plle2_adv_inst/CLKOUT0
                         net (fo=1, routed)           0.958    -1.059    pll_inst/inst/clk_out1_pll
    BUFGCTRL_X0Y1        BUFG (Prop_bufg_I_O)         0.026    -1.033 r  pll_inst/inst/clkout1_buf/O
                         net (fo=353, routed)         0.646    -0.387    twin_controller_inst/CLK
    SLICE_X64Y94         FDCE                                         r  twin_controller_inst/status_buffer_reg[0][0]/C

Slack:                    inf
  Source:                 student_top_inst/bridge_inst/seg_driver/count_reg[4]/C
                            (rising edge-triggered cell FDCE clocked by clk_out2_pll  {rise@0.000ns fall@2.778ns period=5.556ns})
  Destination:            twin_controller_inst/status_buffer_reg[4][1]/D
                            (rising edge-triggered cell FDCE clocked by clk_out1_pll  {rise@0.000ns fall@10.000ns period=20.000ns})
  Path Group:             (none)
  Path Type:              Setup (Max at Fast Process Corner)
  Data Path Delay:        2.168ns  (logic 0.250ns (11.534%)  route 1.918ns (88.466%))
  Logic Levels:           2  (LUT3=1 LUT6=1)
  Clock Path Skew:        0.226ns (DCD - SCD + CPR)
    Destination Clock Delay (DCD):    -0.385ns
    Source Clock Delay      (SCD):    -0.610ns
    Clock Pessimism Removal (CPR):    0.000ns
  Clock Uncertainty:      0.206ns  ((TSJ^2 + DJ^2)^1/2) / 2 + PE
    Total System Jitter     (TSJ):    0.071ns
    Discrete Jitter          (DJ):    0.157ns
    Phase Error              (PE):    0.120ns
  Timing Exception:       Asynchronous Clock Groups

    Location             Delay type                Incr(ns)  Path(ns)    Netlist Resource(s)
  -------------------------------------------------------------------    -------------------
                         (clock clk_out2_pll rise edge)
                                                      0.000     0.000 r  
    AD12                                              0.000     0.000 r  i_sys_clk_p (IN)
                         net (fo=0)                   0.000     0.000    pll_inst/inst/clk_in1_p
    AD12                 IBUFDS (Prop_ibufds_I_O)     0.470     0.470 r  pll_inst/inst/clkin1_ibufgds/O
                         net (fo=1, routed)           0.554     1.024    pll_inst/inst/clk_in1_pll
    PLLE2_ADV_X1Y1       PLLE2_ADV (Prop_plle2_adv_CLKIN1_CLKOUT1)
                                                     -3.524    -2.500 r  pll_inst/inst/plle2_adv_inst/CLKOUT1
                         net (fo=1, routed)           1.027    -1.473    pll_inst/inst/clk_out2_pll
    BUFGCTRL_X0Y0        BUFG (Prop_bufg_I_O)         0.030    -1.443 r  pll_inst/inst/clkout2_buf/O
                         net (fo=1881, routed)        0.833    -0.610    student_top_inst/bridge_inst/seg_driver/clk_out2
    SLICE_X42Y125        FDCE                                         r  student_top_inst/bridge_inst/seg_driver/count_reg[4]/C
  -------------------------------------------------------------------    -------------------
    SLICE_X42Y125        FDCE (Prop_fdce_C_Q)         0.133    -0.477 r  student_top_inst/bridge_inst/seg_driver/count_reg[4]/Q
                         net (fo=47, routed)          1.190     0.713    student_top_inst/bridge_inst/seg_driver/Q[0]
    SLICE_X57Y93         LUT3 (Prop_lut3_I1_O)        0.082     0.795 r  student_top_inst/bridge_inst/seg_driver/virtual_seg_OBUF[36]_inst_i_4/O
                         net (fo=7, routed)           0.481     1.276    student_top_inst/bridge_inst/seg_driver/virtual_seg_OBUF[36]_inst_i_4_n_0
    SLICE_X60Y98         LUT6 (Prop_lut6_I5_O)        0.035     1.311 r  student_top_inst/bridge_inst/seg_driver/virtual_seg_OBUF[33]_inst_i_1/O
                         net (fo=2, routed)           0.246     1.557    twin_controller_inst/virtual_seg_OBUF[26]
    SLICE_X60Y99         FDCE                                         r  twin_controller_inst/status_buffer_reg[4][1]/D
  -------------------------------------------------------------------    -------------------

                         (clock clk_out1_pll rise edge)
                                                      0.000     0.000 r  
    AD12                                              0.000     0.000 r  i_sys_clk_p (IN)
                         net (fo=0)                   0.000     0.000    pll_inst/inst/clk_in1_p
    AD12                 IBUFDS (Prop_ibufds_I_O)     0.388     0.388 r  pll_inst/inst/clkin1_ibufgds/O
                         net (fo=1, routed)           0.503     0.891    pll_inst/inst/clk_in1_pll
    PLLE2_ADV_X1Y1       PLLE2_ADV (Prop_plle2_adv_CLKIN1_CLKOUT0)
                                                     -2.908    -2.017 r  pll_inst/inst/plle2_adv_inst/CLKOUT0
                         net (fo=1, routed)           0.958    -1.059    pll_inst/inst/clk_out1_pll
    BUFGCTRL_X0Y1        BUFG (Prop_bufg_I_O)         0.026    -1.033 r  pll_inst/inst/clkout1_buf/O
                         net (fo=353, routed)         0.648    -0.385    twin_controller_inst/CLK
    SLICE_X60Y99         FDCE                                         r  twin_controller_inst/status_buffer_reg[4][1]/C





Min Delay Paths
--------------------------------------------------------------------------------------
Slack:                    inf
  Source:                 student_top_inst/bridge_inst/LED_reg[22]/C
                            (rising edge-triggered cell FDRE clocked by clk_out2_pll  {rise@0.000ns fall@2.778ns period=5.556ns})
  Destination:            twin_controller_inst/status_buffer_reg[16][6]/D
                            (rising edge-triggered cell FDCE clocked by clk_out1_pll  {rise@0.000ns fall@10.000ns period=20.000ns})
  Path Group:             (none)
  Path Type:              Hold (Min at Slow Process Corner)
  Data Path Delay:        0.700ns  (logic 0.206ns (29.415%)  route 0.494ns (70.585%))
  Logic Levels:           0  
  Clock Path Skew:        -0.389ns (DCD - SCD - CPR)
    Destination Clock Delay (DCD):    -2.268ns
    Source Clock Delay      (SCD):    -1.880ns
    Clock Pessimism Removal (CPR):    -0.000ns
  Clock Uncertainty:      0.206ns  ((TSJ^2 + DJ^2)^1/2) / 2 + PE
    Total System Jitter     (TSJ):    0.071ns
    Discrete Jitter          (DJ):    0.157ns
    Phase Error              (PE):    0.120ns
  Timing Exception:       Asynchronous Clock Groups

    Location             Delay type                Incr(ns)  Path(ns)    Netlist Resource(s)
  -------------------------------------------------------------------    -------------------
                         (clock clk_out2_pll rise edge)
                                                      0.000     0.000 r  
    AD12                                              0.000     0.000 r  i_sys_clk_p (IN)
                         net (fo=0)                   0.000     0.000    pll_inst/inst/clk_in1_p
    AD12                 IBUFDS (Prop_ibufds_I_O)     0.803     0.803 r  pll_inst/inst/clkin1_ibufgds/O
                         net (fo=1, routed)           1.001     1.804    pll_inst/inst/clk_in1_pll
    PLLE2_ADV_X1Y1       PLLE2_ADV (Prop_plle2_adv_CLKIN1_CLKOUT1)
                                                     -7.261    -5.457 r  pll_inst/inst/plle2_adv_inst/CLKOUT1
                         net (fo=1, routed)           2.003    -3.454    pll_inst/inst/clk_out2_pll
    BUFGCTRL_X0Y0        BUFG (Prop_bufg_I_O)         0.083    -3.371 r  pll_inst/inst/clkout2_buf/O
                         net (fo=1881, routed)        1.491    -1.880    student_top_inst/bridge_inst/clk_out2
    SLICE_X42Y93         FDRE                                         r  student_top_inst/bridge_inst/LED_reg[22]/C
  -------------------------------------------------------------------    -------------------
    SLICE_X42Y93         FDRE (Prop_fdre_C_Q)         0.206    -1.674 r  student_top_inst/bridge_inst/LED_reg[22]/Q
                         net (fo=1, routed)           0.494    -1.179    twin_controller_inst/virtual_led_OBUF[22]
    SLICE_X57Y93         FDCE                                         r  twin_controller_inst/status_buffer_reg[16][6]/D
  -------------------------------------------------------------------    -------------------

                         (clock clk_out1_pll rise edge)
                                                      0.000     0.000 r  
    AD12                                              0.000     0.000 r  i_sys_clk_p (IN)
                         net (fo=0)                   0.000     0.000    pll_inst/inst/clk_in1_p
    AD12                 IBUFDS (Prop_ibufds_I_O)     0.906     0.906 r  pll_inst/inst/clkin1_ibufgds/O
                         net (fo=1, routed)           1.098     2.004    pll_inst/inst/clk_in1_pll
    PLLE2_ADV_X1Y1       PLLE2_ADV (Prop_plle2_adv_CLKIN1_CLKOUT0)
                                                     -8.058    -6.054 r  pll_inst/inst/plle2_adv_inst/CLKOUT0
                         net (fo=1, routed)           2.128    -3.926    pll_inst/inst/clk_out1_pll
    BUFGCTRL_X0Y1        BUFG (Prop_bufg_I_O)         0.093    -3.833 r  pll_inst/inst/clkout1_buf/O
                         net (fo=353, routed)         1.565    -2.268    twin_controller_inst/CLK
    SLICE_X57Y93         FDCE                                         r  twin_controller_inst/status_buffer_reg[16][6]/C

Slack:                    inf
  Source:                 student_top_inst/bridge_inst/LED_reg[19]/C
                            (rising edge-triggered cell FDRE clocked by clk_out2_pll  {rise@0.000ns fall@2.778ns period=5.556ns})
  Destination:            twin_controller_inst/status_buffer_reg[16][3]/D
                            (rising edge-triggered cell FDCE clocked by clk_out1_pll  {rise@0.000ns fall@10.000ns period=20.000ns})
  Path Group:             (none)
  Path Type:              Hold (Min at Slow Process Corner)
  Data Path Delay:        0.703ns  (logic 0.206ns (29.316%)  route 0.497ns (70.684%))
  Logic Levels:           0  
  Clock Path Skew:        -0.391ns (DCD - SCD - CPR)
    Destination Clock Delay (DCD):    -2.267ns
    Source Clock Delay      (SCD):    -1.877ns
    Clock Pessimism Removal (CPR):    -0.000ns
  Clock Uncertainty:      0.206ns  ((TSJ^2 + DJ^2)^1/2) / 2 + PE
    Total System Jitter     (TSJ):    0.071ns
    Discrete Jitter          (DJ):    0.157ns
    Phase Error              (PE):    0.120ns
  Timing Exception:       Asynchronous Clock Groups

    Location             Delay type                Incr(ns)  Path(ns)    Netlist Resource(s)
  -------------------------------------------------------------------    -------------------
                         (clock clk_out2_pll rise edge)
                                                      0.000     0.000 r  
    AD12                                              0.000     0.000 r  i_sys_clk_p (IN)
                         net (fo=0)                   0.000     0.000    pll_inst/inst/clk_in1_p
    AD12                 IBUFDS (Prop_ibufds_I_O)     0.803     0.803 r  pll_inst/inst/clkin1_ibufgds/O
                         net (fo=1, routed)           1.001     1.804    pll_inst/inst/clk_in1_pll
    PLLE2_ADV_X1Y1       PLLE2_ADV (Prop_plle2_adv_CLKIN1_CLKOUT1)
                                                     -7.261    -5.457 r  pll_inst/inst/plle2_adv_inst/CLKOUT1
                         net (fo=1, routed)           2.003    -3.454    pll_inst/inst/clk_out2_pll
    BUFGCTRL_X0Y0        BUFG (Prop_bufg_I_O)         0.083    -3.371 r  pll_inst/inst/clkout2_buf/O
                         net (fo=1881, routed)        1.494    -1.877    student_top_inst/bridge_inst/clk_out2
    SLICE_X38Y95         FDRE                                         r  student_top_inst/bridge_inst/LED_reg[19]/C
  -------------------------------------------------------------------    -------------------
    SLICE_X38Y95         FDRE (Prop_fdre_C_Q)         0.206    -1.671 r  student_top_inst/bridge_inst/LED_reg[19]/Q
                         net (fo=1, routed)           0.497    -1.174    twin_controller_inst/virtual_led_OBUF[19]
    SLICE_X58Y96         FDCE                                         r  twin_controller_inst/status_buffer_reg[16][3]/D
  -------------------------------------------------------------------    -------------------

                         (clock clk_out1_pll rise edge)
                                                      0.000     0.000 r  
    AD12                                              0.000     0.000 r  i_sys_clk_p (IN)
                         net (fo=0)                   0.000     0.000    pll_inst/inst/clk_in1_p
    AD12                 IBUFDS (Prop_ibufds_I_O)     0.906     0.906 r  pll_inst/inst/clkin1_ibufgds/O
                         net (fo=1, routed)           1.098     2.004    pll_inst/inst/clk_in1_pll
    PLLE2_ADV_X1Y1       PLLE2_ADV (Prop_plle2_adv_CLKIN1_CLKOUT0)
                                                     -8.058    -6.054 r  pll_inst/inst/plle2_adv_inst/CLKOUT0
                         net (fo=1, routed)           2.128    -3.926    pll_inst/inst/clk_out1_pll
    BUFGCTRL_X0Y1        BUFG (Prop_bufg_I_O)         0.093    -3.833 r  pll_inst/inst/clkout1_buf/O
                         net (fo=353, routed)         1.566    -2.267    twin_controller_inst/CLK
    SLICE_X58Y96         FDCE                                         r  twin_controller_inst/status_buffer_reg[16][3]/C

Slack:                    inf
  Source:                 student_top_inst/bridge_inst/LED_reg[18]/C
                            (rising edge-triggered cell FDRE clocked by clk_out2_pll  {rise@0.000ns fall@2.778ns period=5.556ns})
  Destination:            twin_controller_inst/status_buffer_reg[16][2]/D
                            (rising edge-triggered cell FDCE clocked by clk_out1_pll  {rise@0.000ns fall@10.000ns period=20.000ns})
  Path Group:             (none)
  Path Type:              Hold (Min at Slow Process Corner)
  Data Path Delay:        0.750ns  (logic 0.206ns (27.477%)  route 0.544ns (72.523%))
  Logic Levels:           0  
  Clock Path Skew:        -0.391ns (DCD - SCD - CPR)
    Destination Clock Delay (DCD):    -2.267ns
    Source Clock Delay      (SCD):    -1.877ns
    Clock Pessimism Removal (CPR):    -0.000ns
  Clock Uncertainty:      0.206ns  ((TSJ^2 + DJ^2)^1/2) / 2 + PE
    Total System Jitter     (TSJ):    0.071ns
    Discrete Jitter          (DJ):    0.157ns
    Phase Error              (PE):    0.120ns
  Timing Exception:       Asynchronous Clock Groups

    Location             Delay type                Incr(ns)  Path(ns)    Netlist Resource(s)
  -------------------------------------------------------------------    -------------------
                         (clock clk_out2_pll rise edge)
                                                      0.000     0.000 r  
    AD12                                              0.000     0.000 r  i_sys_clk_p (IN)
                         net (fo=0)                   0.000     0.000    pll_inst/inst/clk_in1_p
    AD12                 IBUFDS (Prop_ibufds_I_O)     0.803     0.803 r  pll_inst/inst/clkin1_ibufgds/O
                         net (fo=1, routed)           1.001     1.804    pll_inst/inst/clk_in1_pll
    PLLE2_ADV_X1Y1       PLLE2_ADV (Prop_plle2_adv_CLKIN1_CLKOUT1)
                                                     -7.261    -5.457 r  pll_inst/inst/plle2_adv_inst/CLKOUT1
                         net (fo=1, routed)           2.003    -3.454    pll_inst/inst/clk_out2_pll
    BUFGCTRL_X0Y0        BUFG (Prop_bufg_I_O)         0.083    -3.371 r  pll_inst/inst/clkout2_buf/O
                         net (fo=1881, routed)        1.494    -1.877    student_top_inst/bridge_inst/clk_out2
    SLICE_X38Y95         FDRE                                         r  student_top_inst/bridge_inst/LED_reg[18]/C
  -------------------------------------------------------------------    -------------------
    SLICE_X38Y95         FDRE (Prop_fdre_C_Q)         0.206    -1.671 r  student_top_inst/bridge_inst/LED_reg[18]/Q
                         net (fo=1, routed)           0.544    -1.127    twin_controller_inst/virtual_led_OBUF[18]
    SLICE_X57Y95         FDCE                                         r  twin_controller_inst/status_buffer_reg[16][2]/D
  -------------------------------------------------------------------    -------------------

                         (clock clk_out1_pll rise edge)
                                                      0.000     0.000 r  
    AD12                                              0.000     0.000 r  i_sys_clk_p (IN)
                         net (fo=0)                   0.000     0.000    pll_inst/inst/clk_in1_p
    AD12                 IBUFDS (Prop_ibufds_I_O)     0.906     0.906 r  pll_inst/inst/clkin1_ibufgds/O
                         net (fo=1, routed)           1.098     2.004    pll_inst/inst/clk_in1_pll
    PLLE2_ADV_X1Y1       PLLE2_ADV (Prop_plle2_adv_CLKIN1_CLKOUT0)
                                                     -8.058    -6.054 r  pll_inst/inst/plle2_adv_inst/CLKOUT0
                         net (fo=1, routed)           2.128    -3.926    pll_inst/inst/clk_out1_pll
    BUFGCTRL_X0Y1        BUFG (Prop_bufg_I_O)         0.093    -3.833 r  pll_inst/inst/clkout1_buf/O
                         net (fo=353, routed)         1.566    -2.267    twin_controller_inst/CLK
    SLICE_X57Y95         FDCE                                         r  twin_controller_inst/status_buffer_reg[16][2]/C

Slack:                    inf
  Source:                 student_top_inst/bridge_inst/LED_reg[20]/C
                            (rising edge-triggered cell FDRE clocked by clk_out2_pll  {rise@0.000ns fall@2.778ns period=5.556ns})
  Destination:            twin_controller_inst/status_buffer_reg[16][4]/D
                            (rising edge-triggered cell FDCE clocked by clk_out1_pll  {rise@0.000ns fall@10.000ns period=20.000ns})
  Path Group:             (none)
  Path Type:              Hold (Min at Slow Process Corner)
  Data Path Delay:        0.755ns  (logic 0.206ns (27.290%)  route 0.549ns (72.710%))
  Logic Levels:           0  
  Clock Path Skew:        -0.388ns (DCD - SCD - CPR)
    Destination Clock Delay (DCD):    -2.267ns
    Source Clock Delay      (SCD):    -1.880ns
    Clock Pessimism Removal (CPR):    -0.000ns
  Clock Uncertainty:      0.206ns  ((TSJ^2 + DJ^2)^1/2) / 2 + PE
    Total System Jitter     (TSJ):    0.071ns
    Discrete Jitter          (DJ):    0.157ns
    Phase Error              (PE):    0.120ns
  Timing Exception:       Asynchronous Clock Groups

    Location             Delay type                Incr(ns)  Path(ns)    Netlist Resource(s)
  -------------------------------------------------------------------    -------------------
                         (clock clk_out2_pll rise edge)
                                                      0.000     0.000 r  
    AD12                                              0.000     0.000 r  i_sys_clk_p (IN)
                         net (fo=0)                   0.000     0.000    pll_inst/inst/clk_in1_p
    AD12                 IBUFDS (Prop_ibufds_I_O)     0.803     0.803 r  pll_inst/inst/clkin1_ibufgds/O
                         net (fo=1, routed)           1.001     1.804    pll_inst/inst/clk_in1_pll
    PLLE2_ADV_X1Y1       PLLE2_ADV (Prop_plle2_adv_CLKIN1_CLKOUT1)
                                                     -7.261    -5.457 r  pll_inst/inst/plle2_adv_inst/CLKOUT1
                         net (fo=1, routed)           2.003    -3.454    pll_inst/inst/clk_out2_pll
    BUFGCTRL_X0Y0        BUFG (Prop_bufg_I_O)         0.083    -3.371 r  pll_inst/inst/clkout2_buf/O
                         net (fo=1881, routed)        1.491    -1.880    student_top_inst/bridge_inst/clk_out2
    SLICE_X42Y93         FDRE                                         r  student_top_inst/bridge_inst/LED_reg[20]/C
  -------------------------------------------------------------------    -------------------
    SLICE_X42Y93         FDRE (Prop_fdre_C_Q)         0.206    -1.674 r  student_top_inst/bridge_inst/LED_reg[20]/Q
                         net (fo=1, routed)           0.549    -1.125    twin_controller_inst/virtual_led_OBUF[20]
    SLICE_X58Y94         FDCE                                         r  twin_controller_inst/status_buffer_reg[16][4]/D
  -------------------------------------------------------------------    -------------------

                         (clock clk_out1_pll rise edge)
                                                      0.000     0.000 r  
    AD12                                              0.000     0.000 r  i_sys_clk_p (IN)
                         net (fo=0)                   0.000     0.000    pll_inst/inst/clk_in1_p
    AD12                 IBUFDS (Prop_ibufds_I_O)     0.906     0.906 r  pll_inst/inst/clkin1_ibufgds/O
                         net (fo=1, routed)           1.098     2.004    pll_inst/inst/clk_in1_pll
    PLLE2_ADV_X1Y1       PLLE2_ADV (Prop_plle2_adv_CLKIN1_CLKOUT0)
                                                     -8.058    -6.054 r  pll_inst/inst/plle2_adv_inst/CLKOUT0
                         net (fo=1, routed)           2.128    -3.926    pll_inst/inst/clk_out1_pll
    BUFGCTRL_X0Y1        BUFG (Prop_bufg_I_O)         0.093    -3.833 r  pll_inst/inst/clkout1_buf/O
                         net (fo=353, routed)         1.566    -2.267    twin_controller_inst/CLK
    SLICE_X58Y94         FDCE                                         r  twin_controller_inst/status_buffer_reg[16][4]/C

Slack:                    inf
  Source:                 student_top_inst/bridge_inst/LED_reg[16]/C
                            (rising edge-triggered cell FDRE clocked by clk_out2_pll  {rise@0.000ns fall@2.778ns period=5.556ns})
  Destination:            twin_controller_inst/status_buffer_reg[16][0]/D
                            (rising edge-triggered cell FDCE clocked by clk_out1_pll  {rise@0.000ns fall@10.000ns period=20.000ns})
  Path Group:             (none)
  Path Type:              Hold (Min at Slow Process Corner)
  Data Path Delay:        0.752ns  (logic 0.206ns (27.390%)  route 0.546ns (72.610%))
  Logic Levels:           0  
  Clock Path Skew:        -0.391ns (DCD - SCD - CPR)
    Destination Clock Delay (DCD):    -2.267ns
    Source Clock Delay      (SCD):    -1.877ns
    Clock Pessimism Removal (CPR):    -0.000ns
  Clock Uncertainty:      0.206ns  ((TSJ^2 + DJ^2)^1/2) / 2 + PE
    Total System Jitter     (TSJ):    0.071ns
    Discrete Jitter          (DJ):    0.157ns
    Phase Error              (PE):    0.120ns
  Timing Exception:       Asynchronous Clock Groups

    Location             Delay type                Incr(ns)  Path(ns)    Netlist Resource(s)
  -------------------------------------------------------------------    -------------------
                         (clock clk_out2_pll rise edge)
                                                      0.000     0.000 r  
    AD12                                              0.000     0.000 r  i_sys_clk_p (IN)
                         net (fo=0)                   0.000     0.000    pll_inst/inst/clk_in1_p
    AD12                 IBUFDS (Prop_ibufds_I_O)     0.803     0.803 r  pll_inst/inst/clkin1_ibufgds/O
                         net (fo=1, routed)           1.001     1.804    pll_inst/inst/clk_in1_pll
    PLLE2_ADV_X1Y1       PLLE2_ADV (Prop_plle2_adv_CLKIN1_CLKOUT1)
                                                     -7.261    -5.457 r  pll_inst/inst/plle2_adv_inst/CLKOUT1
                         net (fo=1, routed)           2.003    -3.454    pll_inst/inst/clk_out2_pll
    BUFGCTRL_X0Y0        BUFG (Prop_bufg_I_O)         0.083    -3.371 r  pll_inst/inst/clkout2_buf/O
                         net (fo=1881, routed)        1.494    -1.877    student_top_inst/bridge_inst/clk_out2
    SLICE_X38Y95         FDRE                                         r  student_top_inst/bridge_inst/LED_reg[16]/C
  -------------------------------------------------------------------    -------------------
    SLICE_X38Y95         FDRE (Prop_fdre_C_Q)         0.206    -1.671 r  student_top_inst/bridge_inst/LED_reg[16]/Q
                         net (fo=1, routed)           0.546    -1.124    twin_controller_inst/virtual_led_OBUF[16]
    SLICE_X57Y95         FDCE                                         r  twin_controller_inst/status_buffer_reg[16][0]/D
  -------------------------------------------------------------------    -------------------

                         (clock clk_out1_pll rise edge)
                                                      0.000     0.000 r  
    AD12                                              0.000     0.000 r  i_sys_clk_p (IN)
                         net (fo=0)                   0.000     0.000    pll_inst/inst/clk_in1_p
    AD12                 IBUFDS (Prop_ibufds_I_O)     0.906     0.906 r  pll_inst/inst/clkin1_ibufgds/O
                         net (fo=1, routed)           1.098     2.004    pll_inst/inst/clk_in1_pll
    PLLE2_ADV_X1Y1       PLLE2_ADV (Prop_plle2_adv_CLKIN1_CLKOUT0)
                                                     -8.058    -6.054 r  pll_inst/inst/plle2_adv_inst/CLKOUT0
                         net (fo=1, routed)           2.128    -3.926    pll_inst/inst/clk_out1_pll
    BUFGCTRL_X0Y1        BUFG (Prop_bufg_I_O)         0.093    -3.833 r  pll_inst/inst/clkout1_buf/O
                         net (fo=353, routed)         1.566    -2.267    twin_controller_inst/CLK
    SLICE_X57Y95         FDCE                                         r  twin_controller_inst/status_buffer_reg[16][0]/C

Slack:                    inf
  Source:                 student_top_inst/bridge_inst/LED_reg[21]/C
                            (rising edge-triggered cell FDRE clocked by clk_out2_pll  {rise@0.000ns fall@2.778ns period=5.556ns})
  Destination:            twin_controller_inst/status_buffer_reg[16][5]/D
                            (rising edge-triggered cell FDCE clocked by clk_out1_pll  {rise@0.000ns fall@10.000ns period=20.000ns})
  Path Group:             (none)
  Path Type:              Hold (Min at Slow Process Corner)
  Data Path Delay:        0.763ns  (logic 0.206ns (27.013%)  route 0.557ns (72.987%))
  Logic Levels:           0  
  Clock Path Skew:        -0.391ns (DCD - SCD - CPR)
    Destination Clock Delay (DCD):    -2.267ns
    Source Clock Delay      (SCD):    -1.877ns
    Clock Pessimism Removal (CPR):    -0.000ns
  Clock Uncertainty:      0.206ns  ((TSJ^2 + DJ^2)^1/2) / 2 + PE
    Total System Jitter     (TSJ):    0.071ns
    Discrete Jitter          (DJ):    0.157ns
    Phase Error              (PE):    0.120ns
  Timing Exception:       Asynchronous Clock Groups

    Location             Delay type                Incr(ns)  Path(ns)    Netlist Resource(s)
  -------------------------------------------------------------------    -------------------
                         (clock clk_out2_pll rise edge)
                                                      0.000     0.000 r  
    AD12                                              0.000     0.000 r  i_sys_clk_p (IN)
                         net (fo=0)                   0.000     0.000    pll_inst/inst/clk_in1_p
    AD12                 IBUFDS (Prop_ibufds_I_O)     0.803     0.803 r  pll_inst/inst/clkin1_ibufgds/O
                         net (fo=1, routed)           1.001     1.804    pll_inst/inst/clk_in1_pll
    PLLE2_ADV_X1Y1       PLLE2_ADV (Prop_plle2_adv_CLKIN1_CLKOUT1)
                                                     -7.261    -5.457 r  pll_inst/inst/plle2_adv_inst/CLKOUT1
                         net (fo=1, routed)           2.003    -3.454    pll_inst/inst/clk_out2_pll
    BUFGCTRL_X0Y0        BUFG (Prop_bufg_I_O)         0.083    -3.371 r  pll_inst/inst/clkout2_buf/O
                         net (fo=1881, routed)        1.494    -1.877    student_top_inst/bridge_inst/clk_out2
    SLICE_X38Y95         FDRE                                         r  student_top_inst/bridge_inst/LED_reg[21]/C
  -------------------------------------------------------------------    -------------------
    SLICE_X38Y95         FDRE (Prop_fdre_C_Q)         0.206    -1.671 r  student_top_inst/bridge_inst/LED_reg[21]/Q
                         net (fo=1, routed)           0.557    -1.114    twin_controller_inst/virtual_led_OBUF[21]
    SLICE_X58Y96         FDCE                                         r  twin_controller_inst/status_buffer_reg[16][5]/D
  -------------------------------------------------------------------    -------------------

                         (clock clk_out1_pll rise edge)
                                                      0.000     0.000 r  
    AD12                                              0.000     0.000 r  i_sys_clk_p (IN)
                         net (fo=0)                   0.000     0.000    pll_inst/inst/clk_in1_p
    AD12                 IBUFDS (Prop_ibufds_I_O)     0.906     0.906 r  pll_inst/inst/clkin1_ibufgds/O
                         net (fo=1, routed)           1.098     2.004    pll_inst/inst/clk_in1_pll
    PLLE2_ADV_X1Y1       PLLE2_ADV (Prop_plle2_adv_CLKIN1_CLKOUT0)
                                                     -8.058    -6.054 r  pll_inst/inst/plle2_adv_inst/CLKOUT0
                         net (fo=1, routed)           2.128    -3.926    pll_inst/inst/clk_out1_pll
    BUFGCTRL_X0Y1        BUFG (Prop_bufg_I_O)         0.093    -3.833 r  pll_inst/inst/clkout1_buf/O
                         net (fo=353, routed)         1.566    -2.267    twin_controller_inst/CLK
    SLICE_X58Y96         FDCE                                         r  twin_controller_inst/status_buffer_reg[16][5]/C

Slack:                    inf
  Source:                 student_top_inst/bridge_inst/LED_reg[17]/C
                            (rising edge-triggered cell FDRE clocked by clk_out2_pll  {rise@0.000ns fall@2.778ns period=5.556ns})
  Destination:            twin_controller_inst/status_buffer_reg[16][1]/D
                            (rising edge-triggered cell FDCE clocked by clk_out1_pll  {rise@0.000ns fall@10.000ns period=20.000ns})
  Path Group:             (none)
  Path Type:              Hold (Min at Slow Process Corner)
  Data Path Delay:        0.770ns  (logic 0.206ns (26.746%)  route 0.564ns (73.254%))
  Logic Levels:           0  
  Clock Path Skew:        -0.388ns (DCD - SCD - CPR)
    Destination Clock Delay (DCD):    -2.267ns
    Source Clock Delay      (SCD):    -1.880ns
    Clock Pessimism Removal (CPR):    -0.000ns
  Clock Uncertainty:      0.206ns  ((TSJ^2 + DJ^2)^1/2) / 2 + PE
    Total System Jitter     (TSJ):    0.071ns
    Discrete Jitter          (DJ):    0.157ns
    Phase Error              (PE):    0.120ns
  Timing Exception:       Asynchronous Clock Groups

    Location             Delay type                Incr(ns)  Path(ns)    Netlist Resource(s)
  -------------------------------------------------------------------    -------------------
                         (clock clk_out2_pll rise edge)
                                                      0.000     0.000 r  
    AD12                                              0.000     0.000 r  i_sys_clk_p (IN)
                         net (fo=0)                   0.000     0.000    pll_inst/inst/clk_in1_p
    AD12                 IBUFDS (Prop_ibufds_I_O)     0.803     0.803 r  pll_inst/inst/clkin1_ibufgds/O
                         net (fo=1, routed)           1.001     1.804    pll_inst/inst/clk_in1_pll
    PLLE2_ADV_X1Y1       PLLE2_ADV (Prop_plle2_adv_CLKIN1_CLKOUT1)
                                                     -7.261    -5.457 r  pll_inst/inst/plle2_adv_inst/CLKOUT1
                         net (fo=1, routed)           2.003    -3.454    pll_inst/inst/clk_out2_pll
    BUFGCTRL_X0Y0        BUFG (Prop_bufg_I_O)         0.083    -3.371 r  pll_inst/inst/clkout2_buf/O
                         net (fo=1881, routed)        1.491    -1.880    student_top_inst/bridge_inst/clk_out2
    SLICE_X42Y93         FDRE                                         r  student_top_inst/bridge_inst/LED_reg[17]/C
  -------------------------------------------------------------------    -------------------
    SLICE_X42Y93         FDRE (Prop_fdre_C_Q)         0.206    -1.674 r  student_top_inst/bridge_inst/LED_reg[17]/Q
                         net (fo=1, routed)           0.564    -1.109    twin_controller_inst/virtual_led_OBUF[17]
    SLICE_X57Y97         FDCE                                         r  twin_controller_inst/status_buffer_reg[16][1]/D
  -------------------------------------------------------------------    -------------------

                         (clock clk_out1_pll rise edge)
                                                      0.000     0.000 r  
    AD12                                              0.000     0.000 r  i_sys_clk_p (IN)
                         net (fo=0)                   0.000     0.000    pll_inst/inst/clk_in1_p
    AD12                 IBUFDS (Prop_ibufds_I_O)     0.906     0.906 r  pll_inst/inst/clkin1_ibufgds/O
                         net (fo=1, routed)           1.098     2.004    pll_inst/inst/clk_in1_pll
    PLLE2_ADV_X1Y1       PLLE2_ADV (Prop_plle2_adv_CLKIN1_CLKOUT0)
                                                     -8.058    -6.054 r  pll_inst/inst/plle2_adv_inst/CLKOUT0
                         net (fo=1, routed)           2.128    -3.926    pll_inst/inst/clk_out1_pll
    BUFGCTRL_X0Y1        BUFG (Prop_bufg_I_O)         0.093    -3.833 r  pll_inst/inst/clkout1_buf/O
                         net (fo=353, routed)         1.566    -2.267    twin_controller_inst/CLK
    SLICE_X57Y97         FDCE                                         r  twin_controller_inst/status_buffer_reg[16][1]/C

Slack:                    inf
  Source:                 student_top_inst/bridge_inst/LED_reg[24]/C
                            (rising edge-triggered cell FDRE clocked by clk_out2_pll  {rise@0.000ns fall@2.778ns period=5.556ns})
  Destination:            twin_controller_inst/status_buffer_reg[17][0]/D
                            (rising edge-triggered cell FDCE clocked by clk_out1_pll  {rise@0.000ns fall@10.000ns period=20.000ns})
  Path Group:             (none)
  Path Type:              Hold (Min at Slow Process Corner)
  Data Path Delay:        0.772ns  (logic 0.178ns (23.071%)  route 0.594ns (76.929%))
  Logic Levels:           0  
  Clock Path Skew:        -0.388ns (DCD - SCD - CPR)
    Destination Clock Delay (DCD):    -2.268ns
    Source Clock Delay      (SCD):    -1.881ns
    Clock Pessimism Removal (CPR):    -0.000ns
  Clock Uncertainty:      0.206ns  ((TSJ^2 + DJ^2)^1/2) / 2 + PE
    Total System Jitter     (TSJ):    0.071ns
    Discrete Jitter          (DJ):    0.157ns
    Phase Error              (PE):    0.120ns
  Timing Exception:       Asynchronous Clock Groups

    Location             Delay type                Incr(ns)  Path(ns)    Netlist Resource(s)
  -------------------------------------------------------------------    -------------------
                         (clock clk_out2_pll rise edge)
                                                      0.000     0.000 r  
    AD12                                              0.000     0.000 r  i_sys_clk_p (IN)
                         net (fo=0)                   0.000     0.000    pll_inst/inst/clk_in1_p
    AD12                 IBUFDS (Prop_ibufds_I_O)     0.803     0.803 r  pll_inst/inst/clkin1_ibufgds/O
                         net (fo=1, routed)           1.001     1.804    pll_inst/inst/clk_in1_pll
    PLLE2_ADV_X1Y1       PLLE2_ADV (Prop_plle2_adv_CLKIN1_CLKOUT1)
                                                     -7.261    -5.457 r  pll_inst/inst/plle2_adv_inst/CLKOUT1
                         net (fo=1, routed)           2.003    -3.454    pll_inst/inst/clk_out2_pll
    BUFGCTRL_X0Y0        BUFG (Prop_bufg_I_O)         0.083    -3.371 r  pll_inst/inst/clkout2_buf/O
                         net (fo=1881, routed)        1.490    -1.881    student_top_inst/bridge_inst/clk_out2
    SLICE_X39Y88         FDRE                                         r  student_top_inst/bridge_inst/LED_reg[24]/C
  -------------------------------------------------------------------    -------------------
    SLICE_X39Y88         FDRE (Prop_fdre_C_Q)         0.178    -1.703 r  student_top_inst/bridge_inst/LED_reg[24]/Q
                         net (fo=1, routed)           0.594    -1.109    twin_controller_inst/virtual_led_OBUF[24]
    SLICE_X57Y93         FDCE                                         r  twin_controller_inst/status_buffer_reg[17][0]/D
  -------------------------------------------------------------------    -------------------

                         (clock clk_out1_pll rise edge)
                                                      0.000     0.000 r  
    AD12                                              0.000     0.000 r  i_sys_clk_p (IN)
                         net (fo=0)                   0.000     0.000    pll_inst/inst/clk_in1_p
    AD12                 IBUFDS (Prop_ibufds_I_O)     0.906     0.906 r  pll_inst/inst/clkin1_ibufgds/O
                         net (fo=1, routed)           1.098     2.004    pll_inst/inst/clk_in1_pll
    PLLE2_ADV_X1Y1       PLLE2_ADV (Prop_plle2_adv_CLKIN1_CLKOUT0)
                                                     -8.058    -6.054 r  pll_inst/inst/plle2_adv_inst/CLKOUT0
                         net (fo=1, routed)           2.128    -3.926    pll_inst/inst/clk_out1_pll
    BUFGCTRL_X0Y1        BUFG (Prop_bufg_I_O)         0.093    -3.833 r  pll_inst/inst/clkout1_buf/O
                         net (fo=353, routed)         1.565    -2.268    twin_controller_inst/CLK
    SLICE_X57Y93         FDCE                                         r  twin_controller_inst/status_buffer_reg[17][0]/C

Slack:                    inf
  Source:                 student_top_inst/bridge_inst/LED_reg[26]/C
                            (rising edge-triggered cell FDRE clocked by clk_out2_pll  {rise@0.000ns fall@2.778ns period=5.556ns})
  Destination:            twin_controller_inst/status_buffer_reg[17][2]/D
                            (rising edge-triggered cell FDCE clocked by clk_out1_pll  {rise@0.000ns fall@10.000ns period=20.000ns})
  Path Group:             (none)
  Path Type:              Hold (Min at Slow Process Corner)
  Data Path Delay:        0.773ns  (logic 0.178ns (23.018%)  route 0.595ns (76.982%))
  Logic Levels:           0  
  Clock Path Skew:        -0.388ns (DCD - SCD - CPR)
    Destination Clock Delay (DCD):    -2.268ns
    Source Clock Delay      (SCD):    -1.881ns
    Clock Pessimism Removal (CPR):    -0.000ns
  Clock Uncertainty:      0.206ns  ((TSJ^2 + DJ^2)^1/2) / 2 + PE
    Total System Jitter     (TSJ):    0.071ns
    Discrete Jitter          (DJ):    0.157ns
    Phase Error              (PE):    0.120ns
  Timing Exception:       Asynchronous Clock Groups

    Location             Delay type                Incr(ns)  Path(ns)    Netlist Resource(s)
  -------------------------------------------------------------------    -------------------
                         (clock clk_out2_pll rise edge)
                                                      0.000     0.000 r  
    AD12                                              0.000     0.000 r  i_sys_clk_p (IN)
                         net (fo=0)                   0.000     0.000    pll_inst/inst/clk_in1_p
    AD12                 IBUFDS (Prop_ibufds_I_O)     0.803     0.803 r  pll_inst/inst/clkin1_ibufgds/O
                         net (fo=1, routed)           1.001     1.804    pll_inst/inst/clk_in1_pll
    PLLE2_ADV_X1Y1       PLLE2_ADV (Prop_plle2_adv_CLKIN1_CLKOUT1)
                                                     -7.261    -5.457 r  pll_inst/inst/plle2_adv_inst/CLKOUT1
                         net (fo=1, routed)           2.003    -3.454    pll_inst/inst/clk_out2_pll
    BUFGCTRL_X0Y0        BUFG (Prop_bufg_I_O)         0.083    -3.371 r  pll_inst/inst/clkout2_buf/O
                         net (fo=1881, routed)        1.490    -1.881    student_top_inst/bridge_inst/clk_out2
    SLICE_X39Y88         FDRE                                         r  student_top_inst/bridge_inst/LED_reg[26]/C
  -------------------------------------------------------------------    -------------------
    SLICE_X39Y88         FDRE (Prop_fdre_C_Q)         0.178    -1.703 r  student_top_inst/bridge_inst/LED_reg[26]/Q
                         net (fo=1, routed)           0.595    -1.107    twin_controller_inst/virtual_led_OBUF[26]
    SLICE_X57Y93         FDCE                                         r  twin_controller_inst/status_buffer_reg[17][2]/D
  -------------------------------------------------------------------    -------------------

                         (clock clk_out1_pll rise edge)
                                                      0.000     0.000 r  
    AD12                                              0.000     0.000 r  i_sys_clk_p (IN)
                         net (fo=0)                   0.000     0.000    pll_inst/inst/clk_in1_p
    AD12                 IBUFDS (Prop_ibufds_I_O)     0.906     0.906 r  pll_inst/inst/clkin1_ibufgds/O
                         net (fo=1, routed)           1.098     2.004    pll_inst/inst/clk_in1_pll
    PLLE2_ADV_X1Y1       PLLE2_ADV (Prop_plle2_adv_CLKIN1_CLKOUT0)
                                                     -8.058    -6.054 r  pll_inst/inst/plle2_adv_inst/CLKOUT0
                         net (fo=1, routed)           2.128    -3.926    pll_inst/inst/clk_out1_pll
    BUFGCTRL_X0Y1        BUFG (Prop_bufg_I_O)         0.093    -3.833 r  pll_inst/inst/clkout1_buf/O
                         net (fo=353, routed)         1.565    -2.268    twin_controller_inst/CLK
    SLICE_X57Y93         FDCE                                         r  twin_controller_inst/status_buffer_reg[17][2]/C

Slack:                    inf
  Source:                 student_top_inst/bridge_inst/LED_reg[30]/C
                            (rising edge-triggered cell FDRE clocked by clk_out2_pll  {rise@0.000ns fall@2.778ns period=5.556ns})
  Destination:            twin_controller_inst/status_buffer_reg[17][6]/D
                            (rising edge-triggered cell FDCE clocked by clk_out1_pll  {rise@0.000ns fall@10.000ns period=20.000ns})
  Path Group:             (none)
  Path Type:              Hold (Min at Slow Process Corner)
  Data Path Delay:        0.771ns  (logic 0.178ns (23.077%)  route 0.593ns (76.923%))
  Logic Levels:           0  
  Clock Path Skew:        -0.392ns (DCD - SCD - CPR)
    Destination Clock Delay (DCD):    -2.268ns
    Source Clock Delay      (SCD):    -1.877ns
    Clock Pessimism Removal (CPR):    -0.000ns
  Clock Uncertainty:      0.206ns  ((TSJ^2 + DJ^2)^1/2) / 2 + PE
    Total System Jitter     (TSJ):    0.071ns
    Discrete Jitter          (DJ):    0.157ns
    Phase Error              (PE):    0.120ns
  Timing Exception:       Asynchronous Clock Groups

    Location             Delay type                Incr(ns)  Path(ns)    Netlist Resource(s)
  -------------------------------------------------------------------    -------------------
                         (clock clk_out2_pll rise edge)
                                                      0.000     0.000 r  
    AD12                                              0.000     0.000 r  i_sys_clk_p (IN)
                         net (fo=0)                   0.000     0.000    pll_inst/inst/clk_in1_p
    AD12                 IBUFDS (Prop_ibufds_I_O)     0.803     0.803 r  pll_inst/inst/clkin1_ibufgds/O
                         net (fo=1, routed)           1.001     1.804    pll_inst/inst/clk_in1_pll
    PLLE2_ADV_X1Y1       PLLE2_ADV (Prop_plle2_adv_CLKIN1_CLKOUT1)
                                                     -7.261    -5.457 r  pll_inst/inst/plle2_adv_inst/CLKOUT1
                         net (fo=1, routed)           2.003    -3.454    pll_inst/inst/clk_out2_pll
    BUFGCTRL_X0Y0        BUFG (Prop_bufg_I_O)         0.083    -3.371 r  pll_inst/inst/clkout2_buf/O
                         net (fo=1881, routed)        1.494    -1.877    student_top_inst/bridge_inst/clk_out2
    SLICE_X36Y90         FDRE                                         r  student_top_inst/bridge_inst/LED_reg[30]/C
  -------------------------------------------------------------------    -------------------
    SLICE_X36Y90         FDRE (Prop_fdre_C_Q)         0.178    -1.699 r  student_top_inst/bridge_inst/LED_reg[30]/Q
                         net (fo=1, routed)           0.593    -1.105    twin_controller_inst/virtual_led_OBUF[30]
    SLICE_X57Y93         FDCE                                         r  twin_controller_inst/status_buffer_reg[17][6]/D
  -------------------------------------------------------------------    -------------------

                         (clock clk_out1_pll rise edge)
                                                      0.000     0.000 r  
    AD12                                              0.000     0.000 r  i_sys_clk_p (IN)
                         net (fo=0)                   0.000     0.000    pll_inst/inst/clk_in1_p
    AD12                 IBUFDS (Prop_ibufds_I_O)     0.906     0.906 r  pll_inst/inst/clkin1_ibufgds/O
                         net (fo=1, routed)           1.098     2.004    pll_inst/inst/clk_in1_pll
    PLLE2_ADV_X1Y1       PLLE2_ADV (Prop_plle2_adv_CLKIN1_CLKOUT0)
                                                     -8.058    -6.054 r  pll_inst/inst/plle2_adv_inst/CLKOUT0
                         net (fo=1, routed)           2.128    -3.926    pll_inst/inst/clk_out1_pll
    BUFGCTRL_X0Y1        BUFG (Prop_bufg_I_O)         0.093    -3.833 r  pll_inst/inst/clkout1_buf/O
                         net (fo=353, routed)         1.565    -2.268    twin_controller_inst/CLK
    SLICE_X57Y93         FDCE                                         r  twin_controller_inst/status_buffer_reg[17][6]/C





--------------------------------------------------------------------------------------
Path Group:  (none)
From Clock:  clk_out1_pll
  To Clock:  clk_out2_pll

Max Delay            32 Endpoints
Min Delay            32 Endpoints
--------------------------------------------------------------------------------------


Max Delay Paths
--------------------------------------------------------------------------------------
Slack:                    inf
  Source:                 twin_controller_inst/sw_reg[1]/C
                            (rising edge-triggered cell FDCE clocked by clk_out1_pll  {rise@0.000ns fall@10.000ns period=20.000ns})
  Destination:            student_top_inst/Core_cpu/SegReg_LS_WB_inst/mem_rdata_wb_reg[1]/D
                            (rising edge-triggered cell FDRE clocked by clk_out2_pll  {rise@0.000ns fall@2.778ns period=5.556ns})
  Path Group:             (none)
  Path Type:              Setup (Max at Fast Process Corner)
  Data Path Delay:        1.992ns  (logic 0.299ns (15.010%)  route 1.693ns (84.990%))
  Logic Levels:           5  (LUT4=1 LUT6=4)
  Clock Path Skew:        0.199ns (DCD - SCD + CPR)
    Destination Clock Delay (DCD):    -0.359ns
    Source Clock Delay      (SCD):    -0.557ns
    Clock Pessimism Removal (CPR):    0.000ns
  Clock Uncertainty:      0.206ns  ((TSJ^2 + DJ^2)^1/2) / 2 + PE
    Total System Jitter     (TSJ):    0.071ns
    Discrete Jitter          (DJ):    0.157ns
    Phase Error              (PE):    0.120ns
  Timing Exception:       Asynchronous Clock Groups

    Location             Delay type                Incr(ns)  Path(ns)    Netlist Resource(s)
  -------------------------------------------------------------------    -------------------
                         (clock clk_out1_pll rise edge)
                                                      0.000     0.000 r  
    AD12                                              0.000     0.000 r  i_sys_clk_p (IN)
                         net (fo=0)                   0.000     0.000    pll_inst/inst/clk_in1_p
    AD12                 IBUFDS (Prop_ibufds_I_O)     0.470     0.470 r  pll_inst/inst/clkin1_ibufgds/O
                         net (fo=1, routed)           0.554     1.024    pll_inst/inst/clk_in1_pll
    PLLE2_ADV_X1Y1       PLLE2_ADV (Prop_plle2_adv_CLKIN1_CLKOUT0)
                                                     -3.524    -2.500 r  pll_inst/inst/plle2_adv_inst/CLKOUT0
                         net (fo=1, routed)           1.027    -1.473    pll_inst/inst/clk_out1_pll
    BUFGCTRL_X0Y1        BUFG (Prop_bufg_I_O)         0.030    -1.443 r  pll_inst/inst/clkout1_buf/O
                         net (fo=353, routed)         0.886    -0.557    twin_controller_inst/CLK
    SLICE_X67Y99         FDCE                                         r  twin_controller_inst/sw_reg[1]/C
  -------------------------------------------------------------------    -------------------
    SLICE_X67Y99         FDCE (Prop_fdce_C_Q)         0.124    -0.433 r  twin_controller_inst/sw_reg[1]/Q
                         net (fo=3, routed)           0.458     0.025    student_top_inst/Core_cpu/SegReg_EX_LS_inst/virtual_sw[0]
    SLICE_X62Y99         LUT6 (Prop_lut6_I0_O)        0.035     0.060 r  student_top_inst/Core_cpu/SegReg_EX_LS_inst/mem_rdata_wb[1]_i_6/O
                         net (fo=1, routed)           0.293     0.352    student_top_inst/Core_cpu/SegReg_EX_LS_inst/mem_rdata_wb[1]_i_6_n_0
    SLICE_X62Y97         LUT6 (Prop_lut6_I5_O)        0.035     0.387 f  student_top_inst/Core_cpu/SegReg_EX_LS_inst/mem_rdata_wb[1]_i_5/O
                         net (fo=1, routed)           0.404     0.792    student_top_inst/Core_cpu/SegReg_EX_LS_inst/mem_rdata_wb[1]_i_5_n_0
    SLICE_X52Y85         LUT6 (Prop_lut6_I0_O)        0.035     0.827 r  student_top_inst/Core_cpu/SegReg_EX_LS_inst/mem_rdata_wb[1]_i_4/O
                         net (fo=2, routed)           0.248     1.074    student_top_inst/Core_cpu/SegReg_EX_LS_inst/perip_rdata[1]
    SLICE_X44Y85         LUT4 (Prop_lut4_I1_O)        0.035     1.109 f  student_top_inst/Core_cpu/SegReg_EX_LS_inst/mem_rdata_wb[1]_i_2/O
                         net (fo=1, routed)           0.290     1.400    student_top_inst/Core_cpu/SegReg_EX_LS_inst/mem_rdata_wb[1]_i_2_n_0
    SLICE_X43Y80         LUT6 (Prop_lut6_I0_O)        0.035     1.435 r  student_top_inst/Core_cpu/SegReg_EX_LS_inst/mem_rdata_wb[1]_i_1/O
                         net (fo=1, routed)           0.000     1.435    student_top_inst/Core_cpu/SegReg_LS_WB_inst/mem_rdata_wb_reg[31]_1[1]
    SLICE_X43Y80         FDRE                                         r  student_top_inst/Core_cpu/SegReg_LS_WB_inst/mem_rdata_wb_reg[1]/D
  -------------------------------------------------------------------    -------------------

                         (clock clk_out2_pll rise edge)
                                                      0.000     0.000 r  
    AD12                                              0.000     0.000 r  i_sys_clk_p (IN)
                         net (fo=0)                   0.000     0.000    pll_inst/inst/clk_in1_p
    AD12                 IBUFDS (Prop_ibufds_I_O)     0.388     0.388 r  pll_inst/inst/clkin1_ibufgds/O
                         net (fo=1, routed)           0.503     0.891    pll_inst/inst/clk_in1_pll
    PLLE2_ADV_X1Y1       PLLE2_ADV (Prop_plle2_adv_CLKIN1_CLKOUT1)
                                                     -2.908    -2.017 r  pll_inst/inst/plle2_adv_inst/CLKOUT1
                         net (fo=1, routed)           0.958    -1.059    pll_inst/inst/clk_out2_pll
    BUFGCTRL_X0Y0        BUFG (Prop_bufg_I_O)         0.026    -1.033 r  pll_inst/inst/clkout2_buf/O
                         net (fo=1881, routed)        0.674    -0.359    student_top_inst/Core_cpu/SegReg_LS_WB_inst/clk_out2
    SLICE_X43Y80         FDRE                                         r  student_top_inst/Core_cpu/SegReg_LS_WB_inst/mem_rdata_wb_reg[1]/C

Slack:                    inf
  Source:                 twin_controller_inst/key_reg[3]/C
                            (rising edge-triggered cell FDCE clocked by clk_out1_pll  {rise@0.000ns fall@10.000ns period=20.000ns})
  Destination:            student_top_inst/Core_cpu/SegReg_LS_WB_inst/mem_rdata_wb_reg[3]/D
                            (rising edge-triggered cell FDRE clocked by clk_out2_pll  {rise@0.000ns fall@2.778ns period=5.556ns})
  Path Group:             (none)
  Path Type:              Setup (Max at Fast Process Corner)
  Data Path Delay:        1.991ns  (logic 0.299ns (15.020%)  route 1.692ns (84.980%))
  Logic Levels:           5  (LUT4=1 LUT6=4)
  Clock Path Skew:        0.197ns (DCD - SCD + CPR)
    Destination Clock Delay (DCD):    -0.361ns
    Source Clock Delay      (SCD):    -0.557ns
    Clock Pessimism Removal (CPR):    0.000ns
  Clock Uncertainty:      0.206ns  ((TSJ^2 + DJ^2)^1/2) / 2 + PE
    Total System Jitter     (TSJ):    0.071ns
    Discrete Jitter          (DJ):    0.157ns
    Phase Error              (PE):    0.120ns
  Timing Exception:       Asynchronous Clock Groups

    Location             Delay type                Incr(ns)  Path(ns)    Netlist Resource(s)
  -------------------------------------------------------------------    -------------------
                         (clock clk_out1_pll rise edge)
                                                      0.000     0.000 r  
    AD12                                              0.000     0.000 r  i_sys_clk_p (IN)
                         net (fo=0)                   0.000     0.000    pll_inst/inst/clk_in1_p
    AD12                 IBUFDS (Prop_ibufds_I_O)     0.470     0.470 r  pll_inst/inst/clkin1_ibufgds/O
                         net (fo=1, routed)           0.554     1.024    pll_inst/inst/clk_in1_pll
    PLLE2_ADV_X1Y1       PLLE2_ADV (Prop_plle2_adv_CLKIN1_CLKOUT0)
                                                     -3.524    -2.500 r  pll_inst/inst/plle2_adv_inst/CLKOUT0
                         net (fo=1, routed)           1.027    -1.473    pll_inst/inst/clk_out1_pll
    BUFGCTRL_X0Y1        BUFG (Prop_bufg_I_O)         0.030    -1.443 r  pll_inst/inst/clkout1_buf/O
                         net (fo=353, routed)         0.886    -0.557    twin_controller_inst/CLK
    SLICE_X67Y99         FDCE                                         r  twin_controller_inst/key_reg[3]/C
  -------------------------------------------------------------------    -------------------
    SLICE_X67Y99         FDCE (Prop_fdce_C_Q)         0.124    -0.433 r  twin_controller_inst/key_reg[3]/Q
                         net (fo=3, routed)           0.359    -0.075    twin_controller_inst/D[3]
    SLICE_X67Y98         LUT6 (Prop_lut6_I1_O)        0.035    -0.040 f  twin_controller_inst/mem_rdata_wb[3]_i_6/O
                         net (fo=1, routed)           0.527     0.488    student_top_inst/Core_cpu/SegReg_EX_LS_inst/mem_rdata_wb[3]_i_4_0
    SLICE_X54Y87         LUT6 (Prop_lut6_I1_O)        0.035     0.523 f  student_top_inst/Core_cpu/SegReg_EX_LS_inst/mem_rdata_wb[3]_i_5/O
                         net (fo=1, routed)           0.319     0.842    student_top_inst/Core_cpu/SegReg_EX_LS_inst/mem_rdata_wb[3]_i_5_n_0
    SLICE_X52Y84         LUT6 (Prop_lut6_I0_O)        0.035     0.877 r  student_top_inst/Core_cpu/SegReg_EX_LS_inst/mem_rdata_wb[3]_i_4/O
                         net (fo=2, routed)           0.283     1.160    student_top_inst/Core_cpu/SegReg_EX_LS_inst/perip_rdata[3]
    SLICE_X49Y84         LUT4 (Prop_lut4_I1_O)        0.035     1.195 f  student_top_inst/Core_cpu/SegReg_EX_LS_inst/mem_rdata_wb[3]_i_2/O
                         net (fo=1, routed)           0.203     1.398    student_top_inst/Core_cpu/SegReg_EX_LS_inst/mem_rdata_wb[3]_i_2_n_0
    SLICE_X49Y80         LUT6 (Prop_lut6_I0_O)        0.035     1.433 r  student_top_inst/Core_cpu/SegReg_EX_LS_inst/mem_rdata_wb[3]_i_1/O
                         net (fo=1, routed)           0.000     1.433    student_top_inst/Core_cpu/SegReg_LS_WB_inst/mem_rdata_wb_reg[31]_1[3]
    SLICE_X49Y80         FDRE                                         r  student_top_inst/Core_cpu/SegReg_LS_WB_inst/mem_rdata_wb_reg[3]/D
  -------------------------------------------------------------------    -------------------

                         (clock clk_out2_pll rise edge)
                                                      0.000     0.000 r  
    AD12                                              0.000     0.000 r  i_sys_clk_p (IN)
                         net (fo=0)                   0.000     0.000    pll_inst/inst/clk_in1_p
    AD12                 IBUFDS (Prop_ibufds_I_O)     0.388     0.388 r  pll_inst/inst/clkin1_ibufgds/O
                         net (fo=1, routed)           0.503     0.891    pll_inst/inst/clk_in1_pll
    PLLE2_ADV_X1Y1       PLLE2_ADV (Prop_plle2_adv_CLKIN1_CLKOUT1)
                                                     -2.908    -2.017 r  pll_inst/inst/plle2_adv_inst/CLKOUT1
                         net (fo=1, routed)           0.958    -1.059    pll_inst/inst/clk_out2_pll
    BUFGCTRL_X0Y0        BUFG (Prop_bufg_I_O)         0.026    -1.033 r  pll_inst/inst/clkout2_buf/O
                         net (fo=1881, routed)        0.672    -0.361    student_top_inst/Core_cpu/SegReg_LS_WB_inst/clk_out2
    SLICE_X49Y80         FDRE                                         r  student_top_inst/Core_cpu/SegReg_LS_WB_inst/mem_rdata_wb_reg[3]/C

Slack:                    inf
  Source:                 twin_controller_inst/sw_reg[55]/C
                            (rising edge-triggered cell FDCE clocked by clk_out1_pll  {rise@0.000ns fall@10.000ns period=20.000ns})
  Destination:            student_top_inst/Core_cpu/SegReg_LS_WB_inst/mem_rdata_wb_reg[19]/D
                            (rising edge-triggered cell FDRE clocked by clk_out2_pll  {rise@0.000ns fall@2.778ns period=5.556ns})
  Path Group:             (none)
  Path Type:              Setup (Max at Fast Process Corner)
  Data Path Delay:        1.973ns  (logic 0.299ns (15.158%)  route 1.674ns (84.842%))
  Logic Levels:           5  (LUT2=1 LUT6=4)
  Clock Path Skew:        0.205ns (DCD - SCD + CPR)
    Destination Clock Delay (DCD):    -0.353ns
    Source Clock Delay      (SCD):    -0.557ns
    Clock Pessimism Removal (CPR):    0.000ns
  Clock Uncertainty:      0.206ns  ((TSJ^2 + DJ^2)^1/2) / 2 + PE
    Total System Jitter     (TSJ):    0.071ns
    Discrete Jitter          (DJ):    0.157ns
    Phase Error              (PE):    0.120ns
  Timing Exception:       Asynchronous Clock Groups

    Location             Delay type                Incr(ns)  Path(ns)    Netlist Resource(s)
  -------------------------------------------------------------------    -------------------
                         (clock clk_out1_pll rise edge)
                                                      0.000     0.000 r  
    AD12                                              0.000     0.000 r  i_sys_clk_p (IN)
                         net (fo=0)                   0.000     0.000    pll_inst/inst/clk_in1_p
    AD12                 IBUFDS (Prop_ibufds_I_O)     0.470     0.470 r  pll_inst/inst/clkin1_ibufgds/O
                         net (fo=1, routed)           0.554     1.024    pll_inst/inst/clk_in1_pll
    PLLE2_ADV_X1Y1       PLLE2_ADV (Prop_plle2_adv_CLKIN1_CLKOUT0)
                                                     -3.524    -2.500 r  pll_inst/inst/plle2_adv_inst/CLKOUT0
                         net (fo=1, routed)           1.027    -1.473    pll_inst/inst/clk_out1_pll
    BUFGCTRL_X0Y1        BUFG (Prop_bufg_I_O)         0.030    -1.443 r  pll_inst/inst/clkout1_buf/O
                         net (fo=353, routed)         0.886    -0.557    twin_controller_inst/CLK
    SLICE_X64Y97         FDCE                                         r  twin_controller_inst/sw_reg[55]/C
  -------------------------------------------------------------------    -------------------
    SLICE_X64Y97         FDCE (Prop_fdce_C_Q)         0.124    -0.433 r  twin_controller_inst/sw_reg[55]/Q
                         net (fo=3, routed)           0.358    -0.076    student_top_inst/Core_cpu/SegReg_EX_LS_inst/virtual_sw[45]
    SLICE_X62Y97         LUT6 (Prop_lut6_I5_O)        0.035    -0.041 r  student_top_inst/Core_cpu/SegReg_EX_LS_inst/mem_rdata_wb[23]_i_3/O
                         net (fo=2, routed)           0.390     0.349    student_top_inst/Core_cpu/SegReg_EX_LS_inst/mem_rdata_wb[23]_i_3_n_0
    SLICE_X54Y88         LUT2 (Prop_lut2_I1_O)        0.035     0.384 f  student_top_inst/Core_cpu/SegReg_EX_LS_inst/mem_rdata_wb[31]_i_11/O
                         net (fo=1, routed)           0.343     0.728    student_top_inst/Core_cpu/SegReg_EX_LS_inst/mem_rdata_wb[31]_i_11_n_0
    SLICE_X51Y88         LUT6 (Prop_lut6_I0_O)        0.035     0.763 r  student_top_inst/Core_cpu/SegReg_EX_LS_inst/mem_rdata_wb[31]_i_6/O
                         net (fo=1, routed)           0.114     0.877    student_top_inst/Core_cpu/SegReg_EX_LS_inst/mem_rdata_wb[31]_i_6_n_0
    SLICE_X51Y86         LUT6 (Prop_lut6_I5_O)        0.035     0.912 f  student_top_inst/Core_cpu/SegReg_EX_LS_inst/mem_rdata_wb[31]_i_2/O
                         net (fo=24, routed)          0.468     1.380    student_top_inst/Core_cpu/SegReg_EX_LS_inst/mem_rdata_wb[31]_i_2_n_0
    SLICE_X40Y84         LUT6 (Prop_lut6_I0_O)        0.035     1.415 r  student_top_inst/Core_cpu/SegReg_EX_LS_inst/mem_rdata_wb[19]_i_1/O
                         net (fo=1, routed)           0.000     1.415    student_top_inst/Core_cpu/SegReg_LS_WB_inst/mem_rdata_wb_reg[31]_1[19]
    SLICE_X40Y84         FDRE                                         r  student_top_inst/Core_cpu/SegReg_LS_WB_inst/mem_rdata_wb_reg[19]/D
  -------------------------------------------------------------------    -------------------

                         (clock clk_out2_pll rise edge)
                                                      0.000     0.000 r  
    AD12                                              0.000     0.000 r  i_sys_clk_p (IN)
                         net (fo=0)                   0.000     0.000    pll_inst/inst/clk_in1_p
    AD12                 IBUFDS (Prop_ibufds_I_O)     0.388     0.388 r  pll_inst/inst/clkin1_ibufgds/O
                         net (fo=1, routed)           0.503     0.891    pll_inst/inst/clk_in1_pll
    PLLE2_ADV_X1Y1       PLLE2_ADV (Prop_plle2_adv_CLKIN1_CLKOUT1)
                                                     -2.908    -2.017 r  pll_inst/inst/plle2_adv_inst/CLKOUT1
                         net (fo=1, routed)           0.958    -1.059    pll_inst/inst/clk_out2_pll
    BUFGCTRL_X0Y0        BUFG (Prop_bufg_I_O)         0.026    -1.033 r  pll_inst/inst/clkout2_buf/O
                         net (fo=1881, routed)        0.680    -0.353    student_top_inst/Core_cpu/SegReg_LS_WB_inst/clk_out2
    SLICE_X40Y84         FDRE                                         r  student_top_inst/Core_cpu/SegReg_LS_WB_inst/mem_rdata_wb_reg[19]/C

Slack:                    inf
  Source:                 twin_controller_inst/sw_reg[55]/C
                            (rising edge-triggered cell FDCE clocked by clk_out1_pll  {rise@0.000ns fall@10.000ns period=20.000ns})
  Destination:            student_top_inst/Core_cpu/SegReg_LS_WB_inst/mem_rdata_wb_reg[30]/D
                            (rising edge-triggered cell FDRE clocked by clk_out2_pll  {rise@0.000ns fall@2.778ns period=5.556ns})
  Path Group:             (none)
  Path Type:              Setup (Max at Fast Process Corner)
  Data Path Delay:        1.967ns  (logic 0.299ns (15.203%)  route 1.668ns (84.797%))
  Logic Levels:           5  (LUT2=1 LUT6=4)
  Clock Path Skew:        0.202ns (DCD - SCD + CPR)
    Destination Clock Delay (DCD):    -0.356ns
    Source Clock Delay      (SCD):    -0.557ns
    Clock Pessimism Removal (CPR):    0.000ns
  Clock Uncertainty:      0.206ns  ((TSJ^2 + DJ^2)^1/2) / 2 + PE
    Total System Jitter     (TSJ):    0.071ns
    Discrete Jitter          (DJ):    0.157ns
    Phase Error              (PE):    0.120ns
  Timing Exception:       Asynchronous Clock Groups

    Location             Delay type                Incr(ns)  Path(ns)    Netlist Resource(s)
  -------------------------------------------------------------------    -------------------
                         (clock clk_out1_pll rise edge)
                                                      0.000     0.000 r  
    AD12                                              0.000     0.000 r  i_sys_clk_p (IN)
                         net (fo=0)                   0.000     0.000    pll_inst/inst/clk_in1_p
    AD12                 IBUFDS (Prop_ibufds_I_O)     0.470     0.470 r  pll_inst/inst/clkin1_ibufgds/O
                         net (fo=1, routed)           0.554     1.024    pll_inst/inst/clk_in1_pll
    PLLE2_ADV_X1Y1       PLLE2_ADV (Prop_plle2_adv_CLKIN1_CLKOUT0)
                                                     -3.524    -2.500 r  pll_inst/inst/plle2_adv_inst/CLKOUT0
                         net (fo=1, routed)           1.027    -1.473    pll_inst/inst/clk_out1_pll
    BUFGCTRL_X0Y1        BUFG (Prop_bufg_I_O)         0.030    -1.443 r  pll_inst/inst/clkout1_buf/O
                         net (fo=353, routed)         0.886    -0.557    twin_controller_inst/CLK
    SLICE_X64Y97         FDCE                                         r  twin_controller_inst/sw_reg[55]/C
  -------------------------------------------------------------------    -------------------
    SLICE_X64Y97         FDCE (Prop_fdce_C_Q)         0.124    -0.433 r  twin_controller_inst/sw_reg[55]/Q
                         net (fo=3, routed)           0.358    -0.076    student_top_inst/Core_cpu/SegReg_EX_LS_inst/virtual_sw[45]
    SLICE_X62Y97         LUT6 (Prop_lut6_I5_O)        0.035    -0.041 r  student_top_inst/Core_cpu/SegReg_EX_LS_inst/mem_rdata_wb[23]_i_3/O
                         net (fo=2, routed)           0.390     0.349    student_top_inst/Core_cpu/SegReg_EX_LS_inst/mem_rdata_wb[23]_i_3_n_0
    SLICE_X54Y88         LUT2 (Prop_lut2_I1_O)        0.035     0.384 f  student_top_inst/Core_cpu/SegReg_EX_LS_inst/mem_rdata_wb[31]_i_11/O
                         net (fo=1, routed)           0.343     0.728    student_top_inst/Core_cpu/SegReg_EX_LS_inst/mem_rdata_wb[31]_i_11_n_0
    SLICE_X51Y88         LUT6 (Prop_lut6_I0_O)        0.035     0.763 r  student_top_inst/Core_cpu/SegReg_EX_LS_inst/mem_rdata_wb[31]_i_6/O
                         net (fo=1, routed)           0.114     0.877    student_top_inst/Core_cpu/SegReg_EX_LS_inst/mem_rdata_wb[31]_i_6_n_0
    SLICE_X51Y86         LUT6 (Prop_lut6_I5_O)        0.035     0.912 f  student_top_inst/Core_cpu/SegReg_EX_LS_inst/mem_rdata_wb[31]_i_2/O
                         net (fo=24, routed)          0.462     1.374    student_top_inst/Core_cpu/SegReg_EX_LS_inst/mem_rdata_wb[31]_i_2_n_0
    SLICE_X38Y81         LUT6 (Prop_lut6_I0_O)        0.035     1.409 r  student_top_inst/Core_cpu/SegReg_EX_LS_inst/mem_rdata_wb[30]_i_1/O
                         net (fo=1, routed)           0.000     1.409    student_top_inst/Core_cpu/SegReg_LS_WB_inst/mem_rdata_wb_reg[31]_1[30]
    SLICE_X38Y81         FDRE                                         r  student_top_inst/Core_cpu/SegReg_LS_WB_inst/mem_rdata_wb_reg[30]/D
  -------------------------------------------------------------------    -------------------

                         (clock clk_out2_pll rise edge)
                                                      0.000     0.000 r  
    AD12                                              0.000     0.000 r  i_sys_clk_p (IN)
                         net (fo=0)                   0.000     0.000    pll_inst/inst/clk_in1_p
    AD12                 IBUFDS (Prop_ibufds_I_O)     0.388     0.388 r  pll_inst/inst/clkin1_ibufgds/O
                         net (fo=1, routed)           0.503     0.891    pll_inst/inst/clk_in1_pll
    PLLE2_ADV_X1Y1       PLLE2_ADV (Prop_plle2_adv_CLKIN1_CLKOUT1)
                                                     -2.908    -2.017 r  pll_inst/inst/plle2_adv_inst/CLKOUT1
                         net (fo=1, routed)           0.958    -1.059    pll_inst/inst/clk_out2_pll
    BUFGCTRL_X0Y0        BUFG (Prop_bufg_I_O)         0.026    -1.033 r  pll_inst/inst/clkout2_buf/O
                         net (fo=1881, routed)        0.677    -0.356    student_top_inst/Core_cpu/SegReg_LS_WB_inst/clk_out2
    SLICE_X38Y81         FDRE                                         r  student_top_inst/Core_cpu/SegReg_LS_WB_inst/mem_rdata_wb_reg[30]/C

Slack:                    inf
  Source:                 twin_controller_inst/sw_reg[55]/C
                            (rising edge-triggered cell FDCE clocked by clk_out1_pll  {rise@0.000ns fall@10.000ns period=20.000ns})
  Destination:            student_top_inst/Core_cpu/SegReg_LS_WB_inst/mem_rdata_wb_reg[16]/D
                            (rising edge-triggered cell FDRE clocked by clk_out2_pll  {rise@0.000ns fall@2.778ns period=5.556ns})
  Path Group:             (none)
  Path Type:              Setup (Max at Fast Process Corner)
  Data Path Delay:        1.965ns  (logic 0.299ns (15.213%)  route 1.666ns (84.787%))
  Logic Levels:           5  (LUT2=1 LUT6=4)
  Clock Path Skew:        0.205ns (DCD - SCD + CPR)
    Destination Clock Delay (DCD):    -0.353ns
    Source Clock Delay      (SCD):    -0.557ns
    Clock Pessimism Removal (CPR):    0.000ns
  Clock Uncertainty:      0.206ns  ((TSJ^2 + DJ^2)^1/2) / 2 + PE
    Total System Jitter     (TSJ):    0.071ns
    Discrete Jitter          (DJ):    0.157ns
    Phase Error              (PE):    0.120ns
  Timing Exception:       Asynchronous Clock Groups

    Location             Delay type                Incr(ns)  Path(ns)    Netlist Resource(s)
  -------------------------------------------------------------------    -------------------
                         (clock clk_out1_pll rise edge)
                                                      0.000     0.000 r  
    AD12                                              0.000     0.000 r  i_sys_clk_p (IN)
                         net (fo=0)                   0.000     0.000    pll_inst/inst/clk_in1_p
    AD12                 IBUFDS (Prop_ibufds_I_O)     0.470     0.470 r  pll_inst/inst/clkin1_ibufgds/O
                         net (fo=1, routed)           0.554     1.024    pll_inst/inst/clk_in1_pll
    PLLE2_ADV_X1Y1       PLLE2_ADV (Prop_plle2_adv_CLKIN1_CLKOUT0)
                                                     -3.524    -2.500 r  pll_inst/inst/plle2_adv_inst/CLKOUT0
                         net (fo=1, routed)           1.027    -1.473    pll_inst/inst/clk_out1_pll
    BUFGCTRL_X0Y1        BUFG (Prop_bufg_I_O)         0.030    -1.443 r  pll_inst/inst/clkout1_buf/O
                         net (fo=353, routed)         0.886    -0.557    twin_controller_inst/CLK
    SLICE_X64Y97         FDCE                                         r  twin_controller_inst/sw_reg[55]/C
  -------------------------------------------------------------------    -------------------
    SLICE_X64Y97         FDCE (Prop_fdce_C_Q)         0.124    -0.433 r  twin_controller_inst/sw_reg[55]/Q
                         net (fo=3, routed)           0.358    -0.076    student_top_inst/Core_cpu/SegReg_EX_LS_inst/virtual_sw[45]
    SLICE_X62Y97         LUT6 (Prop_lut6_I5_O)        0.035    -0.041 r  student_top_inst/Core_cpu/SegReg_EX_LS_inst/mem_rdata_wb[23]_i_3/O
                         net (fo=2, routed)           0.390     0.349    student_top_inst/Core_cpu/SegReg_EX_LS_inst/mem_rdata_wb[23]_i_3_n_0
    SLICE_X54Y88         LUT2 (Prop_lut2_I1_O)        0.035     0.384 f  student_top_inst/Core_cpu/SegReg_EX_LS_inst/mem_rdata_wb[31]_i_11/O
                         net (fo=1, routed)           0.343     0.728    student_top_inst/Core_cpu/SegReg_EX_LS_inst/mem_rdata_wb[31]_i_11_n_0
    SLICE_X51Y88         LUT6 (Prop_lut6_I0_O)        0.035     0.763 r  student_top_inst/Core_cpu/SegReg_EX_LS_inst/mem_rdata_wb[31]_i_6/O
                         net (fo=1, routed)           0.114     0.877    student_top_inst/Core_cpu/SegReg_EX_LS_inst/mem_rdata_wb[31]_i_6_n_0
    SLICE_X51Y86         LUT6 (Prop_lut6_I5_O)        0.035     0.912 f  student_top_inst/Core_cpu/SegReg_EX_LS_inst/mem_rdata_wb[31]_i_2/O
                         net (fo=24, routed)          0.461     1.373    student_top_inst/Core_cpu/SegReg_EX_LS_inst/mem_rdata_wb[31]_i_2_n_0
    SLICE_X38Y86         LUT6 (Prop_lut6_I0_O)        0.035     1.408 r  student_top_inst/Core_cpu/SegReg_EX_LS_inst/mem_rdata_wb[16]_i_1/O
                         net (fo=1, routed)           0.000     1.408    student_top_inst/Core_cpu/SegReg_LS_WB_inst/mem_rdata_wb_reg[31]_1[16]
    SLICE_X38Y86         FDRE                                         r  student_top_inst/Core_cpu/SegReg_LS_WB_inst/mem_rdata_wb_reg[16]/D
  -------------------------------------------------------------------    -------------------

                         (clock clk_out2_pll rise edge)
                                                      0.000     0.000 r  
    AD12                                              0.000     0.000 r  i_sys_clk_p (IN)
                         net (fo=0)                   0.000     0.000    pll_inst/inst/clk_in1_p
    AD12                 IBUFDS (Prop_ibufds_I_O)     0.388     0.388 r  pll_inst/inst/clkin1_ibufgds/O
                         net (fo=1, routed)           0.503     0.891    pll_inst/inst/clk_in1_pll
    PLLE2_ADV_X1Y1       PLLE2_ADV (Prop_plle2_adv_CLKIN1_CLKOUT1)
                                                     -2.908    -2.017 r  pll_inst/inst/plle2_adv_inst/CLKOUT1
                         net (fo=1, routed)           0.958    -1.059    pll_inst/inst/clk_out2_pll
    BUFGCTRL_X0Y0        BUFG (Prop_bufg_I_O)         0.026    -1.033 r  pll_inst/inst/clkout2_buf/O
                         net (fo=1881, routed)        0.680    -0.353    student_top_inst/Core_cpu/SegReg_LS_WB_inst/clk_out2
    SLICE_X38Y86         FDRE                                         r  student_top_inst/Core_cpu/SegReg_LS_WB_inst/mem_rdata_wb_reg[16]/C

Slack:                    inf
  Source:                 twin_controller_inst/sw_reg[55]/C
                            (rising edge-triggered cell FDCE clocked by clk_out1_pll  {rise@0.000ns fall@10.000ns period=20.000ns})
  Destination:            student_top_inst/Core_cpu/SegReg_LS_WB_inst/mem_rdata_wb_reg[22]/D
                            (rising edge-triggered cell FDRE clocked by clk_out2_pll  {rise@0.000ns fall@2.778ns period=5.556ns})
  Path Group:             (none)
  Path Type:              Setup (Max at Fast Process Corner)
  Data Path Delay:        1.955ns  (logic 0.299ns (15.292%)  route 1.656ns (84.708%))
  Logic Levels:           5  (LUT2=1 LUT6=4)
  Clock Path Skew:        0.203ns (DCD - SCD + CPR)
    Destination Clock Delay (DCD):    -0.355ns
    Source Clock Delay      (SCD):    -0.557ns
    Clock Pessimism Removal (CPR):    0.000ns
  Clock Uncertainty:      0.206ns  ((TSJ^2 + DJ^2)^1/2) / 2 + PE
    Total System Jitter     (TSJ):    0.071ns
    Discrete Jitter          (DJ):    0.157ns
    Phase Error              (PE):    0.120ns
  Timing Exception:       Asynchronous Clock Groups

    Location             Delay type                Incr(ns)  Path(ns)    Netlist Resource(s)
  -------------------------------------------------------------------    -------------------
                         (clock clk_out1_pll rise edge)
                                                      0.000     0.000 r  
    AD12                                              0.000     0.000 r  i_sys_clk_p (IN)
                         net (fo=0)                   0.000     0.000    pll_inst/inst/clk_in1_p
    AD12                 IBUFDS (Prop_ibufds_I_O)     0.470     0.470 r  pll_inst/inst/clkin1_ibufgds/O
                         net (fo=1, routed)           0.554     1.024    pll_inst/inst/clk_in1_pll
    PLLE2_ADV_X1Y1       PLLE2_ADV (Prop_plle2_adv_CLKIN1_CLKOUT0)
                                                     -3.524    -2.500 r  pll_inst/inst/plle2_adv_inst/CLKOUT0
                         net (fo=1, routed)           1.027    -1.473    pll_inst/inst/clk_out1_pll
    BUFGCTRL_X0Y1        BUFG (Prop_bufg_I_O)         0.030    -1.443 r  pll_inst/inst/clkout1_buf/O
                         net (fo=353, routed)         0.886    -0.557    twin_controller_inst/CLK
    SLICE_X64Y97         FDCE                                         r  twin_controller_inst/sw_reg[55]/C
  -------------------------------------------------------------------    -------------------
    SLICE_X64Y97         FDCE (Prop_fdce_C_Q)         0.124    -0.433 r  twin_controller_inst/sw_reg[55]/Q
                         net (fo=3, routed)           0.358    -0.076    student_top_inst/Core_cpu/SegReg_EX_LS_inst/virtual_sw[45]
    SLICE_X62Y97         LUT6 (Prop_lut6_I5_O)        0.035    -0.041 r  student_top_inst/Core_cpu/SegReg_EX_LS_inst/mem_rdata_wb[23]_i_3/O
                         net (fo=2, routed)           0.390     0.349    student_top_inst/Core_cpu/SegReg_EX_LS_inst/mem_rdata_wb[23]_i_3_n_0
    SLICE_X54Y88         LUT2 (Prop_lut2_I1_O)        0.035     0.384 f  student_top_inst/Core_cpu/SegReg_EX_LS_inst/mem_rdata_wb[31]_i_11/O
                         net (fo=1, routed)           0.343     0.728    student_top_inst/Core_cpu/SegReg_EX_LS_inst/mem_rdata_wb[31]_i_11_n_0
    SLICE_X51Y88         LUT6 (Prop_lut6_I0_O)        0.035     0.763 r  student_top_inst/Core_cpu/SegReg_EX_LS_inst/mem_rdata_wb[31]_i_6/O
                         net (fo=1, routed)           0.114     0.877    student_top_inst/Core_cpu/SegReg_EX_LS_inst/mem_rdata_wb[31]_i_6_n_0
    SLICE_X51Y86         LUT6 (Prop_lut6_I5_O)        0.035     0.912 f  student_top_inst/Core_cpu/SegReg_EX_LS_inst/mem_rdata_wb[31]_i_2/O
                         net (fo=24, routed)          0.451     1.363    student_top_inst/Core_cpu/SegReg_EX_LS_inst/mem_rdata_wb[31]_i_2_n_0
    SLICE_X40Y82         LUT6 (Prop_lut6_I0_O)        0.035     1.398 r  student_top_inst/Core_cpu/SegReg_EX_LS_inst/mem_rdata_wb[22]_i_1/O
                         net (fo=1, routed)           0.000     1.398    student_top_inst/Core_cpu/SegReg_LS_WB_inst/mem_rdata_wb_reg[31]_1[22]
    SLICE_X40Y82         FDRE                                         r  student_top_inst/Core_cpu/SegReg_LS_WB_inst/mem_rdata_wb_reg[22]/D
  -------------------------------------------------------------------    -------------------

                         (clock clk_out2_pll rise edge)
                                                      0.000     0.000 r  
    AD12                                              0.000     0.000 r  i_sys_clk_p (IN)
                         net (fo=0)                   0.000     0.000    pll_inst/inst/clk_in1_p
    AD12                 IBUFDS (Prop_ibufds_I_O)     0.388     0.388 r  pll_inst/inst/clkin1_ibufgds/O
                         net (fo=1, routed)           0.503     0.891    pll_inst/inst/clk_in1_pll
    PLLE2_ADV_X1Y1       PLLE2_ADV (Prop_plle2_adv_CLKIN1_CLKOUT1)
                                                     -2.908    -2.017 r  pll_inst/inst/plle2_adv_inst/CLKOUT1
                         net (fo=1, routed)           0.958    -1.059    pll_inst/inst/clk_out2_pll
    BUFGCTRL_X0Y0        BUFG (Prop_bufg_I_O)         0.026    -1.033 r  pll_inst/inst/clkout2_buf/O
                         net (fo=1881, routed)        0.678    -0.355    student_top_inst/Core_cpu/SegReg_LS_WB_inst/clk_out2
    SLICE_X40Y82         FDRE                                         r  student_top_inst/Core_cpu/SegReg_LS_WB_inst/mem_rdata_wb_reg[22]/C

Slack:                    inf
  Source:                 twin_controller_inst/sw_reg[55]/C
                            (rising edge-triggered cell FDCE clocked by clk_out1_pll  {rise@0.000ns fall@10.000ns period=20.000ns})
  Destination:            student_top_inst/Core_cpu/SegReg_LS_WB_inst/mem_rdata_wb_reg[23]/D
                            (rising edge-triggered cell FDRE clocked by clk_out2_pll  {rise@0.000ns fall@2.778ns period=5.556ns})
  Path Group:             (none)
  Path Type:              Setup (Max at Fast Process Corner)
  Data Path Delay:        1.951ns  (logic 0.299ns (15.322%)  route 1.652ns (84.678%))
  Logic Levels:           5  (LUT2=1 LUT6=4)
  Clock Path Skew:        0.195ns (DCD - SCD + CPR)
    Destination Clock Delay (DCD):    -0.363ns
    Source Clock Delay      (SCD):    -0.557ns
    Clock Pessimism Removal (CPR):    0.000ns
  Clock Uncertainty:      0.206ns  ((TSJ^2 + DJ^2)^1/2) / 2 + PE
    Total System Jitter     (TSJ):    0.071ns
    Discrete Jitter          (DJ):    0.157ns
    Phase Error              (PE):    0.120ns
  Timing Exception:       Asynchronous Clock Groups

    Location             Delay type                Incr(ns)  Path(ns)    Netlist Resource(s)
  -------------------------------------------------------------------    -------------------
                         (clock clk_out1_pll rise edge)
                                                      0.000     0.000 r  
    AD12                                              0.000     0.000 r  i_sys_clk_p (IN)
                         net (fo=0)                   0.000     0.000    pll_inst/inst/clk_in1_p
    AD12                 IBUFDS (Prop_ibufds_I_O)     0.470     0.470 r  pll_inst/inst/clkin1_ibufgds/O
                         net (fo=1, routed)           0.554     1.024    pll_inst/inst/clk_in1_pll
    PLLE2_ADV_X1Y1       PLLE2_ADV (Prop_plle2_adv_CLKIN1_CLKOUT0)
                                                     -3.524    -2.500 r  pll_inst/inst/plle2_adv_inst/CLKOUT0
                         net (fo=1, routed)           1.027    -1.473    pll_inst/inst/clk_out1_pll
    BUFGCTRL_X0Y1        BUFG (Prop_bufg_I_O)         0.030    -1.443 r  pll_inst/inst/clkout1_buf/O
                         net (fo=353, routed)         0.886    -0.557    twin_controller_inst/CLK
    SLICE_X64Y97         FDCE                                         r  twin_controller_inst/sw_reg[55]/C
  -------------------------------------------------------------------    -------------------
    SLICE_X64Y97         FDCE (Prop_fdce_C_Q)         0.124    -0.433 r  twin_controller_inst/sw_reg[55]/Q
                         net (fo=3, routed)           0.358    -0.076    student_top_inst/Core_cpu/SegReg_EX_LS_inst/virtual_sw[45]
    SLICE_X62Y97         LUT6 (Prop_lut6_I5_O)        0.035    -0.041 r  student_top_inst/Core_cpu/SegReg_EX_LS_inst/mem_rdata_wb[23]_i_3/O
                         net (fo=2, routed)           0.390     0.349    student_top_inst/Core_cpu/SegReg_EX_LS_inst/mem_rdata_wb[23]_i_3_n_0
    SLICE_X54Y88         LUT2 (Prop_lut2_I1_O)        0.035     0.384 f  student_top_inst/Core_cpu/SegReg_EX_LS_inst/mem_rdata_wb[31]_i_11/O
                         net (fo=1, routed)           0.343     0.728    student_top_inst/Core_cpu/SegReg_EX_LS_inst/mem_rdata_wb[31]_i_11_n_0
    SLICE_X51Y88         LUT6 (Prop_lut6_I0_O)        0.035     0.763 r  student_top_inst/Core_cpu/SegReg_EX_LS_inst/mem_rdata_wb[31]_i_6/O
                         net (fo=1, routed)           0.114     0.877    student_top_inst/Core_cpu/SegReg_EX_LS_inst/mem_rdata_wb[31]_i_6_n_0
    SLICE_X51Y86         LUT6 (Prop_lut6_I5_O)        0.035     0.912 f  student_top_inst/Core_cpu/SegReg_EX_LS_inst/mem_rdata_wb[31]_i_2/O
                         net (fo=24, routed)          0.447     1.359    student_top_inst/Core_cpu/SegReg_EX_LS_inst/mem_rdata_wb[31]_i_2_n_0
    SLICE_X48Y78         LUT6 (Prop_lut6_I0_O)        0.035     1.394 r  student_top_inst/Core_cpu/SegReg_EX_LS_inst/mem_rdata_wb[23]_i_1/O
                         net (fo=1, routed)           0.000     1.394    student_top_inst/Core_cpu/SegReg_LS_WB_inst/mem_rdata_wb_reg[31]_1[23]
    SLICE_X48Y78         FDRE                                         r  student_top_inst/Core_cpu/SegReg_LS_WB_inst/mem_rdata_wb_reg[23]/D
  -------------------------------------------------------------------    -------------------

                         (clock clk_out2_pll rise edge)
                                                      0.000     0.000 r  
    AD12                                              0.000     0.000 r  i_sys_clk_p (IN)
                         net (fo=0)                   0.000     0.000    pll_inst/inst/clk_in1_p
    AD12                 IBUFDS (Prop_ibufds_I_O)     0.388     0.388 r  pll_inst/inst/clkin1_ibufgds/O
                         net (fo=1, routed)           0.503     0.891    pll_inst/inst/clk_in1_pll
    PLLE2_ADV_X1Y1       PLLE2_ADV (Prop_plle2_adv_CLKIN1_CLKOUT1)
                                                     -2.908    -2.017 r  pll_inst/inst/plle2_adv_inst/CLKOUT1
                         net (fo=1, routed)           0.958    -1.059    pll_inst/inst/clk_out2_pll
    BUFGCTRL_X0Y0        BUFG (Prop_bufg_I_O)         0.026    -1.033 r  pll_inst/inst/clkout2_buf/O
                         net (fo=1881, routed)        0.670    -0.363    student_top_inst/Core_cpu/SegReg_LS_WB_inst/clk_out2
    SLICE_X48Y78         FDRE                                         r  student_top_inst/Core_cpu/SegReg_LS_WB_inst/mem_rdata_wb_reg[23]/C

Slack:                    inf
  Source:                 twin_controller_inst/key_reg[6]/C
                            (rising edge-triggered cell FDCE clocked by clk_out1_pll  {rise@0.000ns fall@10.000ns period=20.000ns})
  Destination:            student_top_inst/Core_cpu/SegReg_LS_WB_inst/mem_rdata_wb_reg[6]/D
                            (rising edge-triggered cell FDRE clocked by clk_out2_pll  {rise@0.000ns fall@2.778ns period=5.556ns})
  Path Group:             (none)
  Path Type:              Setup (Max at Fast Process Corner)
  Data Path Delay:        1.944ns  (logic 0.299ns (15.383%)  route 1.645ns (84.617%))
  Logic Levels:           5  (LUT4=1 LUT6=4)
  Clock Path Skew:        0.199ns (DCD - SCD + CPR)
    Destination Clock Delay (DCD):    -0.359ns
    Source Clock Delay      (SCD):    -0.557ns
    Clock Pessimism Removal (CPR):    0.000ns
  Clock Uncertainty:      0.206ns  ((TSJ^2 + DJ^2)^1/2) / 2 + PE
    Total System Jitter     (TSJ):    0.071ns
    Discrete Jitter          (DJ):    0.157ns
    Phase Error              (PE):    0.120ns
  Timing Exception:       Asynchronous Clock Groups

    Location             Delay type                Incr(ns)  Path(ns)    Netlist Resource(s)
  -------------------------------------------------------------------    -------------------
                         (clock clk_out1_pll rise edge)
                                                      0.000     0.000 r  
    AD12                                              0.000     0.000 r  i_sys_clk_p (IN)
                         net (fo=0)                   0.000     0.000    pll_inst/inst/clk_in1_p
    AD12                 IBUFDS (Prop_ibufds_I_O)     0.470     0.470 r  pll_inst/inst/clkin1_ibufgds/O
                         net (fo=1, routed)           0.554     1.024    pll_inst/inst/clk_in1_pll
    PLLE2_ADV_X1Y1       PLLE2_ADV (Prop_plle2_adv_CLKIN1_CLKOUT0)
                                                     -3.524    -2.500 r  pll_inst/inst/plle2_adv_inst/CLKOUT0
                         net (fo=1, routed)           1.027    -1.473    pll_inst/inst/clk_out1_pll
    BUFGCTRL_X0Y1        BUFG (Prop_bufg_I_O)         0.030    -1.443 r  pll_inst/inst/clkout1_buf/O
                         net (fo=353, routed)         0.886    -0.557    twin_controller_inst/CLK
    SLICE_X68Y97         FDCE                                         r  twin_controller_inst/key_reg[6]/C
  -------------------------------------------------------------------    -------------------
    SLICE_X68Y97         FDCE (Prop_fdce_C_Q)         0.124    -0.433 r  twin_controller_inst/key_reg[6]/Q
                         net (fo=3, routed)           0.296    -0.137    twin_controller_inst/D[6]
    SLICE_X68Y95         LUT6 (Prop_lut6_I5_O)        0.035    -0.102 f  twin_controller_inst/mem_rdata_wb[6]_i_6/O
                         net (fo=1, routed)           0.414     0.312    student_top_inst/Core_cpu/SegReg_EX_LS_inst/mem_rdata_wb[6]_i_4_0
    SLICE_X54Y89         LUT6 (Prop_lut6_I1_O)        0.035     0.347 f  student_top_inst/Core_cpu/SegReg_EX_LS_inst/mem_rdata_wb[6]_i_5/O
                         net (fo=1, routed)           0.388     0.735    student_top_inst/Core_cpu/SegReg_EX_LS_inst/mem_rdata_wb[6]_i_5_n_0
    SLICE_X50Y86         LUT6 (Prop_lut6_I0_O)        0.035     0.770 r  student_top_inst/Core_cpu/SegReg_EX_LS_inst/mem_rdata_wb[6]_i_4/O
                         net (fo=2, routed)           0.283     1.053    student_top_inst/Core_cpu/SegReg_EX_LS_inst/perip_rdata[6]
    SLICE_X51Y81         LUT4 (Prop_lut4_I1_O)        0.035     1.088 f  student_top_inst/Core_cpu/SegReg_EX_LS_inst/mem_rdata_wb[6]_i_2/O
                         net (fo=1, routed)           0.263     1.351    student_top_inst/Core_cpu/SegReg_EX_LS_inst/mem_rdata_wb[6]_i_2_n_0
    SLICE_X43Y80         LUT6 (Prop_lut6_I0_O)        0.035     1.386 r  student_top_inst/Core_cpu/SegReg_EX_LS_inst/mem_rdata_wb[6]_i_1/O
                         net (fo=1, routed)           0.000     1.386    student_top_inst/Core_cpu/SegReg_LS_WB_inst/mem_rdata_wb_reg[31]_1[6]
    SLICE_X43Y80         FDRE                                         r  student_top_inst/Core_cpu/SegReg_LS_WB_inst/mem_rdata_wb_reg[6]/D
  -------------------------------------------------------------------    -------------------

                         (clock clk_out2_pll rise edge)
                                                      0.000     0.000 r  
    AD12                                              0.000     0.000 r  i_sys_clk_p (IN)
                         net (fo=0)                   0.000     0.000    pll_inst/inst/clk_in1_p
    AD12                 IBUFDS (Prop_ibufds_I_O)     0.388     0.388 r  pll_inst/inst/clkin1_ibufgds/O
                         net (fo=1, routed)           0.503     0.891    pll_inst/inst/clk_in1_pll
    PLLE2_ADV_X1Y1       PLLE2_ADV (Prop_plle2_adv_CLKIN1_CLKOUT1)
                                                     -2.908    -2.017 r  pll_inst/inst/plle2_adv_inst/CLKOUT1
                         net (fo=1, routed)           0.958    -1.059    pll_inst/inst/clk_out2_pll
    BUFGCTRL_X0Y0        BUFG (Prop_bufg_I_O)         0.026    -1.033 r  pll_inst/inst/clkout2_buf/O
                         net (fo=1881, routed)        0.674    -0.359    student_top_inst/Core_cpu/SegReg_LS_WB_inst/clk_out2
    SLICE_X43Y80         FDRE                                         r  student_top_inst/Core_cpu/SegReg_LS_WB_inst/mem_rdata_wb_reg[6]/C

Slack:                    inf
  Source:                 twin_controller_inst/sw_reg[55]/C
                            (rising edge-triggered cell FDCE clocked by clk_out1_pll  {rise@0.000ns fall@10.000ns period=20.000ns})
  Destination:            student_top_inst/Core_cpu/SegReg_LS_WB_inst/mem_rdata_wb_reg[10]/D
                            (rising edge-triggered cell FDRE clocked by clk_out2_pll  {rise@0.000ns fall@2.778ns period=5.556ns})
  Path Group:             (none)
  Path Type:              Setup (Max at Fast Process Corner)
  Data Path Delay:        1.930ns  (logic 0.299ns (15.491%)  route 1.631ns (84.509%))
  Logic Levels:           5  (LUT2=1 LUT6=4)
  Clock Path Skew:        0.195ns (DCD - SCD + CPR)
    Destination Clock Delay (DCD):    -0.363ns
    Source Clock Delay      (SCD):    -0.557ns
    Clock Pessimism Removal (CPR):    0.000ns
  Clock Uncertainty:      0.206ns  ((TSJ^2 + DJ^2)^1/2) / 2 + PE
    Total System Jitter     (TSJ):    0.071ns
    Discrete Jitter          (DJ):    0.157ns
    Phase Error              (PE):    0.120ns
  Timing Exception:       Asynchronous Clock Groups

    Location             Delay type                Incr(ns)  Path(ns)    Netlist Resource(s)
  -------------------------------------------------------------------    -------------------
                         (clock clk_out1_pll rise edge)
                                                      0.000     0.000 r  
    AD12                                              0.000     0.000 r  i_sys_clk_p (IN)
                         net (fo=0)                   0.000     0.000    pll_inst/inst/clk_in1_p
    AD12                 IBUFDS (Prop_ibufds_I_O)     0.470     0.470 r  pll_inst/inst/clkin1_ibufgds/O
                         net (fo=1, routed)           0.554     1.024    pll_inst/inst/clk_in1_pll
    PLLE2_ADV_X1Y1       PLLE2_ADV (Prop_plle2_adv_CLKIN1_CLKOUT0)
                                                     -3.524    -2.500 r  pll_inst/inst/plle2_adv_inst/CLKOUT0
                         net (fo=1, routed)           1.027    -1.473    pll_inst/inst/clk_out1_pll
    BUFGCTRL_X0Y1        BUFG (Prop_bufg_I_O)         0.030    -1.443 r  pll_inst/inst/clkout1_buf/O
                         net (fo=353, routed)         0.886    -0.557    twin_controller_inst/CLK
    SLICE_X64Y97         FDCE                                         r  twin_controller_inst/sw_reg[55]/C
  -------------------------------------------------------------------    -------------------
    SLICE_X64Y97         FDCE (Prop_fdce_C_Q)         0.124    -0.433 r  twin_controller_inst/sw_reg[55]/Q
                         net (fo=3, routed)           0.358    -0.076    student_top_inst/Core_cpu/SegReg_EX_LS_inst/virtual_sw[45]
    SLICE_X62Y97         LUT6 (Prop_lut6_I5_O)        0.035    -0.041 r  student_top_inst/Core_cpu/SegReg_EX_LS_inst/mem_rdata_wb[23]_i_3/O
                         net (fo=2, routed)           0.390     0.349    student_top_inst/Core_cpu/SegReg_EX_LS_inst/mem_rdata_wb[23]_i_3_n_0
    SLICE_X54Y88         LUT2 (Prop_lut2_I1_O)        0.035     0.384 f  student_top_inst/Core_cpu/SegReg_EX_LS_inst/mem_rdata_wb[31]_i_11/O
                         net (fo=1, routed)           0.343     0.728    student_top_inst/Core_cpu/SegReg_EX_LS_inst/mem_rdata_wb[31]_i_11_n_0
    SLICE_X51Y88         LUT6 (Prop_lut6_I0_O)        0.035     0.763 r  student_top_inst/Core_cpu/SegReg_EX_LS_inst/mem_rdata_wb[31]_i_6/O
                         net (fo=1, routed)           0.114     0.877    student_top_inst/Core_cpu/SegReg_EX_LS_inst/mem_rdata_wb[31]_i_6_n_0
    SLICE_X51Y86         LUT6 (Prop_lut6_I5_O)        0.035     0.912 f  student_top_inst/Core_cpu/SegReg_EX_LS_inst/mem_rdata_wb[31]_i_2/O
                         net (fo=24, routed)          0.426     1.338    student_top_inst/Core_cpu/SegReg_EX_LS_inst/mem_rdata_wb[31]_i_2_n_0
    SLICE_X48Y78         LUT6 (Prop_lut6_I0_O)        0.035     1.373 r  student_top_inst/Core_cpu/SegReg_EX_LS_inst/mem_rdata_wb[10]_i_1/O
                         net (fo=1, routed)           0.000     1.373    student_top_inst/Core_cpu/SegReg_LS_WB_inst/mem_rdata_wb_reg[31]_1[10]
    SLICE_X48Y78         FDRE                                         r  student_top_inst/Core_cpu/SegReg_LS_WB_inst/mem_rdata_wb_reg[10]/D
  -------------------------------------------------------------------    -------------------

                         (clock clk_out2_pll rise edge)
                                                      0.000     0.000 r  
    AD12                                              0.000     0.000 r  i_sys_clk_p (IN)
                         net (fo=0)                   0.000     0.000    pll_inst/inst/clk_in1_p
    AD12                 IBUFDS (Prop_ibufds_I_O)     0.388     0.388 r  pll_inst/inst/clkin1_ibufgds/O
                         net (fo=1, routed)           0.503     0.891    pll_inst/inst/clk_in1_pll
    PLLE2_ADV_X1Y1       PLLE2_ADV (Prop_plle2_adv_CLKIN1_CLKOUT1)
                                                     -2.908    -2.017 r  pll_inst/inst/plle2_adv_inst/CLKOUT1
                         net (fo=1, routed)           0.958    -1.059    pll_inst/inst/clk_out2_pll
    BUFGCTRL_X0Y0        BUFG (Prop_bufg_I_O)         0.026    -1.033 r  pll_inst/inst/clkout2_buf/O
                         net (fo=1881, routed)        0.670    -0.363    student_top_inst/Core_cpu/SegReg_LS_WB_inst/clk_out2
    SLICE_X48Y78         FDRE                                         r  student_top_inst/Core_cpu/SegReg_LS_WB_inst/mem_rdata_wb_reg[10]/C

Slack:                    inf
  Source:                 twin_controller_inst/sw_reg[55]/C
                            (rising edge-triggered cell FDCE clocked by clk_out1_pll  {rise@0.000ns fall@10.000ns period=20.000ns})
  Destination:            student_top_inst/Core_cpu/SegReg_LS_WB_inst/mem_rdata_wb_reg[26]/D
                            (rising edge-triggered cell FDRE clocked by clk_out2_pll  {rise@0.000ns fall@2.778ns period=5.556ns})
  Path Group:             (none)
  Path Type:              Setup (Max at Fast Process Corner)
  Data Path Delay:        1.922ns  (logic 0.299ns (15.557%)  route 1.623ns (84.443%))
  Logic Levels:           5  (LUT2=1 LUT6=4)
  Clock Path Skew:        0.205ns (DCD - SCD + CPR)
    Destination Clock Delay (DCD):    -0.353ns
    Source Clock Delay      (SCD):    -0.557ns
    Clock Pessimism Removal (CPR):    0.000ns
  Clock Uncertainty:      0.206ns  ((TSJ^2 + DJ^2)^1/2) / 2 + PE
    Total System Jitter     (TSJ):    0.071ns
    Discrete Jitter          (DJ):    0.157ns
    Phase Error              (PE):    0.120ns
  Timing Exception:       Asynchronous Clock Groups

    Location             Delay type                Incr(ns)  Path(ns)    Netlist Resource(s)
  -------------------------------------------------------------------    -------------------
                         (clock clk_out1_pll rise edge)
                                                      0.000     0.000 r  
    AD12                                              0.000     0.000 r  i_sys_clk_p (IN)
                         net (fo=0)                   0.000     0.000    pll_inst/inst/clk_in1_p
    AD12                 IBUFDS (Prop_ibufds_I_O)     0.470     0.470 r  pll_inst/inst/clkin1_ibufgds/O
                         net (fo=1, routed)           0.554     1.024    pll_inst/inst/clk_in1_pll
    PLLE2_ADV_X1Y1       PLLE2_ADV (Prop_plle2_adv_CLKIN1_CLKOUT0)
                                                     -3.524    -2.500 r  pll_inst/inst/plle2_adv_inst/CLKOUT0
                         net (fo=1, routed)           1.027    -1.473    pll_inst/inst/clk_out1_pll
    BUFGCTRL_X0Y1        BUFG (Prop_bufg_I_O)         0.030    -1.443 r  pll_inst/inst/clkout1_buf/O
                         net (fo=353, routed)         0.886    -0.557    twin_controller_inst/CLK
    SLICE_X64Y97         FDCE                                         r  twin_controller_inst/sw_reg[55]/C
  -------------------------------------------------------------------    -------------------
    SLICE_X64Y97         FDCE (Prop_fdce_C_Q)         0.124    -0.433 r  twin_controller_inst/sw_reg[55]/Q
                         net (fo=3, routed)           0.358    -0.076    student_top_inst/Core_cpu/SegReg_EX_LS_inst/virtual_sw[45]
    SLICE_X62Y97         LUT6 (Prop_lut6_I5_O)        0.035    -0.041 r  student_top_inst/Core_cpu/SegReg_EX_LS_inst/mem_rdata_wb[23]_i_3/O
                         net (fo=2, routed)           0.390     0.349    student_top_inst/Core_cpu/SegReg_EX_LS_inst/mem_rdata_wb[23]_i_3_n_0
    SLICE_X54Y88         LUT2 (Prop_lut2_I1_O)        0.035     0.384 f  student_top_inst/Core_cpu/SegReg_EX_LS_inst/mem_rdata_wb[31]_i_11/O
                         net (fo=1, routed)           0.343     0.728    student_top_inst/Core_cpu/SegReg_EX_LS_inst/mem_rdata_wb[31]_i_11_n_0
    SLICE_X51Y88         LUT6 (Prop_lut6_I0_O)        0.035     0.763 r  student_top_inst/Core_cpu/SegReg_EX_LS_inst/mem_rdata_wb[31]_i_6/O
                         net (fo=1, routed)           0.114     0.877    student_top_inst/Core_cpu/SegReg_EX_LS_inst/mem_rdata_wb[31]_i_6_n_0
    SLICE_X51Y86         LUT6 (Prop_lut6_I5_O)        0.035     0.912 f  student_top_inst/Core_cpu/SegReg_EX_LS_inst/mem_rdata_wb[31]_i_2/O
                         net (fo=24, routed)          0.418     1.330    student_top_inst/Core_cpu/SegReg_EX_LS_inst/mem_rdata_wb[31]_i_2_n_0
    SLICE_X40Y84         LUT6 (Prop_lut6_I0_O)        0.035     1.365 r  student_top_inst/Core_cpu/SegReg_EX_LS_inst/mem_rdata_wb[26]_i_1/O
                         net (fo=1, routed)           0.000     1.365    student_top_inst/Core_cpu/SegReg_LS_WB_inst/mem_rdata_wb_reg[31]_1[26]
    SLICE_X40Y84         FDRE                                         r  student_top_inst/Core_cpu/SegReg_LS_WB_inst/mem_rdata_wb_reg[26]/D
  -------------------------------------------------------------------    -------------------

                         (clock clk_out2_pll rise edge)
                                                      0.000     0.000 r  
    AD12                                              0.000     0.000 r  i_sys_clk_p (IN)
                         net (fo=0)                   0.000     0.000    pll_inst/inst/clk_in1_p
    AD12                 IBUFDS (Prop_ibufds_I_O)     0.388     0.388 r  pll_inst/inst/clkin1_ibufgds/O
                         net (fo=1, routed)           0.503     0.891    pll_inst/inst/clk_in1_pll
    PLLE2_ADV_X1Y1       PLLE2_ADV (Prop_plle2_adv_CLKIN1_CLKOUT1)
                                                     -2.908    -2.017 r  pll_inst/inst/plle2_adv_inst/CLKOUT1
                         net (fo=1, routed)           0.958    -1.059    pll_inst/inst/clk_out2_pll
    BUFGCTRL_X0Y0        BUFG (Prop_bufg_I_O)         0.026    -1.033 r  pll_inst/inst/clkout2_buf/O
                         net (fo=1881, routed)        0.680    -0.353    student_top_inst/Core_cpu/SegReg_LS_WB_inst/clk_out2
    SLICE_X40Y84         FDRE                                         r  student_top_inst/Core_cpu/SegReg_LS_WB_inst/mem_rdata_wb_reg[26]/C





Min Delay Paths
--------------------------------------------------------------------------------------
Slack:                    inf
  Source:                 student_top_inst/bridge_inst/counter_inst/cnt_ms_reg[12]/C
                            (rising edge-triggered cell FDRE clocked by clk_out1_pll  {rise@0.000ns fall@10.000ns period=20.000ns})
  Destination:            student_top_inst/Core_cpu/SegReg_LS_WB_inst/mem_rdata_wb_reg[12]/D
                            (rising edge-triggered cell FDRE clocked by clk_out2_pll  {rise@0.000ns fall@2.778ns period=5.556ns})
  Path Group:             (none)
  Path Type:              Hold (Min at Slow Process Corner)
  Data Path Delay:        1.043ns  (logic 0.314ns (30.098%)  route 0.729ns (69.902%))
  Logic Levels:           3  (LUT4=1 LUT5=1 LUT6=1)
  Clock Path Skew:        -0.268ns (DCD - SCD - CPR)
    Destination Clock Delay (DCD):    -2.209ns
    Source Clock Delay      (SCD):    -1.942ns
    Clock Pessimism Removal (CPR):    -0.000ns
  Clock Uncertainty:      0.206ns  ((TSJ^2 + DJ^2)^1/2) / 2 + PE
    Total System Jitter     (TSJ):    0.071ns
    Discrete Jitter          (DJ):    0.157ns
    Phase Error              (PE):    0.120ns
  Timing Exception:       Asynchronous Clock Groups

    Location             Delay type                Incr(ns)  Path(ns)    Netlist Resource(s)
  -------------------------------------------------------------------    -------------------
                         (clock clk_out1_pll rise edge)
                                                      0.000     0.000 r  
    AD12                                              0.000     0.000 r  i_sys_clk_p (IN)
                         net (fo=0)                   0.000     0.000    pll_inst/inst/clk_in1_p
    AD12                 IBUFDS (Prop_ibufds_I_O)     0.803     0.803 r  pll_inst/inst/clkin1_ibufgds/O
                         net (fo=1, routed)           1.001     1.804    pll_inst/inst/clk_in1_pll
    PLLE2_ADV_X1Y1       PLLE2_ADV (Prop_plle2_adv_CLKIN1_CLKOUT0)
                                                     -7.261    -5.457 r  pll_inst/inst/plle2_adv_inst/CLKOUT0
                         net (fo=1, routed)           2.003    -3.454    pll_inst/inst/clk_out1_pll
    BUFGCTRL_X0Y1        BUFG (Prop_bufg_I_O)         0.083    -3.371 r  pll_inst/inst/clkout1_buf/O
                         net (fo=353, routed)         1.429    -1.942    student_top_inst/bridge_inst/counter_inst/clk_out1
    SLICE_X52Y89         FDRE                                         r  student_top_inst/bridge_inst/counter_inst/cnt_ms_reg[12]/C
  -------------------------------------------------------------------    -------------------
    SLICE_X52Y89         FDRE (Prop_fdre_C_Q)         0.206    -1.736 r  student_top_inst/bridge_inst/counter_inst/cnt_ms_reg[12]/Q
                         net (fo=2, routed)           0.134    -1.602    student_top_inst/Core_cpu/SegReg_EX_LS_inst/cnt_ms_reg[11]
    SLICE_X53Y89         LUT5 (Prop_lut5_I0_O)        0.036    -1.566 r  student_top_inst/Core_cpu/SegReg_EX_LS_inst/mem_rdata_wb[12]_i_5/O
                         net (fo=1, routed)           0.084    -1.482    student_top_inst/Core_cpu/SegReg_EX_LS_inst/mem_rdata_wb[12]_i_5_n_0
    SLICE_X53Y89         LUT4 (Prop_lut4_I3_O)        0.036    -1.446 r  student_top_inst/Core_cpu/SegReg_EX_LS_inst/mem_rdata_wb[12]_i_3/O
                         net (fo=3, routed)           0.512    -0.934    student_top_inst/Core_cpu/SegReg_EX_LS_inst/perip_rdata[12]
    SLICE_X44Y86         LUT6 (Prop_lut6_I5_O)        0.036    -0.898 r  student_top_inst/Core_cpu/SegReg_EX_LS_inst/mem_rdata_wb[12]_i_1/O
                         net (fo=1, routed)           0.000    -0.898    student_top_inst/Core_cpu/SegReg_LS_WB_inst/mem_rdata_wb_reg[31]_1[12]
    SLICE_X44Y86         FDRE                                         r  student_top_inst/Core_cpu/SegReg_LS_WB_inst/mem_rdata_wb_reg[12]/D
  -------------------------------------------------------------------    -------------------

                         (clock clk_out2_pll rise edge)
                                                      0.000     0.000 r  
    AD12                                              0.000     0.000 r  i_sys_clk_p (IN)
                         net (fo=0)                   0.000     0.000    pll_inst/inst/clk_in1_p
    AD12                 IBUFDS (Prop_ibufds_I_O)     0.906     0.906 r  pll_inst/inst/clkin1_ibufgds/O
                         net (fo=1, routed)           1.098     2.004    pll_inst/inst/clk_in1_pll
    PLLE2_ADV_X1Y1       PLLE2_ADV (Prop_plle2_adv_CLKIN1_CLKOUT1)
                                                     -8.058    -6.054 r  pll_inst/inst/plle2_adv_inst/CLKOUT1
                         net (fo=1, routed)           2.128    -3.926    pll_inst/inst/clk_out2_pll
    BUFGCTRL_X0Y0        BUFG (Prop_bufg_I_O)         0.093    -3.833 r  pll_inst/inst/clkout2_buf/O
                         net (fo=1881, routed)        1.624    -2.209    student_top_inst/Core_cpu/SegReg_LS_WB_inst/clk_out2
    SLICE_X44Y86         FDRE                                         r  student_top_inst/Core_cpu/SegReg_LS_WB_inst/mem_rdata_wb_reg[12]/C

Slack:                    inf
  Source:                 student_top_inst/bridge_inst/counter_inst/cnt_ms_reg[3]/C
                            (rising edge-triggered cell FDRE clocked by clk_out1_pll  {rise@0.000ns fall@10.000ns period=20.000ns})
  Destination:            student_top_inst/Core_cpu/SegReg_LS_WB_inst/mem_rdata_wb_reg[3]/D
                            (rising edge-triggered cell FDRE clocked by clk_out2_pll  {rise@0.000ns fall@2.778ns period=5.556ns})
  Path Group:             (none)
  Path Type:              Hold (Min at Slow Process Corner)
  Data Path Delay:        1.050ns  (logic 0.278ns (26.468%)  route 0.772ns (73.532%))
  Logic Levels:           2  (LUT6=2)
  Clock Path Skew:        -0.276ns (DCD - SCD - CPR)
    Destination Clock Delay (DCD):    -2.218ns
    Source Clock Delay      (SCD):    -1.943ns
    Clock Pessimism Removal (CPR):    -0.000ns
  Clock Uncertainty:      0.206ns  ((TSJ^2 + DJ^2)^1/2) / 2 + PE
    Total System Jitter     (TSJ):    0.071ns
    Discrete Jitter          (DJ):    0.157ns
    Phase Error              (PE):    0.120ns
  Timing Exception:       Asynchronous Clock Groups

    Location             Delay type                Incr(ns)  Path(ns)    Netlist Resource(s)
  -------------------------------------------------------------------    -------------------
                         (clock clk_out1_pll rise edge)
                                                      0.000     0.000 r  
    AD12                                              0.000     0.000 r  i_sys_clk_p (IN)
                         net (fo=0)                   0.000     0.000    pll_inst/inst/clk_in1_p
    AD12                 IBUFDS (Prop_ibufds_I_O)     0.803     0.803 r  pll_inst/inst/clkin1_ibufgds/O
                         net (fo=1, routed)           1.001     1.804    pll_inst/inst/clk_in1_pll
    PLLE2_ADV_X1Y1       PLLE2_ADV (Prop_plle2_adv_CLKIN1_CLKOUT0)
                                                     -7.261    -5.457 r  pll_inst/inst/plle2_adv_inst/CLKOUT0
                         net (fo=1, routed)           2.003    -3.454    pll_inst/inst/clk_out1_pll
    BUFGCTRL_X0Y1        BUFG (Prop_bufg_I_O)         0.083    -3.371 r  pll_inst/inst/clkout1_buf/O
                         net (fo=353, routed)         1.428    -1.943    student_top_inst/bridge_inst/counter_inst/clk_out1
    SLICE_X52Y86         FDRE                                         r  student_top_inst/bridge_inst/counter_inst/cnt_ms_reg[3]/C
  -------------------------------------------------------------------    -------------------
    SLICE_X52Y86         FDRE (Prop_fdre_C_Q)         0.206    -1.737 r  student_top_inst/bridge_inst/counter_inst/cnt_ms_reg[3]/Q
                         net (fo=2, routed)           0.386    -1.350    student_top_inst/Core_cpu/SegReg_EX_LS_inst/cnt_ms_reg[3]
    SLICE_X52Y84         LUT6 (Prop_lut6_I4_O)        0.036    -1.314 r  student_top_inst/Core_cpu/SegReg_EX_LS_inst/mem_rdata_wb[3]_i_4/O
                         net (fo=2, routed)           0.386    -0.928    student_top_inst/Core_cpu/SegReg_EX_LS_inst/perip_rdata[3]
    SLICE_X49Y80         LUT6 (Prop_lut6_I5_O)        0.036    -0.892 r  student_top_inst/Core_cpu/SegReg_EX_LS_inst/mem_rdata_wb[3]_i_1/O
                         net (fo=1, routed)           0.000    -0.892    student_top_inst/Core_cpu/SegReg_LS_WB_inst/mem_rdata_wb_reg[31]_1[3]
    SLICE_X49Y80         FDRE                                         r  student_top_inst/Core_cpu/SegReg_LS_WB_inst/mem_rdata_wb_reg[3]/D
  -------------------------------------------------------------------    -------------------

                         (clock clk_out2_pll rise edge)
                                                      0.000     0.000 r  
    AD12                                              0.000     0.000 r  i_sys_clk_p (IN)
                         net (fo=0)                   0.000     0.000    pll_inst/inst/clk_in1_p
    AD12                 IBUFDS (Prop_ibufds_I_O)     0.906     0.906 r  pll_inst/inst/clkin1_ibufgds/O
                         net (fo=1, routed)           1.098     2.004    pll_inst/inst/clk_in1_pll
    PLLE2_ADV_X1Y1       PLLE2_ADV (Prop_plle2_adv_CLKIN1_CLKOUT1)
                                                     -8.058    -6.054 r  pll_inst/inst/plle2_adv_inst/CLKOUT1
                         net (fo=1, routed)           2.128    -3.926    pll_inst/inst/clk_out2_pll
    BUFGCTRL_X0Y0        BUFG (Prop_bufg_I_O)         0.093    -3.833 r  pll_inst/inst/clkout2_buf/O
                         net (fo=1881, routed)        1.615    -2.218    student_top_inst/Core_cpu/SegReg_LS_WB_inst/clk_out2
    SLICE_X49Y80         FDRE                                         r  student_top_inst/Core_cpu/SegReg_LS_WB_inst/mem_rdata_wb_reg[3]/C

Slack:                    inf
  Source:                 student_top_inst/bridge_inst/counter_inst/cnt_ms_reg[13]/C
                            (rising edge-triggered cell FDRE clocked by clk_out1_pll  {rise@0.000ns fall@10.000ns period=20.000ns})
  Destination:            student_top_inst/Core_cpu/SegReg_LS_WB_inst/mem_rdata_wb_reg[13]/D
                            (rising edge-triggered cell FDRE clocked by clk_out2_pll  {rise@0.000ns fall@2.778ns period=5.556ns})
  Path Group:             (none)
  Path Type:              Hold (Min at Slow Process Corner)
  Data Path Delay:        1.109ns  (logic 0.314ns (28.302%)  route 0.795ns (71.698%))
  Logic Levels:           3  (LUT4=2 LUT6=1)
  Clock Path Skew:        -0.275ns (DCD - SCD - CPR)
    Destination Clock Delay (DCD):    -2.216ns
    Source Clock Delay      (SCD):    -1.942ns
    Clock Pessimism Removal (CPR):    -0.000ns
  Clock Uncertainty:      0.206ns  ((TSJ^2 + DJ^2)^1/2) / 2 + PE
    Total System Jitter     (TSJ):    0.071ns
    Discrete Jitter          (DJ):    0.157ns
    Phase Error              (PE):    0.120ns
  Timing Exception:       Asynchronous Clock Groups

    Location             Delay type                Incr(ns)  Path(ns)    Netlist Resource(s)
  -------------------------------------------------------------------    -------------------
                         (clock clk_out1_pll rise edge)
                                                      0.000     0.000 r  
    AD12                                              0.000     0.000 r  i_sys_clk_p (IN)
                         net (fo=0)                   0.000     0.000    pll_inst/inst/clk_in1_p
    AD12                 IBUFDS (Prop_ibufds_I_O)     0.803     0.803 r  pll_inst/inst/clkin1_ibufgds/O
                         net (fo=1, routed)           1.001     1.804    pll_inst/inst/clk_in1_pll
    PLLE2_ADV_X1Y1       PLLE2_ADV (Prop_plle2_adv_CLKIN1_CLKOUT0)
                                                     -7.261    -5.457 r  pll_inst/inst/plle2_adv_inst/CLKOUT0
                         net (fo=1, routed)           2.003    -3.454    pll_inst/inst/clk_out1_pll
    BUFGCTRL_X0Y1        BUFG (Prop_bufg_I_O)         0.083    -3.371 r  pll_inst/inst/clkout1_buf/O
                         net (fo=353, routed)         1.429    -1.942    student_top_inst/bridge_inst/counter_inst/clk_out1
    SLICE_X52Y89         FDRE                                         r  student_top_inst/bridge_inst/counter_inst/cnt_ms_reg[13]/C
  -------------------------------------------------------------------    -------------------
    SLICE_X52Y89         FDRE (Prop_fdre_C_Q)         0.206    -1.736 r  student_top_inst/bridge_inst/counter_inst/cnt_ms_reg[13]/Q
                         net (fo=2, routed)           0.381    -1.354    student_top_inst/Core_cpu/SegReg_EX_LS_inst/cnt_ms_reg[12]
    SLICE_X53Y87         LUT4 (Prop_lut4_I3_O)        0.036    -1.318 r  student_top_inst/Core_cpu/SegReg_EX_LS_inst/mem_rdata_wb[13]_i_5/O
                         net (fo=1, routed)           0.083    -1.236    student_top_inst/Core_cpu/SegReg_EX_LS_inst/mem_rdata_wb[13]_i_5_n_0
    SLICE_X53Y87         LUT4 (Prop_lut4_I3_O)        0.036    -1.200 r  student_top_inst/Core_cpu/SegReg_EX_LS_inst/mem_rdata_wb[13]_i_3/O
                         net (fo=3, routed)           0.331    -0.868    student_top_inst/Core_cpu/SegReg_EX_LS_inst/perip_rdata[13]
    SLICE_X48Y82         LUT6 (Prop_lut6_I5_O)        0.036    -0.832 r  student_top_inst/Core_cpu/SegReg_EX_LS_inst/mem_rdata_wb[13]_i_1/O
                         net (fo=1, routed)           0.000    -0.832    student_top_inst/Core_cpu/SegReg_LS_WB_inst/mem_rdata_wb_reg[31]_1[13]
    SLICE_X48Y82         FDRE                                         r  student_top_inst/Core_cpu/SegReg_LS_WB_inst/mem_rdata_wb_reg[13]/D
  -------------------------------------------------------------------    -------------------

                         (clock clk_out2_pll rise edge)
                                                      0.000     0.000 r  
    AD12                                              0.000     0.000 r  i_sys_clk_p (IN)
                         net (fo=0)                   0.000     0.000    pll_inst/inst/clk_in1_p
    AD12                 IBUFDS (Prop_ibufds_I_O)     0.906     0.906 r  pll_inst/inst/clkin1_ibufgds/O
                         net (fo=1, routed)           1.098     2.004    pll_inst/inst/clk_in1_pll
    PLLE2_ADV_X1Y1       PLLE2_ADV (Prop_plle2_adv_CLKIN1_CLKOUT1)
                                                     -8.058    -6.054 r  pll_inst/inst/plle2_adv_inst/CLKOUT1
                         net (fo=1, routed)           2.128    -3.926    pll_inst/inst/clk_out2_pll
    BUFGCTRL_X0Y0        BUFG (Prop_bufg_I_O)         0.093    -3.833 r  pll_inst/inst/clkout2_buf/O
                         net (fo=1881, routed)        1.617    -2.216    student_top_inst/Core_cpu/SegReg_LS_WB_inst/clk_out2
    SLICE_X48Y82         FDRE                                         r  student_top_inst/Core_cpu/SegReg_LS_WB_inst/mem_rdata_wb_reg[13]/C

Slack:                    inf
  Source:                 student_top_inst/bridge_inst/counter_inst/cnt_ms_reg[0]/C
                            (rising edge-triggered cell FDRE clocked by clk_out1_pll  {rise@0.000ns fall@10.000ns period=20.000ns})
  Destination:            student_top_inst/Core_cpu/SegReg_LS_WB_inst/mem_rdata_wb_reg[0]/D
                            (rising edge-triggered cell FDRE clocked by clk_out2_pll  {rise@0.000ns fall@2.778ns period=5.556ns})
  Path Group:             (none)
  Path Type:              Hold (Min at Slow Process Corner)
  Data Path Delay:        1.111ns  (logic 0.278ns (25.028%)  route 0.833ns (74.972%))
  Logic Levels:           2  (LUT6=2)
  Clock Path Skew:        -0.276ns (DCD - SCD - CPR)
    Destination Clock Delay (DCD):    -2.218ns
    Source Clock Delay      (SCD):    -1.943ns
    Clock Pessimism Removal (CPR):    -0.000ns
  Clock Uncertainty:      0.206ns  ((TSJ^2 + DJ^2)^1/2) / 2 + PE
    Total System Jitter     (TSJ):    0.071ns
    Discrete Jitter          (DJ):    0.157ns
    Phase Error              (PE):    0.120ns
  Timing Exception:       Asynchronous Clock Groups

    Location             Delay type                Incr(ns)  Path(ns)    Netlist Resource(s)
  -------------------------------------------------------------------    -------------------
                         (clock clk_out1_pll rise edge)
                                                      0.000     0.000 r  
    AD12                                              0.000     0.000 r  i_sys_clk_p (IN)
                         net (fo=0)                   0.000     0.000    pll_inst/inst/clk_in1_p
    AD12                 IBUFDS (Prop_ibufds_I_O)     0.803     0.803 r  pll_inst/inst/clkin1_ibufgds/O
                         net (fo=1, routed)           1.001     1.804    pll_inst/inst/clk_in1_pll
    PLLE2_ADV_X1Y1       PLLE2_ADV (Prop_plle2_adv_CLKIN1_CLKOUT0)
                                                     -7.261    -5.457 r  pll_inst/inst/plle2_adv_inst/CLKOUT0
                         net (fo=1, routed)           2.003    -3.454    pll_inst/inst/clk_out1_pll
    BUFGCTRL_X0Y1        BUFG (Prop_bufg_I_O)         0.083    -3.371 r  pll_inst/inst/clkout1_buf/O
                         net (fo=353, routed)         1.428    -1.943    student_top_inst/bridge_inst/counter_inst/clk_out1
    SLICE_X52Y86         FDRE                                         r  student_top_inst/bridge_inst/counter_inst/cnt_ms_reg[0]/C
  -------------------------------------------------------------------    -------------------
    SLICE_X52Y86         FDRE (Prop_fdre_C_Q)         0.206    -1.737 r  student_top_inst/bridge_inst/counter_inst/cnt_ms_reg[0]/Q
                         net (fo=2, routed)           0.355    -1.381    student_top_inst/Core_cpu/SegReg_EX_LS_inst/cnt_ms_reg[0]
    SLICE_X51Y84         LUT6 (Prop_lut6_I4_O)        0.036    -1.345 r  student_top_inst/Core_cpu/SegReg_EX_LS_inst/mem_rdata_wb[0]_i_4/O
                         net (fo=2, routed)           0.477    -0.868    student_top_inst/Core_cpu/SegReg_EX_LS_inst/perip_rdata[0]
    SLICE_X49Y80         LUT6 (Prop_lut6_I5_O)        0.036    -0.832 r  student_top_inst/Core_cpu/SegReg_EX_LS_inst/mem_rdata_wb[0]_i_1/O
                         net (fo=1, routed)           0.000    -0.832    student_top_inst/Core_cpu/SegReg_LS_WB_inst/mem_rdata_wb_reg[31]_1[0]
    SLICE_X49Y80         FDRE                                         r  student_top_inst/Core_cpu/SegReg_LS_WB_inst/mem_rdata_wb_reg[0]/D
  -------------------------------------------------------------------    -------------------

                         (clock clk_out2_pll rise edge)
                                                      0.000     0.000 r  
    AD12                                              0.000     0.000 r  i_sys_clk_p (IN)
                         net (fo=0)                   0.000     0.000    pll_inst/inst/clk_in1_p
    AD12                 IBUFDS (Prop_ibufds_I_O)     0.906     0.906 r  pll_inst/inst/clkin1_ibufgds/O
                         net (fo=1, routed)           1.098     2.004    pll_inst/inst/clk_in1_pll
    PLLE2_ADV_X1Y1       PLLE2_ADV (Prop_plle2_adv_CLKIN1_CLKOUT1)
                                                     -8.058    -6.054 r  pll_inst/inst/plle2_adv_inst/CLKOUT1
                         net (fo=1, routed)           2.128    -3.926    pll_inst/inst/clk_out2_pll
    BUFGCTRL_X0Y0        BUFG (Prop_bufg_I_O)         0.093    -3.833 r  pll_inst/inst/clkout2_buf/O
                         net (fo=1881, routed)        1.615    -2.218    student_top_inst/Core_cpu/SegReg_LS_WB_inst/clk_out2
    SLICE_X49Y80         FDRE                                         r  student_top_inst/Core_cpu/SegReg_LS_WB_inst/mem_rdata_wb_reg[0]/C

Slack:                    inf
  Source:                 student_top_inst/bridge_inst/counter_inst/cnt_ms_reg[2]/C
                            (rising edge-triggered cell FDRE clocked by clk_out1_pll  {rise@0.000ns fall@10.000ns period=20.000ns})
  Destination:            student_top_inst/Core_cpu/SegReg_LS_WB_inst/mem_rdata_wb_reg[2]/D
                            (rising edge-triggered cell FDRE clocked by clk_out2_pll  {rise@0.000ns fall@2.778ns period=5.556ns})
  Path Group:             (none)
  Path Type:              Hold (Min at Slow Process Corner)
  Data Path Delay:        1.170ns  (logic 0.278ns (23.762%)  route 0.892ns (76.238%))
  Logic Levels:           2  (LUT6=2)
  Clock Path Skew:        -0.272ns (DCD - SCD - CPR)
    Destination Clock Delay (DCD):    -2.214ns
    Source Clock Delay      (SCD):    -1.943ns
    Clock Pessimism Removal (CPR):    -0.000ns
  Clock Uncertainty:      0.206ns  ((TSJ^2 + DJ^2)^1/2) / 2 + PE
    Total System Jitter     (TSJ):    0.071ns
    Discrete Jitter          (DJ):    0.157ns
    Phase Error              (PE):    0.120ns
  Timing Exception:       Asynchronous Clock Groups

    Location             Delay type                Incr(ns)  Path(ns)    Netlist Resource(s)
  -------------------------------------------------------------------    -------------------
                         (clock clk_out1_pll rise edge)
                                                      0.000     0.000 r  
    AD12                                              0.000     0.000 r  i_sys_clk_p (IN)
                         net (fo=0)                   0.000     0.000    pll_inst/inst/clk_in1_p
    AD12                 IBUFDS (Prop_ibufds_I_O)     0.803     0.803 r  pll_inst/inst/clkin1_ibufgds/O
                         net (fo=1, routed)           1.001     1.804    pll_inst/inst/clk_in1_pll
    PLLE2_ADV_X1Y1       PLLE2_ADV (Prop_plle2_adv_CLKIN1_CLKOUT0)
                                                     -7.261    -5.457 r  pll_inst/inst/plle2_adv_inst/CLKOUT0
                         net (fo=1, routed)           2.003    -3.454    pll_inst/inst/clk_out1_pll
    BUFGCTRL_X0Y1        BUFG (Prop_bufg_I_O)         0.083    -3.371 r  pll_inst/inst/clkout1_buf/O
                         net (fo=353, routed)         1.428    -1.943    student_top_inst/bridge_inst/counter_inst/clk_out1
    SLICE_X52Y86         FDRE                                         r  student_top_inst/bridge_inst/counter_inst/cnt_ms_reg[2]/C
  -------------------------------------------------------------------    -------------------
    SLICE_X52Y86         FDRE (Prop_fdre_C_Q)         0.206    -1.737 r  student_top_inst/bridge_inst/counter_inst/cnt_ms_reg[2]/Q
                         net (fo=2, routed)           0.363    -1.373    student_top_inst/Core_cpu/SegReg_EX_LS_inst/cnt_ms_reg[2]
    SLICE_X52Y85         LUT6 (Prop_lut6_I4_O)        0.036    -1.337 r  student_top_inst/Core_cpu/SegReg_EX_LS_inst/mem_rdata_wb[2]_i_4/O
                         net (fo=2, routed)           0.529    -0.809    student_top_inst/Core_cpu/SegReg_EX_LS_inst/perip_rdata[2]
    SLICE_X42Y82         LUT6 (Prop_lut6_I5_O)        0.036    -0.773 r  student_top_inst/Core_cpu/SegReg_EX_LS_inst/mem_rdata_wb[2]_i_1/O
                         net (fo=1, routed)           0.000    -0.773    student_top_inst/Core_cpu/SegReg_LS_WB_inst/mem_rdata_wb_reg[31]_1[2]
    SLICE_X42Y82         FDRE                                         r  student_top_inst/Core_cpu/SegReg_LS_WB_inst/mem_rdata_wb_reg[2]/D
  -------------------------------------------------------------------    -------------------

                         (clock clk_out2_pll rise edge)
                                                      0.000     0.000 r  
    AD12                                              0.000     0.000 r  i_sys_clk_p (IN)
                         net (fo=0)                   0.000     0.000    pll_inst/inst/clk_in1_p
    AD12                 IBUFDS (Prop_ibufds_I_O)     0.906     0.906 r  pll_inst/inst/clkin1_ibufgds/O
                         net (fo=1, routed)           1.098     2.004    pll_inst/inst/clk_in1_pll
    PLLE2_ADV_X1Y1       PLLE2_ADV (Prop_plle2_adv_CLKIN1_CLKOUT1)
                                                     -8.058    -6.054 r  pll_inst/inst/plle2_adv_inst/CLKOUT1
                         net (fo=1, routed)           2.128    -3.926    pll_inst/inst/clk_out2_pll
    BUFGCTRL_X0Y0        BUFG (Prop_bufg_I_O)         0.093    -3.833 r  pll_inst/inst/clkout2_buf/O
                         net (fo=1881, routed)        1.619    -2.214    student_top_inst/Core_cpu/SegReg_LS_WB_inst/clk_out2
    SLICE_X42Y82         FDRE                                         r  student_top_inst/Core_cpu/SegReg_LS_WB_inst/mem_rdata_wb_reg[2]/C

Slack:                    inf
  Source:                 student_top_inst/bridge_inst/counter_inst/cnt_ms_reg[8]/C
                            (rising edge-triggered cell FDRE clocked by clk_out1_pll  {rise@0.000ns fall@10.000ns period=20.000ns})
  Destination:            student_top_inst/Core_cpu/SegReg_LS_WB_inst/mem_rdata_wb_reg[8]/D
                            (rising edge-triggered cell FDRE clocked by clk_out2_pll  {rise@0.000ns fall@2.778ns period=5.556ns})
  Path Group:             (none)
  Path Type:              Hold (Min at Slow Process Corner)
  Data Path Delay:        1.203ns  (logic 0.314ns (26.100%)  route 0.889ns (73.900%))
  Logic Levels:           3  (LUT3=1 LUT5=1 LUT6=1)
  Clock Path Skew:        -0.271ns (DCD - SCD - CPR)
    Destination Clock Delay (DCD):    -2.213ns
    Source Clock Delay      (SCD):    -1.943ns
    Clock Pessimism Removal (CPR):    -0.000ns
  Clock Uncertainty:      0.206ns  ((TSJ^2 + DJ^2)^1/2) / 2 + PE
    Total System Jitter     (TSJ):    0.071ns
    Discrete Jitter          (DJ):    0.157ns
    Phase Error              (PE):    0.120ns
  Timing Exception:       Asynchronous Clock Groups

    Location             Delay type                Incr(ns)  Path(ns)    Netlist Resource(s)
  -------------------------------------------------------------------    -------------------
                         (clock clk_out1_pll rise edge)
                                                      0.000     0.000 r  
    AD12                                              0.000     0.000 r  i_sys_clk_p (IN)
                         net (fo=0)                   0.000     0.000    pll_inst/inst/clk_in1_p
    AD12                 IBUFDS (Prop_ibufds_I_O)     0.803     0.803 r  pll_inst/inst/clkin1_ibufgds/O
                         net (fo=1, routed)           1.001     1.804    pll_inst/inst/clk_in1_pll
    PLLE2_ADV_X1Y1       PLLE2_ADV (Prop_plle2_adv_CLKIN1_CLKOUT0)
                                                     -7.261    -5.457 r  pll_inst/inst/plle2_adv_inst/CLKOUT0
                         net (fo=1, routed)           2.003    -3.454    pll_inst/inst/clk_out1_pll
    BUFGCTRL_X0Y1        BUFG (Prop_bufg_I_O)         0.083    -3.371 r  pll_inst/inst/clkout1_buf/O
                         net (fo=353, routed)         1.428    -1.943    student_top_inst/bridge_inst/counter_inst/clk_out1
    SLICE_X52Y88         FDRE                                         r  student_top_inst/bridge_inst/counter_inst/cnt_ms_reg[8]/C
  -------------------------------------------------------------------    -------------------
    SLICE_X52Y88         FDRE (Prop_fdre_C_Q)         0.206    -1.737 r  student_top_inst/bridge_inst/counter_inst/cnt_ms_reg[8]/Q
                         net (fo=2, routed)           0.382    -1.355    student_top_inst/Core_cpu/SegReg_EX_LS_inst/cnt_ms_reg[7]
    SLICE_X51Y84         LUT5 (Prop_lut5_I0_O)        0.036    -1.319 r  student_top_inst/Core_cpu/SegReg_EX_LS_inst/mem_rdata_wb[8]_i_5/O
                         net (fo=1, routed)           0.082    -1.237    student_top_inst/Core_cpu/SegReg_EX_LS_inst/mem_rdata_wb[8]_i_5_n_0
    SLICE_X51Y84         LUT3 (Prop_lut3_I2_O)        0.036    -1.201 r  student_top_inst/Core_cpu/SegReg_EX_LS_inst/mem_rdata_wb[8]_i_3/O
                         net (fo=3, routed)           0.425    -0.775    student_top_inst/Core_cpu/SegReg_EX_LS_inst/perip_rdata[8]
    SLICE_X42Y83         LUT6 (Prop_lut6_I5_O)        0.036    -0.739 r  student_top_inst/Core_cpu/SegReg_EX_LS_inst/mem_rdata_wb[8]_i_1/O
                         net (fo=1, routed)           0.000    -0.739    student_top_inst/Core_cpu/SegReg_LS_WB_inst/mem_rdata_wb_reg[31]_1[8]
    SLICE_X42Y83         FDRE                                         r  student_top_inst/Core_cpu/SegReg_LS_WB_inst/mem_rdata_wb_reg[8]/D
  -------------------------------------------------------------------    -------------------

                         (clock clk_out2_pll rise edge)
                                                      0.000     0.000 r  
    AD12                                              0.000     0.000 r  i_sys_clk_p (IN)
                         net (fo=0)                   0.000     0.000    pll_inst/inst/clk_in1_p
    AD12                 IBUFDS (Prop_ibufds_I_O)     0.906     0.906 r  pll_inst/inst/clkin1_ibufgds/O
                         net (fo=1, routed)           1.098     2.004    pll_inst/inst/clk_in1_pll
    PLLE2_ADV_X1Y1       PLLE2_ADV (Prop_plle2_adv_CLKIN1_CLKOUT1)
                                                     -8.058    -6.054 r  pll_inst/inst/plle2_adv_inst/CLKOUT1
                         net (fo=1, routed)           2.128    -3.926    pll_inst/inst/clk_out2_pll
    BUFGCTRL_X0Y0        BUFG (Prop_bufg_I_O)         0.093    -3.833 r  pll_inst/inst/clkout2_buf/O
                         net (fo=1881, routed)        1.620    -2.213    student_top_inst/Core_cpu/SegReg_LS_WB_inst/clk_out2
    SLICE_X42Y83         FDRE                                         r  student_top_inst/Core_cpu/SegReg_LS_WB_inst/mem_rdata_wb_reg[8]/C

Slack:                    inf
  Source:                 student_top_inst/bridge_inst/counter_inst/cnt_ms_reg[1]/C
                            (rising edge-triggered cell FDRE clocked by clk_out1_pll  {rise@0.000ns fall@10.000ns period=20.000ns})
  Destination:            student_top_inst/Core_cpu/SegReg_LS_WB_inst/mem_rdata_wb_reg[1]/D
                            (rising edge-triggered cell FDRE clocked by clk_out2_pll  {rise@0.000ns fall@2.778ns period=5.556ns})
  Path Group:             (none)
  Path Type:              Hold (Min at Slow Process Corner)
  Data Path Delay:        1.220ns  (logic 0.278ns (22.783%)  route 0.942ns (77.217%))
  Logic Levels:           2  (LUT6=2)
  Clock Path Skew:        -0.274ns (DCD - SCD - CPR)
    Destination Clock Delay (DCD):    -2.216ns
    Source Clock Delay      (SCD):    -1.943ns
    Clock Pessimism Removal (CPR):    -0.000ns
  Clock Uncertainty:      0.206ns  ((TSJ^2 + DJ^2)^1/2) / 2 + PE
    Total System Jitter     (TSJ):    0.071ns
    Discrete Jitter          (DJ):    0.157ns
    Phase Error              (PE):    0.120ns
  Timing Exception:       Asynchronous Clock Groups

    Location             Delay type                Incr(ns)  Path(ns)    Netlist Resource(s)
  -------------------------------------------------------------------    -------------------
                         (clock clk_out1_pll rise edge)
                                                      0.000     0.000 r  
    AD12                                              0.000     0.000 r  i_sys_clk_p (IN)
                         net (fo=0)                   0.000     0.000    pll_inst/inst/clk_in1_p
    AD12                 IBUFDS (Prop_ibufds_I_O)     0.803     0.803 r  pll_inst/inst/clkin1_ibufgds/O
                         net (fo=1, routed)           1.001     1.804    pll_inst/inst/clk_in1_pll
    PLLE2_ADV_X1Y1       PLLE2_ADV (Prop_plle2_adv_CLKIN1_CLKOUT0)
                                                     -7.261    -5.457 r  pll_inst/inst/plle2_adv_inst/CLKOUT0
                         net (fo=1, routed)           2.003    -3.454    pll_inst/inst/clk_out1_pll
    BUFGCTRL_X0Y1        BUFG (Prop_bufg_I_O)         0.083    -3.371 r  pll_inst/inst/clkout1_buf/O
                         net (fo=353, routed)         1.428    -1.943    student_top_inst/bridge_inst/counter_inst/clk_out1
    SLICE_X52Y86         FDRE                                         r  student_top_inst/bridge_inst/counter_inst/cnt_ms_reg[1]/C
  -------------------------------------------------------------------    -------------------
    SLICE_X52Y86         FDRE (Prop_fdre_C_Q)         0.206    -1.737 r  student_top_inst/bridge_inst/counter_inst/cnt_ms_reg[1]/Q
                         net (fo=2, routed)           0.399    -1.338    student_top_inst/Core_cpu/SegReg_EX_LS_inst/cnt_ms_reg[1]
    SLICE_X52Y85         LUT6 (Prop_lut6_I4_O)        0.036    -1.302 r  student_top_inst/Core_cpu/SegReg_EX_LS_inst/mem_rdata_wb[1]_i_4/O
                         net (fo=2, routed)           0.544    -0.758    student_top_inst/Core_cpu/SegReg_EX_LS_inst/perip_rdata[1]
    SLICE_X43Y80         LUT6 (Prop_lut6_I5_O)        0.036    -0.722 r  student_top_inst/Core_cpu/SegReg_EX_LS_inst/mem_rdata_wb[1]_i_1/O
                         net (fo=1, routed)           0.000    -0.722    student_top_inst/Core_cpu/SegReg_LS_WB_inst/mem_rdata_wb_reg[31]_1[1]
    SLICE_X43Y80         FDRE                                         r  student_top_inst/Core_cpu/SegReg_LS_WB_inst/mem_rdata_wb_reg[1]/D
  -------------------------------------------------------------------    -------------------

                         (clock clk_out2_pll rise edge)
                                                      0.000     0.000 r  
    AD12                                              0.000     0.000 r  i_sys_clk_p (IN)
                         net (fo=0)                   0.000     0.000    pll_inst/inst/clk_in1_p
    AD12                 IBUFDS (Prop_ibufds_I_O)     0.906     0.906 r  pll_inst/inst/clkin1_ibufgds/O
                         net (fo=1, routed)           1.098     2.004    pll_inst/inst/clk_in1_pll
    PLLE2_ADV_X1Y1       PLLE2_ADV (Prop_plle2_adv_CLKIN1_CLKOUT1)
                                                     -8.058    -6.054 r  pll_inst/inst/plle2_adv_inst/CLKOUT1
                         net (fo=1, routed)           2.128    -3.926    pll_inst/inst/clk_out2_pll
    BUFGCTRL_X0Y0        BUFG (Prop_bufg_I_O)         0.093    -3.833 r  pll_inst/inst/clkout2_buf/O
                         net (fo=1881, routed)        1.617    -2.216    student_top_inst/Core_cpu/SegReg_LS_WB_inst/clk_out2
    SLICE_X43Y80         FDRE                                         r  student_top_inst/Core_cpu/SegReg_LS_WB_inst/mem_rdata_wb_reg[1]/C

Slack:                    inf
  Source:                 student_top_inst/bridge_inst/counter_inst/cnt_ms_reg[12]/C
                            (rising edge-triggered cell FDRE clocked by clk_out1_pll  {rise@0.000ns fall@10.000ns period=20.000ns})
  Destination:            student_top_inst/Core_cpu/SegReg_LS_WB_inst/mem_rdata_wb_reg[4]/D
                            (rising edge-triggered cell FDRE clocked by clk_out2_pll  {rise@0.000ns fall@2.778ns period=5.556ns})
  Path Group:             (none)
  Path Type:              Hold (Min at Slow Process Corner)
  Data Path Delay:        1.235ns  (logic 0.350ns (28.345%)  route 0.885ns (71.655%))
  Logic Levels:           4  (LUT4=1 LUT5=2 LUT6=1)
  Clock Path Skew:        -0.274ns (DCD - SCD - CPR)
    Destination Clock Delay (DCD):    -2.215ns
    Source Clock Delay      (SCD):    -1.942ns
    Clock Pessimism Removal (CPR):    -0.000ns
  Clock Uncertainty:      0.206ns  ((TSJ^2 + DJ^2)^1/2) / 2 + PE
    Total System Jitter     (TSJ):    0.071ns
    Discrete Jitter          (DJ):    0.157ns
    Phase Error              (PE):    0.120ns
  Timing Exception:       Asynchronous Clock Groups

    Location             Delay type                Incr(ns)  Path(ns)    Netlist Resource(s)
  -------------------------------------------------------------------    -------------------
                         (clock clk_out1_pll rise edge)
                                                      0.000     0.000 r  
    AD12                                              0.000     0.000 r  i_sys_clk_p (IN)
                         net (fo=0)                   0.000     0.000    pll_inst/inst/clk_in1_p
    AD12                 IBUFDS (Prop_ibufds_I_O)     0.803     0.803 r  pll_inst/inst/clkin1_ibufgds/O
                         net (fo=1, routed)           1.001     1.804    pll_inst/inst/clk_in1_pll
    PLLE2_ADV_X1Y1       PLLE2_ADV (Prop_plle2_adv_CLKIN1_CLKOUT0)
                                                     -7.261    -5.457 r  pll_inst/inst/plle2_adv_inst/CLKOUT0
                         net (fo=1, routed)           2.003    -3.454    pll_inst/inst/clk_out1_pll
    BUFGCTRL_X0Y1        BUFG (Prop_bufg_I_O)         0.083    -3.371 r  pll_inst/inst/clkout1_buf/O
                         net (fo=353, routed)         1.429    -1.942    student_top_inst/bridge_inst/counter_inst/clk_out1
    SLICE_X52Y89         FDRE                                         r  student_top_inst/bridge_inst/counter_inst/cnt_ms_reg[12]/C
  -------------------------------------------------------------------    -------------------
    SLICE_X52Y89         FDRE (Prop_fdre_C_Q)         0.206    -1.736 r  student_top_inst/bridge_inst/counter_inst/cnt_ms_reg[12]/Q
                         net (fo=2, routed)           0.134    -1.602    student_top_inst/Core_cpu/SegReg_EX_LS_inst/cnt_ms_reg[11]
    SLICE_X53Y89         LUT5 (Prop_lut5_I0_O)        0.036    -1.566 r  student_top_inst/Core_cpu/SegReg_EX_LS_inst/mem_rdata_wb[12]_i_5/O
                         net (fo=1, routed)           0.084    -1.482    student_top_inst/Core_cpu/SegReg_EX_LS_inst/mem_rdata_wb[12]_i_5_n_0
    SLICE_X53Y89         LUT4 (Prop_lut4_I3_O)        0.036    -1.446 r  student_top_inst/Core_cpu/SegReg_EX_LS_inst/mem_rdata_wb[12]_i_3/O
                         net (fo=3, routed)           0.240    -1.206    student_top_inst/Core_cpu/SegReg_EX_LS_inst/perip_rdata[12]
    SLICE_X51Y89         LUT5 (Prop_lut5_I1_O)        0.036    -1.170 r  student_top_inst/Core_cpu/SegReg_EX_LS_inst/mem_rdata_wb[4]_i_3/O
                         net (fo=1, routed)           0.427    -0.743    student_top_inst/Core_cpu/SegReg_EX_LS_inst/mem_rdata_wb[4]_i_3_n_0
    SLICE_X43Y81         LUT6 (Prop_lut6_I1_O)        0.036    -0.707 r  student_top_inst/Core_cpu/SegReg_EX_LS_inst/mem_rdata_wb[4]_i_1/O
                         net (fo=1, routed)           0.000    -0.707    student_top_inst/Core_cpu/SegReg_LS_WB_inst/mem_rdata_wb_reg[31]_1[4]
    SLICE_X43Y81         FDRE                                         r  student_top_inst/Core_cpu/SegReg_LS_WB_inst/mem_rdata_wb_reg[4]/D
  -------------------------------------------------------------------    -------------------

                         (clock clk_out2_pll rise edge)
                                                      0.000     0.000 r  
    AD12                                              0.000     0.000 r  i_sys_clk_p (IN)
                         net (fo=0)                   0.000     0.000    pll_inst/inst/clk_in1_p
    AD12                 IBUFDS (Prop_ibufds_I_O)     0.906     0.906 r  pll_inst/inst/clkin1_ibufgds/O
                         net (fo=1, routed)           1.098     2.004    pll_inst/inst/clk_in1_pll
    PLLE2_ADV_X1Y1       PLLE2_ADV (Prop_plle2_adv_CLKIN1_CLKOUT1)
                                                     -8.058    -6.054 r  pll_inst/inst/plle2_adv_inst/CLKOUT1
                         net (fo=1, routed)           2.128    -3.926    pll_inst/inst/clk_out2_pll
    BUFGCTRL_X0Y0        BUFG (Prop_bufg_I_O)         0.093    -3.833 r  pll_inst/inst/clkout2_buf/O
                         net (fo=1881, routed)        1.618    -2.215    student_top_inst/Core_cpu/SegReg_LS_WB_inst/clk_out2
    SLICE_X43Y81         FDRE                                         r  student_top_inst/Core_cpu/SegReg_LS_WB_inst/mem_rdata_wb_reg[4]/C

Slack:                    inf
  Source:                 student_top_inst/bridge_inst/counter_inst/cnt_ms_reg[14]/C
                            (rising edge-triggered cell FDRE clocked by clk_out1_pll  {rise@0.000ns fall@10.000ns period=20.000ns})
  Destination:            student_top_inst/Core_cpu/SegReg_LS_WB_inst/mem_rdata_wb_reg[14]/D
                            (rising edge-triggered cell FDRE clocked by clk_out2_pll  {rise@0.000ns fall@2.778ns period=5.556ns})
  Path Group:             (none)
  Path Type:              Hold (Min at Slow Process Corner)
  Data Path Delay:        1.246ns  (logic 0.314ns (25.197%)  route 0.932ns (74.803%))
  Logic Levels:           3  (LUT3=1 LUT5=1 LUT6=1)
  Clock Path Skew:        -0.276ns (DCD - SCD - CPR)
    Destination Clock Delay (DCD):    -2.217ns
    Source Clock Delay      (SCD):    -1.942ns
    Clock Pessimism Removal (CPR):    -0.000ns
  Clock Uncertainty:      0.206ns  ((TSJ^2 + DJ^2)^1/2) / 2 + PE
    Total System Jitter     (TSJ):    0.071ns
    Discrete Jitter          (DJ):    0.157ns
    Phase Error              (PE):    0.120ns
  Timing Exception:       Asynchronous Clock Groups

    Location             Delay type                Incr(ns)  Path(ns)    Netlist Resource(s)
  -------------------------------------------------------------------    -------------------
                         (clock clk_out1_pll rise edge)
                                                      0.000     0.000 r  
    AD12                                              0.000     0.000 r  i_sys_clk_p (IN)
                         net (fo=0)                   0.000     0.000    pll_inst/inst/clk_in1_p
    AD12                 IBUFDS (Prop_ibufds_I_O)     0.803     0.803 r  pll_inst/inst/clkin1_ibufgds/O
                         net (fo=1, routed)           1.001     1.804    pll_inst/inst/clk_in1_pll
    PLLE2_ADV_X1Y1       PLLE2_ADV (Prop_plle2_adv_CLKIN1_CLKOUT0)
                                                     -7.261    -5.457 r  pll_inst/inst/plle2_adv_inst/CLKOUT0
                         net (fo=1, routed)           2.003    -3.454    pll_inst/inst/clk_out1_pll
    BUFGCTRL_X0Y1        BUFG (Prop_bufg_I_O)         0.083    -3.371 r  pll_inst/inst/clkout1_buf/O
                         net (fo=353, routed)         1.429    -1.942    student_top_inst/bridge_inst/counter_inst/clk_out1
    SLICE_X52Y89         FDRE                                         r  student_top_inst/bridge_inst/counter_inst/cnt_ms_reg[14]/C
  -------------------------------------------------------------------    -------------------
    SLICE_X52Y89         FDRE (Prop_fdre_C_Q)         0.206    -1.736 r  student_top_inst/bridge_inst/counter_inst/cnt_ms_reg[14]/Q
                         net (fo=2, routed)           0.360    -1.376    student_top_inst/Core_cpu/SegReg_EX_LS_inst/cnt_ms_reg[13]
    SLICE_X53Y85         LUT5 (Prop_lut5_I0_O)        0.036    -1.340 r  student_top_inst/Core_cpu/SegReg_EX_LS_inst/mem_rdata_wb[14]_i_5/O
                         net (fo=1, routed)           0.198    -1.142    student_top_inst/Core_cpu/SegReg_EX_LS_inst/mem_rdata_wb[14]_i_5_n_0
    SLICE_X53Y85         LUT3 (Prop_lut3_I2_O)        0.036    -1.106 r  student_top_inst/Core_cpu/SegReg_EX_LS_inst/mem_rdata_wb[14]_i_3/O
                         net (fo=3, routed)           0.374    -0.731    student_top_inst/Core_cpu/SegReg_EX_LS_inst/perip_rdata[14]
    SLICE_X48Y81         LUT6 (Prop_lut6_I5_O)        0.036    -0.695 r  student_top_inst/Core_cpu/SegReg_EX_LS_inst/mem_rdata_wb[14]_i_1/O
                         net (fo=1, routed)           0.000    -0.695    student_top_inst/Core_cpu/SegReg_LS_WB_inst/mem_rdata_wb_reg[31]_1[14]
    SLICE_X48Y81         FDRE                                         r  student_top_inst/Core_cpu/SegReg_LS_WB_inst/mem_rdata_wb_reg[14]/D
  -------------------------------------------------------------------    -------------------

                         (clock clk_out2_pll rise edge)
                                                      0.000     0.000 r  
    AD12                                              0.000     0.000 r  i_sys_clk_p (IN)
                         net (fo=0)                   0.000     0.000    pll_inst/inst/clk_in1_p
    AD12                 IBUFDS (Prop_ibufds_I_O)     0.906     0.906 r  pll_inst/inst/clkin1_ibufgds/O
                         net (fo=1, routed)           1.098     2.004    pll_inst/inst/clk_in1_pll
    PLLE2_ADV_X1Y1       PLLE2_ADV (Prop_plle2_adv_CLKIN1_CLKOUT1)
                                                     -8.058    -6.054 r  pll_inst/inst/plle2_adv_inst/CLKOUT1
                         net (fo=1, routed)           2.128    -3.926    pll_inst/inst/clk_out2_pll
    BUFGCTRL_X0Y0        BUFG (Prop_bufg_I_O)         0.093    -3.833 r  pll_inst/inst/clkout2_buf/O
                         net (fo=1881, routed)        1.616    -2.217    student_top_inst/Core_cpu/SegReg_LS_WB_inst/clk_out2
    SLICE_X48Y81         FDRE                                         r  student_top_inst/Core_cpu/SegReg_LS_WB_inst/mem_rdata_wb_reg[14]/C

Slack:                    inf
  Source:                 student_top_inst/bridge_inst/counter_inst/cnt_ms_reg[6]/C
                            (rising edge-triggered cell FDRE clocked by clk_out1_pll  {rise@0.000ns fall@10.000ns period=20.000ns})
  Destination:            student_top_inst/Core_cpu/SegReg_LS_WB_inst/mem_rdata_wb_reg[6]/D
                            (rising edge-triggered cell FDRE clocked by clk_out2_pll  {rise@0.000ns fall@2.778ns period=5.556ns})
  Path Group:             (none)
  Path Type:              Hold (Min at Slow Process Corner)
  Data Path Delay:        1.276ns  (logic 0.278ns (21.781%)  route 0.998ns (78.219%))
  Logic Levels:           2  (LUT6=2)
  Clock Path Skew:        -0.274ns (DCD - SCD - CPR)
    Destination Clock Delay (DCD):    -2.216ns
    Source Clock Delay      (SCD):    -1.943ns
    Clock Pessimism Removal (CPR):    -0.000ns
  Clock Uncertainty:      0.206ns  ((TSJ^2 + DJ^2)^1/2) / 2 + PE
    Total System Jitter     (TSJ):    0.071ns
    Discrete Jitter          (DJ):    0.157ns
    Phase Error              (PE):    0.120ns
  Timing Exception:       Asynchronous Clock Groups

    Location             Delay type                Incr(ns)  Path(ns)    Netlist Resource(s)
  -------------------------------------------------------------------    -------------------
                         (clock clk_out1_pll rise edge)
                                                      0.000     0.000 r  
    AD12                                              0.000     0.000 r  i_sys_clk_p (IN)
                         net (fo=0)                   0.000     0.000    pll_inst/inst/clk_in1_p
    AD12                 IBUFDS (Prop_ibufds_I_O)     0.803     0.803 r  pll_inst/inst/clkin1_ibufgds/O
                         net (fo=1, routed)           1.001     1.804    pll_inst/inst/clk_in1_pll
    PLLE2_ADV_X1Y1       PLLE2_ADV (Prop_plle2_adv_CLKIN1_CLKOUT0)
                                                     -7.261    -5.457 r  pll_inst/inst/plle2_adv_inst/CLKOUT0
                         net (fo=1, routed)           2.003    -3.454    pll_inst/inst/clk_out1_pll
    BUFGCTRL_X0Y1        BUFG (Prop_bufg_I_O)         0.083    -3.371 r  pll_inst/inst/clkout1_buf/O
                         net (fo=353, routed)         1.428    -1.943    student_top_inst/bridge_inst/counter_inst/clk_out1
    SLICE_X52Y87         FDRE                                         r  student_top_inst/bridge_inst/counter_inst/cnt_ms_reg[6]/C
  -------------------------------------------------------------------    -------------------
    SLICE_X52Y87         FDRE (Prop_fdre_C_Q)         0.206    -1.737 r  student_top_inst/bridge_inst/counter_inst/cnt_ms_reg[6]/Q
                         net (fo=2, routed)           0.358    -1.379    student_top_inst/Core_cpu/SegReg_EX_LS_inst/cnt_ms_reg[5]
    SLICE_X50Y86         LUT6 (Prop_lut6_I4_O)        0.036    -1.343 r  student_top_inst/Core_cpu/SegReg_EX_LS_inst/mem_rdata_wb[6]_i_4/O
                         net (fo=2, routed)           0.641    -0.702    student_top_inst/Core_cpu/SegReg_EX_LS_inst/perip_rdata[6]
    SLICE_X43Y80         LUT6 (Prop_lut6_I5_O)        0.036    -0.666 r  student_top_inst/Core_cpu/SegReg_EX_LS_inst/mem_rdata_wb[6]_i_1/O
                         net (fo=1, routed)           0.000    -0.666    student_top_inst/Core_cpu/SegReg_LS_WB_inst/mem_rdata_wb_reg[31]_1[6]
    SLICE_X43Y80         FDRE                                         r  student_top_inst/Core_cpu/SegReg_LS_WB_inst/mem_rdata_wb_reg[6]/D
  -------------------------------------------------------------------    -------------------

                         (clock clk_out2_pll rise edge)
                                                      0.000     0.000 r  
    AD12                                              0.000     0.000 r  i_sys_clk_p (IN)
                         net (fo=0)                   0.000     0.000    pll_inst/inst/clk_in1_p
    AD12                 IBUFDS (Prop_ibufds_I_O)     0.906     0.906 r  pll_inst/inst/clkin1_ibufgds/O
                         net (fo=1, routed)           1.098     2.004    pll_inst/inst/clk_in1_pll
    PLLE2_ADV_X1Y1       PLLE2_ADV (Prop_plle2_adv_CLKIN1_CLKOUT1)
                                                     -8.058    -6.054 r  pll_inst/inst/plle2_adv_inst/CLKOUT1
                         net (fo=1, routed)           2.128    -3.926    pll_inst/inst/clk_out2_pll
    BUFGCTRL_X0Y0        BUFG (Prop_bufg_I_O)         0.093    -3.833 r  pll_inst/inst/clkout2_buf/O
                         net (fo=1881, routed)        1.617    -2.216    student_top_inst/Core_cpu/SegReg_LS_WB_inst/clk_out2
    SLICE_X43Y80         FDRE                                         r  student_top_inst/Core_cpu/SegReg_LS_WB_inst/mem_rdata_wb_reg[6]/C





--------------------------------------------------------------------------------------
Path Group:  (none)
From Clock:  clk_out1_pll
  To Clock:  

Max Delay             1 Endpoint
Min Delay             1 Endpoint
--------------------------------------------------------------------------------------


Max Delay Paths
--------------------------------------------------------------------------------------
Slack:                    inf
  Source:                 uart_inst/tx_reg/C
                            (rising edge-triggered cell FDPE clocked by clk_out1_pll  {rise@0.000ns fall@10.000ns period=20.000ns})
  Destination:            o_uart_tx
                            (output port)
  Path Group:             (none)
  Path Type:              Max at Slow Process Corner
  Data Path Delay:        6.557ns  (logic 2.218ns (33.826%)  route 4.339ns (66.174%))
  Logic Levels:           1  (OBUF=1)
  Clock Uncertainty:      0.188ns  ((TSJ^2 + DJ^2)^1/2) / 2 + PE
    Total System Jitter     (TSJ):    0.050ns
    Discrete Jitter          (DJ):    0.157ns
    Phase Error              (PE):    0.105ns

    Location             Delay type                Incr(ns)  Path(ns)    Netlist Resource(s)
  -------------------------------------------------------------------    -------------------
                         (clock clk_out1_pll rise edge)
                                                      0.000     0.000 r  
    AD12                                              0.000     0.000 r  i_sys_clk_p (IN)
                         net (fo=0)                   0.000     0.000    pll_inst/inst/clk_in1_p
    AD12                 IBUFDS (Prop_ibufds_I_O)     0.906     0.906 r  pll_inst/inst/clkin1_ibufgds/O
                         net (fo=1, routed)           1.098     2.004    pll_inst/inst/clk_in1_pll
    PLLE2_ADV_X1Y1       PLLE2_ADV (Prop_plle2_adv_CLKIN1_CLKOUT0)
                                                     -8.058    -6.054 r  pll_inst/inst/plle2_adv_inst/CLKOUT0
                         net (fo=1, routed)           2.128    -3.926    pll_inst/inst/clk_out1_pll
    BUFGCTRL_X0Y1        BUFG (Prop_bufg_I_O)         0.093    -3.833 r  pll_inst/inst/clkout1_buf/O
                         net (fo=353, routed)         1.389    -2.444    uart_inst/clk_out1
    SLICE_X59Y113        FDPE                                         r  uart_inst/tx_reg/C
  -------------------------------------------------------------------    -------------------
    SLICE_X59Y113        FDPE (Prop_fdpe_C_Q)         0.223    -2.221 r  uart_inst/tx_reg/Q
                         net (fo=1, routed)           4.339     2.118    o_uart_tx_OBUF
    E23                  OBUF (Prop_obuf_I_O)         1.995     4.113 r  o_uart_tx_OBUF_inst/O
                         net (fo=0)                   0.000     4.113    o_uart_tx
    E23                                                               r  o_uart_tx (OUT)
  -------------------------------------------------------------------    -------------------





Min Delay Paths
--------------------------------------------------------------------------------------
Slack:                    inf
  Source:                 uart_inst/tx_reg/C
                            (rising edge-triggered cell FDPE clocked by clk_out1_pll  {rise@0.000ns fall@10.000ns period=20.000ns})
  Destination:            o_uart_tx
                            (output port)
  Path Group:             (none)
  Path Type:              Min at Fast Process Corner
  Data Path Delay:        3.148ns  (logic 1.015ns (32.239%)  route 2.133ns (67.761%))
  Logic Levels:           1  (OBUF=1)
  Clock Uncertainty:      0.188ns  ((TSJ^2 + DJ^2)^1/2) / 2 + PE
    Total System Jitter     (TSJ):    0.050ns
    Discrete Jitter          (DJ):    0.157ns
    Phase Error              (PE):    0.105ns

    Location             Delay type                Incr(ns)  Path(ns)    Netlist Resource(s)
  -------------------------------------------------------------------    -------------------
                         (clock clk_out1_pll rise edge)
                                                      0.000     0.000 r  
    AD12                                              0.000     0.000 r  i_sys_clk_p (IN)
                         net (fo=0)                   0.000     0.000    pll_inst/inst/clk_in1_p
    AD12                 IBUFDS (Prop_ibufds_I_O)     0.388     0.388 r  pll_inst/inst/clkin1_ibufgds/O
                         net (fo=1, routed)           0.503     0.891    pll_inst/inst/clk_in1_pll
    PLLE2_ADV_X1Y1       PLLE2_ADV (Prop_plle2_adv_CLKIN1_CLKOUT0)
                                                     -2.908    -2.017 r  pll_inst/inst/plle2_adv_inst/CLKOUT0
                         net (fo=1, routed)           0.958    -1.059    pll_inst/inst/clk_out1_pll
    BUFGCTRL_X0Y1        BUFG (Prop_bufg_I_O)         0.026    -1.033 r  pll_inst/inst/clkout1_buf/O
                         net (fo=353, routed)         0.591    -0.442    uart_inst/clk_out1
    SLICE_X59Y113        FDPE                                         r  uart_inst/tx_reg/C
  -------------------------------------------------------------------    -------------------
    SLICE_X59Y113        FDPE (Prop_fdpe_C_Q)         0.100    -0.342 r  uart_inst/tx_reg/Q
                         net (fo=1, routed)           2.133     1.792    o_uart_tx_OBUF
    E23                  OBUF (Prop_obuf_I_O)         0.915     2.706 r  o_uart_tx_OBUF_inst/O
                         net (fo=0)                   0.000     2.706    o_uart_tx
    E23                                                               r  o_uart_tx (OUT)
  -------------------------------------------------------------------    -------------------





--------------------------------------------------------------------------------------
Path Group:  (none)
From Clock:  clk_out2_pll
  To Clock:  

Max Delay            68 Endpoints
Min Delay            68 Endpoints
--------------------------------------------------------------------------------------


Max Delay Paths
--------------------------------------------------------------------------------------
Slack:                    inf
  Source:                 student_top_inst/bridge_inst/seg_driver/count_reg[4]/C
                            (rising edge-triggered cell FDCE clocked by clk_out2_pll  {rise@0.000ns fall@2.778ns period=5.556ns})
  Destination:            virtual_seg[25]
                            (output port)
  Path Group:             (none)
  Path Type:              Max at Slow Process Corner
  Data Path Delay:        10.252ns  (logic 2.353ns (22.955%)  route 7.899ns (77.045%))
  Logic Levels:           3  (LUT3=1 LUT6=1 OBUF=1)
  Clock Uncertainty:      0.171ns  ((TSJ^2 + DJ^2)^1/2) / 2 + PE
    Total System Jitter     (TSJ):    0.050ns
    Discrete Jitter          (DJ):    0.122ns
    Phase Error              (PE):    0.105ns

    Location             Delay type                Incr(ns)  Path(ns)    Netlist Resource(s)
  -------------------------------------------------------------------    -------------------
                         (clock clk_out2_pll rise edge)
                                                      0.000     0.000 r  
    AD12                                              0.000     0.000 r  i_sys_clk_p (IN)
                         net (fo=0)                   0.000     0.000    pll_inst/inst/clk_in1_p
    AD12                 IBUFDS (Prop_ibufds_I_O)     0.906     0.906 r  pll_inst/inst/clkin1_ibufgds/O
                         net (fo=1, routed)           1.098     2.004    pll_inst/inst/clk_in1_pll
    PLLE2_ADV_X1Y1       PLLE2_ADV (Prop_plle2_adv_CLKIN1_CLKOUT1)
                                                     -8.058    -6.054 r  pll_inst/inst/plle2_adv_inst/CLKOUT1
                         net (fo=1, routed)           2.128    -3.926    pll_inst/inst/clk_out2_pll
    BUFGCTRL_X0Y0        BUFG (Prop_bufg_I_O)         0.093    -3.833 r  pll_inst/inst/clkout2_buf/O
                         net (fo=1881, routed)        1.437    -2.396    student_top_inst/bridge_inst/seg_driver/clk_out2
    SLICE_X42Y125        FDCE                                         r  student_top_inst/bridge_inst/seg_driver/count_reg[4]/C
  -------------------------------------------------------------------    -------------------
    SLICE_X42Y125        FDCE (Prop_fdce_C_Q)         0.236    -2.160 r  student_top_inst/bridge_inst/seg_driver/count_reg[4]/Q
                         net (fo=47, routed)          1.742    -0.418    student_top_inst/bridge_inst/seg_driver/Q[0]
    SLICE_X60Y94         LUT3 (Prop_lut3_I1_O)        0.126    -0.292 r  student_top_inst/bridge_inst/seg_driver/virtual_seg_OBUF[26]_inst_i_3/O
                         net (fo=7, routed)           0.483     0.191    student_top_inst/bridge_inst/seg_driver/virtual_seg_OBUF[26]_inst_i_3_n_0
    SLICE_X60Y95         LUT6 (Prop_lut6_I4_O)        0.043     0.234 r  student_top_inst/bridge_inst/seg_driver/virtual_seg_OBUF[25]_inst_i_1/O
                         net (fo=2, routed)           5.673     5.907    virtual_seg_OBUF[25]
    H21                  OBUF (Prop_obuf_I_O)         1.948     7.856 r  virtual_seg_OBUF[25]_inst/O
                         net (fo=0)                   0.000     7.856    virtual_seg[25]
    H21                                                               r  virtual_seg[25] (OUT)
  -------------------------------------------------------------------    -------------------

Slack:                    inf
  Source:                 student_top_inst/bridge_inst/seg_driver/count_reg[4]/C
                            (rising edge-triggered cell FDCE clocked by clk_out2_pll  {rise@0.000ns fall@2.778ns period=5.556ns})
  Destination:            virtual_seg[21]
                            (output port)
  Path Group:             (none)
  Path Type:              Max at Slow Process Corner
  Data Path Delay:        9.834ns  (logic 2.487ns (25.294%)  route 7.346ns (74.706%))
  Logic Levels:           3  (LUT3=1 LUT6=1 OBUF=1)
  Clock Uncertainty:      0.171ns  ((TSJ^2 + DJ^2)^1/2) / 2 + PE
    Total System Jitter     (TSJ):    0.050ns
    Discrete Jitter          (DJ):    0.122ns
    Phase Error              (PE):    0.105ns

    Location             Delay type                Incr(ns)  Path(ns)    Netlist Resource(s)
  -------------------------------------------------------------------    -------------------
                         (clock clk_out2_pll rise edge)
                                                      0.000     0.000 r  
    AD12                                              0.000     0.000 r  i_sys_clk_p (IN)
                         net (fo=0)                   0.000     0.000    pll_inst/inst/clk_in1_p
    AD12                 IBUFDS (Prop_ibufds_I_O)     0.906     0.906 r  pll_inst/inst/clkin1_ibufgds/O
                         net (fo=1, routed)           1.098     2.004    pll_inst/inst/clk_in1_pll
    PLLE2_ADV_X1Y1       PLLE2_ADV (Prop_plle2_adv_CLKIN1_CLKOUT1)
                                                     -8.058    -6.054 r  pll_inst/inst/plle2_adv_inst/CLKOUT1
                         net (fo=1, routed)           2.128    -3.926    pll_inst/inst/clk_out2_pll
    BUFGCTRL_X0Y0        BUFG (Prop_bufg_I_O)         0.093    -3.833 r  pll_inst/inst/clkout2_buf/O
                         net (fo=1881, routed)        1.437    -2.396    student_top_inst/bridge_inst/seg_driver/clk_out2
    SLICE_X42Y125        FDCE                                         r  student_top_inst/bridge_inst/seg_driver/count_reg[4]/C
  -------------------------------------------------------------------    -------------------
    SLICE_X42Y125        FDCE (Prop_fdce_C_Q)         0.236    -2.160 r  student_top_inst/bridge_inst/seg_driver/count_reg[4]/Q
                         net (fo=47, routed)          1.832    -0.328    student_top_inst/bridge_inst/seg_driver/Q[0]
    SLICE_X60Y93         LUT3 (Prop_lut3_I1_O)        0.132    -0.196 r  student_top_inst/bridge_inst/seg_driver/virtual_seg_OBUF[26]_inst_i_2/O
                         net (fo=7, routed)           0.538     0.342    student_top_inst/bridge_inst/seg_driver/virtual_seg_OBUF[26]_inst_i_2_n_0
    SLICE_X60Y95         LUT6 (Prop_lut6_I1_O)        0.136     0.478 r  student_top_inst/bridge_inst/seg_driver/virtual_seg_OBUF[21]_inst_i_1/O
                         net (fo=2, routed)           4.976     5.454    virtual_seg_OBUF[21]
    F21                  OBUF (Prop_obuf_I_O)         1.983     7.437 r  virtual_seg_OBUF[21]_inst/O
                         net (fo=0)                   0.000     7.437    virtual_seg[21]
    F21                                                               r  virtual_seg[21] (OUT)
  -------------------------------------------------------------------    -------------------

Slack:                    inf
  Source:                 student_top_inst/bridge_inst/seg_driver/count_reg[4]/C
                            (rising edge-triggered cell FDCE clocked by clk_out2_pll  {rise@0.000ns fall@2.778ns period=5.556ns})
  Destination:            virtual_seg[20]
                            (output port)
  Path Group:             (none)
  Path Type:              Max at Slow Process Corner
  Data Path Delay:        9.792ns  (logic 2.486ns (25.392%)  route 7.306ns (74.608%))
  Logic Levels:           3  (LUT3=1 LUT6=1 OBUF=1)
  Clock Uncertainty:      0.171ns  ((TSJ^2 + DJ^2)^1/2) / 2 + PE
    Total System Jitter     (TSJ):    0.050ns
    Discrete Jitter          (DJ):    0.122ns
    Phase Error              (PE):    0.105ns

    Location             Delay type                Incr(ns)  Path(ns)    Netlist Resource(s)
  -------------------------------------------------------------------    -------------------
                         (clock clk_out2_pll rise edge)
                                                      0.000     0.000 r  
    AD12                                              0.000     0.000 r  i_sys_clk_p (IN)
                         net (fo=0)                   0.000     0.000    pll_inst/inst/clk_in1_p
    AD12                 IBUFDS (Prop_ibufds_I_O)     0.906     0.906 r  pll_inst/inst/clkin1_ibufgds/O
                         net (fo=1, routed)           1.098     2.004    pll_inst/inst/clk_in1_pll
    PLLE2_ADV_X1Y1       PLLE2_ADV (Prop_plle2_adv_CLKIN1_CLKOUT1)
                                                     -8.058    -6.054 r  pll_inst/inst/plle2_adv_inst/CLKOUT1
                         net (fo=1, routed)           2.128    -3.926    pll_inst/inst/clk_out2_pll
    BUFGCTRL_X0Y0        BUFG (Prop_bufg_I_O)         0.093    -3.833 r  pll_inst/inst/clkout2_buf/O
                         net (fo=1881, routed)        1.437    -2.396    student_top_inst/bridge_inst/seg_driver/clk_out2
    SLICE_X42Y125        FDCE                                         r  student_top_inst/bridge_inst/seg_driver/count_reg[4]/C
  -------------------------------------------------------------------    -------------------
    SLICE_X42Y125        FDCE (Prop_fdce_C_Q)         0.236    -2.160 r  student_top_inst/bridge_inst/seg_driver/count_reg[4]/Q
                         net (fo=47, routed)          1.832    -0.328    student_top_inst/bridge_inst/seg_driver/Q[0]
    SLICE_X60Y93         LUT3 (Prop_lut3_I1_O)        0.132    -0.196 r  student_top_inst/bridge_inst/seg_driver/virtual_seg_OBUF[26]_inst_i_2/O
                         net (fo=7, routed)           0.361     0.165    student_top_inst/bridge_inst/seg_driver/virtual_seg_OBUF[26]_inst_i_2_n_0
    SLICE_X60Y94         LUT6 (Prop_lut6_I2_O)        0.136     0.301 r  student_top_inst/bridge_inst/seg_driver/virtual_seg_OBUF[20]_inst_i_1/O
                         net (fo=2, routed)           5.113     5.414    virtual_seg_OBUF[20]
    E21                  OBUF (Prop_obuf_I_O)         1.982     7.396 r  virtual_seg_OBUF[20]_inst/O
                         net (fo=0)                   0.000     7.396    virtual_seg[20]
    E21                                                               r  virtual_seg[20] (OUT)
  -------------------------------------------------------------------    -------------------

Slack:                    inf
  Source:                 student_top_inst/bridge_inst/seg_driver/count_reg[4]/C
                            (rising edge-triggered cell FDCE clocked by clk_out2_pll  {rise@0.000ns fall@2.778ns period=5.556ns})
  Destination:            virtual_seg[26]
                            (output port)
  Path Group:             (none)
  Path Type:              Max at Slow Process Corner
  Data Path Delay:        9.658ns  (logic 2.474ns (25.619%)  route 7.184ns (74.381%))
  Logic Levels:           3  (LUT3=1 LUT6=1 OBUF=1)
  Clock Uncertainty:      0.171ns  ((TSJ^2 + DJ^2)^1/2) / 2 + PE
    Total System Jitter     (TSJ):    0.050ns
    Discrete Jitter          (DJ):    0.122ns
    Phase Error              (PE):    0.105ns

    Location             Delay type                Incr(ns)  Path(ns)    Netlist Resource(s)
  -------------------------------------------------------------------    -------------------
                         (clock clk_out2_pll rise edge)
                                                      0.000     0.000 r  
    AD12                                              0.000     0.000 r  i_sys_clk_p (IN)
                         net (fo=0)                   0.000     0.000    pll_inst/inst/clk_in1_p
    AD12                 IBUFDS (Prop_ibufds_I_O)     0.906     0.906 r  pll_inst/inst/clkin1_ibufgds/O
                         net (fo=1, routed)           1.098     2.004    pll_inst/inst/clk_in1_pll
    PLLE2_ADV_X1Y1       PLLE2_ADV (Prop_plle2_adv_CLKIN1_CLKOUT1)
                                                     -8.058    -6.054 r  pll_inst/inst/plle2_adv_inst/CLKOUT1
                         net (fo=1, routed)           2.128    -3.926    pll_inst/inst/clk_out2_pll
    BUFGCTRL_X0Y0        BUFG (Prop_bufg_I_O)         0.093    -3.833 r  pll_inst/inst/clkout2_buf/O
                         net (fo=1881, routed)        1.437    -2.396    student_top_inst/bridge_inst/seg_driver/clk_out2
    SLICE_X42Y125        FDCE                                         r  student_top_inst/bridge_inst/seg_driver/count_reg[4]/C
  -------------------------------------------------------------------    -------------------
    SLICE_X42Y125        FDCE (Prop_fdce_C_Q)         0.236    -2.160 r  student_top_inst/bridge_inst/seg_driver/count_reg[4]/Q
                         net (fo=47, routed)          1.832    -0.328    student_top_inst/bridge_inst/seg_driver/Q[0]
    SLICE_X60Y93         LUT3 (Prop_lut3_I1_O)        0.132    -0.196 r  student_top_inst/bridge_inst/seg_driver/virtual_seg_OBUF[26]_inst_i_2/O
                         net (fo=7, routed)           0.458     0.262    student_top_inst/bridge_inst/seg_driver/virtual_seg_OBUF[26]_inst_i_2_n_0
    SLICE_X60Y94         LUT6 (Prop_lut6_I0_O)        0.136     0.398 r  student_top_inst/bridge_inst/seg_driver/virtual_seg_OBUF[26]_inst_i_1/O
                         net (fo=2, routed)           4.894     5.291    virtual_seg_OBUF[26]
    F22                  OBUF (Prop_obuf_I_O)         1.970     7.262 r  virtual_seg_OBUF[26]_inst/O
                         net (fo=0)                   0.000     7.262    virtual_seg[26]
    F22                                                               r  virtual_seg[26] (OUT)
  -------------------------------------------------------------------    -------------------

Slack:                    inf
  Source:                 student_top_inst/bridge_inst/seg_driver/count_reg[4]/C
                            (rising edge-triggered cell FDCE clocked by clk_out2_pll  {rise@0.000ns fall@2.778ns period=5.556ns})
  Destination:            virtual_seg[24]
                            (output port)
  Path Group:             (none)
  Path Type:              Max at Slow Process Corner
  Data Path Delay:        9.611ns  (logic 2.453ns (25.519%)  route 7.158ns (74.481%))
  Logic Levels:           3  (LUT3=1 LUT6=1 OBUF=1)
  Clock Uncertainty:      0.171ns  ((TSJ^2 + DJ^2)^1/2) / 2 + PE
    Total System Jitter     (TSJ):    0.050ns
    Discrete Jitter          (DJ):    0.122ns
    Phase Error              (PE):    0.105ns

    Location             Delay type                Incr(ns)  Path(ns)    Netlist Resource(s)
  -------------------------------------------------------------------    -------------------
                         (clock clk_out2_pll rise edge)
                                                      0.000     0.000 r  
    AD12                                              0.000     0.000 r  i_sys_clk_p (IN)
                         net (fo=0)                   0.000     0.000    pll_inst/inst/clk_in1_p
    AD12                 IBUFDS (Prop_ibufds_I_O)     0.906     0.906 r  pll_inst/inst/clkin1_ibufgds/O
                         net (fo=1, routed)           1.098     2.004    pll_inst/inst/clk_in1_pll
    PLLE2_ADV_X1Y1       PLLE2_ADV (Prop_plle2_adv_CLKIN1_CLKOUT1)
                                                     -8.058    -6.054 r  pll_inst/inst/plle2_adv_inst/CLKOUT1
                         net (fo=1, routed)           2.128    -3.926    pll_inst/inst/clk_out2_pll
    BUFGCTRL_X0Y0        BUFG (Prop_bufg_I_O)         0.093    -3.833 r  pll_inst/inst/clkout2_buf/O
                         net (fo=1881, routed)        1.437    -2.396    student_top_inst/bridge_inst/seg_driver/clk_out2
    SLICE_X42Y125        FDCE                                         r  student_top_inst/bridge_inst/seg_driver/count_reg[4]/C
  -------------------------------------------------------------------    -------------------
    SLICE_X42Y125        FDCE (Prop_fdce_C_Q)         0.236    -2.160 r  student_top_inst/bridge_inst/seg_driver/count_reg[4]/Q
                         net (fo=47, routed)          1.832    -0.328    student_top_inst/bridge_inst/seg_driver/Q[0]
    SLICE_X60Y93         LUT3 (Prop_lut3_I1_O)        0.132    -0.196 r  student_top_inst/bridge_inst/seg_driver/virtual_seg_OBUF[26]_inst_i_2/O
                         net (fo=7, routed)           0.459     0.263    student_top_inst/bridge_inst/seg_driver/virtual_seg_OBUF[26]_inst_i_2_n_0
    SLICE_X60Y94         LUT6 (Prop_lut6_I2_O)        0.136     0.399 r  student_top_inst/bridge_inst/seg_driver/virtual_seg_OBUF[24]_inst_i_1/O
                         net (fo=2, routed)           4.867     5.266    virtual_seg_OBUF[24]
    H22                  OBUF (Prop_obuf_I_O)         1.949     7.214 r  virtual_seg_OBUF[24]_inst/O
                         net (fo=0)                   0.000     7.214    virtual_seg[24]
    H22                                                               r  virtual_seg[24] (OUT)
  -------------------------------------------------------------------    -------------------

Slack:                    inf
  Source:                 student_top_inst/bridge_inst/seg_driver/count_reg[4]/C
                            (rising edge-triggered cell FDCE clocked by clk_out2_pll  {rise@0.000ns fall@2.778ns period=5.556ns})
  Destination:            virtual_seg[22]
                            (output port)
  Path Group:             (none)
  Path Type:              Max at Slow Process Corner
  Data Path Delay:        9.456ns  (logic 2.519ns (26.639%)  route 6.937ns (73.361%))
  Logic Levels:           3  (LUT3=1 LUT6=1 OBUF=1)
  Clock Uncertainty:      0.171ns  ((TSJ^2 + DJ^2)^1/2) / 2 + PE
    Total System Jitter     (TSJ):    0.050ns
    Discrete Jitter          (DJ):    0.122ns
    Phase Error              (PE):    0.105ns

    Location             Delay type                Incr(ns)  Path(ns)    Netlist Resource(s)
  -------------------------------------------------------------------    -------------------
                         (clock clk_out2_pll rise edge)
                                                      0.000     0.000 r  
    AD12                                              0.000     0.000 r  i_sys_clk_p (IN)
                         net (fo=0)                   0.000     0.000    pll_inst/inst/clk_in1_p
    AD12                 IBUFDS (Prop_ibufds_I_O)     0.906     0.906 r  pll_inst/inst/clkin1_ibufgds/O
                         net (fo=1, routed)           1.098     2.004    pll_inst/inst/clk_in1_pll
    PLLE2_ADV_X1Y1       PLLE2_ADV (Prop_plle2_adv_CLKIN1_CLKOUT1)
                                                     -8.058    -6.054 r  pll_inst/inst/plle2_adv_inst/CLKOUT1
                         net (fo=1, routed)           2.128    -3.926    pll_inst/inst/clk_out2_pll
    BUFGCTRL_X0Y0        BUFG (Prop_bufg_I_O)         0.093    -3.833 r  pll_inst/inst/clkout2_buf/O
                         net (fo=1881, routed)        1.437    -2.396    student_top_inst/bridge_inst/seg_driver/clk_out2
    SLICE_X42Y125        FDCE                                         r  student_top_inst/bridge_inst/seg_driver/count_reg[4]/C
  -------------------------------------------------------------------    -------------------
    SLICE_X42Y125        FDCE (Prop_fdce_C_Q)         0.236    -2.160 r  student_top_inst/bridge_inst/seg_driver/count_reg[4]/Q
                         net (fo=47, routed)          1.832    -0.328    student_top_inst/bridge_inst/seg_driver/Q[0]
    SLICE_X60Y93         LUT3 (Prop_lut3_I1_O)        0.132    -0.196 f  student_top_inst/bridge_inst/seg_driver/virtual_seg_OBUF[26]_inst_i_2/O
                         net (fo=7, routed)           0.352     0.156    student_top_inst/bridge_inst/seg_driver/virtual_seg_OBUF[26]_inst_i_2_n_0
    SLICE_X60Y95         LUT6 (Prop_lut6_I4_O)        0.136     0.292 r  student_top_inst/bridge_inst/seg_driver/virtual_seg_OBUF[22]_inst_i_1/O
                         net (fo=2, routed)           4.753     5.045    virtual_seg_OBUF[22]
    D18                  OBUF (Prop_obuf_I_O)         2.015     7.060 r  virtual_seg_OBUF[22]_inst/O
                         net (fo=0)                   0.000     7.060    virtual_seg[22]
    D18                                                               r  virtual_seg[22] (OUT)
  -------------------------------------------------------------------    -------------------

Slack:                    inf
  Source:                 student_top_inst/bridge_inst/seg_driver/count_reg[4]/C
                            (rising edge-triggered cell FDCE clocked by clk_out2_pll  {rise@0.000ns fall@2.778ns period=5.556ns})
  Destination:            virtual_seg[33]
                            (output port)
  Path Group:             (none)
  Path Type:              Max at Slow Process Corner
  Data Path Delay:        9.328ns  (logic 3.638ns (39.007%)  route 5.689ns (60.993%))
  Logic Levels:           3  (LUT3=1 LUT6=1 OBUF=1)
  Clock Uncertainty:      0.171ns  ((TSJ^2 + DJ^2)^1/2) / 2 + PE
    Total System Jitter     (TSJ):    0.050ns
    Discrete Jitter          (DJ):    0.122ns
    Phase Error              (PE):    0.105ns

    Location             Delay type                Incr(ns)  Path(ns)    Netlist Resource(s)
  -------------------------------------------------------------------    -------------------
                         (clock clk_out2_pll rise edge)
                                                      0.000     0.000 r  
    AD12                                              0.000     0.000 r  i_sys_clk_p (IN)
                         net (fo=0)                   0.000     0.000    pll_inst/inst/clk_in1_p
    AD12                 IBUFDS (Prop_ibufds_I_O)     0.906     0.906 r  pll_inst/inst/clkin1_ibufgds/O
                         net (fo=1, routed)           1.098     2.004    pll_inst/inst/clk_in1_pll
    PLLE2_ADV_X1Y1       PLLE2_ADV (Prop_plle2_adv_CLKIN1_CLKOUT1)
                                                     -8.058    -6.054 r  pll_inst/inst/plle2_adv_inst/CLKOUT1
                         net (fo=1, routed)           2.128    -3.926    pll_inst/inst/clk_out2_pll
    BUFGCTRL_X0Y0        BUFG (Prop_bufg_I_O)         0.093    -3.833 r  pll_inst/inst/clkout2_buf/O
                         net (fo=1881, routed)        1.437    -2.396    student_top_inst/bridge_inst/seg_driver/clk_out2
    SLICE_X42Y125        FDCE                                         r  student_top_inst/bridge_inst/seg_driver/count_reg[4]/C
  -------------------------------------------------------------------    -------------------
    SLICE_X42Y125        FDCE (Prop_fdce_C_Q)         0.236    -2.160 r  student_top_inst/bridge_inst/seg_driver/count_reg[4]/Q
                         net (fo=47, routed)          1.800    -0.360    student_top_inst/bridge_inst/seg_driver/Q[0]
    SLICE_X57Y93         LUT3 (Prop_lut3_I1_O)        0.126    -0.234 r  student_top_inst/bridge_inst/seg_driver/virtual_seg_OBUF[36]_inst_i_4/O
                         net (fo=7, routed)           0.754     0.520    student_top_inst/bridge_inst/seg_driver/virtual_seg_OBUF[36]_inst_i_4_n_0
    SLICE_X60Y98         LUT6 (Prop_lut6_I5_O)        0.043     0.563 r  student_top_inst/bridge_inst/seg_driver/virtual_seg_OBUF[33]_inst_i_1/O
                         net (fo=2, routed)           3.135     3.698    virtual_seg_OBUF[33]
    T20                  OBUF (Prop_obuf_I_O)         3.233     6.931 r  virtual_seg_OBUF[33]_inst/O
                         net (fo=0)                   0.000     6.931    virtual_seg[33]
    T20                                                               r  virtual_seg[33] (OUT)
  -------------------------------------------------------------------    -------------------

Slack:                    inf
  Source:                 student_top_inst/bridge_inst/seg_driver/count_reg[4]/C
                            (rising edge-triggered cell FDCE clocked by clk_out2_pll  {rise@0.000ns fall@2.778ns period=5.556ns})
  Destination:            virtual_seg[23]
                            (output port)
  Path Group:             (none)
  Path Type:              Max at Slow Process Corner
  Data Path Delay:        9.239ns  (logic 2.423ns (26.224%)  route 6.816ns (73.776%))
  Logic Levels:           3  (LUT3=1 LUT6=1 OBUF=1)
  Clock Uncertainty:      0.171ns  ((TSJ^2 + DJ^2)^1/2) / 2 + PE
    Total System Jitter     (TSJ):    0.050ns
    Discrete Jitter          (DJ):    0.122ns
    Phase Error              (PE):    0.105ns

    Location             Delay type                Incr(ns)  Path(ns)    Netlist Resource(s)
  -------------------------------------------------------------------    -------------------
                         (clock clk_out2_pll rise edge)
                                                      0.000     0.000 r  
    AD12                                              0.000     0.000 r  i_sys_clk_p (IN)
                         net (fo=0)                   0.000     0.000    pll_inst/inst/clk_in1_p
    AD12                 IBUFDS (Prop_ibufds_I_O)     0.906     0.906 r  pll_inst/inst/clkin1_ibufgds/O
                         net (fo=1, routed)           1.098     2.004    pll_inst/inst/clk_in1_pll
    PLLE2_ADV_X1Y1       PLLE2_ADV (Prop_plle2_adv_CLKIN1_CLKOUT1)
                                                     -8.058    -6.054 r  pll_inst/inst/plle2_adv_inst/CLKOUT1
                         net (fo=1, routed)           2.128    -3.926    pll_inst/inst/clk_out2_pll
    BUFGCTRL_X0Y0        BUFG (Prop_bufg_I_O)         0.093    -3.833 r  pll_inst/inst/clkout2_buf/O
                         net (fo=1881, routed)        1.437    -2.396    student_top_inst/bridge_inst/seg_driver/clk_out2
    SLICE_X42Y125        FDCE                                         r  student_top_inst/bridge_inst/seg_driver/count_reg[4]/C
  -------------------------------------------------------------------    -------------------
    SLICE_X42Y125        FDCE (Prop_fdce_C_Q)         0.236    -2.160 r  student_top_inst/bridge_inst/seg_driver/count_reg[4]/Q
                         net (fo=47, routed)          1.742    -0.418    student_top_inst/bridge_inst/seg_driver/Q[0]
    SLICE_X60Y94         LUT3 (Prop_lut3_I1_O)        0.126    -0.292 r  student_top_inst/bridge_inst/seg_driver/virtual_seg_OBUF[26]_inst_i_3/O
                         net (fo=7, routed)           0.482     0.190    student_top_inst/bridge_inst/seg_driver/virtual_seg_OBUF[26]_inst_i_3_n_0
    SLICE_X60Y95         LUT6 (Prop_lut6_I1_O)        0.043     0.233 r  student_top_inst/bridge_inst/seg_driver/virtual_seg_OBUF[23]_inst_i_1/O
                         net (fo=2, routed)           4.592     4.825    virtual_seg_OBUF[23]
    D17                  OBUF (Prop_obuf_I_O)         2.018     6.843 r  virtual_seg_OBUF[23]_inst/O
                         net (fo=0)                   0.000     6.843    virtual_seg[23]
    D17                                                               r  virtual_seg[23] (OUT)
  -------------------------------------------------------------------    -------------------

Slack:                    inf
  Source:                 student_top_inst/bridge_inst/seg_driver/count_reg[4]/C
                            (rising edge-triggered cell FDCE clocked by clk_out2_pll  {rise@0.000ns fall@2.778ns period=5.556ns})
  Destination:            virtual_seg[36]
                            (output port)
  Path Group:             (none)
  Path Type:              Max at Slow Process Corner
  Data Path Delay:        9.198ns  (logic 3.633ns (39.495%)  route 5.566ns (60.505%))
  Logic Levels:           3  (LUT3=1 LUT6=1 OBUF=1)
  Clock Uncertainty:      0.171ns  ((TSJ^2 + DJ^2)^1/2) / 2 + PE
    Total System Jitter     (TSJ):    0.050ns
    Discrete Jitter          (DJ):    0.122ns
    Phase Error              (PE):    0.105ns

    Location             Delay type                Incr(ns)  Path(ns)    Netlist Resource(s)
  -------------------------------------------------------------------    -------------------
                         (clock clk_out2_pll rise edge)
                                                      0.000     0.000 r  
    AD12                                              0.000     0.000 r  i_sys_clk_p (IN)
                         net (fo=0)                   0.000     0.000    pll_inst/inst/clk_in1_p
    AD12                 IBUFDS (Prop_ibufds_I_O)     0.906     0.906 r  pll_inst/inst/clkin1_ibufgds/O
                         net (fo=1, routed)           1.098     2.004    pll_inst/inst/clk_in1_pll
    PLLE2_ADV_X1Y1       PLLE2_ADV (Prop_plle2_adv_CLKIN1_CLKOUT1)
                                                     -8.058    -6.054 r  pll_inst/inst/plle2_adv_inst/CLKOUT1
                         net (fo=1, routed)           2.128    -3.926    pll_inst/inst/clk_out2_pll
    BUFGCTRL_X0Y0        BUFG (Prop_bufg_I_O)         0.093    -3.833 r  pll_inst/inst/clkout2_buf/O
                         net (fo=1881, routed)        1.437    -2.396    student_top_inst/bridge_inst/seg_driver/clk_out2
    SLICE_X42Y125        FDCE                                         r  student_top_inst/bridge_inst/seg_driver/count_reg[4]/C
  -------------------------------------------------------------------    -------------------
    SLICE_X42Y125        FDCE (Prop_fdce_C_Q)         0.236    -2.160 r  student_top_inst/bridge_inst/seg_driver/count_reg[4]/Q
                         net (fo=47, routed)          1.800    -0.360    student_top_inst/bridge_inst/seg_driver/Q[0]
    SLICE_X57Y93         LUT3 (Prop_lut3_I1_O)        0.126    -0.234 r  student_top_inst/bridge_inst/seg_driver/virtual_seg_OBUF[36]_inst_i_4/O
                         net (fo=7, routed)           0.661     0.426    student_top_inst/bridge_inst/seg_driver/virtual_seg_OBUF[36]_inst_i_4_n_0
    SLICE_X60Y97         LUT6 (Prop_lut6_I5_O)        0.043     0.469 r  student_top_inst/bridge_inst/seg_driver/virtual_seg_OBUF[36]_inst_i_1/O
                         net (fo=2, routed)           3.105     3.574    virtual_seg_OBUF[36]
    T21                  OBUF (Prop_obuf_I_O)         3.228     6.802 r  virtual_seg_OBUF[36]_inst/O
                         net (fo=0)                   0.000     6.802    virtual_seg[36]
    T21                                                               r  virtual_seg[36] (OUT)
  -------------------------------------------------------------------    -------------------

Slack:                    inf
  Source:                 student_top_inst/bridge_inst/seg_driver/count_reg[4]/C
                            (rising edge-triggered cell FDCE clocked by clk_out2_pll  {rise@0.000ns fall@2.778ns period=5.556ns})
  Destination:            virtual_seg[5]
                            (output port)
  Path Group:             (none)
  Path Type:              Max at Slow Process Corner
  Data Path Delay:        9.173ns  (logic 3.750ns (40.886%)  route 5.422ns (59.114%))
  Logic Levels:           3  (LUT3=1 LUT6=1 OBUF=1)
  Clock Uncertainty:      0.171ns  ((TSJ^2 + DJ^2)^1/2) / 2 + PE
    Total System Jitter     (TSJ):    0.050ns
    Discrete Jitter          (DJ):    0.122ns
    Phase Error              (PE):    0.105ns

    Location             Delay type                Incr(ns)  Path(ns)    Netlist Resource(s)
  -------------------------------------------------------------------    -------------------
                         (clock clk_out2_pll rise edge)
                                                      0.000     0.000 r  
    AD12                                              0.000     0.000 r  i_sys_clk_p (IN)
                         net (fo=0)                   0.000     0.000    pll_inst/inst/clk_in1_p
    AD12                 IBUFDS (Prop_ibufds_I_O)     0.906     0.906 r  pll_inst/inst/clkin1_ibufgds/O
                         net (fo=1, routed)           1.098     2.004    pll_inst/inst/clk_in1_pll
    PLLE2_ADV_X1Y1       PLLE2_ADV (Prop_plle2_adv_CLKIN1_CLKOUT1)
                                                     -8.058    -6.054 r  pll_inst/inst/plle2_adv_inst/CLKOUT1
                         net (fo=1, routed)           2.128    -3.926    pll_inst/inst/clk_out2_pll
    BUFGCTRL_X0Y0        BUFG (Prop_bufg_I_O)         0.093    -3.833 r  pll_inst/inst/clkout2_buf/O
                         net (fo=1881, routed)        1.437    -2.396    student_top_inst/bridge_inst/seg_driver/clk_out2
    SLICE_X42Y125        FDCE                                         r  student_top_inst/bridge_inst/seg_driver/count_reg[4]/C
  -------------------------------------------------------------------    -------------------
    SLICE_X42Y125        FDCE (Prop_fdce_C_Q)         0.236    -2.160 r  student_top_inst/bridge_inst/seg_driver/count_reg[4]/Q
                         net (fo=47, routed)          2.230     0.069    student_top_inst/bridge_inst/seg_driver/Q[0]
    SLICE_X54Y89         LUT3 (Prop_lut3_I1_O)        0.134     0.203 r  student_top_inst/bridge_inst/seg_driver/virtual_seg_OBUF[6]_inst_i_4/O
                         net (fo=7, routed)           0.459     0.662    student_top_inst/bridge_inst/seg_driver/virtual_seg_OBUF[6]_inst_i_4_n_0
    SLICE_X57Y89         LUT6 (Prop_lut6_I0_O)        0.138     0.800 r  student_top_inst/bridge_inst/seg_driver/virtual_seg_OBUF[5]_inst_i_1/O
                         net (fo=2, routed)           2.734     3.534    virtual_seg_OBUF[5]
    V24                  OBUF (Prop_obuf_I_O)         3.242     6.776 r  virtual_seg_OBUF[5]_inst/O
                         net (fo=0)                   0.000     6.776    virtual_seg[5]
    V24                                                               r  virtual_seg[5] (OUT)
  -------------------------------------------------------------------    -------------------





Min Delay Paths
--------------------------------------------------------------------------------------
Slack:                    inf
  Source:                 student_top_inst/bridge_inst/seg_driver/count_reg[4]/C
                            (rising edge-triggered cell FDCE clocked by clk_out2_pll  {rise@0.000ns fall@2.778ns period=5.556ns})
  Destination:            virtual_seg[18]
                            (output port)
  Path Group:             (none)
  Path Type:              Min at Fast Process Corner
  Data Path Delay:        2.227ns  (logic 1.516ns (68.079%)  route 0.711ns (31.921%))
  Logic Levels:           1  (OBUF=1)
  Clock Uncertainty:      0.171ns  ((TSJ^2 + DJ^2)^1/2) / 2 + PE
    Total System Jitter     (TSJ):    0.050ns
    Discrete Jitter          (DJ):    0.122ns
    Phase Error              (PE):    0.105ns

    Location             Delay type                Incr(ns)  Path(ns)    Netlist Resource(s)
  -------------------------------------------------------------------    -------------------
                         (clock clk_out2_pll rise edge)
                                                      0.000     0.000 r  
    AD12                                              0.000     0.000 r  i_sys_clk_p (IN)
                         net (fo=0)                   0.000     0.000    pll_inst/inst/clk_in1_p
    AD12                 IBUFDS (Prop_ibufds_I_O)     0.388     0.388 r  pll_inst/inst/clkin1_ibufgds/O
                         net (fo=1, routed)           0.503     0.891    pll_inst/inst/clk_in1_pll
    PLLE2_ADV_X1Y1       PLLE2_ADV (Prop_plle2_adv_CLKIN1_CLKOUT1)
                                                     -2.908    -2.017 r  pll_inst/inst/plle2_adv_inst/CLKOUT1
                         net (fo=1, routed)           0.958    -1.059    pll_inst/inst/clk_out2_pll
    BUFGCTRL_X0Y0        BUFG (Prop_bufg_I_O)         0.026    -1.033 r  pll_inst/inst/clkout2_buf/O
                         net (fo=1881, routed)        0.617    -0.416    student_top_inst/bridge_inst/seg_driver/clk_out2
    SLICE_X42Y125        FDCE                                         r  student_top_inst/bridge_inst/seg_driver/count_reg[4]/C
  -------------------------------------------------------------------    -------------------
    SLICE_X42Y125        FDCE (Prop_fdce_C_Q)         0.107    -0.309 r  student_top_inst/bridge_inst/seg_driver/count_reg[4]/Q
                         net (fo=47, routed)          0.711     0.402    virtual_seg_OBUF[8]
    U25                  OBUF (Prop_obuf_I_O)         1.409     1.812 r  virtual_seg_OBUF[18]_inst/O
                         net (fo=0)                   0.000     1.812    virtual_seg[18]
    U25                                                               r  virtual_seg[18] (OUT)
  -------------------------------------------------------------------    -------------------

Slack:                    inf
  Source:                 student_top_inst/bridge_inst/seg_driver/count_reg[4]/C
                            (rising edge-triggered cell FDCE clocked by clk_out2_pll  {rise@0.000ns fall@2.778ns period=5.556ns})
  Destination:            virtual_seg[38]
                            (output port)
  Path Group:             (none)
  Path Type:              Min at Fast Process Corner
  Data Path Delay:        2.272ns  (logic 1.518ns (66.818%)  route 0.754ns (33.182%))
  Logic Levels:           1  (OBUF=1)
  Clock Uncertainty:      0.171ns  ((TSJ^2 + DJ^2)^1/2) / 2 + PE
    Total System Jitter     (TSJ):    0.050ns
    Discrete Jitter          (DJ):    0.122ns
    Phase Error              (PE):    0.105ns

    Location             Delay type                Incr(ns)  Path(ns)    Netlist Resource(s)
  -------------------------------------------------------------------    -------------------
                         (clock clk_out2_pll rise edge)
                                                      0.000     0.000 r  
    AD12                                              0.000     0.000 r  i_sys_clk_p (IN)
                         net (fo=0)                   0.000     0.000    pll_inst/inst/clk_in1_p
    AD12                 IBUFDS (Prop_ibufds_I_O)     0.388     0.388 r  pll_inst/inst/clkin1_ibufgds/O
                         net (fo=1, routed)           0.503     0.891    pll_inst/inst/clk_in1_pll
    PLLE2_ADV_X1Y1       PLLE2_ADV (Prop_plle2_adv_CLKIN1_CLKOUT1)
                                                     -2.908    -2.017 r  pll_inst/inst/plle2_adv_inst/CLKOUT1
                         net (fo=1, routed)           0.958    -1.059    pll_inst/inst/clk_out2_pll
    BUFGCTRL_X0Y0        BUFG (Prop_bufg_I_O)         0.026    -1.033 r  pll_inst/inst/clkout2_buf/O
                         net (fo=1881, routed)        0.617    -0.416    student_top_inst/bridge_inst/seg_driver/clk_out2
    SLICE_X42Y125        FDCE                                         r  student_top_inst/bridge_inst/seg_driver/count_reg[4]/C
  -------------------------------------------------------------------    -------------------
    SLICE_X42Y125        FDCE (Prop_fdce_C_Q)         0.107    -0.309 r  student_top_inst/bridge_inst/seg_driver/count_reg[4]/Q
                         net (fo=47, routed)          0.754     0.445    virtual_seg_OBUF[8]
    T25                  OBUF (Prop_obuf_I_O)         1.411     1.857 r  virtual_seg_OBUF[38]_inst/O
                         net (fo=0)                   0.000     1.857    virtual_seg[38]
    T25                                                               r  virtual_seg[38] (OUT)
  -------------------------------------------------------------------    -------------------

Slack:                    inf
  Source:                 student_top_inst/bridge_inst/seg_driver/count_reg[4]/C
                            (rising edge-triggered cell FDCE clocked by clk_out2_pll  {rise@0.000ns fall@2.778ns period=5.556ns})
  Destination:            virtual_seg[8]
                            (output port)
  Path Group:             (none)
  Path Type:              Min at Fast Process Corner
  Data Path Delay:        2.353ns  (logic 1.501ns (63.801%)  route 0.852ns (36.199%))
  Logic Levels:           1  (OBUF=1)
  Clock Uncertainty:      0.171ns  ((TSJ^2 + DJ^2)^1/2) / 2 + PE
    Total System Jitter     (TSJ):    0.050ns
    Discrete Jitter          (DJ):    0.122ns
    Phase Error              (PE):    0.105ns

    Location             Delay type                Incr(ns)  Path(ns)    Netlist Resource(s)
  -------------------------------------------------------------------    -------------------
                         (clock clk_out2_pll rise edge)
                                                      0.000     0.000 r  
    AD12                                              0.000     0.000 r  i_sys_clk_p (IN)
                         net (fo=0)                   0.000     0.000    pll_inst/inst/clk_in1_p
    AD12                 IBUFDS (Prop_ibufds_I_O)     0.388     0.388 r  pll_inst/inst/clkin1_ibufgds/O
                         net (fo=1, routed)           0.503     0.891    pll_inst/inst/clk_in1_pll
    PLLE2_ADV_X1Y1       PLLE2_ADV (Prop_plle2_adv_CLKIN1_CLKOUT1)
                                                     -2.908    -2.017 r  pll_inst/inst/plle2_adv_inst/CLKOUT1
                         net (fo=1, routed)           0.958    -1.059    pll_inst/inst/clk_out2_pll
    BUFGCTRL_X0Y0        BUFG (Prop_bufg_I_O)         0.026    -1.033 r  pll_inst/inst/clkout2_buf/O
                         net (fo=1881, routed)        0.617    -0.416    student_top_inst/bridge_inst/seg_driver/clk_out2
    SLICE_X42Y125        FDCE                                         r  student_top_inst/bridge_inst/seg_driver/count_reg[4]/C
  -------------------------------------------------------------------    -------------------
    SLICE_X42Y125        FDCE (Prop_fdce_C_Q)         0.107    -0.309 r  student_top_inst/bridge_inst/seg_driver/count_reg[4]/Q
                         net (fo=47, routed)          0.852     0.543    virtual_seg_OBUF[8]
    U22                  OBUF (Prop_obuf_I_O)         1.394     1.938 r  virtual_seg_OBUF[8]_inst/O
                         net (fo=0)                   0.000     1.938    virtual_seg[8]
    U22                                                               r  virtual_seg[8] (OUT)
  -------------------------------------------------------------------    -------------------

Slack:                    inf
  Source:                 student_top_inst/bridge_inst/LED_reg[26]_lopt_replica/C
                            (rising edge-triggered cell FDRE clocked by clk_out2_pll  {rise@0.000ns fall@2.778ns period=5.556ns})
  Destination:            virtual_led[26]
                            (output port)
  Path Group:             (none)
  Path Type:              Min at Fast Process Corner
  Data Path Delay:        2.391ns  (logic 1.450ns (60.639%)  route 0.941ns (39.361%))
  Logic Levels:           1  (OBUF=1)
  Clock Uncertainty:      0.171ns  ((TSJ^2 + DJ^2)^1/2) / 2 + PE
    Total System Jitter     (TSJ):    0.050ns
    Discrete Jitter          (DJ):    0.122ns
    Phase Error              (PE):    0.105ns

    Location             Delay type                Incr(ns)  Path(ns)    Netlist Resource(s)
  -------------------------------------------------------------------    -------------------
                         (clock clk_out2_pll rise edge)
                                                      0.000     0.000 r  
    AD12                                              0.000     0.000 r  i_sys_clk_p (IN)
                         net (fo=0)                   0.000     0.000    pll_inst/inst/clk_in1_p
    AD12                 IBUFDS (Prop_ibufds_I_O)     0.388     0.388 r  pll_inst/inst/clkin1_ibufgds/O
                         net (fo=1, routed)           0.503     0.891    pll_inst/inst/clk_in1_pll
    PLLE2_ADV_X1Y1       PLLE2_ADV (Prop_plle2_adv_CLKIN1_CLKOUT1)
                                                     -2.908    -2.017 r  pll_inst/inst/plle2_adv_inst/CLKOUT1
                         net (fo=1, routed)           0.958    -1.059    pll_inst/inst/clk_out2_pll
    BUFGCTRL_X0Y0        BUFG (Prop_bufg_I_O)         0.026    -1.033 r  pll_inst/inst/clkout2_buf/O
                         net (fo=1881, routed)        0.685    -0.348    student_top_inst/bridge_inst/clk_out2
    SLICE_X35Y89         FDRE                                         r  student_top_inst/bridge_inst/LED_reg[26]_lopt_replica/C
  -------------------------------------------------------------------    -------------------
    SLICE_X35Y89         FDRE (Prop_fdre_C_Q)         0.100    -0.248 r  student_top_inst/bridge_inst/LED_reg[26]_lopt_replica/Q
                         net (fo=1, routed)           0.941     0.694    lopt_18
    W23                  OBUF (Prop_obuf_I_O)         1.350     2.044 r  virtual_led_OBUF[26]_inst/O
                         net (fo=0)                   0.000     2.044    virtual_led[26]
    W23                                                               r  virtual_led[26] (OUT)
  -------------------------------------------------------------------    -------------------

Slack:                    inf
  Source:                 student_top_inst/bridge_inst/LED_reg[19]_lopt_replica/C
                            (rising edge-triggered cell FDRE clocked by clk_out2_pll  {rise@0.000ns fall@2.778ns period=5.556ns})
  Destination:            virtual_led[19]
                            (output port)
  Path Group:             (none)
  Path Type:              Min at Fast Process Corner
  Data Path Delay:        2.566ns  (logic 1.071ns (41.723%)  route 1.495ns (58.277%))
  Logic Levels:           1  (OBUF=1)
  Clock Uncertainty:      0.171ns  ((TSJ^2 + DJ^2)^1/2) / 2 + PE
    Total System Jitter     (TSJ):    0.050ns
    Discrete Jitter          (DJ):    0.122ns
    Phase Error              (PE):    0.105ns

    Location             Delay type                Incr(ns)  Path(ns)    Netlist Resource(s)
  -------------------------------------------------------------------    -------------------
                         (clock clk_out2_pll rise edge)
                                                      0.000     0.000 r  
    AD12                                              0.000     0.000 r  i_sys_clk_p (IN)
                         net (fo=0)                   0.000     0.000    pll_inst/inst/clk_in1_p
    AD12                 IBUFDS (Prop_ibufds_I_O)     0.388     0.388 r  pll_inst/inst/clkin1_ibufgds/O
                         net (fo=1, routed)           0.503     0.891    pll_inst/inst/clk_in1_pll
    PLLE2_ADV_X1Y1       PLLE2_ADV (Prop_plle2_adv_CLKIN1_CLKOUT1)
                                                     -2.908    -2.017 r  pll_inst/inst/plle2_adv_inst/CLKOUT1
                         net (fo=1, routed)           0.958    -1.059    pll_inst/inst/clk_out2_pll
    BUFGCTRL_X0Y0        BUFG (Prop_bufg_I_O)         0.026    -1.033 r  pll_inst/inst/clkout2_buf/O
                         net (fo=1881, routed)        0.688    -0.345    student_top_inst/bridge_inst/clk_out2
    SLICE_X29Y93         FDRE                                         r  student_top_inst/bridge_inst/LED_reg[19]_lopt_replica/C
  -------------------------------------------------------------------    -------------------
    SLICE_X29Y93         FDRE (Prop_fdre_C_Q)         0.100    -0.245 r  student_top_inst/bridge_inst/LED_reg[19]_lopt_replica/Q
                         net (fo=1, routed)           1.495     1.251    lopt_10
    B28                  OBUF (Prop_obuf_I_O)         0.971     2.221 r  virtual_led_OBUF[19]_inst/O
                         net (fo=0)                   0.000     2.221    virtual_led[19]
    B28                                                               r  virtual_led[19] (OUT)
  -------------------------------------------------------------------    -------------------

Slack:                    inf
  Source:                 student_top_inst/bridge_inst/LED_reg[18]_lopt_replica/C
                            (rising edge-triggered cell FDRE clocked by clk_out2_pll  {rise@0.000ns fall@2.778ns period=5.556ns})
  Destination:            virtual_led[18]
                            (output port)
  Path Group:             (none)
  Path Type:              Min at Fast Process Corner
  Data Path Delay:        2.598ns  (logic 1.075ns (41.373%)  route 1.523ns (58.627%))
  Logic Levels:           1  (OBUF=1)
  Clock Uncertainty:      0.171ns  ((TSJ^2 + DJ^2)^1/2) / 2 + PE
    Total System Jitter     (TSJ):    0.050ns
    Discrete Jitter          (DJ):    0.122ns
    Phase Error              (PE):    0.105ns

    Location             Delay type                Incr(ns)  Path(ns)    Netlist Resource(s)
  -------------------------------------------------------------------    -------------------
                         (clock clk_out2_pll rise edge)
                                                      0.000     0.000 r  
    AD12                                              0.000     0.000 r  i_sys_clk_p (IN)
                         net (fo=0)                   0.000     0.000    pll_inst/inst/clk_in1_p
    AD12                 IBUFDS (Prop_ibufds_I_O)     0.388     0.388 r  pll_inst/inst/clkin1_ibufgds/O
                         net (fo=1, routed)           0.503     0.891    pll_inst/inst/clk_in1_pll
    PLLE2_ADV_X1Y1       PLLE2_ADV (Prop_plle2_adv_CLKIN1_CLKOUT1)
                                                     -2.908    -2.017 r  pll_inst/inst/plle2_adv_inst/CLKOUT1
                         net (fo=1, routed)           0.958    -1.059    pll_inst/inst/clk_out2_pll
    BUFGCTRL_X0Y0        BUFG (Prop_bufg_I_O)         0.026    -1.033 r  pll_inst/inst/clkout2_buf/O
                         net (fo=1881, routed)        0.688    -0.345    student_top_inst/bridge_inst/clk_out2
    SLICE_X29Y93         FDRE                                         r  student_top_inst/bridge_inst/LED_reg[18]_lopt_replica/C
  -------------------------------------------------------------------    -------------------
    SLICE_X29Y93         FDRE (Prop_fdre_C_Q)         0.100    -0.245 r  student_top_inst/bridge_inst/LED_reg[18]_lopt_replica/Q
                         net (fo=1, routed)           1.523     1.278    lopt_9
    A28                  OBUF (Prop_obuf_I_O)         0.975     2.253 r  virtual_led_OBUF[18]_inst/O
                         net (fo=0)                   0.000     2.253    virtual_led[18]
    A28                                                               r  virtual_led[18] (OUT)
  -------------------------------------------------------------------    -------------------

Slack:                    inf
  Source:                 student_top_inst/bridge_inst/LED_reg[9]_lopt_replica/C
                            (rising edge-triggered cell FDRE clocked by clk_out2_pll  {rise@0.000ns fall@2.778ns period=5.556ns})
  Destination:            virtual_led[9]
                            (output port)
  Path Group:             (none)
  Path Type:              Min at Fast Process Corner
  Data Path Delay:        2.605ns  (logic 1.038ns (39.833%)  route 1.567ns (60.167%))
  Logic Levels:           1  (OBUF=1)
  Clock Uncertainty:      0.171ns  ((TSJ^2 + DJ^2)^1/2) / 2 + PE
    Total System Jitter     (TSJ):    0.050ns
    Discrete Jitter          (DJ):    0.122ns
    Phase Error              (PE):    0.105ns

    Location             Delay type                Incr(ns)  Path(ns)    Netlist Resource(s)
  -------------------------------------------------------------------    -------------------
                         (clock clk_out2_pll rise edge)
                                                      0.000     0.000 r  
    AD12                                              0.000     0.000 r  i_sys_clk_p (IN)
                         net (fo=0)                   0.000     0.000    pll_inst/inst/clk_in1_p
    AD12                 IBUFDS (Prop_ibufds_I_O)     0.388     0.388 r  pll_inst/inst/clkin1_ibufgds/O
                         net (fo=1, routed)           0.503     0.891    pll_inst/inst/clk_in1_pll
    PLLE2_ADV_X1Y1       PLLE2_ADV (Prop_plle2_adv_CLKIN1_CLKOUT1)
                                                     -2.908    -2.017 r  pll_inst/inst/plle2_adv_inst/CLKOUT1
                         net (fo=1, routed)           0.958    -1.059    pll_inst/inst/clk_out2_pll
    BUFGCTRL_X0Y0        BUFG (Prop_bufg_I_O)         0.026    -1.033 r  pll_inst/inst/clkout2_buf/O
                         net (fo=1881, routed)        0.685    -0.348    student_top_inst/bridge_inst/clk_out2
    SLICE_X34Y89         FDRE                                         r  student_top_inst/bridge_inst/LED_reg[9]_lopt_replica/C
  -------------------------------------------------------------------    -------------------
    SLICE_X34Y89         FDRE (Prop_fdre_C_Q)         0.100    -0.248 r  student_top_inst/bridge_inst/LED_reg[9]_lopt_replica/Q
                         net (fo=1, routed)           1.567     1.320    lopt_31
    H26                  OBUF (Prop_obuf_I_O)         0.938     2.258 r  virtual_led_OBUF[9]_inst/O
                         net (fo=0)                   0.000     2.258    virtual_led[9]
    H26                                                               r  virtual_led[9] (OUT)
  -------------------------------------------------------------------    -------------------

Slack:                    inf
  Source:                 student_top_inst/bridge_inst/LED_reg[23]_lopt_replica/C
                            (rising edge-triggered cell FDRE clocked by clk_out2_pll  {rise@0.000ns fall@2.778ns period=5.556ns})
  Destination:            virtual_led[23]
                            (output port)
  Path Group:             (none)
  Path Type:              Min at Fast Process Corner
  Data Path Delay:        2.664ns  (logic 1.067ns (40.055%)  route 1.597ns (59.945%))
  Logic Levels:           1  (OBUF=1)
  Clock Uncertainty:      0.171ns  ((TSJ^2 + DJ^2)^1/2) / 2 + PE
    Total System Jitter     (TSJ):    0.050ns
    Discrete Jitter          (DJ):    0.122ns
    Phase Error              (PE):    0.105ns

    Location             Delay type                Incr(ns)  Path(ns)    Netlist Resource(s)
  -------------------------------------------------------------------    -------------------
                         (clock clk_out2_pll rise edge)
                                                      0.000     0.000 r  
    AD12                                              0.000     0.000 r  i_sys_clk_p (IN)
                         net (fo=0)                   0.000     0.000    pll_inst/inst/clk_in1_p
    AD12                 IBUFDS (Prop_ibufds_I_O)     0.388     0.388 r  pll_inst/inst/clkin1_ibufgds/O
                         net (fo=1, routed)           0.503     0.891    pll_inst/inst/clk_in1_pll
    PLLE2_ADV_X1Y1       PLLE2_ADV (Prop_plle2_adv_CLKIN1_CLKOUT1)
                                                     -2.908    -2.017 r  pll_inst/inst/plle2_adv_inst/CLKOUT1
                         net (fo=1, routed)           0.958    -1.059    pll_inst/inst/clk_out2_pll
    BUFGCTRL_X0Y0        BUFG (Prop_bufg_I_O)         0.026    -1.033 r  pll_inst/inst/clkout2_buf/O
                         net (fo=1881, routed)        0.688    -0.345    student_top_inst/bridge_inst/clk_out2
    SLICE_X28Y93         FDRE                                         r  student_top_inst/bridge_inst/LED_reg[23]_lopt_replica/C
  -------------------------------------------------------------------    -------------------
    SLICE_X28Y93         FDRE (Prop_fdre_C_Q)         0.100    -0.245 r  student_top_inst/bridge_inst/LED_reg[23]_lopt_replica/Q
                         net (fo=1, routed)           1.597     1.352    lopt_15
    A25                  OBUF (Prop_obuf_I_O)         0.967     2.319 r  virtual_led_OBUF[23]_inst/O
                         net (fo=0)                   0.000     2.319    virtual_led[23]
    A25                                                               r  virtual_led[23] (OUT)
  -------------------------------------------------------------------    -------------------

Slack:                    inf
  Source:                 student_top_inst/bridge_inst/LED_reg[25]_lopt_replica/C
                            (rising edge-triggered cell FDRE clocked by clk_out2_pll  {rise@0.000ns fall@2.778ns period=5.556ns})
  Destination:            virtual_led[25]
                            (output port)
  Path Group:             (none)
  Path Type:              Min at Fast Process Corner
  Data Path Delay:        2.668ns  (logic 1.017ns (38.113%)  route 1.651ns (61.887%))
  Logic Levels:           1  (OBUF=1)
  Clock Uncertainty:      0.171ns  ((TSJ^2 + DJ^2)^1/2) / 2 + PE
    Total System Jitter     (TSJ):    0.050ns
    Discrete Jitter          (DJ):    0.122ns
    Phase Error              (PE):    0.105ns

    Location             Delay type                Incr(ns)  Path(ns)    Netlist Resource(s)
  -------------------------------------------------------------------    -------------------
                         (clock clk_out2_pll rise edge)
                                                      0.000     0.000 r  
    AD12                                              0.000     0.000 r  i_sys_clk_p (IN)
                         net (fo=0)                   0.000     0.000    pll_inst/inst/clk_in1_p
    AD12                 IBUFDS (Prop_ibufds_I_O)     0.388     0.388 r  pll_inst/inst/clkin1_ibufgds/O
                         net (fo=1, routed)           0.503     0.891    pll_inst/inst/clk_in1_pll
    PLLE2_ADV_X1Y1       PLLE2_ADV (Prop_plle2_adv_CLKIN1_CLKOUT1)
                                                     -2.908    -2.017 r  pll_inst/inst/plle2_adv_inst/CLKOUT1
                         net (fo=1, routed)           0.958    -1.059    pll_inst/inst/clk_out2_pll
    BUFGCTRL_X0Y0        BUFG (Prop_bufg_I_O)         0.026    -1.033 r  pll_inst/inst/clkout2_buf/O
                         net (fo=1881, routed)        0.685    -0.348    student_top_inst/bridge_inst/clk_out2
    SLICE_X34Y89         FDRE                                         r  student_top_inst/bridge_inst/LED_reg[25]_lopt_replica/C
  -------------------------------------------------------------------    -------------------
    SLICE_X34Y89         FDRE (Prop_fdre_C_Q)         0.100    -0.248 r  student_top_inst/bridge_inst/LED_reg[25]_lopt_replica/Q
                         net (fo=1, routed)           1.651     1.404    lopt_17
    F26                  OBUF (Prop_obuf_I_O)         0.917     2.321 r  virtual_led_OBUF[25]_inst/O
                         net (fo=0)                   0.000     2.321    virtual_led[25]
    F26                                                               r  virtual_led[25] (OUT)
  -------------------------------------------------------------------    -------------------

Slack:                    inf
  Source:                 student_top_inst/bridge_inst/LED_reg[24]_lopt_replica/C
                            (rising edge-triggered cell FDRE clocked by clk_out2_pll  {rise@0.000ns fall@2.778ns period=5.556ns})
  Destination:            virtual_led[24]
                            (output port)
  Path Group:             (none)
  Path Type:              Min at Fast Process Corner
  Data Path Delay:        2.685ns  (logic 1.500ns (55.865%)  route 1.185ns (44.135%))
  Logic Levels:           1  (OBUF=1)
  Clock Uncertainty:      0.171ns  ((TSJ^2 + DJ^2)^1/2) / 2 + PE
    Total System Jitter     (TSJ):    0.050ns
    Discrete Jitter          (DJ):    0.122ns
    Phase Error              (PE):    0.105ns

    Location             Delay type                Incr(ns)  Path(ns)    Netlist Resource(s)
  -------------------------------------------------------------------    -------------------
                         (clock clk_out2_pll rise edge)
                                                      0.000     0.000 r  
    AD12                                              0.000     0.000 r  i_sys_clk_p (IN)
                         net (fo=0)                   0.000     0.000    pll_inst/inst/clk_in1_p
    AD12                 IBUFDS (Prop_ibufds_I_O)     0.388     0.388 r  pll_inst/inst/clkin1_ibufgds/O
                         net (fo=1, routed)           0.503     0.891    pll_inst/inst/clk_in1_pll
    PLLE2_ADV_X1Y1       PLLE2_ADV (Prop_plle2_adv_CLKIN1_CLKOUT1)
                                                     -2.908    -2.017 r  pll_inst/inst/plle2_adv_inst/CLKOUT1
                         net (fo=1, routed)           0.958    -1.059    pll_inst/inst/clk_out2_pll
    BUFGCTRL_X0Y0        BUFG (Prop_bufg_I_O)         0.026    -1.033 r  pll_inst/inst/clkout2_buf/O
                         net (fo=1881, routed)        0.685    -0.348    student_top_inst/bridge_inst/clk_out2
    SLICE_X34Y88         FDRE                                         r  student_top_inst/bridge_inst/LED_reg[24]_lopt_replica/C
  -------------------------------------------------------------------    -------------------
    SLICE_X34Y88         FDRE (Prop_fdre_C_Q)         0.100    -0.248 r  student_top_inst/bridge_inst/LED_reg[24]_lopt_replica/Q
                         net (fo=1, routed)           1.185     0.937    lopt_16
    T28                  OBUF (Prop_obuf_I_O)         1.400     2.337 r  virtual_led_OBUF[24]_inst/O
                         net (fo=0)                   0.000     2.337    virtual_led[24]
    T28                                                               r  virtual_led[24] (OUT)
  -------------------------------------------------------------------    -------------------





--------------------------------------------------------------------------------------
Path Group:  (none)
From Clock:  clkfbout_pll
  To Clock:  

Max Delay             1 Endpoint
Min Delay             1 Endpoint
--------------------------------------------------------------------------------------


Max Delay Paths
--------------------------------------------------------------------------------------
Slack:                    inf
  Source:                 pll_inst/inst/plle2_adv_inst/CLKFBOUT
                            (clock source 'clkfbout_pll'  {rise@0.000ns fall@5.000ns period=10.000ns})
  Destination:            pll_inst/inst/plle2_adv_inst/CLKFBIN
  Path Group:             (none)
  Path Type:              Max at Fast Process Corner
  Data Path Delay:        2.022ns  (logic 0.030ns (1.484%)  route 1.992ns (98.516%))
  Logic Levels:           1  (BUFG=1)
  Clock Uncertainty:      0.157ns  ((TSJ^2 + DJ^2)^1/2) / 2 + PE
    Total System Jitter     (TSJ):    0.050ns
    Discrete Jitter          (DJ):    0.090ns
    Phase Error              (PE):    0.105ns

    Location             Delay type                Incr(ns)  Path(ns)    Netlist Resource(s)
  -------------------------------------------------------------------    -------------------
                         (clock clkfbout_pll fall edge)
                                                      5.000     5.000 f  
    AD12                                              0.000     5.000 f  i_sys_clk_p (IN)
                         net (fo=0)                   0.000     5.000    pll_inst/inst/clk_in1_p
    AD12                 IBUFDS (Prop_ibufds_I_O)     0.470     5.470 f  pll_inst/inst/clkin1_ibufgds/O
                         net (fo=1, routed)           0.554     6.024    pll_inst/inst/clk_in1_pll
  -------------------------------------------------------------------    -------------------
    PLLE2_ADV_X1Y1       PLLE2_ADV (Prop_plle2_adv_CLKIN1_CLKFBOUT)
                                                     -3.524     2.500 f  pll_inst/inst/plle2_adv_inst/CLKFBOUT
                         net (fo=1, routed)           1.027     3.527    pll_inst/inst/clkfbout_pll
    BUFGCTRL_X0Y2        BUFG (Prop_bufg_I_O)         0.030     3.557 f  pll_inst/inst/clkf_buf/O
                         net (fo=1, routed)           0.965     4.522    pll_inst/inst/clkfbout_buf_pll
    PLLE2_ADV_X1Y1       PLLE2_ADV                                    f  pll_inst/inst/plle2_adv_inst/CLKFBIN
  -------------------------------------------------------------------    -------------------





Min Delay Paths
--------------------------------------------------------------------------------------
Slack:                    inf
  Source:                 pll_inst/inst/plle2_adv_inst/CLKFBOUT
                            (clock source 'clkfbout_pll'  {rise@0.000ns fall@5.000ns period=10.000ns})
  Destination:            pll_inst/inst/plle2_adv_inst/CLKFBIN
  Path Group:             (none)
  Path Type:              Min at Slow Process Corner
  Data Path Delay:        3.712ns  (logic 0.083ns (2.236%)  route 3.629ns (97.764%))
  Logic Levels:           1  (BUFG=1)
  Clock Uncertainty:      0.157ns  ((TSJ^2 + DJ^2)^1/2) / 2 + PE
    Total System Jitter     (TSJ):    0.050ns
    Discrete Jitter          (DJ):    0.090ns
    Phase Error              (PE):    0.105ns

    Location             Delay type                Incr(ns)  Path(ns)    Netlist Resource(s)
  -------------------------------------------------------------------    -------------------
                         (clock clkfbout_pll rise edge)
                                                      0.000     0.000 r  
    AD12                                              0.000     0.000 r  i_sys_clk_p (IN)
                         net (fo=0)                   0.000     0.000    pll_inst/inst/clk_in1_p
    AD12                 IBUFDS (Prop_ibufds_I_O)     0.803     0.803 r  pll_inst/inst/clkin1_ibufgds/O
                         net (fo=1, routed)           1.001     1.804    pll_inst/inst/clk_in1_pll
  -------------------------------------------------------------------    -------------------
    PLLE2_ADV_X1Y1       PLLE2_ADV (Prop_plle2_adv_CLKIN1_CLKFBOUT)
                                                     -7.261    -5.457 r  pll_inst/inst/plle2_adv_inst/CLKFBOUT
                         net (fo=1, routed)           2.003    -3.454    pll_inst/inst/clkfbout_pll
    BUFGCTRL_X0Y2        BUFG (Prop_bufg_I_O)         0.083    -3.371 r  pll_inst/inst/clkf_buf/O
                         net (fo=1, routed)           1.626    -1.745    pll_inst/inst/clkfbout_buf_pll
    PLLE2_ADV_X1Y1       PLLE2_ADV                                    r  pll_inst/inst/plle2_adv_inst/CLKFBIN
  -------------------------------------------------------------------    -------------------





--------------------------------------------------------------------------------------
Path Group:  (none)
From Clock:  
  To Clock:  clk_out1_pll

Max Delay             1 Endpoint
Min Delay             1 Endpoint
--------------------------------------------------------------------------------------


Max Delay Paths
--------------------------------------------------------------------------------------
Slack:                    inf
  Source:                 i_uart_rx
                            (input port)
  Destination:            uart_inst/rx_d0_reg/D
                            (rising edge-triggered cell FDPE clocked by clk_out1_pll  {rise@0.000ns fall@10.000ns period=20.000ns})
  Path Group:             (none)
  Path Type:              Setup (Max at Slow Process Corner)
  Data Path Delay:        5.205ns  (logic 1.027ns (19.725%)  route 4.178ns (80.275%))
  Logic Levels:           1  (IBUF=1)
  Clock Path Skew:        -2.062ns (DCD - SCD + CPR)
    Destination Clock Delay (DCD):    -2.062ns
    Source Clock Delay      (SCD):    0.000ns
    Clock Pessimism Removal (CPR):    0.000ns
  Clock Uncertainty:      0.188ns  ((TSJ^2 + DJ^2)^1/2) / 2 + PE
    Total System Jitter     (TSJ):    0.050ns
    Discrete Jitter          (DJ):    0.157ns
    Phase Error              (PE):    0.105ns

    Location             Delay type                Incr(ns)  Path(ns)    Netlist Resource(s)
  -------------------------------------------------------------------    -------------------
    D23                                               0.000     0.000 r  i_uart_rx (IN)
                         net (fo=0)                   0.000     0.000    i_uart_rx
    D23                  IBUF (Prop_ibuf_I_O)         1.027     1.027 r  i_uart_rx_IBUF_inst/O
                         net (fo=1, routed)           4.178     5.205    uart_inst/i_uart_rx_IBUF
    SLICE_X44Y122        FDPE                                         r  uart_inst/rx_d0_reg/D
  -------------------------------------------------------------------    -------------------

                         (clock clk_out1_pll rise edge)
                                                      0.000     0.000 r  
    AD12                                              0.000     0.000 r  i_sys_clk_p (IN)
                         net (fo=0)                   0.000     0.000    pll_inst/inst/clk_in1_p
    AD12                 IBUFDS (Prop_ibufds_I_O)     0.803     0.803 r  pll_inst/inst/clkin1_ibufgds/O
                         net (fo=1, routed)           1.001     1.804    pll_inst/inst/clk_in1_pll
    PLLE2_ADV_X1Y1       PLLE2_ADV (Prop_plle2_adv_CLKIN1_CLKOUT0)
                                                     -7.261    -5.457 r  pll_inst/inst/plle2_adv_inst/CLKOUT0
                         net (fo=1, routed)           2.003    -3.454    pll_inst/inst/clk_out1_pll
    BUFGCTRL_X0Y1        BUFG (Prop_bufg_I_O)         0.083    -3.371 r  pll_inst/inst/clkout1_buf/O
                         net (fo=353, routed)         1.309    -2.062    uart_inst/clk_out1
    SLICE_X44Y122        FDPE                                         r  uart_inst/rx_d0_reg/C





Min Delay Paths
--------------------------------------------------------------------------------------
Slack:                    inf
  Source:                 i_uart_rx
                            (input port)
  Destination:            uart_inst/rx_d0_reg/D
                            (rising edge-triggered cell FDPE clocked by clk_out1_pll  {rise@0.000ns fall@10.000ns period=20.000ns})
  Path Group:             (none)
  Path Type:              Hold (Min at Fast Process Corner)
  Data Path Delay:        2.480ns  (logic 0.186ns (7.519%)  route 2.293ns (92.481%))
  Logic Levels:           1  (IBUF=1)
  Clock Path Skew:        -0.607ns (DCD - SCD - CPR)
    Destination Clock Delay (DCD):    -0.607ns
    Source Clock Delay      (SCD):    0.000ns
    Clock Pessimism Removal (CPR):    -0.000ns

    Location             Delay type                Incr(ns)  Path(ns)    Netlist Resource(s)
  -------------------------------------------------------------------    -------------------
    D23                                               0.000     0.000 r  i_uart_rx (IN)
                         net (fo=0)                   0.000     0.000    i_uart_rx
    D23                  IBUF (Prop_ibuf_I_O)         0.186     0.186 r  i_uart_rx_IBUF_inst/O
                         net (fo=1, routed)           2.293     2.480    uart_inst/i_uart_rx_IBUF
    SLICE_X44Y122        FDPE                                         r  uart_inst/rx_d0_reg/D
  -------------------------------------------------------------------    -------------------

                         (clock clk_out1_pll rise edge)
                                                      0.000     0.000 r  
    AD12                                              0.000     0.000 r  i_sys_clk_p (IN)
                         net (fo=0)                   0.000     0.000    pll_inst/inst/clk_in1_p
    AD12                 IBUFDS (Prop_ibufds_I_O)     0.470     0.470 r  pll_inst/inst/clkin1_ibufgds/O
                         net (fo=1, routed)           0.554     1.024    pll_inst/inst/clk_in1_pll
    PLLE2_ADV_X1Y1       PLLE2_ADV (Prop_plle2_adv_CLKIN1_CLKOUT0)
                                                     -3.524    -2.500 r  pll_inst/inst/plle2_adv_inst/CLKOUT0
                         net (fo=1, routed)           1.027    -1.473    pll_inst/inst/clk_out1_pll
    BUFGCTRL_X0Y1        BUFG (Prop_bufg_I_O)         0.030    -1.443 r  pll_inst/inst/clkout1_buf/O
                         net (fo=353, routed)         0.836    -0.607    uart_inst/clk_out1
    SLICE_X44Y122        FDPE                                         r  uart_inst/rx_d0_reg/C





