
smoke8.elf：     文件格式 elf32-littleriscv


Disassembly of section .text:

80000000 <_reset>:
80000000:	0180006f          	j	80000018 <_start>
80000004:	00000013          	nop
80000008:	00000013          	nop
8000000c:	00000013          	nop
80000010:	00000013          	nop

80000014 <loop_halt>:
80000014:	0000006f          	j	80000014 <loop_halt>

80000018 <_start>:
80000018:	8013f137          	lui	sp,0x8013f
8000001c:	00002097          	auipc	ra,0x2
80000020:	ec4080e7          	jalr	-316(ra) # 80001ee0 <main>
80000024:	00050f93          	mv	t6,a0
80000028:	fedff06f          	j	80000014 <loop_halt>

8000002c <trap_handler>:
8000002c:	80119eb7          	lui	t4,0x80119
80000030:	342022f3          	csrr	t0,mcause
80000034:	045ea023          	sw	t0,64(t4) # 80119040 <counter+0x116e00>
80000038:	34102373          	csrr	t1,mepc
8000003c:	046ea223          	sw	t1,68(t4)
80000040:	00430393          	addi	t2,t1,4
80000044:	047ea423          	sw	t2,72(t4)
80000048:	04ceae03          	lw	t3,76(t4)
8000004c:	001e0e13          	addi	t3,t3,1
80000050:	05cea623          	sw	t3,76(t4)
80000054:	34139073          	csrw	mepc,t2
80000058:	30200073          	mret

8000005c <memcpy>:
8000005c:	fd010113          	addi	sp,sp,-48 # 8013efd0 <counter+0x13cd90>
80000060:	02812623          	sw	s0,44(sp)
80000064:	03010413          	addi	s0,sp,48
80000068:	fca42e23          	sw	a0,-36(s0)
8000006c:	fcb42c23          	sw	a1,-40(s0)
80000070:	fcc42a23          	sw	a2,-44(s0)
80000074:	fdc42783          	lw	a5,-36(s0)
80000078:	fef42423          	sw	a5,-24(s0)
8000007c:	fd842783          	lw	a5,-40(s0)
80000080:	fef42223          	sw	a5,-28(s0)
80000084:	fe042623          	sw	zero,-20(s0)
80000088:	0300006f          	j	800000b8 <memcpy+0x5c>
8000008c:	fe442703          	lw	a4,-28(s0)
80000090:	fec42783          	lw	a5,-20(s0)
80000094:	00f70733          	add	a4,a4,a5
80000098:	fe842683          	lw	a3,-24(s0)
8000009c:	fec42783          	lw	a5,-20(s0)
800000a0:	00f687b3          	add	a5,a3,a5
800000a4:	00074703          	lbu	a4,0(a4)
800000a8:	00e78023          	sb	a4,0(a5)
800000ac:	fec42783          	lw	a5,-20(s0)
800000b0:	00178793          	addi	a5,a5,1
800000b4:	fef42623          	sw	a5,-20(s0)
800000b8:	fec42703          	lw	a4,-20(s0)
800000bc:	fd442783          	lw	a5,-44(s0)
800000c0:	fcf766e3          	bltu	a4,a5,8000008c <memcpy+0x30>
800000c4:	fdc42783          	lw	a5,-36(s0)
800000c8:	00078513          	mv	a0,a5
800000cc:	02c12403          	lw	s0,44(sp)
800000d0:	03010113          	addi	sp,sp,48
800000d4:	00008067          	ret

800000d8 <write_csr_mtvec>:
800000d8:	fe010113          	addi	sp,sp,-32
800000dc:	00812e23          	sw	s0,28(sp)
800000e0:	02010413          	addi	s0,sp,32
800000e4:	fea42623          	sw	a0,-20(s0)
800000e8:	fec42783          	lw	a5,-20(s0)
800000ec:	30579073          	csrw	mtvec,a5
800000f0:	00000013          	nop
800000f4:	01c12403          	lw	s0,28(sp)
800000f8:	02010113          	addi	sp,sp,32
800000fc:	00008067          	ret

80000100 <read_csr_mtvec>:
80000100:	fe010113          	addi	sp,sp,-32
80000104:	00812e23          	sw	s0,28(sp)
80000108:	02010413          	addi	s0,sp,32
8000010c:	305027f3          	csrr	a5,mtvec
80000110:	fef42623          	sw	a5,-20(s0)
80000114:	fec42783          	lw	a5,-20(s0)
80000118:	00078513          	mv	a0,a5
8000011c:	01c12403          	lw	s0,28(sp)
80000120:	02010113          	addi	sp,sp,32
80000124:	00008067          	ret

80000128 <read_csr_mcause>:
80000128:	fe010113          	addi	sp,sp,-32
8000012c:	00812e23          	sw	s0,28(sp)
80000130:	02010413          	addi	s0,sp,32
80000134:	342027f3          	csrr	a5,mcause
80000138:	fef42623          	sw	a5,-20(s0)
8000013c:	fec42783          	lw	a5,-20(s0)
80000140:	00078513          	mv	a0,a5
80000144:	01c12403          	lw	s0,28(sp)
80000148:	02010113          	addi	sp,sp,32
8000014c:	00008067          	ret

80000150 <read_csr_mepc>:
80000150:	fe010113          	addi	sp,sp,-32
80000154:	00812e23          	sw	s0,28(sp)
80000158:	02010413          	addi	s0,sp,32
8000015c:	341027f3          	csrr	a5,mepc
80000160:	fef42623          	sw	a5,-20(s0)
80000164:	fec42783          	lw	a5,-20(s0)
80000168:	00078513          	mv	a0,a5
8000016c:	01c12403          	lw	s0,28(sp)
80000170:	02010113          	addi	sp,sp,32
80000174:	00008067          	ret

80000178 <do_ecall>:
80000178:	ff010113          	addi	sp,sp,-16
8000017c:	00812623          	sw	s0,12(sp)
80000180:	01010413          	addi	s0,sp,16
80000184:	00000073          	ecall
80000188:	00000013          	nop
8000018c:	00c12403          	lw	s0,12(sp)
80000190:	01010113          	addi	sp,sp,16
80000194:	00008067          	ret

80000198 <clear_summary>:
80000198:	fe010113          	addi	sp,sp,-32
8000019c:	00812e23          	sw	s0,28(sp)
800001a0:	02010413          	addi	s0,sp,32
800001a4:	fe042623          	sw	zero,-20(s0)
800001a8:	0240006f          	j	800001cc <clear_summary+0x34>
800001ac:	80100737          	lui	a4,0x80100
800001b0:	fec42783          	lw	a5,-20(s0)
800001b4:	00279793          	slli	a5,a5,0x2
800001b8:	00f707b3          	add	a5,a4,a5
800001bc:	0007a023          	sw	zero,0(a5)
800001c0:	fec42783          	lw	a5,-20(s0)
800001c4:	00178793          	addi	a5,a5,1
800001c8:	fef42623          	sw	a5,-20(s0)
800001cc:	fec42703          	lw	a4,-20(s0)
800001d0:	01700793          	li	a5,23
800001d4:	fce7fce3          	bgeu	a5,a4,800001ac <clear_summary+0x14>
800001d8:	fe042423          	sw	zero,-24(s0)
800001dc:	0240006f          	j	80000200 <clear_summary+0x68>
800001e0:	80119737          	lui	a4,0x80119
800001e4:	fe842783          	lw	a5,-24(s0)
800001e8:	00279793          	slli	a5,a5,0x2
800001ec:	00f707b3          	add	a5,a4,a5
800001f0:	0007a023          	sw	zero,0(a5)
800001f4:	fe842783          	lw	a5,-24(s0)
800001f8:	00178793          	addi	a5,a5,1
800001fc:	fef42423          	sw	a5,-24(s0)
80000200:	fe842703          	lw	a4,-24(s0)
80000204:	01300793          	li	a5,19
80000208:	fce7fce3          	bgeu	a5,a4,800001e0 <clear_summary+0x48>
8000020c:	00000013          	nop
80000210:	00000013          	nop
80000214:	01c12403          	lw	s0,28(sp)
80000218:	02010113          	addi	sp,sp,32
8000021c:	00008067          	ret

80000220 <csr_trap_smoke>:
80000220:	fe010113          	addi	sp,sp,-32
80000224:	00112e23          	sw	ra,28(sp)
80000228:	00812c23          	sw	s0,24(sp)
8000022c:	02010413          	addi	s0,sp,32
80000230:	801197b7          	lui	a5,0x80119
80000234:	04c78793          	addi	a5,a5,76 # 8011904c <counter+0x116e0c>
80000238:	0007a023          	sw	zero,0(a5)
8000023c:	800007b7          	lui	a5,0x80000
80000240:	02c78793          	addi	a5,a5,44 # 8000002c <counter+0xffffddec>
80000244:	00078513          	mv	a0,a5
80000248:	00000097          	auipc	ra,0x0
8000024c:	e90080e7          	jalr	-368(ra) # 800000d8 <write_csr_mtvec>
80000250:	00000097          	auipc	ra,0x0
80000254:	f28080e7          	jalr	-216(ra) # 80000178 <do_ecall>
80000258:	00000097          	auipc	ra,0x0
8000025c:	f20080e7          	jalr	-224(ra) # 80000178 <do_ecall>
80000260:	00000097          	auipc	ra,0x0
80000264:	ea0080e7          	jalr	-352(ra) # 80000100 <read_csr_mtvec>
80000268:	00050713          	mv	a4,a0
8000026c:	800007b7          	lui	a5,0x80000
80000270:	02c78793          	addi	a5,a5,44 # 8000002c <counter+0xffffddec>
80000274:	00f71663          	bne	a4,a5,80000280 <csr_trap_smoke+0x60>
80000278:	00100793          	li	a5,1
8000027c:	0080006f          	j	80000284 <csr_trap_smoke+0x64>
80000280:	00000793          	li	a5,0
80000284:	fef42623          	sw	a5,-20(s0)
80000288:	00000097          	auipc	ra,0x0
8000028c:	ea0080e7          	jalr	-352(ra) # 80000128 <read_csr_mcause>
80000290:	fea42423          	sw	a0,-24(s0)
80000294:	00000097          	auipc	ra,0x0
80000298:	ebc080e7          	jalr	-324(ra) # 80000150 <read_csr_mepc>
8000029c:	fea42223          	sw	a0,-28(s0)
800002a0:	801197b7          	lui	a5,0x80119
800002a4:	03c78793          	addi	a5,a5,60 # 8011903c <counter+0x116dfc>
800002a8:	fec42703          	lw	a4,-20(s0)
800002ac:	00e7a023          	sw	a4,0(a5)
800002b0:	801197b7          	lui	a5,0x80119
800002b4:	04078793          	addi	a5,a5,64 # 80119040 <counter+0x116e00>
800002b8:	fe842703          	lw	a4,-24(s0)
800002bc:	00e7a023          	sw	a4,0(a5)
800002c0:	801197b7          	lui	a5,0x80119
800002c4:	04478793          	addi	a5,a5,68 # 80119044 <counter+0x116e04>
800002c8:	0007a783          	lw	a5,0(a5)
800002cc:	00079a63          	bnez	a5,800002e0 <csr_trap_smoke+0xc0>
800002d0:	801197b7          	lui	a5,0x80119
800002d4:	04478793          	addi	a5,a5,68 # 80119044 <counter+0x116e04>
800002d8:	fe442703          	lw	a4,-28(s0)
800002dc:	00e7a023          	sw	a4,0(a5)
800002e0:	801197b7          	lui	a5,0x80119
800002e4:	04878793          	addi	a5,a5,72 # 80119048 <counter+0x116e08>
800002e8:	0007a783          	lw	a5,0(a5)
800002ec:	00079c63          	bnez	a5,80000304 <csr_trap_smoke+0xe4>
800002f0:	801197b7          	lui	a5,0x80119
800002f4:	04878793          	addi	a5,a5,72 # 80119048 <counter+0x116e08>
800002f8:	fe442703          	lw	a4,-28(s0)
800002fc:	00470713          	addi	a4,a4,4 # 80119004 <counter+0x116dc4>
80000300:	00e7a023          	sw	a4,0(a5)
80000304:	fec42703          	lw	a4,-20(s0)
80000308:	00100793          	li	a5,1
8000030c:	02f71663          	bne	a4,a5,80000338 <csr_trap_smoke+0x118>
80000310:	801197b7          	lui	a5,0x80119
80000314:	04c78793          	addi	a5,a5,76 # 8011904c <counter+0x116e0c>
80000318:	0007a703          	lw	a4,0(a5)
8000031c:	00200793          	li	a5,2
80000320:	00f71c63          	bne	a4,a5,80000338 <csr_trap_smoke+0x118>
80000324:	fe842703          	lw	a4,-24(s0)
80000328:	00b00793          	li	a5,11
8000032c:	00f71663          	bne	a4,a5,80000338 <csr_trap_smoke+0x118>
80000330:	00100793          	li	a5,1
80000334:	0080006f          	j	8000033c <csr_trap_smoke+0x11c>
80000338:	00000793          	li	a5,0
8000033c:	00078513          	mv	a0,a5
80000340:	01c12083          	lw	ra,28(sp)
80000344:	01812403          	lw	s0,24(sp)
80000348:	02010113          	addi	sp,sp,32
8000034c:	00008067          	ret

80000350 <record_result>:
80000350:	fe010113          	addi	sp,sp,-32
80000354:	00812e23          	sw	s0,28(sp)
80000358:	02010413          	addi	s0,sp,32
8000035c:	fea42623          	sw	a0,-20(s0)
80000360:	feb42423          	sw	a1,-24(s0)
80000364:	fec42223          	sw	a2,-28(s0)
80000368:	fec42783          	lw	a5,-20(s0)
8000036c:	00078e63          	beqz	a5,80000388 <record_result+0x38>
80000370:	fe842783          	lw	a5,-24(s0)
80000374:	0007a783          	lw	a5,0(a5)
80000378:	00178713          	addi	a4,a5,1
8000037c:	fe842783          	lw	a5,-24(s0)
80000380:	00e7a023          	sw	a4,0(a5)
80000384:	0180006f          	j	8000039c <record_result+0x4c>
80000388:	fe442783          	lw	a5,-28(s0)
8000038c:	0007a783          	lw	a5,0(a5)
80000390:	00178713          	addi	a4,a5,1
80000394:	fe442783          	lw	a5,-28(s0)
80000398:	00e7a023          	sw	a4,0(a5)
8000039c:	00000013          	nop
800003a0:	01c12403          	lw	s0,28(sp)
800003a4:	02010113          	addi	sp,sp,32
800003a8:	00008067          	ret

800003ac <pack_seg_bcd>:
800003ac:	fd010113          	addi	sp,sp,-48
800003b0:	02812623          	sw	s0,44(sp)
800003b4:	03010413          	addi	s0,sp,48
800003b8:	fca42e23          	sw	a0,-36(s0)
800003bc:	fcb42c23          	sw	a1,-40(s0)
800003c0:	fcc42a23          	sw	a2,-44(s0)
800003c4:	fe042623          	sw	zero,-20(s0)
800003c8:	fdc42703          	lw	a4,-36(s0)
800003cc:	06400793          	li	a5,100
800003d0:	02f777b3          	remu	a5,a4,a5
800003d4:	fcf42e23          	sw	a5,-36(s0)
800003d8:	fd842703          	lw	a4,-40(s0)
800003dc:	00a00793          	li	a5,10
800003e0:	02f777b3          	remu	a5,a4,a5
800003e4:	fcf42c23          	sw	a5,-40(s0)
800003e8:	fd442703          	lw	a4,-44(s0)
800003ec:	000187b7          	lui	a5,0x18
800003f0:	6a078793          	addi	a5,a5,1696 # 186a0 <_reset-0x7ffe7960>
800003f4:	02f777b3          	remu	a5,a4,a5
800003f8:	fcf42a23          	sw	a5,-44(s0)
800003fc:	fdc42703          	lw	a4,-36(s0)
80000400:	00a00793          	li	a5,10
80000404:	02f757b3          	divu	a5,a4,a5
80000408:	01c79793          	slli	a5,a5,0x1c
8000040c:	fec42703          	lw	a4,-20(s0)
80000410:	00f767b3          	or	a5,a4,a5
80000414:	fef42623          	sw	a5,-20(s0)
80000418:	fdc42703          	lw	a4,-36(s0)
8000041c:	00a00793          	li	a5,10
80000420:	02f777b3          	remu	a5,a4,a5
80000424:	01879793          	slli	a5,a5,0x18
80000428:	fec42703          	lw	a4,-20(s0)
8000042c:	00f767b3          	or	a5,a4,a5
80000430:	fef42623          	sw	a5,-20(s0)
80000434:	fd842783          	lw	a5,-40(s0)
80000438:	01479793          	slli	a5,a5,0x14
8000043c:	fec42703          	lw	a4,-20(s0)
80000440:	00f767b3          	or	a5,a4,a5
80000444:	fef42623          	sw	a5,-20(s0)
80000448:	fd442703          	lw	a4,-44(s0)
8000044c:	000027b7          	lui	a5,0x2
80000450:	71078793          	addi	a5,a5,1808 # 2710 <_reset-0x7fffd8f0>
80000454:	02f75733          	divu	a4,a4,a5
80000458:	00a00793          	li	a5,10
8000045c:	02f777b3          	remu	a5,a4,a5
80000460:	01079793          	slli	a5,a5,0x10
80000464:	fec42703          	lw	a4,-20(s0)
80000468:	00f767b3          	or	a5,a4,a5
8000046c:	fef42623          	sw	a5,-20(s0)
80000470:	fd442703          	lw	a4,-44(s0)
80000474:	3e800793          	li	a5,1000
80000478:	02f75733          	divu	a4,a4,a5
8000047c:	00a00793          	li	a5,10
80000480:	02f777b3          	remu	a5,a4,a5
80000484:	00c79793          	slli	a5,a5,0xc
80000488:	fec42703          	lw	a4,-20(s0)
8000048c:	00f767b3          	or	a5,a4,a5
80000490:	fef42623          	sw	a5,-20(s0)
80000494:	fd442703          	lw	a4,-44(s0)
80000498:	06400793          	li	a5,100
8000049c:	02f75733          	divu	a4,a4,a5
800004a0:	00a00793          	li	a5,10
800004a4:	02f777b3          	remu	a5,a4,a5
800004a8:	00879793          	slli	a5,a5,0x8
800004ac:	fec42703          	lw	a4,-20(s0)
800004b0:	00f767b3          	or	a5,a4,a5
800004b4:	fef42623          	sw	a5,-20(s0)
800004b8:	fd442703          	lw	a4,-44(s0)
800004bc:	00a00793          	li	a5,10
800004c0:	02f75733          	divu	a4,a4,a5
800004c4:	00a00793          	li	a5,10
800004c8:	02f777b3          	remu	a5,a4,a5
800004cc:	00479793          	slli	a5,a5,0x4
800004d0:	fec42703          	lw	a4,-20(s0)
800004d4:	00f767b3          	or	a5,a4,a5
800004d8:	fef42623          	sw	a5,-20(s0)
800004dc:	fd442703          	lw	a4,-44(s0)
800004e0:	00a00793          	li	a5,10
800004e4:	02f777b3          	remu	a5,a4,a5
800004e8:	fec42703          	lw	a4,-20(s0)
800004ec:	00f767b3          	or	a5,a4,a5
800004f0:	fef42623          	sw	a5,-20(s0)
800004f4:	fec42783          	lw	a5,-20(s0)
800004f8:	00078513          	mv	a0,a5
800004fc:	02c12403          	lw	s0,44(sp)
80000500:	03010113          	addi	sp,sp,48
80000504:	00008067          	ret

80000508 <run_rv32i_tests>:
80000508:	fd010113          	addi	sp,sp,-48
8000050c:	02112623          	sw	ra,44(sp)
80000510:	02812423          	sw	s0,40(sp)
80000514:	03010413          	addi	s0,sp,48
80000518:	fca42e23          	sw	a0,-36(s0)
8000051c:	fcb42c23          	sw	a1,-40(s0)
80000520:	801007b7          	lui	a5,0x80100
80000524:	0a078793          	addi	a5,a5,160 # 801000a0 <counter+0xfde60>
80000528:	fef42623          	sw	a5,-20(s0)
8000052c:	fdc42783          	lw	a5,-36(s0)
80000530:	0007a023          	sw	zero,0(a5)
80000534:	fd842783          	lw	a5,-40(s0)
80000538:	0007a023          	sw	zero,0(a5)
8000053c:	123457b7          	lui	a5,0x12345
80000540:	fef42423          	sw	a5,-24(s0)
80000544:	fe842703          	lw	a4,-24(s0)
80000548:	edcbb7b7          	lui	a5,0xedcbb
8000054c:	00f707b3          	add	a5,a4,a5
80000550:	0017b793          	seqz	a5,a5
80000554:	0ff7f793          	zext.b	a5,a5
80000558:	fd842603          	lw	a2,-40(s0)
8000055c:	fdc42583          	lw	a1,-36(s0)
80000560:	00078513          	mv	a0,a5
80000564:	00000097          	auipc	ra,0x0
80000568:	dec080e7          	jalr	-532(ra) # 80000350 <record_result>
8000056c:	00000797          	auipc	a5,0x0
80000570:	fef42423          	sw	a5,-24(s0)
80000574:	fe842703          	lw	a4,-24(s0)
80000578:	f00007b7          	lui	a5,0xf0000
8000057c:	00f77733          	and	a4,a4,a5
80000580:	800007b7          	lui	a5,0x80000
80000584:	00f71c63          	bne	a4,a5,8000059c <run_rv32i_tests+0x94>
80000588:	fe842783          	lw	a5,-24(s0)
8000058c:	0037f793          	andi	a5,a5,3
80000590:	00079663          	bnez	a5,8000059c <run_rv32i_tests+0x94>
80000594:	00100793          	li	a5,1
80000598:	0080006f          	j	800005a0 <run_rv32i_tests+0x98>
8000059c:	00000793          	li	a5,0
800005a0:	fd842603          	lw	a2,-40(s0)
800005a4:	fdc42583          	lw	a1,-36(s0)
800005a8:	00078513          	mv	a0,a5
800005ac:	00000097          	auipc	ra,0x0
800005b0:	da4080e7          	jalr	-604(ra) # 80000350 <record_result>
800005b4:	00100793          	li	a5,1
800005b8:	008000ef          	jal	ra,800005c0 <run_rv32i_tests+0xb8>
800005bc:	00000793          	li	a5,0
800005c0:	00278793          	addi	a5,a5,2 # 80000002 <counter+0xffffddc2>
800005c4:	fef42423          	sw	a5,-24(s0)
800005c8:	fe842783          	lw	a5,-24(s0)
800005cc:	ffd78793          	addi	a5,a5,-3
800005d0:	0017b793          	seqz	a5,a5
800005d4:	0ff7f793          	zext.b	a5,a5
800005d8:	fd842603          	lw	a2,-40(s0)
800005dc:	fdc42583          	lw	a1,-36(s0)
800005e0:	00078513          	mv	a0,a5
800005e4:	00000097          	auipc	ra,0x0
800005e8:	d6c080e7          	jalr	-660(ra) # 80000350 <record_result>
800005ec:	00000793          	li	a5,0
800005f0:	00000297          	auipc	t0,0x0
800005f4:	01428293          	addi	t0,t0,20 # 80000604 <run_rv32i_tests+0xfc>
800005f8:	00028067          	jr	t0
800005fc:	05500793          	li	a5,85
80000600:	0080006f          	j	80000608 <run_rv32i_tests+0x100>
80000604:	0aa00793          	li	a5,170
80000608:	fef42423          	sw	a5,-24(s0)
8000060c:	fe842783          	lw	a5,-24(s0)
80000610:	f5678793          	addi	a5,a5,-170
80000614:	0017b793          	seqz	a5,a5
80000618:	0ff7f793          	zext.b	a5,a5
8000061c:	fd842603          	lw	a2,-40(s0)
80000620:	fdc42583          	lw	a1,-36(s0)
80000624:	00078513          	mv	a0,a5
80000628:	00000097          	auipc	ra,0x0
8000062c:	d28080e7          	jalr	-728(ra) # 80000350 <record_result>
80000630:	00000793          	li	a5,0
80000634:	00500293          	li	t0,5
80000638:	00500313          	li	t1,5
8000063c:	00628663          	beq	t0,t1,80000648 <run_rv32i_tests+0x140>
80000640:	00200793          	li	a5,2
80000644:	0080006f          	j	8000064c <run_rv32i_tests+0x144>
80000648:	00100793          	li	a5,1
8000064c:	fef42423          	sw	a5,-24(s0)
80000650:	fe842783          	lw	a5,-24(s0)
80000654:	fff78793          	addi	a5,a5,-1
80000658:	0017b793          	seqz	a5,a5
8000065c:	0ff7f793          	zext.b	a5,a5
80000660:	fd842603          	lw	a2,-40(s0)
80000664:	fdc42583          	lw	a1,-36(s0)
80000668:	00078513          	mv	a0,a5
8000066c:	00000097          	auipc	ra,0x0
80000670:	ce4080e7          	jalr	-796(ra) # 80000350 <record_result>
80000674:	00000793          	li	a5,0
80000678:	00500293          	li	t0,5
8000067c:	00600313          	li	t1,6
80000680:	00629663          	bne	t0,t1,8000068c <run_rv32i_tests+0x184>
80000684:	00200793          	li	a5,2
80000688:	0080006f          	j	80000690 <run_rv32i_tests+0x188>
8000068c:	00100793          	li	a5,1
80000690:	fef42423          	sw	a5,-24(s0)
80000694:	fe842783          	lw	a5,-24(s0)
80000698:	fff78793          	addi	a5,a5,-1
8000069c:	0017b793          	seqz	a5,a5
800006a0:	0ff7f793          	zext.b	a5,a5
800006a4:	fd842603          	lw	a2,-40(s0)
800006a8:	fdc42583          	lw	a1,-36(s0)
800006ac:	00078513          	mv	a0,a5
800006b0:	00000097          	auipc	ra,0x0
800006b4:	ca0080e7          	jalr	-864(ra) # 80000350 <record_result>
800006b8:	00000793          	li	a5,0
800006bc:	fff00293          	li	t0,-1
800006c0:	00100313          	li	t1,1
800006c4:	0062c663          	blt	t0,t1,800006d0 <run_rv32i_tests+0x1c8>
800006c8:	00200793          	li	a5,2
800006cc:	0080006f          	j	800006d4 <run_rv32i_tests+0x1cc>
800006d0:	00100793          	li	a5,1
800006d4:	fef42423          	sw	a5,-24(s0)
800006d8:	fe842783          	lw	a5,-24(s0)
800006dc:	fff78793          	addi	a5,a5,-1
800006e0:	0017b793          	seqz	a5,a5
800006e4:	0ff7f793          	zext.b	a5,a5
800006e8:	fd842603          	lw	a2,-40(s0)
800006ec:	fdc42583          	lw	a1,-36(s0)
800006f0:	00078513          	mv	a0,a5
800006f4:	00000097          	auipc	ra,0x0
800006f8:	c5c080e7          	jalr	-932(ra) # 80000350 <record_result>
800006fc:	00000793          	li	a5,0
80000700:	00500293          	li	t0,5
80000704:	00500313          	li	t1,5
80000708:	0062d663          	bge	t0,t1,80000714 <run_rv32i_tests+0x20c>
8000070c:	00200793          	li	a5,2
80000710:	0080006f          	j	80000718 <run_rv32i_tests+0x210>
80000714:	00100793          	li	a5,1
80000718:	fef42423          	sw	a5,-24(s0)
8000071c:	fe842783          	lw	a5,-24(s0)
80000720:	fff78793          	addi	a5,a5,-1
80000724:	0017b793          	seqz	a5,a5
80000728:	0ff7f793          	zext.b	a5,a5
8000072c:	fd842603          	lw	a2,-40(s0)
80000730:	fdc42583          	lw	a1,-36(s0)
80000734:	00078513          	mv	a0,a5
80000738:	00000097          	auipc	ra,0x0
8000073c:	c18080e7          	jalr	-1000(ra) # 80000350 <record_result>
80000740:	00000793          	li	a5,0
80000744:	00100293          	li	t0,1
80000748:	fff00313          	li	t1,-1
8000074c:	0062e663          	bltu	t0,t1,80000758 <run_rv32i_tests+0x250>
80000750:	00200793          	li	a5,2
80000754:	0080006f          	j	8000075c <run_rv32i_tests+0x254>
80000758:	00100793          	li	a5,1
8000075c:	fef42423          	sw	a5,-24(s0)
80000760:	fe842783          	lw	a5,-24(s0)
80000764:	fff78793          	addi	a5,a5,-1
80000768:	0017b793          	seqz	a5,a5
8000076c:	0ff7f793          	zext.b	a5,a5
80000770:	fd842603          	lw	a2,-40(s0)
80000774:	fdc42583          	lw	a1,-36(s0)
80000778:	00078513          	mv	a0,a5
8000077c:	00000097          	auipc	ra,0x0
80000780:	bd4080e7          	jalr	-1068(ra) # 80000350 <record_result>
80000784:	00000793          	li	a5,0
80000788:	fff00293          	li	t0,-1
8000078c:	00100313          	li	t1,1
80000790:	0062f663          	bgeu	t0,t1,8000079c <run_rv32i_tests+0x294>
80000794:	00200793          	li	a5,2
80000798:	0080006f          	j	800007a0 <run_rv32i_tests+0x298>
8000079c:	00100793          	li	a5,1
800007a0:	fef42423          	sw	a5,-24(s0)
800007a4:	fe842783          	lw	a5,-24(s0)
800007a8:	fff78793          	addi	a5,a5,-1
800007ac:	0017b793          	seqz	a5,a5
800007b0:	0ff7f793          	zext.b	a5,a5
800007b4:	fd842603          	lw	a2,-40(s0)
800007b8:	fdc42583          	lw	a1,-36(s0)
800007bc:	00078513          	mv	a0,a5
800007c0:	00000097          	auipc	ra,0x0
800007c4:	b90080e7          	jalr	-1136(ra) # 80000350 <record_result>
800007c8:	801007b7          	lui	a5,0x80100
800007cc:	0a078793          	addi	a5,a5,160 # 801000a0 <counter+0xfde60>
800007d0:	f8000713          	li	a4,-128
800007d4:	00e78023          	sb	a4,0(a5)
800007d8:	801007b7          	lui	a5,0x80100
800007dc:	0a178793          	addi	a5,a5,161 # 801000a1 <counter+0xfde61>
800007e0:	07f00713          	li	a4,127
800007e4:	00e78023          	sb	a4,0(a5)
800007e8:	801007b7          	lui	a5,0x80100
800007ec:	0a078793          	addi	a5,a5,160 # 801000a0 <counter+0xfde60>
800007f0:	00078783          	lb	a5,0(a5)
800007f4:	fef42423          	sw	a5,-24(s0)
800007f8:	fe842783          	lw	a5,-24(s0)
800007fc:	08078793          	addi	a5,a5,128
80000800:	0017b793          	seqz	a5,a5
80000804:	0ff7f793          	zext.b	a5,a5
80000808:	fd842603          	lw	a2,-40(s0)
8000080c:	fdc42583          	lw	a1,-36(s0)
80000810:	00078513          	mv	a0,a5
80000814:	00000097          	auipc	ra,0x0
80000818:	b3c080e7          	jalr	-1220(ra) # 80000350 <record_result>
8000081c:	801007b7          	lui	a5,0x80100
80000820:	0a278793          	addi	a5,a5,162 # 801000a2 <counter+0xfde62>
80000824:	03400713          	li	a4,52
80000828:	00e78023          	sb	a4,0(a5)
8000082c:	801007b7          	lui	a5,0x80100
80000830:	0a378793          	addi	a5,a5,163 # 801000a3 <counter+0xfde63>
80000834:	f8000713          	li	a4,-128
80000838:	00e78023          	sb	a4,0(a5)
8000083c:	801007b7          	lui	a5,0x80100
80000840:	0a078793          	addi	a5,a5,160 # 801000a0 <counter+0xfde60>
80000844:	00279783          	lh	a5,2(a5)
80000848:	fef42423          	sw	a5,-24(s0)
8000084c:	fe842703          	lw	a4,-24(s0)
80000850:	000087b7          	lui	a5,0x8
80000854:	fcc78793          	addi	a5,a5,-52 # 7fcc <_reset-0x7fff8034>
80000858:	00f707b3          	add	a5,a4,a5
8000085c:	0017b793          	seqz	a5,a5
80000860:	0ff7f793          	zext.b	a5,a5
80000864:	fd842603          	lw	a2,-40(s0)
80000868:	fdc42583          	lw	a1,-36(s0)
8000086c:	00078513          	mv	a0,a5
80000870:	00000097          	auipc	ra,0x0
80000874:	ae0080e7          	jalr	-1312(ra) # 80000350 <record_result>
80000878:	fec42783          	lw	a5,-20(s0)
8000087c:	00478793          	addi	a5,a5,4
80000880:	89abd737          	lui	a4,0x89abd
80000884:	def70713          	addi	a4,a4,-529 # 89abcdef <counter+0x9ababaf>
80000888:	00e7a023          	sw	a4,0(a5)
8000088c:	801007b7          	lui	a5,0x80100
80000890:	0a078793          	addi	a5,a5,160 # 801000a0 <counter+0xfde60>
80000894:	0047a783          	lw	a5,4(a5)
80000898:	fef42423          	sw	a5,-24(s0)
8000089c:	fe842703          	lw	a4,-24(s0)
800008a0:	765437b7          	lui	a5,0x76543
800008a4:	21178793          	addi	a5,a5,529 # 76543211 <_reset-0x9abcdef>
800008a8:	00f707b3          	add	a5,a4,a5
800008ac:	0017b793          	seqz	a5,a5
800008b0:	0ff7f793          	zext.b	a5,a5
800008b4:	fd842603          	lw	a2,-40(s0)
800008b8:	fdc42583          	lw	a1,-36(s0)
800008bc:	00078513          	mv	a0,a5
800008c0:	00000097          	auipc	ra,0x0
800008c4:	a90080e7          	jalr	-1392(ra) # 80000350 <record_result>
800008c8:	801007b7          	lui	a5,0x80100
800008cc:	0a078793          	addi	a5,a5,160 # 801000a0 <counter+0xfde60>
800008d0:	0007c783          	lbu	a5,0(a5)
800008d4:	fef42423          	sw	a5,-24(s0)
800008d8:	fe842783          	lw	a5,-24(s0)
800008dc:	f8078793          	addi	a5,a5,-128
800008e0:	0017b793          	seqz	a5,a5
800008e4:	0ff7f793          	zext.b	a5,a5
800008e8:	fd842603          	lw	a2,-40(s0)
800008ec:	fdc42583          	lw	a1,-36(s0)
800008f0:	00078513          	mv	a0,a5
800008f4:	00000097          	auipc	ra,0x0
800008f8:	a5c080e7          	jalr	-1444(ra) # 80000350 <record_result>
800008fc:	801007b7          	lui	a5,0x80100
80000900:	0a078793          	addi	a5,a5,160 # 801000a0 <counter+0xfde60>
80000904:	0027d783          	lhu	a5,2(a5)
80000908:	fef42423          	sw	a5,-24(s0)
8000090c:	fe842703          	lw	a4,-24(s0)
80000910:	ffff87b7          	lui	a5,0xffff8
80000914:	fcc78793          	addi	a5,a5,-52 # ffff7fcc <counter+0x7fff5d8c>
80000918:	00f707b3          	add	a5,a4,a5
8000091c:	0017b793          	seqz	a5,a5
80000920:	0ff7f793          	zext.b	a5,a5
80000924:	fd842603          	lw	a2,-40(s0)
80000928:	fdc42583          	lw	a1,-36(s0)
8000092c:	00078513          	mv	a0,a5
80000930:	00000097          	auipc	ra,0x0
80000934:	a20080e7          	jalr	-1504(ra) # 80000350 <record_result>
80000938:	fec42783          	lw	a5,-20(s0)
8000093c:	00878793          	addi	a5,a5,8
80000940:	0007a023          	sw	zero,0(a5)
80000944:	801007b7          	lui	a5,0x80100
80000948:	0a078793          	addi	a5,a5,160 # 801000a0 <counter+0xfde60>
8000094c:	0ab00293          	li	t0,171
80000950:	00578423          	sb	t0,8(a5)
80000954:	801007b7          	lui	a5,0x80100
80000958:	0a878793          	addi	a5,a5,168 # 801000a8 <counter+0xfde68>
8000095c:	0007c783          	lbu	a5,0(a5)
80000960:	0ff7f793          	zext.b	a5,a5
80000964:	f5578793          	addi	a5,a5,-171
80000968:	0017b793          	seqz	a5,a5
8000096c:	0ff7f793          	zext.b	a5,a5
80000970:	fd842603          	lw	a2,-40(s0)
80000974:	fdc42583          	lw	a1,-36(s0)
80000978:	00078513          	mv	a0,a5
8000097c:	00000097          	auipc	ra,0x0
80000980:	9d4080e7          	jalr	-1580(ra) # 80000350 <record_result>
80000984:	fec42783          	lw	a5,-20(s0)
80000988:	00c78793          	addi	a5,a5,12
8000098c:	0007a023          	sw	zero,0(a5)
80000990:	801007b7          	lui	a5,0x80100
80000994:	0a078793          	addi	a5,a5,160 # 801000a0 <counter+0xfde60>
80000998:	000012b7          	lui	t0,0x1
8000099c:	23428293          	addi	t0,t0,564 # 1234 <_reset-0x7fffedcc>
800009a0:	00579623          	sh	t0,12(a5)
800009a4:	fec42783          	lw	a5,-20(s0)
800009a8:	00c78793          	addi	a5,a5,12
800009ac:	0007a703          	lw	a4,0(a5)
800009b0:	fffff7b7          	lui	a5,0xfffff
800009b4:	dcc78793          	addi	a5,a5,-564 # ffffedcc <counter+0x7fffcb8c>
800009b8:	00f707b3          	add	a5,a4,a5
800009bc:	0017b793          	seqz	a5,a5
800009c0:	0ff7f793          	zext.b	a5,a5
800009c4:	fd842603          	lw	a2,-40(s0)
800009c8:	fdc42583          	lw	a1,-36(s0)
800009cc:	00078513          	mv	a0,a5
800009d0:	00000097          	auipc	ra,0x0
800009d4:	980080e7          	jalr	-1664(ra) # 80000350 <record_result>
800009d8:	fec42783          	lw	a5,-20(s0)
800009dc:	01078793          	addi	a5,a5,16
800009e0:	0007a023          	sw	zero,0(a5)
800009e4:	801007b7          	lui	a5,0x80100
800009e8:	0a078793          	addi	a5,a5,160 # 801000a0 <counter+0xfde60>
800009ec:	123452b7          	lui	t0,0x12345
800009f0:	67828293          	addi	t0,t0,1656 # 12345678 <_reset-0x6dcba988>
800009f4:	0057a823          	sw	t0,16(a5)
800009f8:	fec42783          	lw	a5,-20(s0)
800009fc:	01078793          	addi	a5,a5,16
80000a00:	0007a703          	lw	a4,0(a5)
80000a04:	edcbb7b7          	lui	a5,0xedcbb
80000a08:	98878793          	addi	a5,a5,-1656 # edcba988 <counter+0x6dcb8748>
80000a0c:	00f707b3          	add	a5,a4,a5
80000a10:	0017b793          	seqz	a5,a5
80000a14:	0ff7f793          	zext.b	a5,a5
80000a18:	fd842603          	lw	a2,-40(s0)
80000a1c:	fdc42583          	lw	a1,-36(s0)
80000a20:	00078513          	mv	a0,a5
80000a24:	00000097          	auipc	ra,0x0
80000a28:	92c080e7          	jalr	-1748(ra) # 80000350 <record_result>
80000a2c:	00a00793          	li	a5,10
80000a30:	ff978793          	addi	a5,a5,-7
80000a34:	fef42423          	sw	a5,-24(s0)
80000a38:	fe842783          	lw	a5,-24(s0)
80000a3c:	ffd78793          	addi	a5,a5,-3
80000a40:	0017b793          	seqz	a5,a5
80000a44:	0ff7f793          	zext.b	a5,a5
80000a48:	fd842603          	lw	a2,-40(s0)
80000a4c:	fdc42583          	lw	a1,-36(s0)
80000a50:	00078513          	mv	a0,a5
80000a54:	00000097          	auipc	ra,0x0
80000a58:	8fc080e7          	jalr	-1796(ra) # 80000350 <record_result>
80000a5c:	fff00793          	li	a5,-1
80000a60:	0017a793          	slti	a5,a5,1
80000a64:	fef42423          	sw	a5,-24(s0)
80000a68:	fe842783          	lw	a5,-24(s0)
80000a6c:	fff78793          	addi	a5,a5,-1
80000a70:	0017b793          	seqz	a5,a5
80000a74:	0ff7f793          	zext.b	a5,a5
80000a78:	fd842603          	lw	a2,-40(s0)
80000a7c:	fdc42583          	lw	a1,-36(s0)
80000a80:	00078513          	mv	a0,a5
80000a84:	00000097          	auipc	ra,0x0
80000a88:	8cc080e7          	jalr	-1844(ra) # 80000350 <record_result>
80000a8c:	fff00793          	li	a5,-1
80000a90:	0017b793          	seqz	a5,a5
80000a94:	fef42423          	sw	a5,-24(s0)
80000a98:	fe842783          	lw	a5,-24(s0)
80000a9c:	0017b793          	seqz	a5,a5
80000aa0:	0ff7f793          	zext.b	a5,a5
80000aa4:	fd842603          	lw	a2,-40(s0)
80000aa8:	fdc42583          	lw	a1,-36(s0)
80000aac:	00078513          	mv	a0,a5
80000ab0:	00000097          	auipc	ra,0x0
80000ab4:	8a0080e7          	jalr	-1888(ra) # 80000350 <record_result>
80000ab8:	000017b7          	lui	a5,0x1
80000abc:	ff078793          	addi	a5,a5,-16 # ff0 <_reset-0x7ffff010>
80000ac0:	5a57c793          	xori	a5,a5,1445
80000ac4:	fef42423          	sw	a5,-24(s0)
80000ac8:	fe842703          	lw	a4,-24(s0)
80000acc:	fffff7b7          	lui	a5,0xfffff
80000ad0:	5ab78793          	addi	a5,a5,1451 # fffff5ab <counter+0x7fffd36b>
80000ad4:	00f707b3          	add	a5,a4,a5
80000ad8:	0017b793          	seqz	a5,a5
80000adc:	0ff7f793          	zext.b	a5,a5
80000ae0:	fd842603          	lw	a2,-40(s0)
80000ae4:	fdc42583          	lw	a1,-36(s0)
80000ae8:	00078513          	mv	a0,a5
80000aec:	00000097          	auipc	ra,0x0
80000af0:	864080e7          	jalr	-1948(ra) # 80000350 <record_result>
80000af4:	000017b7          	lui	a5,0x1
80000af8:	f0078793          	addi	a5,a5,-256 # f00 <_reset-0x7ffff100>
80000afc:	0f07e793          	ori	a5,a5,240
80000b00:	fef42423          	sw	a5,-24(s0)
80000b04:	fe842703          	lw	a4,-24(s0)
80000b08:	fffff7b7          	lui	a5,0xfffff
80000b0c:	01078793          	addi	a5,a5,16 # fffff010 <counter+0x7fffcdd0>
80000b10:	00f707b3          	add	a5,a4,a5
80000b14:	0017b793          	seqz	a5,a5
80000b18:	0ff7f793          	zext.b	a5,a5
80000b1c:	fd842603          	lw	a2,-40(s0)
80000b20:	fdc42583          	lw	a1,-36(s0)
80000b24:	00078513          	mv	a0,a5
80000b28:	00000097          	auipc	ra,0x0
80000b2c:	828080e7          	jalr	-2008(ra) # 80000350 <record_result>
80000b30:	000017b7          	lui	a5,0x1
80000b34:	fff78793          	addi	a5,a5,-1 # fff <_reset-0x7ffff001>
80000b38:	0f07f793          	andi	a5,a5,240
80000b3c:	fef42423          	sw	a5,-24(s0)
80000b40:	fe842783          	lw	a5,-24(s0)
80000b44:	f1078793          	addi	a5,a5,-240
80000b48:	0017b793          	seqz	a5,a5
80000b4c:	0ff7f793          	zext.b	a5,a5
80000b50:	fd842603          	lw	a2,-40(s0)
80000b54:	fdc42583          	lw	a1,-36(s0)
80000b58:	00078513          	mv	a0,a5
80000b5c:	fffff097          	auipc	ra,0xfffff
80000b60:	7f4080e7          	jalr	2036(ra) # 80000350 <record_result>
80000b64:	00100793          	li	a5,1
80000b68:	00479793          	slli	a5,a5,0x4
80000b6c:	fef42423          	sw	a5,-24(s0)
80000b70:	fe842783          	lw	a5,-24(s0)
80000b74:	ff078793          	addi	a5,a5,-16
80000b78:	0017b793          	seqz	a5,a5
80000b7c:	0ff7f793          	zext.b	a5,a5
80000b80:	fd842603          	lw	a2,-40(s0)
80000b84:	fdc42583          	lw	a1,-36(s0)
80000b88:	00078513          	mv	a0,a5
80000b8c:	fffff097          	auipc	ra,0xfffff
80000b90:	7c4080e7          	jalr	1988(ra) # 80000350 <record_result>
80000b94:	800007b7          	lui	a5,0x80000
80000b98:	01f7d793          	srli	a5,a5,0x1f
80000b9c:	fef42423          	sw	a5,-24(s0)
80000ba0:	fe842783          	lw	a5,-24(s0)
80000ba4:	fff78793          	addi	a5,a5,-1 # 7fffffff <counter+0xffffddbf>
80000ba8:	0017b793          	seqz	a5,a5
80000bac:	0ff7f793          	zext.b	a5,a5
80000bb0:	fd842603          	lw	a2,-40(s0)
80000bb4:	fdc42583          	lw	a1,-36(s0)
80000bb8:	00078513          	mv	a0,a5
80000bbc:	fffff097          	auipc	ra,0xfffff
80000bc0:	794080e7          	jalr	1940(ra) # 80000350 <record_result>
80000bc4:	800007b7          	lui	a5,0x80000
80000bc8:	41f7d793          	srai	a5,a5,0x1f
80000bcc:	fef42423          	sw	a5,-24(s0)
80000bd0:	fe842783          	lw	a5,-24(s0)
80000bd4:	00178793          	addi	a5,a5,1 # 80000001 <counter+0xffffddc1>
80000bd8:	0017b793          	seqz	a5,a5
80000bdc:	0ff7f793          	zext.b	a5,a5
80000be0:	fd842603          	lw	a2,-40(s0)
80000be4:	fdc42583          	lw	a1,-36(s0)
80000be8:	00078513          	mv	a0,a5
80000bec:	fffff097          	auipc	ra,0xfffff
80000bf0:	764080e7          	jalr	1892(ra) # 80000350 <record_result>
80000bf4:	800007b7          	lui	a5,0x80000
80000bf8:	fff7c793          	not	a5,a5
80000bfc:	00100713          	li	a4,1
80000c00:	00e787b3          	add	a5,a5,a4
80000c04:	fef42423          	sw	a5,-24(s0)
80000c08:	fe842703          	lw	a4,-24(s0)
80000c0c:	800007b7          	lui	a5,0x80000
80000c10:	00f707b3          	add	a5,a4,a5
80000c14:	0017b793          	seqz	a5,a5
80000c18:	0ff7f793          	zext.b	a5,a5
80000c1c:	fd842603          	lw	a2,-40(s0)
80000c20:	fdc42583          	lw	a1,-36(s0)
80000c24:	00078513          	mv	a0,a5
80000c28:	fffff097          	auipc	ra,0xfffff
80000c2c:	728080e7          	jalr	1832(ra) # 80000350 <record_result>
80000c30:	00000713          	li	a4,0
80000c34:	00100793          	li	a5,1
80000c38:	40f707b3          	sub	a5,a4,a5
80000c3c:	fef42423          	sw	a5,-24(s0)
80000c40:	fe842783          	lw	a5,-24(s0)
80000c44:	00178793          	addi	a5,a5,1 # 80000001 <counter+0xffffddc1>
80000c48:	0017b793          	seqz	a5,a5
80000c4c:	0ff7f793          	zext.b	a5,a5
80000c50:	fd842603          	lw	a2,-40(s0)
80000c54:	fdc42583          	lw	a1,-36(s0)
80000c58:	00078513          	mv	a0,a5
80000c5c:	fffff097          	auipc	ra,0xfffff
80000c60:	6f4080e7          	jalr	1780(ra) # 80000350 <record_result>
80000c64:	00300793          	li	a5,3
80000c68:	00500713          	li	a4,5
80000c6c:	00e797b3          	sll	a5,a5,a4
80000c70:	fef42423          	sw	a5,-24(s0)
80000c74:	fe842783          	lw	a5,-24(s0)
80000c78:	fa078793          	addi	a5,a5,-96
80000c7c:	0017b793          	seqz	a5,a5
80000c80:	0ff7f793          	zext.b	a5,a5
80000c84:	fd842603          	lw	a2,-40(s0)
80000c88:	fdc42583          	lw	a1,-36(s0)
80000c8c:	00078513          	mv	a0,a5
80000c90:	fffff097          	auipc	ra,0xfffff
80000c94:	6c0080e7          	jalr	1728(ra) # 80000350 <record_result>
80000c98:	fff00793          	li	a5,-1
80000c9c:	00000713          	li	a4,0
80000ca0:	00e7a7b3          	slt	a5,a5,a4
80000ca4:	fef42423          	sw	a5,-24(s0)
80000ca8:	fe842783          	lw	a5,-24(s0)
80000cac:	fff78793          	addi	a5,a5,-1
80000cb0:	0017b793          	seqz	a5,a5
80000cb4:	0ff7f793          	zext.b	a5,a5
80000cb8:	fd842603          	lw	a2,-40(s0)
80000cbc:	fdc42583          	lw	a1,-36(s0)
80000cc0:	00078513          	mv	a0,a5
80000cc4:	fffff097          	auipc	ra,0xfffff
80000cc8:	68c080e7          	jalr	1676(ra) # 80000350 <record_result>
80000ccc:	fff00793          	li	a5,-1
80000cd0:	00000713          	li	a4,0
80000cd4:	00e7b7b3          	sltu	a5,a5,a4
80000cd8:	fef42423          	sw	a5,-24(s0)
80000cdc:	fe842783          	lw	a5,-24(s0)
80000ce0:	0017b793          	seqz	a5,a5
80000ce4:	0ff7f793          	zext.b	a5,a5
80000ce8:	fd842603          	lw	a2,-40(s0)
80000cec:	fdc42583          	lw	a1,-36(s0)
80000cf0:	00078513          	mv	a0,a5
80000cf4:	fffff097          	auipc	ra,0xfffff
80000cf8:	65c080e7          	jalr	1628(ra) # 80000350 <record_result>
80000cfc:	aaaa57b7          	lui	a5,0xaaaa5
80000d00:	55578793          	addi	a5,a5,1365 # aaaa5555 <counter+0x2aaa3315>
80000d04:	ffff0737          	lui	a4,0xffff0
80000d08:	00e7c7b3          	xor	a5,a5,a4
80000d0c:	fef42423          	sw	a5,-24(s0)
80000d10:	fe842703          	lw	a4,-24(s0)
80000d14:	aaaab7b7          	lui	a5,0xaaaab
80000d18:	aab78793          	addi	a5,a5,-1365 # aaaaaaab <counter+0x2aaa886b>
80000d1c:	00f707b3          	add	a5,a4,a5
80000d20:	0017b793          	seqz	a5,a5
80000d24:	0ff7f793          	zext.b	a5,a5
80000d28:	fd842603          	lw	a2,-40(s0)
80000d2c:	fdc42583          	lw	a1,-36(s0)
80000d30:	00078513          	mv	a0,a5
80000d34:	fffff097          	auipc	ra,0xfffff
80000d38:	61c080e7          	jalr	1564(ra) # 80000350 <record_result>
80000d3c:	800007b7          	lui	a5,0x80000
80000d40:	01f00713          	li	a4,31
80000d44:	00e7d7b3          	srl	a5,a5,a4
80000d48:	fef42423          	sw	a5,-24(s0)
80000d4c:	fe842783          	lw	a5,-24(s0)
80000d50:	fff78793          	addi	a5,a5,-1 # 7fffffff <counter+0xffffddbf>
80000d54:	0017b793          	seqz	a5,a5
80000d58:	0ff7f793          	zext.b	a5,a5
80000d5c:	fd842603          	lw	a2,-40(s0)
80000d60:	fdc42583          	lw	a1,-36(s0)
80000d64:	00078513          	mv	a0,a5
80000d68:	fffff097          	auipc	ra,0xfffff
80000d6c:	5e8080e7          	jalr	1512(ra) # 80000350 <record_result>
80000d70:	800007b7          	lui	a5,0x80000
80000d74:	01f00713          	li	a4,31
80000d78:	40e7d7b3          	sra	a5,a5,a4
80000d7c:	fef42423          	sw	a5,-24(s0)
80000d80:	fe842783          	lw	a5,-24(s0)
80000d84:	00178793          	addi	a5,a5,1 # 80000001 <counter+0xffffddc1>
80000d88:	0017b793          	seqz	a5,a5
80000d8c:	0ff7f793          	zext.b	a5,a5
80000d90:	fd842603          	lw	a2,-40(s0)
80000d94:	fdc42583          	lw	a1,-36(s0)
80000d98:	00078513          	mv	a0,a5
80000d9c:	fffff097          	auipc	ra,0xfffff
80000da0:	5b4080e7          	jalr	1460(ra) # 80000350 <record_result>
80000da4:	aaaa07b7          	lui	a5,0xaaaa0
80000da8:	00005737          	lui	a4,0x5
80000dac:	55570713          	addi	a4,a4,1365 # 5555 <_reset-0x7fffaaab>
80000db0:	00e7e7b3          	or	a5,a5,a4
80000db4:	fef42423          	sw	a5,-24(s0)
80000db8:	fe842703          	lw	a4,-24(s0)
80000dbc:	5555b7b7          	lui	a5,0x5555b
80000dc0:	aab78793          	addi	a5,a5,-1365 # 5555aaab <_reset-0x2aaa5555>
80000dc4:	00f707b3          	add	a5,a4,a5
80000dc8:	0017b793          	seqz	a5,a5
80000dcc:	0ff7f793          	zext.b	a5,a5
80000dd0:	fd842603          	lw	a2,-40(s0)
80000dd4:	fdc42583          	lw	a1,-36(s0)
80000dd8:	00078513          	mv	a0,a5
80000ddc:	fffff097          	auipc	ra,0xfffff
80000de0:	574080e7          	jalr	1396(ra) # 80000350 <record_result>
80000de4:	aaaa57b7          	lui	a5,0xaaaa5
80000de8:	55578793          	addi	a5,a5,1365 # aaaa5555 <counter+0x2aaa3315>
80000dec:	ffff0737          	lui	a4,0xffff0
80000df0:	00e7f7b3          	and	a5,a5,a4
80000df4:	fef42423          	sw	a5,-24(s0)
80000df8:	fe842703          	lw	a4,-24(s0)
80000dfc:	555607b7          	lui	a5,0x55560
80000e00:	00f707b3          	add	a5,a4,a5
80000e04:	0017b793          	seqz	a5,a5
80000e08:	0ff7f793          	zext.b	a5,a5
80000e0c:	fd842603          	lw	a2,-40(s0)
80000e10:	fdc42583          	lw	a1,-36(s0)
80000e14:	00078513          	mv	a0,a5
80000e18:	fffff097          	auipc	ra,0xfffff
80000e1c:	538080e7          	jalr	1336(ra) # 80000350 <record_result>
80000e20:	801007b7          	lui	a5,0x80100
80000e24:	08078793          	addi	a5,a5,128 # 80100080 <counter+0xfde40>
80000e28:	0007a683          	lw	a3,0(a5)
80000e2c:	fdc42783          	lw	a5,-36(s0)
80000e30:	0007a703          	lw	a4,0(a5)
80000e34:	fd842783          	lw	a5,-40(s0)
80000e38:	0007a783          	lw	a5,0(a5)
80000e3c:	01079793          	slli	a5,a5,0x10
80000e40:	00f74733          	xor	a4,a4,a5
80000e44:	801007b7          	lui	a5,0x80100
80000e48:	08078793          	addi	a5,a5,128 # 80100080 <counter+0xfde40>
80000e4c:	00e6c733          	xor	a4,a3,a4
80000e50:	00e7a023          	sw	a4,0(a5)
80000e54:	00000013          	nop
80000e58:	02c12083          	lw	ra,44(sp)
80000e5c:	02812403          	lw	s0,40(sp)
80000e60:	03010113          	addi	sp,sp,48
80000e64:	00008067          	ret

80000e68 <run_m_tests>:
80000e68:	fd010113          	addi	sp,sp,-48
80000e6c:	02112623          	sw	ra,44(sp)
80000e70:	02812423          	sw	s0,40(sp)
80000e74:	03010413          	addi	s0,sp,48
80000e78:	fca42e23          	sw	a0,-36(s0)
80000e7c:	fcb42c23          	sw	a1,-40(s0)
80000e80:	fdc42783          	lw	a5,-36(s0)
80000e84:	0007a023          	sw	zero,0(a5)
80000e88:	fd842783          	lw	a5,-40(s0)
80000e8c:	0007a023          	sw	zero,0(a5)
80000e90:	000077b7          	lui	a5,0x7
80000e94:	53078793          	addi	a5,a5,1328 # 7530 <_reset-0x7fff8ad0>
80000e98:	00700713          	li	a4,7
80000e9c:	02e787b3          	mul	a5,a5,a4
80000ea0:	fef42623          	sw	a5,-20(s0)
80000ea4:	fec42703          	lw	a4,-20(s0)
80000ea8:	fffcd7b7          	lui	a5,0xfffcd
80000eac:	bb078793          	addi	a5,a5,-1104 # fffccbb0 <counter+0x7ffca970>
80000eb0:	00f707b3          	add	a5,a4,a5
80000eb4:	0017b793          	seqz	a5,a5
80000eb8:	0ff7f793          	zext.b	a5,a5
80000ebc:	fd842603          	lw	a2,-40(s0)
80000ec0:	fdc42583          	lw	a1,-36(s0)
80000ec4:	00078513          	mv	a0,a5
80000ec8:	fffff097          	auipc	ra,0xfffff
80000ecc:	488080e7          	jalr	1160(ra) # 80000350 <record_result>
80000ed0:	800007b7          	lui	a5,0x80000
80000ed4:	00200713          	li	a4,2
80000ed8:	02e797b3          	mulh	a5,a5,a4
80000edc:	fef42623          	sw	a5,-20(s0)
80000ee0:	fec42783          	lw	a5,-20(s0)
80000ee4:	00178793          	addi	a5,a5,1 # 80000001 <counter+0xffffddc1>
80000ee8:	0017b793          	seqz	a5,a5
80000eec:	0ff7f793          	zext.b	a5,a5
80000ef0:	fd842603          	lw	a2,-40(s0)
80000ef4:	fdc42583          	lw	a1,-36(s0)
80000ef8:	00078513          	mv	a0,a5
80000efc:	fffff097          	auipc	ra,0xfffff
80000f00:	454080e7          	jalr	1108(ra) # 80000350 <record_result>
80000f04:	fff00793          	li	a5,-1
80000f08:	00200713          	li	a4,2
80000f0c:	02e7a7b3          	mulhsu	a5,a5,a4
80000f10:	fef42623          	sw	a5,-20(s0)
80000f14:	fec42783          	lw	a5,-20(s0)
80000f18:	00178793          	addi	a5,a5,1
80000f1c:	0017b793          	seqz	a5,a5
80000f20:	0ff7f793          	zext.b	a5,a5
80000f24:	fd842603          	lw	a2,-40(s0)
80000f28:	fdc42583          	lw	a1,-36(s0)
80000f2c:	00078513          	mv	a0,a5
80000f30:	fffff097          	auipc	ra,0xfffff
80000f34:	420080e7          	jalr	1056(ra) # 80000350 <record_result>
80000f38:	fff00793          	li	a5,-1
80000f3c:	00200713          	li	a4,2
80000f40:	02e7b7b3          	mulhu	a5,a5,a4
80000f44:	fef42623          	sw	a5,-20(s0)
80000f48:	fec42783          	lw	a5,-20(s0)
80000f4c:	fff78793          	addi	a5,a5,-1
80000f50:	0017b793          	seqz	a5,a5
80000f54:	0ff7f793          	zext.b	a5,a5
80000f58:	fd842603          	lw	a2,-40(s0)
80000f5c:	fdc42583          	lw	a1,-36(s0)
80000f60:	00078513          	mv	a0,a5
80000f64:	fffff097          	auipc	ra,0xfffff
80000f68:	3ec080e7          	jalr	1004(ra) # 80000350 <record_result>
80000f6c:	ff900793          	li	a5,-7
80000f70:	00300713          	li	a4,3
80000f74:	02e7c7b3          	div	a5,a5,a4
80000f78:	fef42623          	sw	a5,-20(s0)
80000f7c:	fec42783          	lw	a5,-20(s0)
80000f80:	00278793          	addi	a5,a5,2
80000f84:	0017b793          	seqz	a5,a5
80000f88:	0ff7f793          	zext.b	a5,a5
80000f8c:	fd842603          	lw	a2,-40(s0)
80000f90:	fdc42583          	lw	a1,-36(s0)
80000f94:	00078513          	mv	a0,a5
80000f98:	fffff097          	auipc	ra,0xfffff
80000f9c:	3b8080e7          	jalr	952(ra) # 80000350 <record_result>
80000fa0:	00700793          	li	a5,7
80000fa4:	00300713          	li	a4,3
80000fa8:	02e7d7b3          	divu	a5,a5,a4
80000fac:	fef42623          	sw	a5,-20(s0)
80000fb0:	fec42783          	lw	a5,-20(s0)
80000fb4:	ffe78793          	addi	a5,a5,-2
80000fb8:	0017b793          	seqz	a5,a5
80000fbc:	0ff7f793          	zext.b	a5,a5
80000fc0:	fd842603          	lw	a2,-40(s0)
80000fc4:	fdc42583          	lw	a1,-36(s0)
80000fc8:	00078513          	mv	a0,a5
80000fcc:	fffff097          	auipc	ra,0xfffff
80000fd0:	384080e7          	jalr	900(ra) # 80000350 <record_result>
80000fd4:	ff900793          	li	a5,-7
80000fd8:	00300713          	li	a4,3
80000fdc:	02e7e7b3          	rem	a5,a5,a4
80000fe0:	fef42623          	sw	a5,-20(s0)
80000fe4:	fec42783          	lw	a5,-20(s0)
80000fe8:	00178793          	addi	a5,a5,1
80000fec:	0017b793          	seqz	a5,a5
80000ff0:	0ff7f793          	zext.b	a5,a5
80000ff4:	fd842603          	lw	a2,-40(s0)
80000ff8:	fdc42583          	lw	a1,-36(s0)
80000ffc:	00078513          	mv	a0,a5
80001000:	fffff097          	auipc	ra,0xfffff
80001004:	350080e7          	jalr	848(ra) # 80000350 <record_result>
80001008:	00700793          	li	a5,7
8000100c:	00300713          	li	a4,3
80001010:	02e7f7b3          	remu	a5,a5,a4
80001014:	fef42623          	sw	a5,-20(s0)
80001018:	fec42783          	lw	a5,-20(s0)
8000101c:	fff78793          	addi	a5,a5,-1
80001020:	0017b793          	seqz	a5,a5
80001024:	0ff7f793          	zext.b	a5,a5
80001028:	fd842603          	lw	a2,-40(s0)
8000102c:	fdc42583          	lw	a1,-36(s0)
80001030:	00078513          	mv	a0,a5
80001034:	fffff097          	auipc	ra,0xfffff
80001038:	31c080e7          	jalr	796(ra) # 80000350 <record_result>
8000103c:	801007b7          	lui	a5,0x80100
80001040:	08078793          	addi	a5,a5,128 # 80100080 <counter+0xfde40>
80001044:	0007a683          	lw	a3,0(a5)
80001048:	fdc42783          	lw	a5,-36(s0)
8000104c:	0007a783          	lw	a5,0(a5)
80001050:	00879713          	slli	a4,a5,0x8
80001054:	fd842783          	lw	a5,-40(s0)
80001058:	0007a783          	lw	a5,0(a5)
8000105c:	01879793          	slli	a5,a5,0x18
80001060:	00f74733          	xor	a4,a4,a5
80001064:	801007b7          	lui	a5,0x80100
80001068:	08078793          	addi	a5,a5,128 # 80100080 <counter+0xfde40>
8000106c:	00e6c733          	xor	a4,a3,a4
80001070:	00e7a023          	sw	a4,0(a5)
80001074:	00000013          	nop
80001078:	02c12083          	lw	ra,44(sp)
8000107c:	02812403          	lw	s0,40(sp)
80001080:	03010113          	addi	sp,sp,48
80001084:	00008067          	ret

80001088 <perf_matrix_80x80>:
80001088:	fb010113          	addi	sp,sp,-80
8000108c:	04812623          	sw	s0,76(sp)
80001090:	05010413          	addi	s0,sp,80
80001094:	faa42e23          	sw	a0,-68(s0)
80001098:	801007b7          	lui	a5,0x80100
8000109c:	10078793          	addi	a5,a5,256 # 80100100 <counter+0xfdec0>
800010a0:	fcf42823          	sw	a5,-48(s0)
800010a4:	801067b7          	lui	a5,0x80106
800010a8:	50078793          	addi	a5,a5,1280 # 80106500 <counter+0x1042c0>
800010ac:	fcf42623          	sw	a5,-52(s0)
800010b0:	8010d7b7          	lui	a5,0x8010d
800010b4:	90078793          	addi	a5,a5,-1792 # 8010c900 <counter+0x10a6c0>
800010b8:	fcf42423          	sw	a5,-56(s0)
800010bc:	fe042623          	sw	zero,-20(s0)
800010c0:	fe042423          	sw	zero,-24(s0)
800010c4:	1080006f          	j	800011cc <perf_matrix_80x80+0x144>
800010c8:	fe042223          	sw	zero,-28(s0)
800010cc:	0e80006f          	j	800011b4 <perf_matrix_80x80+0x12c>
800010d0:	fe842703          	lw	a4,-24(s0)
800010d4:	00070793          	mv	a5,a4
800010d8:	00179793          	slli	a5,a5,0x1
800010dc:	00e786b3          	add	a3,a5,a4
800010e0:	fe442703          	lw	a4,-28(s0)
800010e4:	00070793          	mv	a5,a4
800010e8:	00279793          	slli	a5,a5,0x2
800010ec:	00e787b3          	add	a5,a5,a4
800010f0:	00f687b3          	add	a5,a3,a5
800010f4:	00778713          	addi	a4,a5,7
800010f8:	06100793          	li	a5,97
800010fc:	02f776b3          	remu	a3,a4,a5
80001100:	fe842703          	lw	a4,-24(s0)
80001104:	00070793          	mv	a5,a4
80001108:	00279793          	slli	a5,a5,0x2
8000110c:	00e787b3          	add	a5,a5,a4
80001110:	00479793          	slli	a5,a5,0x4
80001114:	00078713          	mv	a4,a5
80001118:	fe442783          	lw	a5,-28(s0)
8000111c:	00f707b3          	add	a5,a4,a5
80001120:	00279793          	slli	a5,a5,0x2
80001124:	fd042703          	lw	a4,-48(s0)
80001128:	00f707b3          	add	a5,a4,a5
8000112c:	00068713          	mv	a4,a3
80001130:	00e7a023          	sw	a4,0(a5)
80001134:	fe842703          	lw	a4,-24(s0)
80001138:	00070793          	mv	a5,a4
8000113c:	00179793          	slli	a5,a5,0x1
80001140:	00e787b3          	add	a5,a5,a4
80001144:	00279793          	slli	a5,a5,0x2
80001148:	40e786b3          	sub	a3,a5,a4
8000114c:	fe442703          	lw	a4,-28(s0)
80001150:	00070793          	mv	a5,a4
80001154:	00179793          	slli	a5,a5,0x1
80001158:	00e787b3          	add	a5,a5,a4
8000115c:	00279793          	slli	a5,a5,0x2
80001160:	00e787b3          	add	a5,a5,a4
80001164:	00f687b3          	add	a5,a3,a5
80001168:	00378713          	addi	a4,a5,3
8000116c:	05900793          	li	a5,89
80001170:	02f776b3          	remu	a3,a4,a5
80001174:	fe842703          	lw	a4,-24(s0)
80001178:	00070793          	mv	a5,a4
8000117c:	00279793          	slli	a5,a5,0x2
80001180:	00e787b3          	add	a5,a5,a4
80001184:	00479793          	slli	a5,a5,0x4
80001188:	00078713          	mv	a4,a5
8000118c:	fe442783          	lw	a5,-28(s0)
80001190:	00f707b3          	add	a5,a4,a5
80001194:	00279793          	slli	a5,a5,0x2
80001198:	fcc42703          	lw	a4,-52(s0)
8000119c:	00f707b3          	add	a5,a4,a5
800011a0:	00068713          	mv	a4,a3
800011a4:	00e7a023          	sw	a4,0(a5)
800011a8:	fe442783          	lw	a5,-28(s0)
800011ac:	00178793          	addi	a5,a5,1
800011b0:	fef42223          	sw	a5,-28(s0)
800011b4:	fe442703          	lw	a4,-28(s0)
800011b8:	04f00793          	li	a5,79
800011bc:	f0e7fae3          	bgeu	a5,a4,800010d0 <perf_matrix_80x80+0x48>
800011c0:	fe842783          	lw	a5,-24(s0)
800011c4:	00178793          	addi	a5,a5,1
800011c8:	fef42423          	sw	a5,-24(s0)
800011cc:	fe842703          	lw	a4,-24(s0)
800011d0:	04f00793          	li	a5,79
800011d4:	eee7fae3          	bgeu	a5,a4,800010c8 <perf_matrix_80x80+0x40>
800011d8:	fe042023          	sw	zero,-32(s0)
800011dc:	1240006f          	j	80001300 <perf_matrix_80x80+0x278>
800011e0:	fc042e23          	sw	zero,-36(s0)
800011e4:	1040006f          	j	800012e8 <perf_matrix_80x80+0x260>
800011e8:	fc042c23          	sw	zero,-40(s0)
800011ec:	fc042a23          	sw	zero,-44(s0)
800011f0:	0800006f          	j	80001270 <perf_matrix_80x80+0x1e8>
800011f4:	fe042703          	lw	a4,-32(s0)
800011f8:	00070793          	mv	a5,a4
800011fc:	00279793          	slli	a5,a5,0x2
80001200:	00e787b3          	add	a5,a5,a4
80001204:	00479793          	slli	a5,a5,0x4
80001208:	00078713          	mv	a4,a5
8000120c:	fd442783          	lw	a5,-44(s0)
80001210:	00f707b3          	add	a5,a4,a5
80001214:	00279793          	slli	a5,a5,0x2
80001218:	fd042703          	lw	a4,-48(s0)
8000121c:	00f707b3          	add	a5,a4,a5
80001220:	0007a683          	lw	a3,0(a5)
80001224:	fd442703          	lw	a4,-44(s0)
80001228:	00070793          	mv	a5,a4
8000122c:	00279793          	slli	a5,a5,0x2
80001230:	00e787b3          	add	a5,a5,a4
80001234:	00479793          	slli	a5,a5,0x4
80001238:	00078713          	mv	a4,a5
8000123c:	fdc42783          	lw	a5,-36(s0)
80001240:	00f707b3          	add	a5,a4,a5
80001244:	00279793          	slli	a5,a5,0x2
80001248:	fcc42703          	lw	a4,-52(s0)
8000124c:	00f707b3          	add	a5,a4,a5
80001250:	0007a783          	lw	a5,0(a5)
80001254:	02f687b3          	mul	a5,a3,a5
80001258:	fd842703          	lw	a4,-40(s0)
8000125c:	00f707b3          	add	a5,a4,a5
80001260:	fcf42c23          	sw	a5,-40(s0)
80001264:	fd442783          	lw	a5,-44(s0)
80001268:	00178793          	addi	a5,a5,1
8000126c:	fcf42a23          	sw	a5,-44(s0)
80001270:	fd442703          	lw	a4,-44(s0)
80001274:	04f00793          	li	a5,79
80001278:	f6e7fee3          	bgeu	a5,a4,800011f4 <perf_matrix_80x80+0x16c>
8000127c:	fe042703          	lw	a4,-32(s0)
80001280:	00070793          	mv	a5,a4
80001284:	00279793          	slli	a5,a5,0x2
80001288:	00e787b3          	add	a5,a5,a4
8000128c:	00479793          	slli	a5,a5,0x4
80001290:	00078713          	mv	a4,a5
80001294:	fdc42783          	lw	a5,-36(s0)
80001298:	00f707b3          	add	a5,a4,a5
8000129c:	00279793          	slli	a5,a5,0x2
800012a0:	fc842703          	lw	a4,-56(s0)
800012a4:	00f707b3          	add	a5,a4,a5
800012a8:	fd842703          	lw	a4,-40(s0)
800012ac:	00e7a023          	sw	a4,0(a5)
800012b0:	fe042703          	lw	a4,-32(s0)
800012b4:	00070793          	mv	a5,a4
800012b8:	00879793          	slli	a5,a5,0x8
800012bc:	00e78733          	add	a4,a5,a4
800012c0:	fdc42783          	lw	a5,-36(s0)
800012c4:	00f70733          	add	a4,a4,a5
800012c8:	fd842783          	lw	a5,-40(s0)
800012cc:	00f747b3          	xor	a5,a4,a5
800012d0:	fec42703          	lw	a4,-20(s0)
800012d4:	00f707b3          	add	a5,a4,a5
800012d8:	fef42623          	sw	a5,-20(s0)
800012dc:	fdc42783          	lw	a5,-36(s0)
800012e0:	00178793          	addi	a5,a5,1
800012e4:	fcf42e23          	sw	a5,-36(s0)
800012e8:	fdc42703          	lw	a4,-36(s0)
800012ec:	04f00793          	li	a5,79
800012f0:	eee7fce3          	bgeu	a5,a4,800011e8 <perf_matrix_80x80+0x160>
800012f4:	fe042783          	lw	a5,-32(s0)
800012f8:	00178793          	addi	a5,a5,1
800012fc:	fef42023          	sw	a5,-32(s0)
80001300:	fe042703          	lw	a4,-32(s0)
80001304:	04f00793          	li	a5,79
80001308:	ece7fce3          	bgeu	a5,a4,800011e0 <perf_matrix_80x80+0x158>
8000130c:	801007b7          	lui	a5,0x80100
80001310:	08078793          	addi	a5,a5,128 # 80100080 <counter+0xfde40>
80001314:	0007a703          	lw	a4,0(a5)
80001318:	001967b7          	lui	a5,0x196
8000131c:	60d78793          	addi	a5,a5,1549 # 19660d <_reset-0x7fe699f3>
80001320:	02f70733          	mul	a4,a4,a5
80001324:	fec42783          	lw	a5,-20(s0)
80001328:	00f70733          	add	a4,a4,a5
8000132c:	fbc42783          	lw	a5,-68(s0)
80001330:	00f706b3          	add	a3,a4,a5
80001334:	801007b7          	lui	a5,0x80100
80001338:	08078793          	addi	a5,a5,128 # 80100080 <counter+0xfde40>
8000133c:	3c6ef737          	lui	a4,0x3c6ef
80001340:	35f70713          	addi	a4,a4,863 # 3c6ef35f <_reset-0x43910ca1>
80001344:	00e68733          	add	a4,a3,a4
80001348:	00e7a023          	sw	a4,0(a5)
8000134c:	fec42703          	lw	a4,-20(s0)
80001350:	bebc67b7          	lui	a5,0xbebc6
80001354:	87278793          	addi	a5,a5,-1934 # bebc5872 <counter+0x3ebc3632>
80001358:	00f707b3          	add	a5,a4,a5
8000135c:	0017b793          	seqz	a5,a5
80001360:	0ff7f793          	zext.b	a5,a5
80001364:	00078513          	mv	a0,a5
80001368:	04c12403          	lw	s0,76(sp)
8000136c:	05010113          	addi	sp,sp,80
80001370:	00008067          	ret

80001374 <perf_crc16>:
80001374:	fc010113          	addi	sp,sp,-64
80001378:	02812e23          	sw	s0,60(sp)
8000137c:	04010413          	addi	s0,sp,64
80001380:	fca42623          	sw	a0,-52(s0)
80001384:	801137b7          	lui	a5,0x80113
80001388:	fcf42e23          	sw	a5,-36(s0)
8000138c:	000107b7          	lui	a5,0x10
80001390:	fff78793          	addi	a5,a5,-1 # ffff <_reset-0x7fff0001>
80001394:	fef42623          	sw	a5,-20(s0)
80001398:	fe042423          	sw	zero,-24(s0)
8000139c:	05c0006f          	j	800013f8 <perf_crc16+0x84>
800013a0:	fe842783          	lw	a5,-24(s0)
800013a4:	0ff7f793          	zext.b	a5,a5
800013a8:	00078713          	mv	a4,a5
800013ac:	00371713          	slli	a4,a4,0x3
800013b0:	00f70733          	add	a4,a4,a5
800013b4:	00271713          	slli	a4,a4,0x2
800013b8:	00f707b3          	add	a5,a4,a5
800013bc:	0ff7f713          	zext.b	a4,a5
800013c0:	fe842783          	lw	a5,-24(s0)
800013c4:	0037d793          	srli	a5,a5,0x3
800013c8:	0ff7f793          	zext.b	a5,a5
800013cc:	00f707b3          	add	a5,a4,a5
800013d0:	0ff7f713          	zext.b	a4,a5
800013d4:	fdc42683          	lw	a3,-36(s0)
800013d8:	fe842783          	lw	a5,-24(s0)
800013dc:	00f687b3          	add	a5,a3,a5
800013e0:	05a70713          	addi	a4,a4,90
800013e4:	0ff77713          	zext.b	a4,a4
800013e8:	00e78023          	sb	a4,0(a5)
800013ec:	fe842783          	lw	a5,-24(s0)
800013f0:	00178793          	addi	a5,a5,1
800013f4:	fef42423          	sw	a5,-24(s0)
800013f8:	fe842703          	lw	a4,-24(s0)
800013fc:	000017b7          	lui	a5,0x1
80001400:	faf760e3          	bltu	a4,a5,800013a0 <perf_crc16+0x2c>
80001404:	fe042223          	sw	zero,-28(s0)
80001408:	0a40006f          	j	800014ac <perf_crc16+0x138>
8000140c:	fdc42703          	lw	a4,-36(s0)
80001410:	fe442783          	lw	a5,-28(s0)
80001414:	00f707b3          	add	a5,a4,a5
80001418:	0007c783          	lbu	a5,0(a5) # 1000 <_reset-0x7ffff000>
8000141c:	0ff7f793          	zext.b	a5,a5
80001420:	00879793          	slli	a5,a5,0x8
80001424:	fec42703          	lw	a4,-20(s0)
80001428:	00f747b3          	xor	a5,a4,a5
8000142c:	fef42623          	sw	a5,-20(s0)
80001430:	fe042023          	sw	zero,-32(s0)
80001434:	0600006f          	j	80001494 <perf_crc16+0x120>
80001438:	fec42703          	lw	a4,-20(s0)
8000143c:	000087b7          	lui	a5,0x8
80001440:	00f777b3          	and	a5,a4,a5
80001444:	02078663          	beqz	a5,80001470 <perf_crc16+0xfc>
80001448:	fec42783          	lw	a5,-20(s0)
8000144c:	00179713          	slli	a4,a5,0x1
80001450:	000017b7          	lui	a5,0x1
80001454:	02178793          	addi	a5,a5,33 # 1021 <_reset-0x7fffefdf>
80001458:	00f74733          	xor	a4,a4,a5
8000145c:	000107b7          	lui	a5,0x10
80001460:	fff78793          	addi	a5,a5,-1 # ffff <_reset-0x7fff0001>
80001464:	00f777b3          	and	a5,a4,a5
80001468:	fef42623          	sw	a5,-20(s0)
8000146c:	01c0006f          	j	80001488 <perf_crc16+0x114>
80001470:	fec42783          	lw	a5,-20(s0)
80001474:	00179713          	slli	a4,a5,0x1
80001478:	000107b7          	lui	a5,0x10
8000147c:	fff78793          	addi	a5,a5,-1 # ffff <_reset-0x7fff0001>
80001480:	00f777b3          	and	a5,a4,a5
80001484:	fef42623          	sw	a5,-20(s0)
80001488:	fe042783          	lw	a5,-32(s0)
8000148c:	00178793          	addi	a5,a5,1
80001490:	fef42023          	sw	a5,-32(s0)
80001494:	fe042703          	lw	a4,-32(s0)
80001498:	00700793          	li	a5,7
8000149c:	f8e7fee3          	bgeu	a5,a4,80001438 <perf_crc16+0xc4>
800014a0:	fe442783          	lw	a5,-28(s0)
800014a4:	00178793          	addi	a5,a5,1
800014a8:	fef42223          	sw	a5,-28(s0)
800014ac:	fe442703          	lw	a4,-28(s0)
800014b0:	000017b7          	lui	a5,0x1
800014b4:	f4f76ce3          	bltu	a4,a5,8000140c <perf_crc16+0x98>
800014b8:	801007b7          	lui	a5,0x80100
800014bc:	08078793          	addi	a5,a5,128 # 80100080 <counter+0xfde40>
800014c0:	0007a683          	lw	a3,0(a5)
800014c4:	fec42783          	lw	a5,-20(s0)
800014c8:	00879713          	slli	a4,a5,0x8
800014cc:	fcc42783          	lw	a5,-52(s0)
800014d0:	00f74733          	xor	a4,a4,a5
800014d4:	801007b7          	lui	a5,0x80100
800014d8:	08078793          	addi	a5,a5,128 # 80100080 <counter+0xfde40>
800014dc:	00e6c733          	xor	a4,a3,a4
800014e0:	00e7a023          	sw	a4,0(a5)
800014e4:	fec42703          	lw	a4,-20(s0)
800014e8:	fffff7b7          	lui	a5,0xfffff
800014ec:	17d78793          	addi	a5,a5,381 # fffff17d <counter+0x7fffcf3d>
800014f0:	00f707b3          	add	a5,a4,a5
800014f4:	0017b793          	seqz	a5,a5
800014f8:	0ff7f793          	zext.b	a5,a5
800014fc:	00078513          	mv	a0,a5
80001500:	03c12403          	lw	s0,60(sp)
80001504:	04010113          	addi	sp,sp,64
80001508:	00008067          	ret

8000150c <perf_bubble_sort>:
8000150c:	fc010113          	addi	sp,sp,-64
80001510:	02812e23          	sw	s0,60(sp)
80001514:	04010413          	addi	s0,sp,64
80001518:	fca42623          	sw	a0,-52(s0)
8000151c:	801147b7          	lui	a5,0x80114
80001520:	fcf42c23          	sw	a5,-40(s0)
80001524:	fe042623          	sw	zero,-20(s0)
80001528:	0700006f          	j	80001598 <perf_bubble_sort+0x8c>
8000152c:	fec42703          	lw	a4,-20(s0)
80001530:	fdb00793          	li	a5,-37
80001534:	02f70733          	mul	a4,a4,a5
80001538:	000097b7          	lui	a5,0x9
8000153c:	08878793          	addi	a5,a5,136 # 9088 <_reset-0x7fff6f78>
80001540:	00f706b3          	add	a3,a4,a5
80001544:	fec42703          	lw	a4,-20(s0)
80001548:	00070793          	mv	a5,a4
8000154c:	00379793          	slli	a5,a5,0x3
80001550:	40e787b3          	sub	a5,a5,a4
80001554:	00279793          	slli	a5,a5,0x2
80001558:	00e78733          	add	a4,a5,a4
8000155c:	000017b7          	lui	a5,0x1
80001560:	23478793          	addi	a5,a5,564 # 1234 <_reset-0x7fffedcc>
80001564:	00f707b3          	add	a5,a4,a5
80001568:	00f6c6b3          	xor	a3,a3,a5
8000156c:	fec42783          	lw	a5,-20(s0)
80001570:	00279793          	slli	a5,a5,0x2
80001574:	fd842703          	lw	a4,-40(s0)
80001578:	00f707b3          	add	a5,a4,a5
8000157c:	00010737          	lui	a4,0x10
80001580:	fff70713          	addi	a4,a4,-1 # ffff <_reset-0x7fff0001>
80001584:	00e6f733          	and	a4,a3,a4
80001588:	00e7a023          	sw	a4,0(a5)
8000158c:	fec42783          	lw	a5,-20(s0)
80001590:	00178793          	addi	a5,a5,1
80001594:	fef42623          	sw	a5,-20(s0)
80001598:	fec42703          	lw	a4,-20(s0)
8000159c:	3e700793          	li	a5,999
800015a0:	f8e7f6e3          	bgeu	a5,a4,8000152c <perf_bubble_sort+0x20>
800015a4:	fe042423          	sw	zero,-24(s0)
800015a8:	0cc0006f          	j	80001674 <perf_bubble_sort+0x168>
800015ac:	fe042223          	sw	zero,-28(s0)
800015b0:	0a00006f          	j	80001650 <perf_bubble_sort+0x144>
800015b4:	fe442783          	lw	a5,-28(s0)
800015b8:	00279793          	slli	a5,a5,0x2
800015bc:	fd842703          	lw	a4,-40(s0)
800015c0:	00f707b3          	add	a5,a4,a5
800015c4:	0007a703          	lw	a4,0(a5)
800015c8:	fe442783          	lw	a5,-28(s0)
800015cc:	00178793          	addi	a5,a5,1
800015d0:	00279793          	slli	a5,a5,0x2
800015d4:	fd842683          	lw	a3,-40(s0)
800015d8:	00f687b3          	add	a5,a3,a5
800015dc:	0007a783          	lw	a5,0(a5)
800015e0:	06e7f263          	bgeu	a5,a4,80001644 <perf_bubble_sort+0x138>
800015e4:	fe442783          	lw	a5,-28(s0)
800015e8:	00279793          	slli	a5,a5,0x2
800015ec:	fd842703          	lw	a4,-40(s0)
800015f0:	00f707b3          	add	a5,a4,a5
800015f4:	0007a783          	lw	a5,0(a5)
800015f8:	fcf42a23          	sw	a5,-44(s0)
800015fc:	fe442783          	lw	a5,-28(s0)
80001600:	00178793          	addi	a5,a5,1
80001604:	00279793          	slli	a5,a5,0x2
80001608:	fd842703          	lw	a4,-40(s0)
8000160c:	00f70733          	add	a4,a4,a5
80001610:	fe442783          	lw	a5,-28(s0)
80001614:	00279793          	slli	a5,a5,0x2
80001618:	fd842683          	lw	a3,-40(s0)
8000161c:	00f687b3          	add	a5,a3,a5
80001620:	00072703          	lw	a4,0(a4)
80001624:	00e7a023          	sw	a4,0(a5)
80001628:	fe442783          	lw	a5,-28(s0)
8000162c:	00178793          	addi	a5,a5,1
80001630:	00279793          	slli	a5,a5,0x2
80001634:	fd842703          	lw	a4,-40(s0)
80001638:	00f707b3          	add	a5,a4,a5
8000163c:	fd442703          	lw	a4,-44(s0)
80001640:	00e7a023          	sw	a4,0(a5)
80001644:	fe442783          	lw	a5,-28(s0)
80001648:	00178793          	addi	a5,a5,1
8000164c:	fef42223          	sw	a5,-28(s0)
80001650:	fe442783          	lw	a5,-28(s0)
80001654:	00178713          	addi	a4,a5,1
80001658:	3e800693          	li	a3,1000
8000165c:	fe842783          	lw	a5,-24(s0)
80001660:	40f687b3          	sub	a5,a3,a5
80001664:	f4f768e3          	bltu	a4,a5,800015b4 <perf_bubble_sort+0xa8>
80001668:	fe842783          	lw	a5,-24(s0)
8000166c:	00178793          	addi	a5,a5,1
80001670:	fef42423          	sw	a5,-24(s0)
80001674:	fe842703          	lw	a4,-24(s0)
80001678:	3e700793          	li	a5,999
8000167c:	f2e7f8e3          	bgeu	a5,a4,800015ac <perf_bubble_sort+0xa0>
80001680:	fe042023          	sw	zero,-32(s0)
80001684:	fc042e23          	sw	zero,-36(s0)
80001688:	0b00006f          	j	80001738 <perf_bubble_sort+0x22c>
8000168c:	fdc42783          	lw	a5,-36(s0)
80001690:	06078863          	beqz	a5,80001700 <perf_bubble_sort+0x1f4>
80001694:	fdc42703          	lw	a4,-36(s0)
80001698:	400007b7          	lui	a5,0x40000
8000169c:	fff78793          	addi	a5,a5,-1 # 3fffffff <_reset-0x40000001>
800016a0:	00f707b3          	add	a5,a4,a5
800016a4:	00279793          	slli	a5,a5,0x2
800016a8:	fd842703          	lw	a4,-40(s0)
800016ac:	00f707b3          	add	a5,a4,a5
800016b0:	0007a703          	lw	a4,0(a5)
800016b4:	fdc42783          	lw	a5,-36(s0)
800016b8:	00279793          	slli	a5,a5,0x2
800016bc:	fd842683          	lw	a3,-40(s0)
800016c0:	00f687b3          	add	a5,a3,a5
800016c4:	0007a783          	lw	a5,0(a5)
800016c8:	02e7fc63          	bgeu	a5,a4,80001700 <perf_bubble_sort+0x1f4>
800016cc:	801007b7          	lui	a5,0x80100
800016d0:	08078793          	addi	a5,a5,128 # 80100080 <counter+0xfde40>
800016d4:	0007a703          	lw	a4,0(a5)
800016d8:	fcc42783          	lw	a5,-52(s0)
800016dc:	00f746b3          	xor	a3,a4,a5
800016e0:	801007b7          	lui	a5,0x80100
800016e4:	08078793          	addi	a5,a5,128 # 80100080 <counter+0xfde40>
800016e8:	bad00737          	lui	a4,0xbad00
800016ec:	00370713          	addi	a4,a4,3 # bad00003 <counter+0x3acfddc3>
800016f0:	00e6c733          	xor	a4,a3,a4
800016f4:	00e7a023          	sw	a4,0(a5)
800016f8:	00000793          	li	a5,0
800016fc:	08c0006f          	j	80001788 <perf_bubble_sort+0x27c>
80001700:	fdc42783          	lw	a5,-36(s0)
80001704:	00279793          	slli	a5,a5,0x2
80001708:	fd842703          	lw	a4,-40(s0)
8000170c:	00f707b3          	add	a5,a4,a5
80001710:	0007a703          	lw	a4,0(a5)
80001714:	fdc42783          	lw	a5,-36(s0)
80001718:	00178793          	addi	a5,a5,1
8000171c:	02f707b3          	mul	a5,a4,a5
80001720:	fe042703          	lw	a4,-32(s0)
80001724:	00f707b3          	add	a5,a4,a5
80001728:	fef42023          	sw	a5,-32(s0)
8000172c:	fdc42783          	lw	a5,-36(s0)
80001730:	00178793          	addi	a5,a5,1
80001734:	fcf42e23          	sw	a5,-36(s0)
80001738:	fdc42703          	lw	a4,-36(s0)
8000173c:	3e700793          	li	a5,999
80001740:	f4e7f6e3          	bgeu	a5,a4,8000168c <perf_bubble_sort+0x180>
80001744:	801007b7          	lui	a5,0x80100
80001748:	08078793          	addi	a5,a5,128 # 80100080 <counter+0xfde40>
8000174c:	0007a683          	lw	a3,0(a5)
80001750:	fcc42783          	lw	a5,-52(s0)
80001754:	00179713          	slli	a4,a5,0x1
80001758:	fe042783          	lw	a5,-32(s0)
8000175c:	00f74733          	xor	a4,a4,a5
80001760:	801007b7          	lui	a5,0x80100
80001764:	08078793          	addi	a5,a5,128 # 80100080 <counter+0xfde40>
80001768:	00e68733          	add	a4,a3,a4
8000176c:	00e7a023          	sw	a4,0(a5)
80001770:	fe042703          	lw	a4,-32(s0)
80001774:	962d37b7          	lui	a5,0x962d3
80001778:	6e278793          	addi	a5,a5,1762 # 962d36e2 <counter+0x162d14a2>
8000177c:	00f707b3          	add	a5,a4,a5
80001780:	0017b793          	seqz	a5,a5
80001784:	0ff7f793          	zext.b	a5,a5
80001788:	00078513          	mv	a0,a5
8000178c:	03c12403          	lw	s0,60(sp)
80001790:	04010113          	addi	sp,sp,64
80001794:	00008067          	ret

80001798 <perf_prime_count>:
80001798:	fc010113          	addi	sp,sp,-64
8000179c:	02812e23          	sw	s0,60(sp)
800017a0:	04010413          	addi	s0,sp,64
800017a4:	fca42623          	sw	a0,-52(s0)
800017a8:	fe042623          	sw	zero,-20(s0)
800017ac:	fe042423          	sw	zero,-24(s0)
800017b0:	00200793          	li	a5,2
800017b4:	fef42223          	sw	a5,-28(s0)
800017b8:	07c0006f          	j	80001834 <perf_prime_count+0x9c>
800017bc:	00100793          	li	a5,1
800017c0:	fef42023          	sw	a5,-32(s0)
800017c4:	00200793          	li	a5,2
800017c8:	fcf42e23          	sw	a5,-36(s0)
800017cc:	0280006f          	j	800017f4 <perf_prime_count+0x5c>
800017d0:	fe442703          	lw	a4,-28(s0)
800017d4:	fdc42783          	lw	a5,-36(s0)
800017d8:	02f777b3          	remu	a5,a4,a5
800017dc:	00079663          	bnez	a5,800017e8 <perf_prime_count+0x50>
800017e0:	fe042023          	sw	zero,-32(s0)
800017e4:	0200006f          	j	80001804 <perf_prime_count+0x6c>
800017e8:	fdc42783          	lw	a5,-36(s0)
800017ec:	00178793          	addi	a5,a5,1
800017f0:	fcf42e23          	sw	a5,-36(s0)
800017f4:	fdc42783          	lw	a5,-36(s0)
800017f8:	02f787b3          	mul	a5,a5,a5
800017fc:	fe442703          	lw	a4,-28(s0)
80001800:	fcf778e3          	bgeu	a4,a5,800017d0 <perf_prime_count+0x38>
80001804:	fe042783          	lw	a5,-32(s0)
80001808:	02078063          	beqz	a5,80001828 <perf_prime_count+0x90>
8000180c:	fec42783          	lw	a5,-20(s0)
80001810:	00178793          	addi	a5,a5,1
80001814:	fef42623          	sw	a5,-20(s0)
80001818:	fe842703          	lw	a4,-24(s0)
8000181c:	fe442783          	lw	a5,-28(s0)
80001820:	00f707b3          	add	a5,a4,a5
80001824:	fef42423          	sw	a5,-24(s0)
80001828:	fe442783          	lw	a5,-28(s0)
8000182c:	00178793          	addi	a5,a5,1
80001830:	fef42223          	sw	a5,-28(s0)
80001834:	fe442703          	lw	a4,-28(s0)
80001838:	7d000793          	li	a5,2000
8000183c:	f8e7f0e3          	bgeu	a5,a4,800017bc <perf_prime_count+0x24>
80001840:	801007b7          	lui	a5,0x80100
80001844:	08078793          	addi	a5,a5,128 # 80100080 <counter+0xfde40>
80001848:	0007a683          	lw	a3,0(a5)
8000184c:	fec42783          	lw	a5,-20(s0)
80001850:	01079713          	slli	a4,a5,0x10
80001854:	fe842783          	lw	a5,-24(s0)
80001858:	00f74733          	xor	a4,a4,a5
8000185c:	fcc42783          	lw	a5,-52(s0)
80001860:	00f74733          	xor	a4,a4,a5
80001864:	801007b7          	lui	a5,0x80100
80001868:	08078793          	addi	a5,a5,128 # 80100080 <counter+0xfde40>
8000186c:	00e6c733          	xor	a4,a3,a4
80001870:	00e7a023          	sw	a4,0(a5)
80001874:	fec42703          	lw	a4,-20(s0)
80001878:	12f00793          	li	a5,303
8000187c:	00f71e63          	bne	a4,a5,80001898 <perf_prime_count+0x100>
80001880:	fe842703          	lw	a4,-24(s0)
80001884:	000447b7          	lui	a5,0x44
80001888:	a3a78793          	addi	a5,a5,-1478 # 43a3a <_reset-0x7ffbc5c6>
8000188c:	00f71663          	bne	a4,a5,80001898 <perf_prime_count+0x100>
80001890:	00100793          	li	a5,1
80001894:	0080006f          	j	8000189c <perf_prime_count+0x104>
80001898:	00000793          	li	a5,0
8000189c:	00078513          	mv	a0,a5
800018a0:	03c12403          	lw	s0,60(sp)
800018a4:	04010113          	addi	sp,sp,64
800018a8:	00008067          	ret

800018ac <perf_state_machine>:
800018ac:	fc010113          	addi	sp,sp,-64
800018b0:	02812e23          	sw	s0,60(sp)
800018b4:	04010413          	addi	s0,sp,64
800018b8:	fca42623          	sw	a0,-52(s0)
800018bc:	801157b7          	lui	a5,0x80115
800018c0:	fcf42e23          	sw	a5,-36(s0)
800018c4:	fe042623          	sw	zero,-20(s0)
800018c8:	fe042423          	sw	zero,-24(s0)
800018cc:	fe042223          	sw	zero,-28(s0)
800018d0:	0580006f          	j	80001928 <perf_state_machine+0x7c>
800018d4:	fe442783          	lw	a5,-28(s0)
800018d8:	0ff7f793          	zext.b	a5,a5
800018dc:	00078713          	mv	a4,a5
800018e0:	00070793          	mv	a5,a4
800018e4:	00479793          	slli	a5,a5,0x4
800018e8:	00e787b3          	add	a5,a5,a4
800018ec:	0ff7f713          	zext.b	a4,a5
800018f0:	fe442783          	lw	a5,-28(s0)
800018f4:	0027d793          	srli	a5,a5,0x2
800018f8:	0ff7f793          	zext.b	a5,a5
800018fc:	00f707b3          	add	a5,a4,a5
80001900:	0ff7f713          	zext.b	a4,a5
80001904:	fdc42683          	lw	a3,-36(s0)
80001908:	fe442783          	lw	a5,-28(s0)
8000190c:	00f687b3          	add	a5,a3,a5
80001910:	03170713          	addi	a4,a4,49
80001914:	0ff77713          	zext.b	a4,a4
80001918:	00e78023          	sb	a4,0(a5) # 80115000 <counter+0x112dc0>
8000191c:	fe442783          	lw	a5,-28(s0)
80001920:	00178793          	addi	a5,a5,1
80001924:	fef42223          	sw	a5,-28(s0)
80001928:	fe442703          	lw	a4,-28(s0)
8000192c:	000017b7          	lui	a5,0x1
80001930:	faf762e3          	bltu	a4,a5,800018d4 <perf_state_machine+0x28>
80001934:	fe042023          	sw	zero,-32(s0)
80001938:	1200006f          	j	80001a58 <perf_state_machine+0x1ac>
8000193c:	fdc42703          	lw	a4,-36(s0)
80001940:	fe042783          	lw	a5,-32(s0)
80001944:	00f707b3          	add	a5,a4,a5
80001948:	0007c783          	lbu	a5,0(a5) # 1000 <_reset-0x7ffff000>
8000194c:	0ff7f793          	zext.b	a5,a5
80001950:	fcf42c23          	sw	a5,-40(s0)
80001954:	fd842703          	lw	a4,-40(s0)
80001958:	02f00793          	li	a5,47
8000195c:	02e7fc63          	bgeu	a5,a4,80001994 <perf_state_machine+0xe8>
80001960:	fd842703          	lw	a4,-40(s0)
80001964:	03900793          	li	a5,57
80001968:	02e7e663          	bltu	a5,a4,80001994 <perf_state_machine+0xe8>
8000196c:	fec42703          	lw	a4,-20(s0)
80001970:	00070793          	mv	a5,a4
80001974:	00179793          	slli	a5,a5,0x1
80001978:	00e78733          	add	a4,a5,a4
8000197c:	fd842783          	lw	a5,-40(s0)
80001980:	00f707b3          	add	a5,a4,a5
80001984:	fd178793          	addi	a5,a5,-47
80001988:	0ff7f793          	zext.b	a5,a5
8000198c:	fef42623          	sw	a5,-20(s0)
80001990:	08c0006f          	j	80001a1c <perf_state_machine+0x170>
80001994:	fd842703          	lw	a4,-40(s0)
80001998:	04000793          	li	a5,64
8000199c:	02e7f663          	bgeu	a5,a4,800019c8 <perf_state_machine+0x11c>
800019a0:	fd842703          	lw	a4,-40(s0)
800019a4:	05a00793          	li	a5,90
800019a8:	02e7e063          	bltu	a5,a4,800019c8 <perf_state_machine+0x11c>
800019ac:	fd842783          	lw	a5,-40(s0)
800019b0:	fca78713          	addi	a4,a5,-54
800019b4:	fec42783          	lw	a5,-20(s0)
800019b8:	00f747b3          	xor	a5,a4,a5
800019bc:	0ff7f793          	zext.b	a5,a5
800019c0:	fef42623          	sw	a5,-20(s0)
800019c4:	0580006f          	j	80001a1c <perf_state_machine+0x170>
800019c8:	fd842703          	lw	a4,-40(s0)
800019cc:	06000793          	li	a5,96
800019d0:	02e7fc63          	bgeu	a5,a4,80001a08 <perf_state_machine+0x15c>
800019d4:	fd842703          	lw	a4,-40(s0)
800019d8:	07a00793          	li	a5,122
800019dc:	02e7e663          	bltu	a5,a4,80001a08 <perf_state_machine+0x15c>
800019e0:	fd842703          	lw	a4,-40(s0)
800019e4:	00070793          	mv	a5,a4
800019e8:	00279793          	slli	a5,a5,0x2
800019ec:	00e78733          	add	a4,a5,a4
800019f0:	fec42783          	lw	a5,-20(s0)
800019f4:	00f707b3          	add	a5,a4,a5
800019f8:	e2278793          	addi	a5,a5,-478
800019fc:	0ff7f793          	zext.b	a5,a5
80001a00:	fef42623          	sw	a5,-20(s0)
80001a04:	0180006f          	j	80001a1c <perf_state_machine+0x170>
80001a08:	fec42783          	lw	a5,-20(s0)
80001a0c:	00179793          	slli	a5,a5,0x1
80001a10:	05a7c793          	xori	a5,a5,90
80001a14:	0ff7f793          	zext.b	a5,a5
80001a18:	fef42623          	sw	a5,-20(s0)
80001a1c:	fe842703          	lw	a4,-24(s0)
80001a20:	00070793          	mv	a5,a4
80001a24:	00479793          	slli	a5,a5,0x4
80001a28:	00e78733          	add	a4,a5,a4
80001a2c:	fec42783          	lw	a5,-20(s0)
80001a30:	00f70733          	add	a4,a4,a5
80001a34:	fd842783          	lw	a5,-40(s0)
80001a38:	00f70733          	add	a4,a4,a5
80001a3c:	000107b7          	lui	a5,0x10
80001a40:	fff78793          	addi	a5,a5,-1 # ffff <_reset-0x7fff0001>
80001a44:	00f777b3          	and	a5,a4,a5
80001a48:	fef42423          	sw	a5,-24(s0)
80001a4c:	fe042783          	lw	a5,-32(s0)
80001a50:	00178793          	addi	a5,a5,1
80001a54:	fef42023          	sw	a5,-32(s0)
80001a58:	fe042703          	lw	a4,-32(s0)
80001a5c:	000017b7          	lui	a5,0x1
80001a60:	ecf76ee3          	bltu	a4,a5,8000193c <perf_state_machine+0x90>
80001a64:	801007b7          	lui	a5,0x80100
80001a68:	08078793          	addi	a5,a5,128 # 80100080 <counter+0xfde40>
80001a6c:	0007a783          	lw	a5,0(a5)
80001a70:	00379713          	slli	a4,a5,0x3
80001a74:	801007b7          	lui	a5,0x80100
80001a78:	08078793          	addi	a5,a5,128 # 80100080 <counter+0xfde40>
80001a7c:	0007a783          	lw	a5,0(a5)
80001a80:	0027d793          	srli	a5,a5,0x2
80001a84:	00f74733          	xor	a4,a4,a5
80001a88:	fe842783          	lw	a5,-24(s0)
80001a8c:	00f746b3          	xor	a3,a4,a5
80001a90:	801007b7          	lui	a5,0x80100
80001a94:	08078793          	addi	a5,a5,128 # 80100080 <counter+0xfde40>
80001a98:	fcc42703          	lw	a4,-52(s0)
80001a9c:	00e6c733          	xor	a4,a3,a4
80001aa0:	00e7a023          	sw	a4,0(a5)
80001aa4:	fe842703          	lw	a4,-24(s0)
80001aa8:	ffff87b7          	lui	a5,0xffff8
80001aac:	8ce78793          	addi	a5,a5,-1842 # ffff78ce <counter+0x7fff568e>
80001ab0:	00f707b3          	add	a5,a4,a5
80001ab4:	0017b793          	seqz	a5,a5
80001ab8:	0ff7f793          	zext.b	a5,a5
80001abc:	00078513          	mv	a0,a5
80001ac0:	03c12403          	lw	s0,60(sp)
80001ac4:	04010113          	addi	sp,sp,64
80001ac8:	00008067          	ret

80001acc <perf_array_transform>:
80001acc:	fc010113          	addi	sp,sp,-64
80001ad0:	02812e23          	sw	s0,60(sp)
80001ad4:	04010413          	addi	s0,sp,64
80001ad8:	fca42623          	sw	a0,-52(s0)
80001adc:	801167b7          	lui	a5,0x80116
80001ae0:	fcf42c23          	sw	a5,-40(s0)
80001ae4:	fe042623          	sw	zero,-20(s0)
80001ae8:	fe042423          	sw	zero,-24(s0)
80001aec:	04c0006f          	j	80001b38 <perf_array_transform+0x6c>
80001af0:	fe842703          	lw	a4,-24(s0)
80001af4:	00070793          	mv	a5,a4
80001af8:	00179793          	slli	a5,a5,0x1
80001afc:	00e787b3          	add	a5,a5,a4
80001b00:	00279793          	slli	a5,a5,0x2
80001b04:	00e787b3          	add	a5,a5,a4
80001b08:	00778693          	addi	a3,a5,7 # 80116007 <counter+0x113dc7>
80001b0c:	fe842783          	lw	a5,-24(s0)
80001b10:	00479713          	slli	a4,a5,0x4
80001b14:	fe842783          	lw	a5,-24(s0)
80001b18:	00279793          	slli	a5,a5,0x2
80001b1c:	fd842603          	lw	a2,-40(s0)
80001b20:	00f607b3          	add	a5,a2,a5
80001b24:	00e6c733          	xor	a4,a3,a4
80001b28:	00e7a023          	sw	a4,0(a5)
80001b2c:	fe842783          	lw	a5,-24(s0)
80001b30:	00178793          	addi	a5,a5,1
80001b34:	fef42423          	sw	a5,-24(s0)
80001b38:	fe842703          	lw	a4,-24(s0)
80001b3c:	7ff00793          	li	a5,2047
80001b40:	fae7f8e3          	bgeu	a5,a4,80001af0 <perf_array_transform+0x24>
80001b44:	fe042223          	sw	zero,-28(s0)
80001b48:	0c40006f          	j	80001c0c <perf_array_transform+0x140>
80001b4c:	fe442783          	lw	a5,-28(s0)
80001b50:	00279793          	slli	a5,a5,0x2
80001b54:	fd842703          	lw	a4,-40(s0)
80001b58:	00f707b3          	add	a5,a4,a5
80001b5c:	0007a783          	lw	a5,0(a5)
80001b60:	fef42023          	sw	a5,-32(s0)
80001b64:	fc042e23          	sw	zero,-36(s0)
80001b68:	04c0006f          	j	80001bb4 <perf_array_transform+0xe8>
80001b6c:	fe042783          	lw	a5,-32(s0)
80001b70:	00379713          	slli	a4,a5,0x3
80001b74:	01d7d793          	srli	a5,a5,0x1d
80001b78:	00e7e7b3          	or	a5,a5,a4
80001b7c:	fdc42683          	lw	a3,-36(s0)
80001b80:	00068713          	mv	a4,a3
80001b84:	00871713          	slli	a4,a4,0x8
80001b88:	00d706b3          	add	a3,a4,a3
80001b8c:	fe442703          	lw	a4,-28(s0)
80001b90:	00e686b3          	add	a3,a3,a4
80001b94:	55aa0737          	lui	a4,0x55aa0
80001b98:	0ff70713          	addi	a4,a4,255 # 55aa00ff <_reset-0x2a55ff01>
80001b9c:	00e68733          	add	a4,a3,a4
80001ba0:	00e7c7b3          	xor	a5,a5,a4
80001ba4:	fef42023          	sw	a5,-32(s0)
80001ba8:	fdc42783          	lw	a5,-36(s0)
80001bac:	00178793          	addi	a5,a5,1
80001bb0:	fcf42e23          	sw	a5,-36(s0)
80001bb4:	fdc42703          	lw	a4,-36(s0)
80001bb8:	00200793          	li	a5,2
80001bbc:	fae7f8e3          	bgeu	a5,a4,80001b6c <perf_array_transform+0xa0>
80001bc0:	fe442783          	lw	a5,-28(s0)
80001bc4:	00279793          	slli	a5,a5,0x2
80001bc8:	fd842703          	lw	a4,-40(s0)
80001bcc:	00f707b3          	add	a5,a4,a5
80001bd0:	fe042703          	lw	a4,-32(s0)
80001bd4:	00e7a023          	sw	a4,0(a5)
80001bd8:	fe042703          	lw	a4,-32(s0)
80001bdc:	000107b7          	lui	a5,0x10
80001be0:	fff78793          	addi	a5,a5,-1 # ffff <_reset-0x7fff0001>
80001be4:	00f77733          	and	a4,a4,a5
80001be8:	fe442783          	lw	a5,-28(s0)
80001bec:	00178793          	addi	a5,a5,1
80001bf0:	02f707b3          	mul	a5,a4,a5
80001bf4:	fec42703          	lw	a4,-20(s0)
80001bf8:	00f707b3          	add	a5,a4,a5
80001bfc:	fef42623          	sw	a5,-20(s0)
80001c00:	fe442783          	lw	a5,-28(s0)
80001c04:	00178793          	addi	a5,a5,1
80001c08:	fef42223          	sw	a5,-28(s0)
80001c0c:	fe442703          	lw	a4,-28(s0)
80001c10:	7ff00793          	li	a5,2047
80001c14:	f2e7fce3          	bgeu	a5,a4,80001b4c <perf_array_transform+0x80>
80001c18:	801007b7          	lui	a5,0x80100
80001c1c:	08078793          	addi	a5,a5,128 # 80100080 <counter+0xfde40>
80001c20:	0007a683          	lw	a3,0(a5)
80001c24:	fcc42703          	lw	a4,-52(s0)
80001c28:	00070793          	mv	a5,a4
80001c2c:	00579793          	slli	a5,a5,0x5
80001c30:	00e78733          	add	a4,a5,a4
80001c34:	fec42783          	lw	a5,-20(s0)
80001c38:	00f70733          	add	a4,a4,a5
80001c3c:	801007b7          	lui	a5,0x80100
80001c40:	08078793          	addi	a5,a5,128 # 80100080 <counter+0xfde40>
80001c44:	00e68733          	add	a4,a3,a4
80001c48:	00e7a023          	sw	a4,0(a5)
80001c4c:	fec42703          	lw	a4,-20(s0)
80001c50:	fb94b7b7          	lui	a5,0xfb94b
80001c54:	00f707b3          	add	a5,a4,a5
80001c58:	0017b793          	seqz	a5,a5
80001c5c:	0ff7f793          	zext.b	a5,a5
80001c60:	00078513          	mv	a0,a5
80001c64:	03c12403          	lw	s0,60(sp)
80001c68:	04010113          	addi	sp,sp,64
80001c6c:	00008067          	ret

80001c70 <perf_linked_walk>:
80001c70:	fc010113          	addi	sp,sp,-64
80001c74:	02812e23          	sw	s0,60(sp)
80001c78:	04010413          	addi	s0,sp,64
80001c7c:	fca42623          	sw	a0,-52(s0)
80001c80:	801187b7          	lui	a5,0x80118
80001c84:	fcf42e23          	sw	a5,-36(s0)
80001c88:	801197b7          	lui	a5,0x80119
80001c8c:	80078793          	addi	a5,a5,-2048 # 80118800 <counter+0x1165c0>
80001c90:	fcf42c23          	sw	a5,-40(s0)
80001c94:	fe042623          	sw	zero,-20(s0)
80001c98:	fe042423          	sw	zero,-24(s0)
80001c9c:	fe042223          	sw	zero,-28(s0)
80001ca0:	0800006f          	j	80001d20 <perf_linked_walk+0xb0>
80001ca4:	fe442703          	lw	a4,-28(s0)
80001ca8:	00070793          	mv	a5,a4
80001cac:	00379793          	slli	a5,a5,0x3
80001cb0:	00e787b3          	add	a5,a5,a4
80001cb4:	00379793          	slli	a5,a5,0x3
80001cb8:	00e787b3          	add	a5,a5,a4
80001cbc:	01378713          	addi	a4,a5,19
80001cc0:	fe442783          	lw	a5,-28(s0)
80001cc4:	00279793          	slli	a5,a5,0x2
80001cc8:	fdc42683          	lw	a3,-36(s0)
80001ccc:	00f687b3          	add	a5,a3,a5
80001cd0:	1ff77713          	andi	a4,a4,511
80001cd4:	00e7a023          	sw	a4,0(a5)
80001cd8:	fe442703          	lw	a4,-28(s0)
80001cdc:	00070793          	mv	a5,a4
80001ce0:	00579793          	slli	a5,a5,0x5
80001ce4:	40e78733          	sub	a4,a5,a4
80001ce8:	fe442783          	lw	a5,-28(s0)
80001cec:	00379793          	slli	a5,a5,0x3
80001cf0:	00f746b3          	xor	a3,a4,a5
80001cf4:	fe442783          	lw	a5,-28(s0)
80001cf8:	00279793          	slli	a5,a5,0x2
80001cfc:	fd842703          	lw	a4,-40(s0)
80001d00:	00f707b3          	add	a5,a4,a5
80001d04:	00005737          	lui	a4,0x5
80001d08:	5aa70713          	addi	a4,a4,1450 # 55aa <_reset-0x7fffaa56>
80001d0c:	00e6c733          	xor	a4,a3,a4
80001d10:	00e7a023          	sw	a4,0(a5)
80001d14:	fe442783          	lw	a5,-28(s0)
80001d18:	00178793          	addi	a5,a5,1
80001d1c:	fef42223          	sw	a5,-28(s0)
80001d20:	fe442703          	lw	a4,-28(s0)
80001d24:	1ff00793          	li	a5,511
80001d28:	f6e7fee3          	bgeu	a5,a4,80001ca4 <perf_linked_walk+0x34>
80001d2c:	fe042023          	sw	zero,-32(s0)
80001d30:	05c0006f          	j	80001d8c <perf_linked_walk+0x11c>
80001d34:	fe842703          	lw	a4,-24(s0)
80001d38:	00070793          	mv	a5,a4
80001d3c:	00379793          	slli	a5,a5,0x3
80001d40:	00e78733          	add	a4,a5,a4
80001d44:	fec42783          	lw	a5,-20(s0)
80001d48:	00279793          	slli	a5,a5,0x2
80001d4c:	fd842683          	lw	a3,-40(s0)
80001d50:	00f687b3          	add	a5,a3,a5
80001d54:	0007a783          	lw	a5,0(a5)
80001d58:	00f707b3          	add	a5,a4,a5
80001d5c:	fe042703          	lw	a4,-32(s0)
80001d60:	00f707b3          	add	a5,a4,a5
80001d64:	fef42423          	sw	a5,-24(s0)
80001d68:	fec42783          	lw	a5,-20(s0)
80001d6c:	00279793          	slli	a5,a5,0x2
80001d70:	fdc42703          	lw	a4,-36(s0)
80001d74:	00f707b3          	add	a5,a4,a5
80001d78:	0007a783          	lw	a5,0(a5)
80001d7c:	fef42623          	sw	a5,-20(s0)
80001d80:	fe042783          	lw	a5,-32(s0)
80001d84:	00178793          	addi	a5,a5,1
80001d88:	fef42023          	sw	a5,-32(s0)
80001d8c:	fe042703          	lw	a4,-32(s0)
80001d90:	000017b7          	lui	a5,0x1
80001d94:	faf760e3          	bltu	a4,a5,80001d34 <perf_linked_walk+0xc4>
80001d98:	801007b7          	lui	a5,0x80100
80001d9c:	08078793          	addi	a5,a5,128 # 80100080 <counter+0xfde40>
80001da0:	0007a683          	lw	a3,0(a5)
80001da4:	fec42783          	lw	a5,-20(s0)
80001da8:	01879713          	slli	a4,a5,0x18
80001dac:	fe842783          	lw	a5,-24(s0)
80001db0:	00f70733          	add	a4,a4,a5
80001db4:	fcc42783          	lw	a5,-52(s0)
80001db8:	00f70733          	add	a4,a4,a5
80001dbc:	801007b7          	lui	a5,0x80100
80001dc0:	08078793          	addi	a5,a5,128 # 80100080 <counter+0xfde40>
80001dc4:	00e6c733          	xor	a4,a3,a4
80001dc8:	00e7a023          	sw	a4,0(a5)
80001dcc:	fec42783          	lw	a5,-20(s0)
80001dd0:	00079c63          	bnez	a5,80001de8 <perf_linked_walk+0x178>
80001dd4:	fe842703          	lw	a4,-24(s0)
80001dd8:	2894c7b7          	lui	a5,0x2894c
80001ddc:	00f71663          	bne	a4,a5,80001de8 <perf_linked_walk+0x178>
80001de0:	00100793          	li	a5,1
80001de4:	0080006f          	j	80001dec <perf_linked_walk+0x17c>
80001de8:	00000793          	li	a5,0
80001dec:	00078513          	mv	a0,a5
80001df0:	03c12403          	lw	s0,60(sp)
80001df4:	04010113          	addi	sp,sp,64
80001df8:	00008067          	ret

80001dfc <perf_bit_mix>:
80001dfc:	fd010113          	addi	sp,sp,-48
80001e00:	02812623          	sw	s0,44(sp)
80001e04:	03010413          	addi	s0,sp,48
80001e08:	fca42e23          	sw	a0,-36(s0)
80001e0c:	123457b7          	lui	a5,0x12345
80001e10:	67878793          	addi	a5,a5,1656 # 12345678 <_reset-0x6dcba988>
80001e14:	fef42623          	sw	a5,-20(s0)
80001e18:	fe042423          	sw	zero,-24(s0)
80001e1c:	0680006f          	j	80001e84 <perf_bit_mix+0x88>
80001e20:	fec42783          	lw	a5,-20(s0)
80001e24:	00d79793          	slli	a5,a5,0xd
80001e28:	fec42703          	lw	a4,-20(s0)
80001e2c:	00f747b3          	xor	a5,a4,a5
80001e30:	fef42623          	sw	a5,-20(s0)
80001e34:	fec42783          	lw	a5,-20(s0)
80001e38:	0117d793          	srli	a5,a5,0x11
80001e3c:	fec42703          	lw	a4,-20(s0)
80001e40:	00f747b3          	xor	a5,a4,a5
80001e44:	fef42623          	sw	a5,-20(s0)
80001e48:	fec42783          	lw	a5,-20(s0)
80001e4c:	00579793          	slli	a5,a5,0x5
80001e50:	fec42703          	lw	a4,-20(s0)
80001e54:	00f747b3          	xor	a5,a4,a5
80001e58:	fef42623          	sw	a5,-20(s0)
80001e5c:	fe842703          	lw	a4,-24(s0)
80001e60:	fec42783          	lw	a5,-20(s0)
80001e64:	00f70733          	add	a4,a4,a5
80001e68:	9e3787b7          	lui	a5,0x9e378
80001e6c:	9b978793          	addi	a5,a5,-1607 # 9e3779b9 <counter+0x1e375779>
80001e70:	00f707b3          	add	a5,a4,a5
80001e74:	fef42623          	sw	a5,-20(s0)
80001e78:	fe842783          	lw	a5,-24(s0)
80001e7c:	00178793          	addi	a5,a5,1
80001e80:	fef42423          	sw	a5,-24(s0)
80001e84:	fe842703          	lw	a4,-24(s0)
80001e88:	000017b7          	lui	a5,0x1
80001e8c:	f8f76ae3          	bltu	a4,a5,80001e20 <perf_bit_mix+0x24>
80001e90:	801007b7          	lui	a5,0x80100
80001e94:	08078793          	addi	a5,a5,128 # 80100080 <counter+0xfde40>
80001e98:	0007a683          	lw	a3,0(a5)
80001e9c:	fec42703          	lw	a4,-20(s0)
80001ea0:	fdc42783          	lw	a5,-36(s0)
80001ea4:	00f74733          	xor	a4,a4,a5
80001ea8:	801007b7          	lui	a5,0x80100
80001eac:	08078793          	addi	a5,a5,128 # 80100080 <counter+0xfde40>
80001eb0:	00e68733          	add	a4,a3,a4
80001eb4:	00e7a023          	sw	a4,0(a5)
80001eb8:	fec42703          	lw	a4,-20(s0)
80001ebc:	2476b7b7          	lui	a5,0x2476b
80001ec0:	27278793          	addi	a5,a5,626 # 2476b272 <_reset-0x5b894d8e>
80001ec4:	00f707b3          	add	a5,a4,a5
80001ec8:	0017b793          	seqz	a5,a5
80001ecc:	0ff7f793          	zext.b	a5,a5
80001ed0:	00078513          	mv	a0,a5
80001ed4:	02c12403          	lw	s0,44(sp)
80001ed8:	03010113          	addi	sp,sp,48
80001edc:	00008067          	ret

80001ee0 <main>:
80001ee0:	fc010113          	addi	sp,sp,-64
80001ee4:	02112e23          	sw	ra,60(sp)
80001ee8:	02812c23          	sw	s0,56(sp)
80001eec:	02912a23          	sw	s1,52(sp)
80001ef0:	04010413          	addi	s0,sp,64
80001ef4:	fc042a23          	sw	zero,-44(s0)
80001ef8:	fc042823          	sw	zero,-48(s0)
80001efc:	fc042623          	sw	zero,-52(s0)
80001f00:	fc042423          	sw	zero,-56(s0)
80001f04:	ffffe097          	auipc	ra,0xffffe
80001f08:	294080e7          	jalr	660(ra) # 80000198 <clear_summary>
80001f0c:	801007b7          	lui	a5,0x80100
80001f10:	08078793          	addi	a5,a5,128 # 80100080 <counter+0xfde40>
80001f14:	1357a737          	lui	a4,0x1357a
80001f18:	bdf70713          	addi	a4,a4,-1057 # 13579bdf <_reset-0x6ca86421>
80001f1c:	00e7a023          	sw	a4,0(a5)
80001f20:	fd040713          	addi	a4,s0,-48
80001f24:	fd440793          	addi	a5,s0,-44
80001f28:	00070593          	mv	a1,a4
80001f2c:	00078513          	mv	a0,a5
80001f30:	ffffe097          	auipc	ra,0xffffe
80001f34:	5d8080e7          	jalr	1496(ra) # 80000508 <run_rv32i_tests>
80001f38:	fc840713          	addi	a4,s0,-56
80001f3c:	fcc40793          	addi	a5,s0,-52
80001f40:	00070593          	mv	a1,a4
80001f44:	00078513          	mv	a0,a5
80001f48:	fffff097          	auipc	ra,0xfffff
80001f4c:	f20080e7          	jalr	-224(ra) # 80000e68 <run_m_tests>
80001f50:	ffffe097          	auipc	ra,0xffffe
80001f54:	2d0080e7          	jalr	720(ra) # 80000220 <csr_trap_smoke>
80001f58:	fea42223          	sw	a0,-28(s0)
80001f5c:	801007b7          	lui	a5,0x80100
80001f60:	fd442703          	lw	a4,-44(s0)
80001f64:	00e7a023          	sw	a4,0(a5) # 80100000 <counter+0xfddc0>
80001f68:	801007b7          	lui	a5,0x80100
80001f6c:	00478793          	addi	a5,a5,4 # 80100004 <counter+0xfddc4>
80001f70:	fd042703          	lw	a4,-48(s0)
80001f74:	00e7a023          	sw	a4,0(a5)
80001f78:	801007b7          	lui	a5,0x80100
80001f7c:	03078793          	addi	a5,a5,48 # 80100030 <counter+0xfddf0>
80001f80:	fcc42703          	lw	a4,-52(s0)
80001f84:	00e7a023          	sw	a4,0(a5)
80001f88:	801007b7          	lui	a5,0x80100
80001f8c:	03478793          	addi	a5,a5,52 # 80100034 <counter+0xfddf4>
80001f90:	fc842703          	lw	a4,-56(s0)
80001f94:	00e7a023          	sw	a4,0(a5)
80001f98:	030307b7          	lui	a5,0x3030
80001f9c:	30378793          	addi	a5,a5,771 # 3030303 <_reset-0x7cfcfcfd>
80001fa0:	fef42623          	sw	a5,-20(s0)
80001fa4:	802007b7          	lui	a5,0x80200
80001fa8:	05078793          	addi	a5,a5,80 # 80200050 <counter+0x1fde10>
80001fac:	80000737          	lui	a4,0x80000
80001fb0:	00e7a023          	sw	a4,0(a5)
80001fb4:	fe042423          	sw	zero,-24(s0)
80001fb8:	1300006f          	j	800020e8 <main+0x208>
80001fbc:	fe842503          	lw	a0,-24(s0)
80001fc0:	fffff097          	auipc	ra,0xfffff
80001fc4:	0c8080e7          	jalr	200(ra) # 80001088 <perf_matrix_80x80>
80001fc8:	00050793          	mv	a5,a0
80001fcc:	00079863          	bnez	a5,80001fdc <main+0xfc>
80001fd0:	fec42783          	lw	a5,-20(s0)
80001fd4:	ffe7f793          	andi	a5,a5,-2
80001fd8:	fef42623          	sw	a5,-20(s0)
80001fdc:	fe842503          	lw	a0,-24(s0)
80001fe0:	fffff097          	auipc	ra,0xfffff
80001fe4:	394080e7          	jalr	916(ra) # 80001374 <perf_crc16>
80001fe8:	00050793          	mv	a5,a0
80001fec:	00079863          	bnez	a5,80001ffc <main+0x11c>
80001ff0:	fec42783          	lw	a5,-20(s0)
80001ff4:	ffd7f793          	andi	a5,a5,-3
80001ff8:	fef42623          	sw	a5,-20(s0)
80001ffc:	fe842503          	lw	a0,-24(s0)
80002000:	fffff097          	auipc	ra,0xfffff
80002004:	50c080e7          	jalr	1292(ra) # 8000150c <perf_bubble_sort>
80002008:	00050793          	mv	a5,a0
8000200c:	00079863          	bnez	a5,8000201c <main+0x13c>
80002010:	fec42783          	lw	a5,-20(s0)
80002014:	eff7f793          	andi	a5,a5,-257
80002018:	fef42623          	sw	a5,-20(s0)
8000201c:	fe842503          	lw	a0,-24(s0)
80002020:	fffff097          	auipc	ra,0xfffff
80002024:	778080e7          	jalr	1912(ra) # 80001798 <perf_prime_count>
80002028:	00050793          	mv	a5,a0
8000202c:	00079863          	bnez	a5,8000203c <main+0x15c>
80002030:	fec42783          	lw	a5,-20(s0)
80002034:	dff7f793          	andi	a5,a5,-513
80002038:	fef42623          	sw	a5,-20(s0)
8000203c:	fe842503          	lw	a0,-24(s0)
80002040:	00000097          	auipc	ra,0x0
80002044:	86c080e7          	jalr	-1940(ra) # 800018ac <perf_state_machine>
80002048:	00050793          	mv	a5,a0
8000204c:	00079c63          	bnez	a5,80002064 <main+0x184>
80002050:	fec42703          	lw	a4,-20(s0)
80002054:	ffff07b7          	lui	a5,0xffff0
80002058:	fff78793          	addi	a5,a5,-1 # fffeffff <counter+0x7ffeddbf>
8000205c:	00f777b3          	and	a5,a4,a5
80002060:	fef42623          	sw	a5,-20(s0)
80002064:	fe842503          	lw	a0,-24(s0)
80002068:	00000097          	auipc	ra,0x0
8000206c:	a64080e7          	jalr	-1436(ra) # 80001acc <perf_array_transform>
80002070:	00050793          	mv	a5,a0
80002074:	00079c63          	bnez	a5,8000208c <main+0x1ac>
80002078:	fec42703          	lw	a4,-20(s0)
8000207c:	fffe07b7          	lui	a5,0xfffe0
80002080:	fff78793          	addi	a5,a5,-1 # fffdffff <counter+0x7ffdddbf>
80002084:	00f777b3          	and	a5,a4,a5
80002088:	fef42623          	sw	a5,-20(s0)
8000208c:	fe842503          	lw	a0,-24(s0)
80002090:	00000097          	auipc	ra,0x0
80002094:	be0080e7          	jalr	-1056(ra) # 80001c70 <perf_linked_walk>
80002098:	00050793          	mv	a5,a0
8000209c:	00079c63          	bnez	a5,800020b4 <main+0x1d4>
800020a0:	fec42703          	lw	a4,-20(s0)
800020a4:	ff0007b7          	lui	a5,0xff000
800020a8:	fff78793          	addi	a5,a5,-1 # feffffff <counter+0x7effddbf>
800020ac:	00f777b3          	and	a5,a4,a5
800020b0:	fef42623          	sw	a5,-20(s0)
800020b4:	fe842503          	lw	a0,-24(s0)
800020b8:	00000097          	auipc	ra,0x0
800020bc:	d44080e7          	jalr	-700(ra) # 80001dfc <perf_bit_mix>
800020c0:	00050793          	mv	a5,a0
800020c4:	00079c63          	bnez	a5,800020dc <main+0x1fc>
800020c8:	fec42703          	lw	a4,-20(s0)
800020cc:	fe0007b7          	lui	a5,0xfe000
800020d0:	fff78793          	addi	a5,a5,-1 # fdffffff <counter+0x7dffddbf>
800020d4:	00f777b3          	and	a5,a4,a5
800020d8:	fef42623          	sw	a5,-20(s0)
800020dc:	fe842783          	lw	a5,-24(s0)
800020e0:	00178793          	addi	a5,a5,1
800020e4:	fef42423          	sw	a5,-24(s0)
800020e8:	fe842703          	lw	a4,-24(s0)
800020ec:	02600793          	li	a5,38
800020f0:	ece7f6e3          	bgeu	a5,a4,80001fbc <main+0xdc>
800020f4:	802007b7          	lui	a5,0x80200
800020f8:	05078793          	addi	a5,a5,80 # 80200050 <counter+0x1fde10>
800020fc:	fff00713          	li	a4,-1
80002100:	00e7a023          	sw	a4,0(a5)
80002104:	802007b7          	lui	a5,0x80200
80002108:	05078793          	addi	a5,a5,80 # 80200050 <counter+0x1fde10>
8000210c:	0007a783          	lw	a5,0(a5)
80002110:	fef42023          	sw	a5,-32(s0)
80002114:	fd442703          	lw	a4,-44(s0)
80002118:	fcc42683          	lw	a3,-52(s0)
8000211c:	802007b7          	lui	a5,0x80200
80002120:	02078493          	addi	s1,a5,32 # 80200020 <counter+0x1fdde0>
80002124:	fe042603          	lw	a2,-32(s0)
80002128:	00068593          	mv	a1,a3
8000212c:	00070513          	mv	a0,a4
80002130:	ffffe097          	auipc	ra,0xffffe
80002134:	27c080e7          	jalr	636(ra) # 800003ac <pack_seg_bcd>
80002138:	00050793          	mv	a5,a0
8000213c:	00f4a023          	sw	a5,0(s1)
80002140:	801007b7          	lui	a5,0x80100
80002144:	03878793          	addi	a5,a5,56 # 80100038 <counter+0xfddf8>
80002148:	fec42703          	lw	a4,-20(s0)
8000214c:	00e7a023          	sw	a4,0(a5)
80002150:	801007b7          	lui	a5,0x80100
80002154:	03c78793          	addi	a5,a5,60 # 8010003c <counter+0xfddfc>
80002158:	0007a023          	sw	zero,0(a5)
8000215c:	801007b7          	lui	a5,0x80100
80002160:	04078793          	addi	a5,a5,64 # 80100040 <counter+0xfde00>
80002164:	fec42703          	lw	a4,-20(s0)
80002168:	00e7a023          	sw	a4,0(a5)
8000216c:	fec42703          	lw	a4,-20(s0)
80002170:	030307b7          	lui	a5,0x3030
80002174:	30378793          	addi	a5,a5,771 # 3030303 <_reset-0x7cfcfcfd>
80002178:	00f77733          	and	a4,a4,a5
8000217c:	fcfd07b7          	lui	a5,0xfcfd0
80002180:	cfd78793          	addi	a5,a5,-771 # fcfcfcfd <counter+0x7cfcdabd>
80002184:	00f707b3          	add	a5,a4,a5
80002188:	0017b793          	seqz	a5,a5
8000218c:	0ff7f793          	zext.b	a5,a5
80002190:	fcf42e23          	sw	a5,-36(s0)
80002194:	fd442703          	lw	a4,-44(s0)
80002198:	02500793          	li	a5,37
8000219c:	02f71c63          	bne	a4,a5,800021d4 <main+0x2f4>
800021a0:	fd042783          	lw	a5,-48(s0)
800021a4:	02079863          	bnez	a5,800021d4 <main+0x2f4>
800021a8:	fcc42703          	lw	a4,-52(s0)
800021ac:	00800793          	li	a5,8
800021b0:	02f71263          	bne	a4,a5,800021d4 <main+0x2f4>
800021b4:	fc842783          	lw	a5,-56(s0)
800021b8:	00079e63          	bnez	a5,800021d4 <main+0x2f4>
800021bc:	fe442783          	lw	a5,-28(s0)
800021c0:	00078a63          	beqz	a5,800021d4 <main+0x2f4>
800021c4:	fdc42783          	lw	a5,-36(s0)
800021c8:	00078663          	beqz	a5,800021d4 <main+0x2f4>
800021cc:	00100793          	li	a5,1
800021d0:	0080006f          	j	800021d8 <main+0x2f8>
800021d4:	00000793          	li	a5,0
800021d8:	fcf42c23          	sw	a5,-40(s0)
800021dc:	fd842783          	lw	a5,-40(s0)
800021e0:	00078863          	beqz	a5,800021f0 <main+0x310>
800021e4:	048877b7          	lui	a5,0x4887
800021e8:	02078793          	addi	a5,a5,32 # 4887020 <_reset-0x7b778fe0>
800021ec:	00c0006f          	j	800021f8 <main+0x318>
800021f0:	906067b7          	lui	a5,0x90606
800021f4:	09078793          	addi	a5,a5,144 # 90606090 <counter+0x10603e50>
800021f8:	80200737          	lui	a4,0x80200
800021fc:	04070713          	addi	a4,a4,64 # 80200040 <counter+0x1fde00>
80002200:	fec42683          	lw	a3,-20(s0)
80002204:	00d7e7b3          	or	a5,a5,a3
80002208:	00f72023          	sw	a5,0(a4)
8000220c:	fd842783          	lw	a5,-40(s0)
80002210:	00f037b3          	snez	a5,a5
80002214:	0ff7f793          	zext.b	a5,a5
80002218:	00078513          	mv	a0,a5
8000221c:	03c12083          	lw	ra,60(sp)
80002220:	03812403          	lw	s0,56(sp)
80002224:	03412483          	lw	s1,52(sp)
80002228:	04010113          	addi	sp,sp,64
8000222c:	00008067          	ret
