Copyright 1986-2022 Xilinx, Inc. All Rights Reserved. Copyright 2022-2024 Advanced Micro Devices, Inc. All Rights Reserved.
------------------------------------------------------------------------------------------------------------------------------------------------------------------------------------------------------
| Tool Version : Vivado v.2024.1 (win64) Build 5076996 Wed May 22 18:37:14 MDT 2024
| Date         : Sun Mar 15 10:31:12 2026
| Host         : KuonjiAlice running 64-bit major release  (build 9200)
| Command      : report_timing_summary -max_paths 10 -report_unconstrained -file top_timing_summary_routed.rpt -pb top_timing_summary_routed.pb -rpx top_timing_summary_routed.rpx -warn_on_violation
| Design       : top
| Device       : 7k325t-ffg900
| Speed File   : -2  PRODUCTION 1.12 2017-02-17
| Design State : Routed
------------------------------------------------------------------------------------------------------------------------------------------------------------------------------------------------------

Timing Summary Report

------------------------------------------------------------------------------------------------
| Timer Settings
| --------------
------------------------------------------------------------------------------------------------

  Enable Multi Corner Analysis               :  Yes
  Enable Pessimism Removal                   :  Yes
  Pessimism Removal Resolution               :  Nearest Common Node
  Enable Input Delay Default Clock           :  No
  Enable Preset / Clear Arcs                 :  No
  Disable Flight Delays                      :  No
  Ignore I/O Paths                           :  No
  Timing Early Launch at Borrowing Latches   :  No
  Borrow Time for Max Delay Exceptions       :  Yes
  Merge Timing Exceptions                    :  Yes
  Inter-SLR Compensation                     :  Conservative

  Corner  Analyze    Analyze    
  Name    Max Paths  Min Paths  
  ------  ---------  ---------  
  Slow    Yes        Yes        
  Fast    Yes        Yes        


------------------------------------------------------------------------------------------------
| Report Methodology
| ------------------
------------------------------------------------------------------------------------------------

No report available as report_methodology has not been run prior. Run report_methodology on the current design for the summary of methodology violations.



check_timing report

Table of Contents
-----------------
1. checking no_clock (0)
2. checking constant_clock (0)
3. checking pulse_width_clock (0)
4. checking unconstrained_internal_endpoints (0)
5. checking no_input_delay (1)
6. checking no_output_delay (69)
7. checking multiple_clock (0)
8. checking generated_clocks (0)
9. checking loops (0)
10. checking partial_input_delay (0)
11. checking partial_output_delay (0)
12. checking latch_loops (0)

1. checking no_clock (0)
------------------------
 There are 0 register/latch pins with no clock.


2. checking constant_clock (0)
------------------------------
 There are 0 register/latch pins with constant_clock.


3. checking pulse_width_clock (0)
---------------------------------
 There are 0 register/latch pins which need pulse_width check


4. checking unconstrained_internal_endpoints (0)
------------------------------------------------
 There are 0 pins that are not constrained for maximum delay.

 There are 0 pins that are not constrained for maximum delay due to constant clock.


5. checking no_input_delay (1)
------------------------------
 There is 1 input port with no input delay specified. (HIGH)

 There are 0 input ports with no input delay but user has a false path constraint.


6. checking no_output_delay (69)
--------------------------------
 There are 69 ports with no output delay specified. (HIGH)

 There are 0 ports with no output delay but user has a false path constraint

 There are 0 ports with no output delay but with a timing clock defined on it or propagating through it


7. checking multiple_clock (0)
------------------------------
 There are 0 register/latch pins with multiple clocks.


8. checking generated_clocks (0)
--------------------------------
 There are 0 generated clocks that are not connected to a clock source.


9. checking loops (0)
---------------------
 There are 0 combinational loops in the design.


10. checking partial_input_delay (0)
------------------------------------
 There are 0 input ports with partial input delay specified.


11. checking partial_output_delay (0)
-------------------------------------
 There are 0 ports with partial output delay specified.


12. checking latch_loops (0)
----------------------------
 There are 0 combinational latch loops in the design through latch input



------------------------------------------------------------------------------------------------
| Design Timing Summary
| ---------------------
------------------------------------------------------------------------------------------------

    WNS(ns)      TNS(ns)  TNS Failing Endpoints  TNS Total Endpoints      WHS(ns)      THS(ns)  THS Failing Endpoints  THS Total Endpoints     WPWS(ns)     TPWS(ns)  TPWS Failing Endpoints  TPWS Total Endpoints  
    -------      -------  ---------------------  -------------------      -------      -------  ---------------------  -------------------     --------     --------  ----------------------  --------------------  
      0.296        0.000                      0                 5162        0.085        0.000                      0                 5162        1.100        0.000                       0                  2010  


All user specified timing constraints are met.


------------------------------------------------------------------------------------------------
| Clock Summary
| -------------
------------------------------------------------------------------------------------------------

Clock           Waveform(ns)         Period(ns)      Frequency(MHz)
-----           ------------         ----------      --------------
i_sys_clk_p     {0.000 2.500}        5.000           200.000         
  clk_out1_pll  {0.000 10.000}       20.000          50.000          
  clk_out2_pll  {0.000 3.333}        6.667           150.000         
  clkfbout_pll  {0.000 5.000}        10.000          100.000         


------------------------------------------------------------------------------------------------
| Intra Clock Table
| -----------------
------------------------------------------------------------------------------------------------

Clock               WNS(ns)      TNS(ns)  TNS Failing Endpoints  TNS Total Endpoints      WHS(ns)      THS(ns)  THS Failing Endpoints  THS Total Endpoints     WPWS(ns)     TPWS(ns)  TPWS Failing Endpoints  TPWS Total Endpoints  
-----               -------      -------  ---------------------  -------------------      -------      -------  ---------------------  -------------------     --------     --------  ----------------------  --------------------  
i_sys_clk_p                                                                                                                                                       1.100        0.000                       0                     1  
  clk_out1_pll       16.675        0.000                      0                  558        0.101        0.000                      0                  558        9.600        0.000                       0                   355  
  clk_out2_pll        0.296        0.000                      0                 4542        0.120        0.000                      0                 4542        2.691        0.000                       0                  1651  
  clkfbout_pll                                                                                                                                                    8.592        0.000                       0                     3  


------------------------------------------------------------------------------------------------
| Inter Clock Table
| -----------------
------------------------------------------------------------------------------------------------

From Clock    To Clock          WNS(ns)      TNS(ns)  TNS Failing Endpoints  TNS Total Endpoints      WHS(ns)      THS(ns)  THS Failing Endpoints  THS Total Endpoints  
----------    --------          -------      -------  ---------------------  -------------------      -------      -------  ---------------------  -------------------  
clk_out2_pll  clk_out1_pll        1.131        0.000                      0                   63        0.085        0.000                      0                   63  
clk_out1_pll  clk_out2_pll        2.447        0.000                      0                   32        0.156        0.000                      0                   32  


------------------------------------------------------------------------------------------------
| Other Path Groups Table
| -----------------------
------------------------------------------------------------------------------------------------

Path Group    From Clock    To Clock          WNS(ns)      TNS(ns)  TNS Failing Endpoints  TNS Total Endpoints      WHS(ns)      THS(ns)  THS Failing Endpoints  THS Total Endpoints  
----------    ----------    --------          -------      -------  ---------------------  -------------------      -------      -------  ---------------------  -------------------  


------------------------------------------------------------------------------------------------
| User Ignored Path Table
| -----------------------
------------------------------------------------------------------------------------------------

Path Group    From Clock    To Clock    
----------    ----------    --------    


------------------------------------------------------------------------------------------------
| Unconstrained Path Table
| ------------------------
------------------------------------------------------------------------------------------------

Path Group    From Clock    To Clock    
----------    ----------    --------    
(none)        clk_out1_pll                
(none)        clk_out2_pll                
(none)        clkfbout_pll                
(none)                      clk_out1_pll  


------------------------------------------------------------------------------------------------
| Timing Details
| --------------
------------------------------------------------------------------------------------------------


---------------------------------------------------------------------------------------------------
From Clock:  i_sys_clk_p
  To Clock:  i_sys_clk_p

Setup :           NA  Failing Endpoints,  Worst Slack           NA  ,  Total Violation           NA
Hold  :           NA  Failing Endpoints,  Worst Slack           NA  ,  Total Violation           NA
PW    :            0  Failing Endpoints,  Worst Slack        1.100ns,  Total Violation        0.000ns
---------------------------------------------------------------------------------------------------


Pulse Width Checks
--------------------------------------------------------------------------------------
Clock Name:         i_sys_clk_p
Waveform(ns):       { 0.000 2.500 }
Period(ns):         5.000
Sources:            { i_sys_clk_p }

Check Type        Corner  Lib Pin           Reference Pin  Required(ns)  Actual(ns)  Slack(ns)  Location        Pin
Min Period        n/a     PLLE2_ADV/CLKIN1  n/a            1.071         5.000       3.929      PLLE2_ADV_X1Y1  pll_inst/inst/plle2_adv_inst/CLKIN1
Max Period        n/a     PLLE2_ADV/CLKIN1  n/a            52.633        5.000       47.633     PLLE2_ADV_X1Y1  pll_inst/inst/plle2_adv_inst/CLKIN1
Low Pulse Width   Slow    PLLE2_ADV/CLKIN1  n/a            1.400         2.500       1.100      PLLE2_ADV_X1Y1  pll_inst/inst/plle2_adv_inst/CLKIN1
Low Pulse Width   Fast    PLLE2_ADV/CLKIN1  n/a            1.400         2.500       1.100      PLLE2_ADV_X1Y1  pll_inst/inst/plle2_adv_inst/CLKIN1
High Pulse Width  Slow    PLLE2_ADV/CLKIN1  n/a            1.400         2.500       1.100      PLLE2_ADV_X1Y1  pll_inst/inst/plle2_adv_inst/CLKIN1
High Pulse Width  Fast    PLLE2_ADV/CLKIN1  n/a            1.400         2.500       1.100      PLLE2_ADV_X1Y1  pll_inst/inst/plle2_adv_inst/CLKIN1



---------------------------------------------------------------------------------------------------
From Clock:  clk_out1_pll
  To Clock:  clk_out1_pll

Setup :            0  Failing Endpoints,  Worst Slack       16.675ns,  Total Violation        0.000ns
Hold  :            0  Failing Endpoints,  Worst Slack        0.101ns,  Total Violation        0.000ns
PW    :            0  Failing Endpoints,  Worst Slack        9.600ns,  Total Violation        0.000ns
---------------------------------------------------------------------------------------------------


Max Delay Paths
--------------------------------------------------------------------------------------
Slack (MET) :             16.675ns  (required time - arrival time)
  Source:                 student_top_inst/bridge_inst/counter_inst/cnt_1ms_reg[8]/C
                            (rising edge-triggered cell FDRE clocked by clk_out1_pll  {rise@0.000ns fall@10.000ns period=20.000ns})
  Destination:            student_top_inst/bridge_inst/counter_inst/cnt_ms_reg[0]/CE
                            (rising edge-triggered cell FDRE clocked by clk_out1_pll  {rise@0.000ns fall@10.000ns period=20.000ns})
  Path Group:             clk_out1_pll
  Path Type:              Setup (Max at Slow Process Corner)
  Requirement:            20.000ns  (clk_out1_pll rise@20.000ns - clk_out1_pll rise@0.000ns)
  Data Path Delay:        3.015ns  (logic 0.395ns (13.101%)  route 2.620ns (86.899%))
  Logic Levels:           4  (LUT2=1 LUT4=1 LUT5=1 LUT6=1)
  Clock Path Skew:        -0.046ns (DCD - SCD + CPR)
    Destination Clock Delay (DCD):    -1.948ns = ( 18.052 - 20.000 ) 
    Source Clock Delay      (SCD):    -2.274ns
    Clock Pessimism Removal (CPR):    -0.373ns
  Clock Uncertainty:      0.086ns  ((TSJ^2 + DJ^2)^1/2) / 2 + PE
    Total System Jitter     (TSJ):    0.071ns
    Discrete Jitter          (DJ):    0.157ns
    Phase Error              (PE):    0.000ns

    Location             Delay type                Incr(ns)  Path(ns)    Netlist Resource(s)
  -------------------------------------------------------------------    -------------------
                         (clock clk_out1_pll rise edge)
                                                      0.000     0.000 r  
    AD12                                              0.000     0.000 r  i_sys_clk_p (IN)
                         net (fo=0)                   0.000     0.000    pll_inst/inst/clk_in1_p
    AD12                 IBUFDS (Prop_ibufds_I_O)     0.906     0.906 r  pll_inst/inst/clkin1_ibufgds/O
                         net (fo=1, routed)           1.098     2.004    pll_inst/inst/clk_in1_pll
    PLLE2_ADV_X1Y1       PLLE2_ADV (Prop_plle2_adv_CLKIN1_CLKOUT0)
                                                     -8.058    -6.054 r  pll_inst/inst/plle2_adv_inst/CLKOUT0
                         net (fo=1, routed)           2.128    -3.926    pll_inst/inst/clk_out1_pll
    BUFGCTRL_X0Y1        BUFG (Prop_bufg_I_O)         0.093    -3.833 r  pll_inst/inst/clkout1_buf/O
                         net (fo=353, routed)         1.559    -2.274    student_top_inst/bridge_inst/counter_inst/clk_out1
    SLICE_X53Y84         FDRE                                         r  student_top_inst/bridge_inst/counter_inst/cnt_1ms_reg[8]/C
  -------------------------------------------------------------------    -------------------
    SLICE_X53Y84         FDRE (Prop_fdre_C_Q)         0.223    -2.051 r  student_top_inst/bridge_inst/counter_inst/cnt_1ms_reg[8]/Q
                         net (fo=2, routed)           0.560    -1.491    student_top_inst/bridge_inst/counter_inst/cnt_1ms_reg[8]
    SLICE_X52Y84         LUT4 (Prop_lut4_I2_O)        0.043    -1.448 f  student_top_inst/bridge_inst/counter_inst/cnt_1ms[0]_i_7/O
                         net (fo=1, routed)           0.244    -1.204    student_top_inst/bridge_inst/counter_inst/cnt_1ms[0]_i_7_n_0
    SLICE_X52Y84         LUT5 (Prop_lut5_I4_O)        0.043    -1.161 f  student_top_inst/bridge_inst/counter_inst/cnt_1ms[0]_i_6/O
                         net (fo=1, routed)           0.357    -0.804    student_top_inst/bridge_inst/counter_inst/cnt_1ms[0]_i_6_n_0
    SLICE_X52Y83         LUT6 (Prop_lut6_I5_O)        0.043    -0.761 r  student_top_inst/bridge_inst/counter_inst/cnt_1ms[0]_i_3/O
                         net (fo=2, routed)           0.590    -0.171    student_top_inst/bridge_inst/counter_inst/cnt_1ms[0]_i_3_n_0
    SLICE_X52Y78         LUT2 (Prop_lut2_I1_O)        0.043    -0.128 r  student_top_inst/bridge_inst/counter_inst/cnt_ms[0]_i_1/O
                         net (fo=32, routed)          0.869     0.741    student_top_inst/bridge_inst/counter_inst/cnt_ms0
    SLICE_X54Y67         FDRE                                         r  student_top_inst/bridge_inst/counter_inst/cnt_ms_reg[0]/CE
  -------------------------------------------------------------------    -------------------

                         (clock clk_out1_pll rise edge)
                                                     20.000    20.000 r  
    AD12                                              0.000    20.000 r  i_sys_clk_p (IN)
                         net (fo=0)                   0.000    20.000    pll_inst/inst/clk_in1_p
    AD12                 IBUFDS (Prop_ibufds_I_O)     0.803    20.803 r  pll_inst/inst/clkin1_ibufgds/O
                         net (fo=1, routed)           1.001    21.804    pll_inst/inst/clk_in1_pll
    PLLE2_ADV_X1Y1       PLLE2_ADV (Prop_plle2_adv_CLKIN1_CLKOUT0)
                                                     -7.261    14.543 r  pll_inst/inst/plle2_adv_inst/CLKOUT0
                         net (fo=1, routed)           2.003    16.546    pll_inst/inst/clk_out1_pll
    BUFGCTRL_X0Y1        BUFG (Prop_bufg_I_O)         0.083    16.629 r  pll_inst/inst/clkout1_buf/O
                         net (fo=353, routed)         1.423    18.052    student_top_inst/bridge_inst/counter_inst/clk_out1
    SLICE_X54Y67         FDRE                                         r  student_top_inst/bridge_inst/counter_inst/cnt_ms_reg[0]/C
                         clock pessimism             -0.373    17.680    
                         clock uncertainty           -0.086    17.593    
    SLICE_X54Y67         FDRE (Setup_fdre_C_CE)      -0.178    17.415    student_top_inst/bridge_inst/counter_inst/cnt_ms_reg[0]
  -------------------------------------------------------------------
                         required time                         17.415    
                         arrival time                          -0.741    
  -------------------------------------------------------------------
                         slack                                 16.675    

Slack (MET) :             16.675ns  (required time - arrival time)
  Source:                 student_top_inst/bridge_inst/counter_inst/cnt_1ms_reg[8]/C
                            (rising edge-triggered cell FDRE clocked by clk_out1_pll  {rise@0.000ns fall@10.000ns period=20.000ns})
  Destination:            student_top_inst/bridge_inst/counter_inst/cnt_ms_reg[1]/CE
                            (rising edge-triggered cell FDRE clocked by clk_out1_pll  {rise@0.000ns fall@10.000ns period=20.000ns})
  Path Group:             clk_out1_pll
  Path Type:              Setup (Max at Slow Process Corner)
  Requirement:            20.000ns  (clk_out1_pll rise@20.000ns - clk_out1_pll rise@0.000ns)
  Data Path Delay:        3.015ns  (logic 0.395ns (13.101%)  route 2.620ns (86.899%))
  Logic Levels:           4  (LUT2=1 LUT4=1 LUT5=1 LUT6=1)
  Clock Path Skew:        -0.046ns (DCD - SCD + CPR)
    Destination Clock Delay (DCD):    -1.948ns = ( 18.052 - 20.000 ) 
    Source Clock Delay      (SCD):    -2.274ns
    Clock Pessimism Removal (CPR):    -0.373ns
  Clock Uncertainty:      0.086ns  ((TSJ^2 + DJ^2)^1/2) / 2 + PE
    Total System Jitter     (TSJ):    0.071ns
    Discrete Jitter          (DJ):    0.157ns
    Phase Error              (PE):    0.000ns

    Location             Delay type                Incr(ns)  Path(ns)    Netlist Resource(s)
  -------------------------------------------------------------------    -------------------
                         (clock clk_out1_pll rise edge)
                                                      0.000     0.000 r  
    AD12                                              0.000     0.000 r  i_sys_clk_p (IN)
                         net (fo=0)                   0.000     0.000    pll_inst/inst/clk_in1_p
    AD12                 IBUFDS (Prop_ibufds_I_O)     0.906     0.906 r  pll_inst/inst/clkin1_ibufgds/O
                         net (fo=1, routed)           1.098     2.004    pll_inst/inst/clk_in1_pll
    PLLE2_ADV_X1Y1       PLLE2_ADV (Prop_plle2_adv_CLKIN1_CLKOUT0)
                                                     -8.058    -6.054 r  pll_inst/inst/plle2_adv_inst/CLKOUT0
                         net (fo=1, routed)           2.128    -3.926    pll_inst/inst/clk_out1_pll
    BUFGCTRL_X0Y1        BUFG (Prop_bufg_I_O)         0.093    -3.833 r  pll_inst/inst/clkout1_buf/O
                         net (fo=353, routed)         1.559    -2.274    student_top_inst/bridge_inst/counter_inst/clk_out1
    SLICE_X53Y84         FDRE                                         r  student_top_inst/bridge_inst/counter_inst/cnt_1ms_reg[8]/C
  -------------------------------------------------------------------    -------------------
    SLICE_X53Y84         FDRE (Prop_fdre_C_Q)         0.223    -2.051 r  student_top_inst/bridge_inst/counter_inst/cnt_1ms_reg[8]/Q
                         net (fo=2, routed)           0.560    -1.491    student_top_inst/bridge_inst/counter_inst/cnt_1ms_reg[8]
    SLICE_X52Y84         LUT4 (Prop_lut4_I2_O)        0.043    -1.448 f  student_top_inst/bridge_inst/counter_inst/cnt_1ms[0]_i_7/O
                         net (fo=1, routed)           0.244    -1.204    student_top_inst/bridge_inst/counter_inst/cnt_1ms[0]_i_7_n_0
    SLICE_X52Y84         LUT5 (Prop_lut5_I4_O)        0.043    -1.161 f  student_top_inst/bridge_inst/counter_inst/cnt_1ms[0]_i_6/O
                         net (fo=1, routed)           0.357    -0.804    student_top_inst/bridge_inst/counter_inst/cnt_1ms[0]_i_6_n_0
    SLICE_X52Y83         LUT6 (Prop_lut6_I5_O)        0.043    -0.761 r  student_top_inst/bridge_inst/counter_inst/cnt_1ms[0]_i_3/O
                         net (fo=2, routed)           0.590    -0.171    student_top_inst/bridge_inst/counter_inst/cnt_1ms[0]_i_3_n_0
    SLICE_X52Y78         LUT2 (Prop_lut2_I1_O)        0.043    -0.128 r  student_top_inst/bridge_inst/counter_inst/cnt_ms[0]_i_1/O
                         net (fo=32, routed)          0.869     0.741    student_top_inst/bridge_inst/counter_inst/cnt_ms0
    SLICE_X54Y67         FDRE                                         r  student_top_inst/bridge_inst/counter_inst/cnt_ms_reg[1]/CE
  -------------------------------------------------------------------    -------------------

                         (clock clk_out1_pll rise edge)
                                                     20.000    20.000 r  
    AD12                                              0.000    20.000 r  i_sys_clk_p (IN)
                         net (fo=0)                   0.000    20.000    pll_inst/inst/clk_in1_p
    AD12                 IBUFDS (Prop_ibufds_I_O)     0.803    20.803 r  pll_inst/inst/clkin1_ibufgds/O
                         net (fo=1, routed)           1.001    21.804    pll_inst/inst/clk_in1_pll
    PLLE2_ADV_X1Y1       PLLE2_ADV (Prop_plle2_adv_CLKIN1_CLKOUT0)
                                                     -7.261    14.543 r  pll_inst/inst/plle2_adv_inst/CLKOUT0
                         net (fo=1, routed)           2.003    16.546    pll_inst/inst/clk_out1_pll
    BUFGCTRL_X0Y1        BUFG (Prop_bufg_I_O)         0.083    16.629 r  pll_inst/inst/clkout1_buf/O
                         net (fo=353, routed)         1.423    18.052    student_top_inst/bridge_inst/counter_inst/clk_out1
    SLICE_X54Y67         FDRE                                         r  student_top_inst/bridge_inst/counter_inst/cnt_ms_reg[1]/C
                         clock pessimism             -0.373    17.680    
                         clock uncertainty           -0.086    17.593    
    SLICE_X54Y67         FDRE (Setup_fdre_C_CE)      -0.178    17.415    student_top_inst/bridge_inst/counter_inst/cnt_ms_reg[1]
  -------------------------------------------------------------------
                         required time                         17.415    
                         arrival time                          -0.741    
  -------------------------------------------------------------------
                         slack                                 16.675    

Slack (MET) :             16.675ns  (required time - arrival time)
  Source:                 student_top_inst/bridge_inst/counter_inst/cnt_1ms_reg[8]/C
                            (rising edge-triggered cell FDRE clocked by clk_out1_pll  {rise@0.000ns fall@10.000ns period=20.000ns})
  Destination:            student_top_inst/bridge_inst/counter_inst/cnt_ms_reg[2]/CE
                            (rising edge-triggered cell FDRE clocked by clk_out1_pll  {rise@0.000ns fall@10.000ns period=20.000ns})
  Path Group:             clk_out1_pll
  Path Type:              Setup (Max at Slow Process Corner)
  Requirement:            20.000ns  (clk_out1_pll rise@20.000ns - clk_out1_pll rise@0.000ns)
  Data Path Delay:        3.015ns  (logic 0.395ns (13.101%)  route 2.620ns (86.899%))
  Logic Levels:           4  (LUT2=1 LUT4=1 LUT5=1 LUT6=1)
  Clock Path Skew:        -0.046ns (DCD - SCD + CPR)
    Destination Clock Delay (DCD):    -1.948ns = ( 18.052 - 20.000 ) 
    Source Clock Delay      (SCD):    -2.274ns
    Clock Pessimism Removal (CPR):    -0.373ns
  Clock Uncertainty:      0.086ns  ((TSJ^2 + DJ^2)^1/2) / 2 + PE
    Total System Jitter     (TSJ):    0.071ns
    Discrete Jitter          (DJ):    0.157ns
    Phase Error              (PE):    0.000ns

    Location             Delay type                Incr(ns)  Path(ns)    Netlist Resource(s)
  -------------------------------------------------------------------    -------------------
                         (clock clk_out1_pll rise edge)
                                                      0.000     0.000 r  
    AD12                                              0.000     0.000 r  i_sys_clk_p (IN)
                         net (fo=0)                   0.000     0.000    pll_inst/inst/clk_in1_p
    AD12                 IBUFDS (Prop_ibufds_I_O)     0.906     0.906 r  pll_inst/inst/clkin1_ibufgds/O
                         net (fo=1, routed)           1.098     2.004    pll_inst/inst/clk_in1_pll
    PLLE2_ADV_X1Y1       PLLE2_ADV (Prop_plle2_adv_CLKIN1_CLKOUT0)
                                                     -8.058    -6.054 r  pll_inst/inst/plle2_adv_inst/CLKOUT0
                         net (fo=1, routed)           2.128    -3.926    pll_inst/inst/clk_out1_pll
    BUFGCTRL_X0Y1        BUFG (Prop_bufg_I_O)         0.093    -3.833 r  pll_inst/inst/clkout1_buf/O
                         net (fo=353, routed)         1.559    -2.274    student_top_inst/bridge_inst/counter_inst/clk_out1
    SLICE_X53Y84         FDRE                                         r  student_top_inst/bridge_inst/counter_inst/cnt_1ms_reg[8]/C
  -------------------------------------------------------------------    -------------------
    SLICE_X53Y84         FDRE (Prop_fdre_C_Q)         0.223    -2.051 r  student_top_inst/bridge_inst/counter_inst/cnt_1ms_reg[8]/Q
                         net (fo=2, routed)           0.560    -1.491    student_top_inst/bridge_inst/counter_inst/cnt_1ms_reg[8]
    SLICE_X52Y84         LUT4 (Prop_lut4_I2_O)        0.043    -1.448 f  student_top_inst/bridge_inst/counter_inst/cnt_1ms[0]_i_7/O
                         net (fo=1, routed)           0.244    -1.204    student_top_inst/bridge_inst/counter_inst/cnt_1ms[0]_i_7_n_0
    SLICE_X52Y84         LUT5 (Prop_lut5_I4_O)        0.043    -1.161 f  student_top_inst/bridge_inst/counter_inst/cnt_1ms[0]_i_6/O
                         net (fo=1, routed)           0.357    -0.804    student_top_inst/bridge_inst/counter_inst/cnt_1ms[0]_i_6_n_0
    SLICE_X52Y83         LUT6 (Prop_lut6_I5_O)        0.043    -0.761 r  student_top_inst/bridge_inst/counter_inst/cnt_1ms[0]_i_3/O
                         net (fo=2, routed)           0.590    -0.171    student_top_inst/bridge_inst/counter_inst/cnt_1ms[0]_i_3_n_0
    SLICE_X52Y78         LUT2 (Prop_lut2_I1_O)        0.043    -0.128 r  student_top_inst/bridge_inst/counter_inst/cnt_ms[0]_i_1/O
                         net (fo=32, routed)          0.869     0.741    student_top_inst/bridge_inst/counter_inst/cnt_ms0
    SLICE_X54Y67         FDRE                                         r  student_top_inst/bridge_inst/counter_inst/cnt_ms_reg[2]/CE
  -------------------------------------------------------------------    -------------------

                         (clock clk_out1_pll rise edge)
                                                     20.000    20.000 r  
    AD12                                              0.000    20.000 r  i_sys_clk_p (IN)
                         net (fo=0)                   0.000    20.000    pll_inst/inst/clk_in1_p
    AD12                 IBUFDS (Prop_ibufds_I_O)     0.803    20.803 r  pll_inst/inst/clkin1_ibufgds/O
                         net (fo=1, routed)           1.001    21.804    pll_inst/inst/clk_in1_pll
    PLLE2_ADV_X1Y1       PLLE2_ADV (Prop_plle2_adv_CLKIN1_CLKOUT0)
                                                     -7.261    14.543 r  pll_inst/inst/plle2_adv_inst/CLKOUT0
                         net (fo=1, routed)           2.003    16.546    pll_inst/inst/clk_out1_pll
    BUFGCTRL_X0Y1        BUFG (Prop_bufg_I_O)         0.083    16.629 r  pll_inst/inst/clkout1_buf/O
                         net (fo=353, routed)         1.423    18.052    student_top_inst/bridge_inst/counter_inst/clk_out1
    SLICE_X54Y67         FDRE                                         r  student_top_inst/bridge_inst/counter_inst/cnt_ms_reg[2]/C
                         clock pessimism             -0.373    17.680    
                         clock uncertainty           -0.086    17.593    
    SLICE_X54Y67         FDRE (Setup_fdre_C_CE)      -0.178    17.415    student_top_inst/bridge_inst/counter_inst/cnt_ms_reg[2]
  -------------------------------------------------------------------
                         required time                         17.415    
                         arrival time                          -0.741    
  -------------------------------------------------------------------
                         slack                                 16.675    

Slack (MET) :             16.675ns  (required time - arrival time)
  Source:                 student_top_inst/bridge_inst/counter_inst/cnt_1ms_reg[8]/C
                            (rising edge-triggered cell FDRE clocked by clk_out1_pll  {rise@0.000ns fall@10.000ns period=20.000ns})
  Destination:            student_top_inst/bridge_inst/counter_inst/cnt_ms_reg[3]/CE
                            (rising edge-triggered cell FDRE clocked by clk_out1_pll  {rise@0.000ns fall@10.000ns period=20.000ns})
  Path Group:             clk_out1_pll
  Path Type:              Setup (Max at Slow Process Corner)
  Requirement:            20.000ns  (clk_out1_pll rise@20.000ns - clk_out1_pll rise@0.000ns)
  Data Path Delay:        3.015ns  (logic 0.395ns (13.101%)  route 2.620ns (86.899%))
  Logic Levels:           4  (LUT2=1 LUT4=1 LUT5=1 LUT6=1)
  Clock Path Skew:        -0.046ns (DCD - SCD + CPR)
    Destination Clock Delay (DCD):    -1.948ns = ( 18.052 - 20.000 ) 
    Source Clock Delay      (SCD):    -2.274ns
    Clock Pessimism Removal (CPR):    -0.373ns
  Clock Uncertainty:      0.086ns  ((TSJ^2 + DJ^2)^1/2) / 2 + PE
    Total System Jitter     (TSJ):    0.071ns
    Discrete Jitter          (DJ):    0.157ns
    Phase Error              (PE):    0.000ns

    Location             Delay type                Incr(ns)  Path(ns)    Netlist Resource(s)
  -------------------------------------------------------------------    -------------------
                         (clock clk_out1_pll rise edge)
                                                      0.000     0.000 r  
    AD12                                              0.000     0.000 r  i_sys_clk_p (IN)
                         net (fo=0)                   0.000     0.000    pll_inst/inst/clk_in1_p
    AD12                 IBUFDS (Prop_ibufds_I_O)     0.906     0.906 r  pll_inst/inst/clkin1_ibufgds/O
                         net (fo=1, routed)           1.098     2.004    pll_inst/inst/clk_in1_pll
    PLLE2_ADV_X1Y1       PLLE2_ADV (Prop_plle2_adv_CLKIN1_CLKOUT0)
                                                     -8.058    -6.054 r  pll_inst/inst/plle2_adv_inst/CLKOUT0
                         net (fo=1, routed)           2.128    -3.926    pll_inst/inst/clk_out1_pll
    BUFGCTRL_X0Y1        BUFG (Prop_bufg_I_O)         0.093    -3.833 r  pll_inst/inst/clkout1_buf/O
                         net (fo=353, routed)         1.559    -2.274    student_top_inst/bridge_inst/counter_inst/clk_out1
    SLICE_X53Y84         FDRE                                         r  student_top_inst/bridge_inst/counter_inst/cnt_1ms_reg[8]/C
  -------------------------------------------------------------------    -------------------
    SLICE_X53Y84         FDRE (Prop_fdre_C_Q)         0.223    -2.051 r  student_top_inst/bridge_inst/counter_inst/cnt_1ms_reg[8]/Q
                         net (fo=2, routed)           0.560    -1.491    student_top_inst/bridge_inst/counter_inst/cnt_1ms_reg[8]
    SLICE_X52Y84         LUT4 (Prop_lut4_I2_O)        0.043    -1.448 f  student_top_inst/bridge_inst/counter_inst/cnt_1ms[0]_i_7/O
                         net (fo=1, routed)           0.244    -1.204    student_top_inst/bridge_inst/counter_inst/cnt_1ms[0]_i_7_n_0
    SLICE_X52Y84         LUT5 (Prop_lut5_I4_O)        0.043    -1.161 f  student_top_inst/bridge_inst/counter_inst/cnt_1ms[0]_i_6/O
                         net (fo=1, routed)           0.357    -0.804    student_top_inst/bridge_inst/counter_inst/cnt_1ms[0]_i_6_n_0
    SLICE_X52Y83         LUT6 (Prop_lut6_I5_O)        0.043    -0.761 r  student_top_inst/bridge_inst/counter_inst/cnt_1ms[0]_i_3/O
                         net (fo=2, routed)           0.590    -0.171    student_top_inst/bridge_inst/counter_inst/cnt_1ms[0]_i_3_n_0
    SLICE_X52Y78         LUT2 (Prop_lut2_I1_O)        0.043    -0.128 r  student_top_inst/bridge_inst/counter_inst/cnt_ms[0]_i_1/O
                         net (fo=32, routed)          0.869     0.741    student_top_inst/bridge_inst/counter_inst/cnt_ms0
    SLICE_X54Y67         FDRE                                         r  student_top_inst/bridge_inst/counter_inst/cnt_ms_reg[3]/CE
  -------------------------------------------------------------------    -------------------

                         (clock clk_out1_pll rise edge)
                                                     20.000    20.000 r  
    AD12                                              0.000    20.000 r  i_sys_clk_p (IN)
                         net (fo=0)                   0.000    20.000    pll_inst/inst/clk_in1_p
    AD12                 IBUFDS (Prop_ibufds_I_O)     0.803    20.803 r  pll_inst/inst/clkin1_ibufgds/O
                         net (fo=1, routed)           1.001    21.804    pll_inst/inst/clk_in1_pll
    PLLE2_ADV_X1Y1       PLLE2_ADV (Prop_plle2_adv_CLKIN1_CLKOUT0)
                                                     -7.261    14.543 r  pll_inst/inst/plle2_adv_inst/CLKOUT0
                         net (fo=1, routed)           2.003    16.546    pll_inst/inst/clk_out1_pll
    BUFGCTRL_X0Y1        BUFG (Prop_bufg_I_O)         0.083    16.629 r  pll_inst/inst/clkout1_buf/O
                         net (fo=353, routed)         1.423    18.052    student_top_inst/bridge_inst/counter_inst/clk_out1
    SLICE_X54Y67         FDRE                                         r  student_top_inst/bridge_inst/counter_inst/cnt_ms_reg[3]/C
                         clock pessimism             -0.373    17.680    
                         clock uncertainty           -0.086    17.593    
    SLICE_X54Y67         FDRE (Setup_fdre_C_CE)      -0.178    17.415    student_top_inst/bridge_inst/counter_inst/cnt_ms_reg[3]
  -------------------------------------------------------------------
                         required time                         17.415    
                         arrival time                          -0.741    
  -------------------------------------------------------------------
                         slack                                 16.675    

Slack (MET) :             16.756ns  (required time - arrival time)
  Source:                 student_top_inst/bridge_inst/counter_inst/cnt_1ms_reg[8]/C
                            (rising edge-triggered cell FDRE clocked by clk_out1_pll  {rise@0.000ns fall@10.000ns period=20.000ns})
  Destination:            student_top_inst/bridge_inst/counter_inst/cnt_ms_reg[4]/CE
                            (rising edge-triggered cell FDRE clocked by clk_out1_pll  {rise@0.000ns fall@10.000ns period=20.000ns})
  Path Group:             clk_out1_pll
  Path Type:              Setup (Max at Slow Process Corner)
  Requirement:            20.000ns  (clk_out1_pll rise@20.000ns - clk_out1_pll rise@0.000ns)
  Data Path Delay:        2.933ns  (logic 0.395ns (13.469%)  route 2.538ns (86.531%))
  Logic Levels:           4  (LUT2=1 LUT4=1 LUT5=1 LUT6=1)
  Clock Path Skew:        -0.047ns (DCD - SCD + CPR)
    Destination Clock Delay (DCD):    -1.949ns = ( 18.051 - 20.000 ) 
    Source Clock Delay      (SCD):    -2.274ns
    Clock Pessimism Removal (CPR):    -0.373ns
  Clock Uncertainty:      0.086ns  ((TSJ^2 + DJ^2)^1/2) / 2 + PE
    Total System Jitter     (TSJ):    0.071ns
    Discrete Jitter          (DJ):    0.157ns
    Phase Error              (PE):    0.000ns

    Location             Delay type                Incr(ns)  Path(ns)    Netlist Resource(s)
  -------------------------------------------------------------------    -------------------
                         (clock clk_out1_pll rise edge)
                                                      0.000     0.000 r  
    AD12                                              0.000     0.000 r  i_sys_clk_p (IN)
                         net (fo=0)                   0.000     0.000    pll_inst/inst/clk_in1_p
    AD12                 IBUFDS (Prop_ibufds_I_O)     0.906     0.906 r  pll_inst/inst/clkin1_ibufgds/O
                         net (fo=1, routed)           1.098     2.004    pll_inst/inst/clk_in1_pll
    PLLE2_ADV_X1Y1       PLLE2_ADV (Prop_plle2_adv_CLKIN1_CLKOUT0)
                                                     -8.058    -6.054 r  pll_inst/inst/plle2_adv_inst/CLKOUT0
                         net (fo=1, routed)           2.128    -3.926    pll_inst/inst/clk_out1_pll
    BUFGCTRL_X0Y1        BUFG (Prop_bufg_I_O)         0.093    -3.833 r  pll_inst/inst/clkout1_buf/O
                         net (fo=353, routed)         1.559    -2.274    student_top_inst/bridge_inst/counter_inst/clk_out1
    SLICE_X53Y84         FDRE                                         r  student_top_inst/bridge_inst/counter_inst/cnt_1ms_reg[8]/C
  -------------------------------------------------------------------    -------------------
    SLICE_X53Y84         FDRE (Prop_fdre_C_Q)         0.223    -2.051 r  student_top_inst/bridge_inst/counter_inst/cnt_1ms_reg[8]/Q
                         net (fo=2, routed)           0.560    -1.491    student_top_inst/bridge_inst/counter_inst/cnt_1ms_reg[8]
    SLICE_X52Y84         LUT4 (Prop_lut4_I2_O)        0.043    -1.448 f  student_top_inst/bridge_inst/counter_inst/cnt_1ms[0]_i_7/O
                         net (fo=1, routed)           0.244    -1.204    student_top_inst/bridge_inst/counter_inst/cnt_1ms[0]_i_7_n_0
    SLICE_X52Y84         LUT5 (Prop_lut5_I4_O)        0.043    -1.161 f  student_top_inst/bridge_inst/counter_inst/cnt_1ms[0]_i_6/O
                         net (fo=1, routed)           0.357    -0.804    student_top_inst/bridge_inst/counter_inst/cnt_1ms[0]_i_6_n_0
    SLICE_X52Y83         LUT6 (Prop_lut6_I5_O)        0.043    -0.761 r  student_top_inst/bridge_inst/counter_inst/cnt_1ms[0]_i_3/O
                         net (fo=2, routed)           0.590    -0.171    student_top_inst/bridge_inst/counter_inst/cnt_1ms[0]_i_3_n_0
    SLICE_X52Y78         LUT2 (Prop_lut2_I1_O)        0.043    -0.128 r  student_top_inst/bridge_inst/counter_inst/cnt_ms[0]_i_1/O
                         net (fo=32, routed)          0.787     0.658    student_top_inst/bridge_inst/counter_inst/cnt_ms0
    SLICE_X54Y68         FDRE                                         r  student_top_inst/bridge_inst/counter_inst/cnt_ms_reg[4]/CE
  -------------------------------------------------------------------    -------------------

                         (clock clk_out1_pll rise edge)
                                                     20.000    20.000 r  
    AD12                                              0.000    20.000 r  i_sys_clk_p (IN)
                         net (fo=0)                   0.000    20.000    pll_inst/inst/clk_in1_p
    AD12                 IBUFDS (Prop_ibufds_I_O)     0.803    20.803 r  pll_inst/inst/clkin1_ibufgds/O
                         net (fo=1, routed)           1.001    21.804    pll_inst/inst/clk_in1_pll
    PLLE2_ADV_X1Y1       PLLE2_ADV (Prop_plle2_adv_CLKIN1_CLKOUT0)
                                                     -7.261    14.543 r  pll_inst/inst/plle2_adv_inst/CLKOUT0
                         net (fo=1, routed)           2.003    16.546    pll_inst/inst/clk_out1_pll
    BUFGCTRL_X0Y1        BUFG (Prop_bufg_I_O)         0.083    16.629 r  pll_inst/inst/clkout1_buf/O
                         net (fo=353, routed)         1.422    18.051    student_top_inst/bridge_inst/counter_inst/clk_out1
    SLICE_X54Y68         FDRE                                         r  student_top_inst/bridge_inst/counter_inst/cnt_ms_reg[4]/C
                         clock pessimism             -0.373    17.679    
                         clock uncertainty           -0.086    17.592    
    SLICE_X54Y68         FDRE (Setup_fdre_C_CE)      -0.178    17.414    student_top_inst/bridge_inst/counter_inst/cnt_ms_reg[4]
  -------------------------------------------------------------------
                         required time                         17.414    
                         arrival time                          -0.658    
  -------------------------------------------------------------------
                         slack                                 16.756    

Slack (MET) :             16.756ns  (required time - arrival time)
  Source:                 student_top_inst/bridge_inst/counter_inst/cnt_1ms_reg[8]/C
                            (rising edge-triggered cell FDRE clocked by clk_out1_pll  {rise@0.000ns fall@10.000ns period=20.000ns})
  Destination:            student_top_inst/bridge_inst/counter_inst/cnt_ms_reg[5]/CE
                            (rising edge-triggered cell FDRE clocked by clk_out1_pll  {rise@0.000ns fall@10.000ns period=20.000ns})
  Path Group:             clk_out1_pll
  Path Type:              Setup (Max at Slow Process Corner)
  Requirement:            20.000ns  (clk_out1_pll rise@20.000ns - clk_out1_pll rise@0.000ns)
  Data Path Delay:        2.933ns  (logic 0.395ns (13.469%)  route 2.538ns (86.531%))
  Logic Levels:           4  (LUT2=1 LUT4=1 LUT5=1 LUT6=1)
  Clock Path Skew:        -0.047ns (DCD - SCD + CPR)
    Destination Clock Delay (DCD):    -1.949ns = ( 18.051 - 20.000 ) 
    Source Clock Delay      (SCD):    -2.274ns
    Clock Pessimism Removal (CPR):    -0.373ns
  Clock Uncertainty:      0.086ns  ((TSJ^2 + DJ^2)^1/2) / 2 + PE
    Total System Jitter     (TSJ):    0.071ns
    Discrete Jitter          (DJ):    0.157ns
    Phase Error              (PE):    0.000ns

    Location             Delay type                Incr(ns)  Path(ns)    Netlist Resource(s)
  -------------------------------------------------------------------    -------------------
                         (clock clk_out1_pll rise edge)
                                                      0.000     0.000 r  
    AD12                                              0.000     0.000 r  i_sys_clk_p (IN)
                         net (fo=0)                   0.000     0.000    pll_inst/inst/clk_in1_p
    AD12                 IBUFDS (Prop_ibufds_I_O)     0.906     0.906 r  pll_inst/inst/clkin1_ibufgds/O
                         net (fo=1, routed)           1.098     2.004    pll_inst/inst/clk_in1_pll
    PLLE2_ADV_X1Y1       PLLE2_ADV (Prop_plle2_adv_CLKIN1_CLKOUT0)
                                                     -8.058    -6.054 r  pll_inst/inst/plle2_adv_inst/CLKOUT0
                         net (fo=1, routed)           2.128    -3.926    pll_inst/inst/clk_out1_pll
    BUFGCTRL_X0Y1        BUFG (Prop_bufg_I_O)         0.093    -3.833 r  pll_inst/inst/clkout1_buf/O
                         net (fo=353, routed)         1.559    -2.274    student_top_inst/bridge_inst/counter_inst/clk_out1
    SLICE_X53Y84         FDRE                                         r  student_top_inst/bridge_inst/counter_inst/cnt_1ms_reg[8]/C
  -------------------------------------------------------------------    -------------------
    SLICE_X53Y84         FDRE (Prop_fdre_C_Q)         0.223    -2.051 r  student_top_inst/bridge_inst/counter_inst/cnt_1ms_reg[8]/Q
                         net (fo=2, routed)           0.560    -1.491    student_top_inst/bridge_inst/counter_inst/cnt_1ms_reg[8]
    SLICE_X52Y84         LUT4 (Prop_lut4_I2_O)        0.043    -1.448 f  student_top_inst/bridge_inst/counter_inst/cnt_1ms[0]_i_7/O
                         net (fo=1, routed)           0.244    -1.204    student_top_inst/bridge_inst/counter_inst/cnt_1ms[0]_i_7_n_0
    SLICE_X52Y84         LUT5 (Prop_lut5_I4_O)        0.043    -1.161 f  student_top_inst/bridge_inst/counter_inst/cnt_1ms[0]_i_6/O
                         net (fo=1, routed)           0.357    -0.804    student_top_inst/bridge_inst/counter_inst/cnt_1ms[0]_i_6_n_0
    SLICE_X52Y83         LUT6 (Prop_lut6_I5_O)        0.043    -0.761 r  student_top_inst/bridge_inst/counter_inst/cnt_1ms[0]_i_3/O
                         net (fo=2, routed)           0.590    -0.171    student_top_inst/bridge_inst/counter_inst/cnt_1ms[0]_i_3_n_0
    SLICE_X52Y78         LUT2 (Prop_lut2_I1_O)        0.043    -0.128 r  student_top_inst/bridge_inst/counter_inst/cnt_ms[0]_i_1/O
                         net (fo=32, routed)          0.787     0.658    student_top_inst/bridge_inst/counter_inst/cnt_ms0
    SLICE_X54Y68         FDRE                                         r  student_top_inst/bridge_inst/counter_inst/cnt_ms_reg[5]/CE
  -------------------------------------------------------------------    -------------------

                         (clock clk_out1_pll rise edge)
                                                     20.000    20.000 r  
    AD12                                              0.000    20.000 r  i_sys_clk_p (IN)
                         net (fo=0)                   0.000    20.000    pll_inst/inst/clk_in1_p
    AD12                 IBUFDS (Prop_ibufds_I_O)     0.803    20.803 r  pll_inst/inst/clkin1_ibufgds/O
                         net (fo=1, routed)           1.001    21.804    pll_inst/inst/clk_in1_pll
    PLLE2_ADV_X1Y1       PLLE2_ADV (Prop_plle2_adv_CLKIN1_CLKOUT0)
                                                     -7.261    14.543 r  pll_inst/inst/plle2_adv_inst/CLKOUT0
                         net (fo=1, routed)           2.003    16.546    pll_inst/inst/clk_out1_pll
    BUFGCTRL_X0Y1        BUFG (Prop_bufg_I_O)         0.083    16.629 r  pll_inst/inst/clkout1_buf/O
                         net (fo=353, routed)         1.422    18.051    student_top_inst/bridge_inst/counter_inst/clk_out1
    SLICE_X54Y68         FDRE                                         r  student_top_inst/bridge_inst/counter_inst/cnt_ms_reg[5]/C
                         clock pessimism             -0.373    17.679    
                         clock uncertainty           -0.086    17.592    
    SLICE_X54Y68         FDRE (Setup_fdre_C_CE)      -0.178    17.414    student_top_inst/bridge_inst/counter_inst/cnt_ms_reg[5]
  -------------------------------------------------------------------
                         required time                         17.414    
                         arrival time                          -0.658    
  -------------------------------------------------------------------
                         slack                                 16.756    

Slack (MET) :             16.756ns  (required time - arrival time)
  Source:                 student_top_inst/bridge_inst/counter_inst/cnt_1ms_reg[8]/C
                            (rising edge-triggered cell FDRE clocked by clk_out1_pll  {rise@0.000ns fall@10.000ns period=20.000ns})
  Destination:            student_top_inst/bridge_inst/counter_inst/cnt_ms_reg[6]/CE
                            (rising edge-triggered cell FDRE clocked by clk_out1_pll  {rise@0.000ns fall@10.000ns period=20.000ns})
  Path Group:             clk_out1_pll
  Path Type:              Setup (Max at Slow Process Corner)
  Requirement:            20.000ns  (clk_out1_pll rise@20.000ns - clk_out1_pll rise@0.000ns)
  Data Path Delay:        2.933ns  (logic 0.395ns (13.469%)  route 2.538ns (86.531%))
  Logic Levels:           4  (LUT2=1 LUT4=1 LUT5=1 LUT6=1)
  Clock Path Skew:        -0.047ns (DCD - SCD + CPR)
    Destination Clock Delay (DCD):    -1.949ns = ( 18.051 - 20.000 ) 
    Source Clock Delay      (SCD):    -2.274ns
    Clock Pessimism Removal (CPR):    -0.373ns
  Clock Uncertainty:      0.086ns  ((TSJ^2 + DJ^2)^1/2) / 2 + PE
    Total System Jitter     (TSJ):    0.071ns
    Discrete Jitter          (DJ):    0.157ns
    Phase Error              (PE):    0.000ns

    Location             Delay type                Incr(ns)  Path(ns)    Netlist Resource(s)
  -------------------------------------------------------------------    -------------------
                         (clock clk_out1_pll rise edge)
                                                      0.000     0.000 r  
    AD12                                              0.000     0.000 r  i_sys_clk_p (IN)
                         net (fo=0)                   0.000     0.000    pll_inst/inst/clk_in1_p
    AD12                 IBUFDS (Prop_ibufds_I_O)     0.906     0.906 r  pll_inst/inst/clkin1_ibufgds/O
                         net (fo=1, routed)           1.098     2.004    pll_inst/inst/clk_in1_pll
    PLLE2_ADV_X1Y1       PLLE2_ADV (Prop_plle2_adv_CLKIN1_CLKOUT0)
                                                     -8.058    -6.054 r  pll_inst/inst/plle2_adv_inst/CLKOUT0
                         net (fo=1, routed)           2.128    -3.926    pll_inst/inst/clk_out1_pll
    BUFGCTRL_X0Y1        BUFG (Prop_bufg_I_O)         0.093    -3.833 r  pll_inst/inst/clkout1_buf/O
                         net (fo=353, routed)         1.559    -2.274    student_top_inst/bridge_inst/counter_inst/clk_out1
    SLICE_X53Y84         FDRE                                         r  student_top_inst/bridge_inst/counter_inst/cnt_1ms_reg[8]/C
  -------------------------------------------------------------------    -------------------
    SLICE_X53Y84         FDRE (Prop_fdre_C_Q)         0.223    -2.051 r  student_top_inst/bridge_inst/counter_inst/cnt_1ms_reg[8]/Q
                         net (fo=2, routed)           0.560    -1.491    student_top_inst/bridge_inst/counter_inst/cnt_1ms_reg[8]
    SLICE_X52Y84         LUT4 (Prop_lut4_I2_O)        0.043    -1.448 f  student_top_inst/bridge_inst/counter_inst/cnt_1ms[0]_i_7/O
                         net (fo=1, routed)           0.244    -1.204    student_top_inst/bridge_inst/counter_inst/cnt_1ms[0]_i_7_n_0
    SLICE_X52Y84         LUT5 (Prop_lut5_I4_O)        0.043    -1.161 f  student_top_inst/bridge_inst/counter_inst/cnt_1ms[0]_i_6/O
                         net (fo=1, routed)           0.357    -0.804    student_top_inst/bridge_inst/counter_inst/cnt_1ms[0]_i_6_n_0
    SLICE_X52Y83         LUT6 (Prop_lut6_I5_O)        0.043    -0.761 r  student_top_inst/bridge_inst/counter_inst/cnt_1ms[0]_i_3/O
                         net (fo=2, routed)           0.590    -0.171    student_top_inst/bridge_inst/counter_inst/cnt_1ms[0]_i_3_n_0
    SLICE_X52Y78         LUT2 (Prop_lut2_I1_O)        0.043    -0.128 r  student_top_inst/bridge_inst/counter_inst/cnt_ms[0]_i_1/O
                         net (fo=32, routed)          0.787     0.658    student_top_inst/bridge_inst/counter_inst/cnt_ms0
    SLICE_X54Y68         FDRE                                         r  student_top_inst/bridge_inst/counter_inst/cnt_ms_reg[6]/CE
  -------------------------------------------------------------------    -------------------

                         (clock clk_out1_pll rise edge)
                                                     20.000    20.000 r  
    AD12                                              0.000    20.000 r  i_sys_clk_p (IN)
                         net (fo=0)                   0.000    20.000    pll_inst/inst/clk_in1_p
    AD12                 IBUFDS (Prop_ibufds_I_O)     0.803    20.803 r  pll_inst/inst/clkin1_ibufgds/O
                         net (fo=1, routed)           1.001    21.804    pll_inst/inst/clk_in1_pll
    PLLE2_ADV_X1Y1       PLLE2_ADV (Prop_plle2_adv_CLKIN1_CLKOUT0)
                                                     -7.261    14.543 r  pll_inst/inst/plle2_adv_inst/CLKOUT0
                         net (fo=1, routed)           2.003    16.546    pll_inst/inst/clk_out1_pll
    BUFGCTRL_X0Y1        BUFG (Prop_bufg_I_O)         0.083    16.629 r  pll_inst/inst/clkout1_buf/O
                         net (fo=353, routed)         1.422    18.051    student_top_inst/bridge_inst/counter_inst/clk_out1
    SLICE_X54Y68         FDRE                                         r  student_top_inst/bridge_inst/counter_inst/cnt_ms_reg[6]/C
                         clock pessimism             -0.373    17.679    
                         clock uncertainty           -0.086    17.592    
    SLICE_X54Y68         FDRE (Setup_fdre_C_CE)      -0.178    17.414    student_top_inst/bridge_inst/counter_inst/cnt_ms_reg[6]
  -------------------------------------------------------------------
                         required time                         17.414    
                         arrival time                          -0.658    
  -------------------------------------------------------------------
                         slack                                 16.756    

Slack (MET) :             16.756ns  (required time - arrival time)
  Source:                 student_top_inst/bridge_inst/counter_inst/cnt_1ms_reg[8]/C
                            (rising edge-triggered cell FDRE clocked by clk_out1_pll  {rise@0.000ns fall@10.000ns period=20.000ns})
  Destination:            student_top_inst/bridge_inst/counter_inst/cnt_ms_reg[7]/CE
                            (rising edge-triggered cell FDRE clocked by clk_out1_pll  {rise@0.000ns fall@10.000ns period=20.000ns})
  Path Group:             clk_out1_pll
  Path Type:              Setup (Max at Slow Process Corner)
  Requirement:            20.000ns  (clk_out1_pll rise@20.000ns - clk_out1_pll rise@0.000ns)
  Data Path Delay:        2.933ns  (logic 0.395ns (13.469%)  route 2.538ns (86.531%))
  Logic Levels:           4  (LUT2=1 LUT4=1 LUT5=1 LUT6=1)
  Clock Path Skew:        -0.047ns (DCD - SCD + CPR)
    Destination Clock Delay (DCD):    -1.949ns = ( 18.051 - 20.000 ) 
    Source Clock Delay      (SCD):    -2.274ns
    Clock Pessimism Removal (CPR):    -0.373ns
  Clock Uncertainty:      0.086ns  ((TSJ^2 + DJ^2)^1/2) / 2 + PE
    Total System Jitter     (TSJ):    0.071ns
    Discrete Jitter          (DJ):    0.157ns
    Phase Error              (PE):    0.000ns

    Location             Delay type                Incr(ns)  Path(ns)    Netlist Resource(s)
  -------------------------------------------------------------------    -------------------
                         (clock clk_out1_pll rise edge)
                                                      0.000     0.000 r  
    AD12                                              0.000     0.000 r  i_sys_clk_p (IN)
                         net (fo=0)                   0.000     0.000    pll_inst/inst/clk_in1_p
    AD12                 IBUFDS (Prop_ibufds_I_O)     0.906     0.906 r  pll_inst/inst/clkin1_ibufgds/O
                         net (fo=1, routed)           1.098     2.004    pll_inst/inst/clk_in1_pll
    PLLE2_ADV_X1Y1       PLLE2_ADV (Prop_plle2_adv_CLKIN1_CLKOUT0)
                                                     -8.058    -6.054 r  pll_inst/inst/plle2_adv_inst/CLKOUT0
                         net (fo=1, routed)           2.128    -3.926    pll_inst/inst/clk_out1_pll
    BUFGCTRL_X0Y1        BUFG (Prop_bufg_I_O)         0.093    -3.833 r  pll_inst/inst/clkout1_buf/O
                         net (fo=353, routed)         1.559    -2.274    student_top_inst/bridge_inst/counter_inst/clk_out1
    SLICE_X53Y84         FDRE                                         r  student_top_inst/bridge_inst/counter_inst/cnt_1ms_reg[8]/C
  -------------------------------------------------------------------    -------------------
    SLICE_X53Y84         FDRE (Prop_fdre_C_Q)         0.223    -2.051 r  student_top_inst/bridge_inst/counter_inst/cnt_1ms_reg[8]/Q
                         net (fo=2, routed)           0.560    -1.491    student_top_inst/bridge_inst/counter_inst/cnt_1ms_reg[8]
    SLICE_X52Y84         LUT4 (Prop_lut4_I2_O)        0.043    -1.448 f  student_top_inst/bridge_inst/counter_inst/cnt_1ms[0]_i_7/O
                         net (fo=1, routed)           0.244    -1.204    student_top_inst/bridge_inst/counter_inst/cnt_1ms[0]_i_7_n_0
    SLICE_X52Y84         LUT5 (Prop_lut5_I4_O)        0.043    -1.161 f  student_top_inst/bridge_inst/counter_inst/cnt_1ms[0]_i_6/O
                         net (fo=1, routed)           0.357    -0.804    student_top_inst/bridge_inst/counter_inst/cnt_1ms[0]_i_6_n_0
    SLICE_X52Y83         LUT6 (Prop_lut6_I5_O)        0.043    -0.761 r  student_top_inst/bridge_inst/counter_inst/cnt_1ms[0]_i_3/O
                         net (fo=2, routed)           0.590    -0.171    student_top_inst/bridge_inst/counter_inst/cnt_1ms[0]_i_3_n_0
    SLICE_X52Y78         LUT2 (Prop_lut2_I1_O)        0.043    -0.128 r  student_top_inst/bridge_inst/counter_inst/cnt_ms[0]_i_1/O
                         net (fo=32, routed)          0.787     0.658    student_top_inst/bridge_inst/counter_inst/cnt_ms0
    SLICE_X54Y68         FDRE                                         r  student_top_inst/bridge_inst/counter_inst/cnt_ms_reg[7]/CE
  -------------------------------------------------------------------    -------------------

                         (clock clk_out1_pll rise edge)
                                                     20.000    20.000 r  
    AD12                                              0.000    20.000 r  i_sys_clk_p (IN)
                         net (fo=0)                   0.000    20.000    pll_inst/inst/clk_in1_p
    AD12                 IBUFDS (Prop_ibufds_I_O)     0.803    20.803 r  pll_inst/inst/clkin1_ibufgds/O
                         net (fo=1, routed)           1.001    21.804    pll_inst/inst/clk_in1_pll
    PLLE2_ADV_X1Y1       PLLE2_ADV (Prop_plle2_adv_CLKIN1_CLKOUT0)
                                                     -7.261    14.543 r  pll_inst/inst/plle2_adv_inst/CLKOUT0
                         net (fo=1, routed)           2.003    16.546    pll_inst/inst/clk_out1_pll
    BUFGCTRL_X0Y1        BUFG (Prop_bufg_I_O)         0.083    16.629 r  pll_inst/inst/clkout1_buf/O
                         net (fo=353, routed)         1.422    18.051    student_top_inst/bridge_inst/counter_inst/clk_out1
    SLICE_X54Y68         FDRE                                         r  student_top_inst/bridge_inst/counter_inst/cnt_ms_reg[7]/C
                         clock pessimism             -0.373    17.679    
                         clock uncertainty           -0.086    17.592    
    SLICE_X54Y68         FDRE (Setup_fdre_C_CE)      -0.178    17.414    student_top_inst/bridge_inst/counter_inst/cnt_ms_reg[7]
  -------------------------------------------------------------------
                         required time                         17.414    
                         arrival time                          -0.658    
  -------------------------------------------------------------------
                         slack                                 16.756    

Slack (MET) :             16.812ns  (required time - arrival time)
  Source:                 uart_inst/rx_data_reg[0]/C
                            (rising edge-triggered cell FDCE clocked by clk_out1_pll  {rise@0.000ns fall@10.000ns period=20.000ns})
  Destination:            twin_controller_inst/sw_reg[30]/D
                            (rising edge-triggered cell FDCE clocked by clk_out1_pll  {rise@0.000ns fall@10.000ns period=20.000ns})
  Path Group:             clk_out1_pll
  Path Type:              Setup (Max at Slow Process Corner)
  Requirement:            20.000ns  (clk_out1_pll rise@20.000ns - clk_out1_pll rise@0.000ns)
  Data Path Delay:        3.081ns  (logic 0.487ns (15.808%)  route 2.594ns (84.192%))
  Logic Levels:           4  (LUT3=1 LUT4=2 LUT6=1)
  Clock Path Skew:        -0.055ns (DCD - SCD + CPR)
    Destination Clock Delay (DCD):    -1.888ns = ( 18.112 - 20.000 ) 
    Source Clock Delay      (SCD):    -2.205ns
    Clock Pessimism Removal (CPR):    -0.373ns
  Clock Uncertainty:      0.086ns  ((TSJ^2 + DJ^2)^1/2) / 2 + PE
    Total System Jitter     (TSJ):    0.071ns
    Discrete Jitter          (DJ):    0.157ns
    Phase Error              (PE):    0.000ns

    Location             Delay type                Incr(ns)  Path(ns)    Netlist Resource(s)
  -------------------------------------------------------------------    -------------------
                         (clock clk_out1_pll rise edge)
                                                      0.000     0.000 r  
    AD12                                              0.000     0.000 r  i_sys_clk_p (IN)
                         net (fo=0)                   0.000     0.000    pll_inst/inst/clk_in1_p
    AD12                 IBUFDS (Prop_ibufds_I_O)     0.906     0.906 r  pll_inst/inst/clkin1_ibufgds/O
                         net (fo=1, routed)           1.098     2.004    pll_inst/inst/clk_in1_pll
    PLLE2_ADV_X1Y1       PLLE2_ADV (Prop_plle2_adv_CLKIN1_CLKOUT0)
                                                     -8.058    -6.054 r  pll_inst/inst/plle2_adv_inst/CLKOUT0
                         net (fo=1, routed)           2.128    -3.926    pll_inst/inst/clk_out1_pll
    BUFGCTRL_X0Y1        BUFG (Prop_bufg_I_O)         0.093    -3.833 r  pll_inst/inst/clkout1_buf/O
                         net (fo=353, routed)         1.628    -2.205    uart_inst/clk_out1
    SLICE_X41Y89         FDCE                                         r  uart_inst/rx_data_reg[0]/C
  -------------------------------------------------------------------    -------------------
    SLICE_X41Y89         FDCE (Prop_fdce_C_Q)         0.223    -1.982 f  uart_inst/rx_data_reg[0]/Q
                         net (fo=17, routed)          0.673    -1.309    uart_inst/rx_data[0]
    SLICE_X43Y85         LUT3 (Prop_lut3_I2_O)        0.043    -1.266 r  uart_inst/key[7]_i_3/O
                         net (fo=12, routed)          0.625    -0.641    uart_inst/key[7]_i_3_n_0
    SLICE_X42Y85         LUT6 (Prop_lut6_I1_O)        0.043    -0.598 f  uart_inst/sw[62]_i_3/O
                         net (fo=7, routed)           0.560    -0.039    uart_inst/sw[62]_i_3_n_0
    SLICE_X42Y83         LUT4 (Prop_lut4_I3_O)        0.046     0.007 r  uart_inst/sw[62]_i_2/O
                         net (fo=8, routed)           0.736     0.743    uart_inst/sw[62]_i_2_n_0
    SLICE_X48Y83         LUT4 (Prop_lut4_I1_O)        0.132     0.875 r  uart_inst/sw[30]_i_1/O
                         net (fo=1, routed)           0.000     0.875    twin_controller_inst/sw_reg[30]_0
    SLICE_X48Y83         FDCE                                         r  twin_controller_inst/sw_reg[30]/D
  -------------------------------------------------------------------    -------------------

                         (clock clk_out1_pll rise edge)
                                                     20.000    20.000 r  
    AD12                                              0.000    20.000 r  i_sys_clk_p (IN)
                         net (fo=0)                   0.000    20.000    pll_inst/inst/clk_in1_p
    AD12                 IBUFDS (Prop_ibufds_I_O)     0.803    20.803 r  pll_inst/inst/clkin1_ibufgds/O
                         net (fo=1, routed)           1.001    21.804    pll_inst/inst/clk_in1_pll
    PLLE2_ADV_X1Y1       PLLE2_ADV (Prop_plle2_adv_CLKIN1_CLKOUT0)
                                                     -7.261    14.543 r  pll_inst/inst/plle2_adv_inst/CLKOUT0
                         net (fo=1, routed)           2.003    16.546    pll_inst/inst/clk_out1_pll
    BUFGCTRL_X0Y1        BUFG (Prop_bufg_I_O)         0.083    16.629 r  pll_inst/inst/clkout1_buf/O
                         net (fo=353, routed)         1.483    18.112    twin_controller_inst/CLK
    SLICE_X48Y83         FDCE                                         r  twin_controller_inst/sw_reg[30]/C
                         clock pessimism             -0.373    17.740    
                         clock uncertainty           -0.086    17.653    
    SLICE_X48Y83         FDCE (Setup_fdce_C_D)        0.034    17.687    twin_controller_inst/sw_reg[30]
  -------------------------------------------------------------------
                         required time                         17.687    
                         arrival time                          -0.875    
  -------------------------------------------------------------------
                         slack                                 16.812    

Slack (MET) :             16.816ns  (required time - arrival time)
  Source:                 uart_inst/rx_data_reg[0]/C
                            (rising edge-triggered cell FDCE clocked by clk_out1_pll  {rise@0.000ns fall@10.000ns period=20.000ns})
  Destination:            twin_controller_inst/sw_reg[62]/D
                            (rising edge-triggered cell FDCE clocked by clk_out1_pll  {rise@0.000ns fall@10.000ns period=20.000ns})
  Path Group:             clk_out1_pll
  Path Type:              Setup (Max at Slow Process Corner)
  Requirement:            20.000ns  (clk_out1_pll rise@20.000ns - clk_out1_pll rise@0.000ns)
  Data Path Delay:        3.075ns  (logic 0.487ns (15.835%)  route 2.588ns (84.165%))
  Logic Levels:           4  (LUT3=1 LUT4=2 LUT6=1)
  Clock Path Skew:        -0.055ns (DCD - SCD + CPR)
    Destination Clock Delay (DCD):    -1.888ns = ( 18.112 - 20.000 ) 
    Source Clock Delay      (SCD):    -2.205ns
    Clock Pessimism Removal (CPR):    -0.373ns
  Clock Uncertainty:      0.086ns  ((TSJ^2 + DJ^2)^1/2) / 2 + PE
    Total System Jitter     (TSJ):    0.071ns
    Discrete Jitter          (DJ):    0.157ns
    Phase Error              (PE):    0.000ns

    Location             Delay type                Incr(ns)  Path(ns)    Netlist Resource(s)
  -------------------------------------------------------------------    -------------------
                         (clock clk_out1_pll rise edge)
                                                      0.000     0.000 r  
    AD12                                              0.000     0.000 r  i_sys_clk_p (IN)
                         net (fo=0)                   0.000     0.000    pll_inst/inst/clk_in1_p
    AD12                 IBUFDS (Prop_ibufds_I_O)     0.906     0.906 r  pll_inst/inst/clkin1_ibufgds/O
                         net (fo=1, routed)           1.098     2.004    pll_inst/inst/clk_in1_pll
    PLLE2_ADV_X1Y1       PLLE2_ADV (Prop_plle2_adv_CLKIN1_CLKOUT0)
                                                     -8.058    -6.054 r  pll_inst/inst/plle2_adv_inst/CLKOUT0
                         net (fo=1, routed)           2.128    -3.926    pll_inst/inst/clk_out1_pll
    BUFGCTRL_X0Y1        BUFG (Prop_bufg_I_O)         0.093    -3.833 r  pll_inst/inst/clkout1_buf/O
                         net (fo=353, routed)         1.628    -2.205    uart_inst/clk_out1
    SLICE_X41Y89         FDCE                                         r  uart_inst/rx_data_reg[0]/C
  -------------------------------------------------------------------    -------------------
    SLICE_X41Y89         FDCE (Prop_fdce_C_Q)         0.223    -1.982 f  uart_inst/rx_data_reg[0]/Q
                         net (fo=17, routed)          0.673    -1.309    uart_inst/rx_data[0]
    SLICE_X43Y85         LUT3 (Prop_lut3_I2_O)        0.043    -1.266 r  uart_inst/key[7]_i_3/O
                         net (fo=12, routed)          0.625    -0.641    uart_inst/key[7]_i_3_n_0
    SLICE_X42Y85         LUT6 (Prop_lut6_I1_O)        0.043    -0.598 f  uart_inst/sw[62]_i_3/O
                         net (fo=7, routed)           0.560    -0.039    uart_inst/sw[62]_i_3_n_0
    SLICE_X42Y83         LUT4 (Prop_lut4_I3_O)        0.046     0.007 r  uart_inst/sw[62]_i_2/O
                         net (fo=8, routed)           0.731     0.738    uart_inst/sw[62]_i_2_n_0
    SLICE_X48Y83         LUT4 (Prop_lut4_I2_O)        0.132     0.870 r  uart_inst/sw[62]_i_1/O
                         net (fo=1, routed)           0.000     0.870    twin_controller_inst/sw_reg[62]_0
    SLICE_X48Y83         FDCE                                         r  twin_controller_inst/sw_reg[62]/D
  -------------------------------------------------------------------    -------------------

                         (clock clk_out1_pll rise edge)
                                                     20.000    20.000 r  
    AD12                                              0.000    20.000 r  i_sys_clk_p (IN)
                         net (fo=0)                   0.000    20.000    pll_inst/inst/clk_in1_p
    AD12                 IBUFDS (Prop_ibufds_I_O)     0.803    20.803 r  pll_inst/inst/clkin1_ibufgds/O
                         net (fo=1, routed)           1.001    21.804    pll_inst/inst/clk_in1_pll
    PLLE2_ADV_X1Y1       PLLE2_ADV (Prop_plle2_adv_CLKIN1_CLKOUT0)
                                                     -7.261    14.543 r  pll_inst/inst/plle2_adv_inst/CLKOUT0
                         net (fo=1, routed)           2.003    16.546    pll_inst/inst/clk_out1_pll
    BUFGCTRL_X0Y1        BUFG (Prop_bufg_I_O)         0.083    16.629 r  pll_inst/inst/clkout1_buf/O
                         net (fo=353, routed)         1.483    18.112    twin_controller_inst/CLK
    SLICE_X48Y83         FDCE                                         r  twin_controller_inst/sw_reg[62]/C
                         clock pessimism             -0.373    17.740    
                         clock uncertainty           -0.086    17.653    
    SLICE_X48Y83         FDCE (Setup_fdce_C_D)        0.033    17.686    twin_controller_inst/sw_reg[62]
  -------------------------------------------------------------------
                         required time                         17.686    
                         arrival time                          -0.870    
  -------------------------------------------------------------------
                         slack                                 16.816    





Min Delay Paths
--------------------------------------------------------------------------------------
Slack (MET) :             0.101ns  (arrival time - required time)
  Source:                 twin_controller_inst/sw_reg[40]/C
                            (rising edge-triggered cell FDCE clocked by clk_out1_pll  {rise@0.000ns fall@10.000ns period=20.000ns})
  Destination:            twin_controller_inst/status_buffer_reg[11][0]/D
                            (rising edge-triggered cell FDCE clocked by clk_out1_pll  {rise@0.000ns fall@10.000ns period=20.000ns})
  Path Group:             clk_out1_pll
  Path Type:              Hold (Min at Fast Process Corner)
  Requirement:            0.000ns  (clk_out1_pll rise@0.000ns - clk_out1_pll rise@0.000ns)
  Data Path Delay:        0.171ns  (logic 0.100ns (58.358%)  route 0.071ns (41.642%))
  Logic Levels:           0  
  Clock Path Skew:        0.011ns (DCD - SCD - CPR)
    Destination Clock Delay (DCD):    -0.526ns
    Source Clock Delay      (SCD):    -0.353ns
    Clock Pessimism Removal (CPR):    -0.185ns

    Location             Delay type                Incr(ns)  Path(ns)    Netlist Resource(s)
  -------------------------------------------------------------------    -------------------
                         (clock clk_out1_pll rise edge)
                                                      0.000     0.000 r  
    AD12                                              0.000     0.000 r  i_sys_clk_p (IN)
                         net (fo=0)                   0.000     0.000    pll_inst/inst/clk_in1_p
    AD12                 IBUFDS (Prop_ibufds_I_O)     0.388     0.388 r  pll_inst/inst/clkin1_ibufgds/O
                         net (fo=1, routed)           0.503     0.891    pll_inst/inst/clk_in1_pll
    PLLE2_ADV_X1Y1       PLLE2_ADV (Prop_plle2_adv_CLKIN1_CLKOUT0)
                                                     -2.908    -2.017 r  pll_inst/inst/plle2_adv_inst/CLKOUT0
                         net (fo=1, routed)           0.958    -1.059    pll_inst/inst/clk_out1_pll
    BUFGCTRL_X0Y1        BUFG (Prop_bufg_I_O)         0.026    -1.033 r  pll_inst/inst/clkout1_buf/O
                         net (fo=353, routed)         0.680    -0.353    twin_controller_inst/CLK
    SLICE_X39Y84         FDCE                                         r  twin_controller_inst/sw_reg[40]/C
  -------------------------------------------------------------------    -------------------
    SLICE_X39Y84         FDCE (Prop_fdce_C_Q)         0.100    -0.253 r  twin_controller_inst/sw_reg[40]/Q
                         net (fo=3, routed)           0.071    -0.181    twin_controller_inst/virtual_sw[40]
    SLICE_X38Y84         FDCE                                         r  twin_controller_inst/status_buffer_reg[11][0]/D
  -------------------------------------------------------------------    -------------------

                         (clock clk_out1_pll rise edge)
                                                      0.000     0.000 r  
    AD12                                              0.000     0.000 r  i_sys_clk_p (IN)
                         net (fo=0)                   0.000     0.000    pll_inst/inst/clk_in1_p
    AD12                 IBUFDS (Prop_ibufds_I_O)     0.470     0.470 r  pll_inst/inst/clkin1_ibufgds/O
                         net (fo=1, routed)           0.554     1.024    pll_inst/inst/clk_in1_pll
    PLLE2_ADV_X1Y1       PLLE2_ADV (Prop_plle2_adv_CLKIN1_CLKOUT0)
                                                     -3.524    -2.500 r  pll_inst/inst/plle2_adv_inst/CLKOUT0
                         net (fo=1, routed)           1.027    -1.473    pll_inst/inst/clk_out1_pll
    BUFGCTRL_X0Y1        BUFG (Prop_bufg_I_O)         0.030    -1.443 r  pll_inst/inst/clkout1_buf/O
                         net (fo=353, routed)         0.917    -0.526    twin_controller_inst/CLK
    SLICE_X38Y84         FDCE                                         r  twin_controller_inst/status_buffer_reg[11][0]/C
                         clock pessimism              0.185    -0.342    
    SLICE_X38Y84         FDCE (Hold_fdce_C_D)         0.059    -0.283    twin_controller_inst/status_buffer_reg[11][0]
  -------------------------------------------------------------------
                         required time                          0.283    
                         arrival time                          -0.181    
  -------------------------------------------------------------------
                         slack                                  0.101    

Slack (MET) :             0.134ns  (arrival time - required time)
  Source:                 twin_controller_inst/tx_data_reg[3]/C
                            (rising edge-triggered cell FDCE clocked by clk_out1_pll  {rise@0.000ns fall@10.000ns period=20.000ns})
  Destination:            uart_inst/tx_shift_reg[4]/D
                            (rising edge-triggered cell FDPE clocked by clk_out1_pll  {rise@0.000ns fall@10.000ns period=20.000ns})
  Path Group:             clk_out1_pll
  Path Type:              Hold (Min at Fast Process Corner)
  Requirement:            0.000ns  (clk_out1_pll rise@0.000ns - clk_out1_pll rise@0.000ns)
  Data Path Delay:        0.220ns  (logic 0.133ns (60.372%)  route 0.087ns (39.628%))
  Logic Levels:           1  (LUT3=1)
  Clock Path Skew:        0.011ns (DCD - SCD - CPR)
    Destination Clock Delay (DCD):    -0.522ns
    Source Clock Delay      (SCD):    -0.350ns
    Clock Pessimism Removal (CPR):    -0.184ns

    Location             Delay type                Incr(ns)  Path(ns)    Netlist Resource(s)
  -------------------------------------------------------------------    -------------------
                         (clock clk_out1_pll rise edge)
                                                      0.000     0.000 r  
    AD12                                              0.000     0.000 r  i_sys_clk_p (IN)
                         net (fo=0)                   0.000     0.000    pll_inst/inst/clk_in1_p
    AD12                 IBUFDS (Prop_ibufds_I_O)     0.388     0.388 r  pll_inst/inst/clkin1_ibufgds/O
                         net (fo=1, routed)           0.503     0.891    pll_inst/inst/clk_in1_pll
    PLLE2_ADV_X1Y1       PLLE2_ADV (Prop_plle2_adv_CLKIN1_CLKOUT0)
                                                     -2.908    -2.017 r  pll_inst/inst/plle2_adv_inst/CLKOUT0
                         net (fo=1, routed)           0.958    -1.059    pll_inst/inst/clk_out1_pll
    BUFGCTRL_X0Y1        BUFG (Prop_bufg_I_O)         0.026    -1.033 r  pll_inst/inst/clkout1_buf/O
                         net (fo=353, routed)         0.683    -0.350    twin_controller_inst/CLK
    SLICE_X35Y84         FDCE                                         r  twin_controller_inst/tx_data_reg[3]/C
  -------------------------------------------------------------------    -------------------
    SLICE_X35Y84         FDCE (Prop_fdce_C_Q)         0.100    -0.250 r  twin_controller_inst/tx_data_reg[3]/Q
                         net (fo=1, routed)           0.087    -0.162    uart_inst/tx_shift_reg[8]_0[3]
    SLICE_X34Y84         LUT3 (Prop_lut3_I2_O)        0.033    -0.129 r  uart_inst/tx_shift[4]_i_1/O
                         net (fo=1, routed)           0.000    -0.129    uart_inst/tx_shift0_in[4]
    SLICE_X34Y84         FDPE                                         r  uart_inst/tx_shift_reg[4]/D
  -------------------------------------------------------------------    -------------------

                         (clock clk_out1_pll rise edge)
                                                      0.000     0.000 r  
    AD12                                              0.000     0.000 r  i_sys_clk_p (IN)
                         net (fo=0)                   0.000     0.000    pll_inst/inst/clk_in1_p
    AD12                 IBUFDS (Prop_ibufds_I_O)     0.470     0.470 r  pll_inst/inst/clkin1_ibufgds/O
                         net (fo=1, routed)           0.554     1.024    pll_inst/inst/clk_in1_pll
    PLLE2_ADV_X1Y1       PLLE2_ADV (Prop_plle2_adv_CLKIN1_CLKOUT0)
                                                     -3.524    -2.500 r  pll_inst/inst/plle2_adv_inst/CLKOUT0
                         net (fo=1, routed)           1.027    -1.473    pll_inst/inst/clk_out1_pll
    BUFGCTRL_X0Y1        BUFG (Prop_bufg_I_O)         0.030    -1.443 r  pll_inst/inst/clkout1_buf/O
                         net (fo=353, routed)         0.921    -0.522    uart_inst/clk_out1
    SLICE_X34Y84         FDPE                                         r  uart_inst/tx_shift_reg[4]/C
                         clock pessimism              0.184    -0.339    
    SLICE_X34Y84         FDPE (Hold_fdpe_C_D)         0.075    -0.264    uart_inst/tx_shift_reg[4]
  -------------------------------------------------------------------
                         required time                          0.264    
                         arrival time                          -0.129    
  -------------------------------------------------------------------
                         slack                                  0.134    

Slack (MET) :             0.142ns  (arrival time - required time)
  Source:                 uart_inst/rx_shift_reg[0]/C
                            (rising edge-triggered cell FDCE clocked by clk_out1_pll  {rise@0.000ns fall@10.000ns period=20.000ns})
  Destination:            uart_inst/rx_data_reg[0]/D
                            (rising edge-triggered cell FDCE clocked by clk_out1_pll  {rise@0.000ns fall@10.000ns period=20.000ns})
  Path Group:             clk_out1_pll
  Path Type:              Hold (Min at Fast Process Corner)
  Requirement:            0.000ns  (clk_out1_pll rise@0.000ns - clk_out1_pll rise@0.000ns)
  Data Path Delay:        0.195ns  (logic 0.100ns (51.316%)  route 0.095ns (48.684%))
  Logic Levels:           0  
  Clock Path Skew:        0.013ns (DCD - SCD - CPR)
    Destination Clock Delay (DCD):    -0.522ns
    Source Clock Delay      (SCD):    -0.350ns
    Clock Pessimism Removal (CPR):    -0.186ns

    Location             Delay type                Incr(ns)  Path(ns)    Netlist Resource(s)
  -------------------------------------------------------------------    -------------------
                         (clock clk_out1_pll rise edge)
                                                      0.000     0.000 r  
    AD12                                              0.000     0.000 r  i_sys_clk_p (IN)
                         net (fo=0)                   0.000     0.000    pll_inst/inst/clk_in1_p
    AD12                 IBUFDS (Prop_ibufds_I_O)     0.388     0.388 r  pll_inst/inst/clkin1_ibufgds/O
                         net (fo=1, routed)           0.503     0.891    pll_inst/inst/clk_in1_pll
    PLLE2_ADV_X1Y1       PLLE2_ADV (Prop_plle2_adv_CLKIN1_CLKOUT0)
                                                     -2.908    -2.017 r  pll_inst/inst/plle2_adv_inst/CLKOUT0
                         net (fo=1, routed)           0.958    -1.059    pll_inst/inst/clk_out1_pll
    BUFGCTRL_X0Y1        BUFG (Prop_bufg_I_O)         0.026    -1.033 r  pll_inst/inst/clkout1_buf/O
                         net (fo=353, routed)         0.683    -0.350    uart_inst/clk_out1
    SLICE_X41Y90         FDCE                                         r  uart_inst/rx_shift_reg[0]/C
  -------------------------------------------------------------------    -------------------
    SLICE_X41Y90         FDCE (Prop_fdce_C_Q)         0.100    -0.250 r  uart_inst/rx_shift_reg[0]/Q
                         net (fo=1, routed)           0.095    -0.155    uart_inst/rx_shift_reg_n_0_[0]
    SLICE_X41Y89         FDCE                                         r  uart_inst/rx_data_reg[0]/D
  -------------------------------------------------------------------    -------------------

                         (clock clk_out1_pll rise edge)
                                                      0.000     0.000 r  
    AD12                                              0.000     0.000 r  i_sys_clk_p (IN)
                         net (fo=0)                   0.000     0.000    pll_inst/inst/clk_in1_p
    AD12                 IBUFDS (Prop_ibufds_I_O)     0.470     0.470 r  pll_inst/inst/clkin1_ibufgds/O
                         net (fo=1, routed)           0.554     1.024    pll_inst/inst/clk_in1_pll
    PLLE2_ADV_X1Y1       PLLE2_ADV (Prop_plle2_adv_CLKIN1_CLKOUT0)
                                                     -3.524    -2.500 r  pll_inst/inst/plle2_adv_inst/CLKOUT0
                         net (fo=1, routed)           1.027    -1.473    pll_inst/inst/clk_out1_pll
    BUFGCTRL_X0Y1        BUFG (Prop_bufg_I_O)         0.030    -1.443 r  pll_inst/inst/clkout1_buf/O
                         net (fo=353, routed)         0.921    -0.522    uart_inst/clk_out1
    SLICE_X41Y89         FDCE                                         r  uart_inst/rx_data_reg[0]/C
                         clock pessimism              0.186    -0.337    
    SLICE_X41Y89         FDCE (Hold_fdce_C_D)         0.040    -0.297    uart_inst/rx_data_reg[0]
  -------------------------------------------------------------------
                         required time                          0.297    
                         arrival time                          -0.155    
  -------------------------------------------------------------------
                         slack                                  0.142    

Slack (MET) :             0.143ns  (arrival time - required time)
  Source:                 uart_inst/tx_shift_reg[0]/C
                            (rising edge-triggered cell FDPE clocked by clk_out1_pll  {rise@0.000ns fall@10.000ns period=20.000ns})
  Destination:            uart_inst/tx_reg/D
                            (rising edge-triggered cell FDPE clocked by clk_out1_pll  {rise@0.000ns fall@10.000ns period=20.000ns})
  Path Group:             clk_out1_pll
  Path Type:              Hold (Min at Fast Process Corner)
  Requirement:            0.000ns  (clk_out1_pll rise@0.000ns - clk_out1_pll rise@0.000ns)
  Data Path Delay:        0.196ns  (logic 0.100ns (51.054%)  route 0.096ns (48.946%))
  Logic Levels:           0  
  Clock Path Skew:        0.013ns (DCD - SCD - CPR)
    Destination Clock Delay (DCD):    -0.521ns
    Source Clock Delay      (SCD):    -0.350ns
    Clock Pessimism Removal (CPR):    -0.185ns

    Location             Delay type                Incr(ns)  Path(ns)    Netlist Resource(s)
  -------------------------------------------------------------------    -------------------
                         (clock clk_out1_pll rise edge)
                                                      0.000     0.000 r  
    AD12                                              0.000     0.000 r  i_sys_clk_p (IN)
                         net (fo=0)                   0.000     0.000    pll_inst/inst/clk_in1_p
    AD12                 IBUFDS (Prop_ibufds_I_O)     0.388     0.388 r  pll_inst/inst/clkin1_ibufgds/O
                         net (fo=1, routed)           0.503     0.891    pll_inst/inst/clk_in1_pll
    PLLE2_ADV_X1Y1       PLLE2_ADV (Prop_plle2_adv_CLKIN1_CLKOUT0)
                                                     -2.908    -2.017 r  pll_inst/inst/plle2_adv_inst/CLKOUT0
                         net (fo=1, routed)           0.958    -1.059    pll_inst/inst/clk_out1_pll
    BUFGCTRL_X0Y1        BUFG (Prop_bufg_I_O)         0.026    -1.033 r  pll_inst/inst/clkout1_buf/O
                         net (fo=353, routed)         0.683    -0.350    uart_inst/clk_out1
    SLICE_X35Y85         FDPE                                         r  uart_inst/tx_shift_reg[0]/C
  -------------------------------------------------------------------    -------------------
    SLICE_X35Y85         FDPE (Prop_fdpe_C_Q)         0.100    -0.250 r  uart_inst/tx_shift_reg[0]/Q
                         net (fo=1, routed)           0.096    -0.154    uart_inst/tx_shift_reg_n_0_[0]
    SLICE_X35Y86         FDPE                                         r  uart_inst/tx_reg/D
  -------------------------------------------------------------------    -------------------

                         (clock clk_out1_pll rise edge)
                                                      0.000     0.000 r  
    AD12                                              0.000     0.000 r  i_sys_clk_p (IN)
                         net (fo=0)                   0.000     0.000    pll_inst/inst/clk_in1_p
    AD12                 IBUFDS (Prop_ibufds_I_O)     0.470     0.470 r  pll_inst/inst/clkin1_ibufgds/O
                         net (fo=1, routed)           0.554     1.024    pll_inst/inst/clk_in1_pll
    PLLE2_ADV_X1Y1       PLLE2_ADV (Prop_plle2_adv_CLKIN1_CLKOUT0)
                                                     -3.524    -2.500 r  pll_inst/inst/plle2_adv_inst/CLKOUT0
                         net (fo=1, routed)           1.027    -1.473    pll_inst/inst/clk_out1_pll
    BUFGCTRL_X0Y1        BUFG (Prop_bufg_I_O)         0.030    -1.443 r  pll_inst/inst/clkout1_buf/O
                         net (fo=353, routed)         0.922    -0.521    uart_inst/clk_out1
    SLICE_X35Y86         FDPE                                         r  uart_inst/tx_reg/C
                         clock pessimism              0.185    -0.337    
    SLICE_X35Y86         FDPE (Hold_fdpe_C_D)         0.040    -0.297    uart_inst/tx_reg
  -------------------------------------------------------------------
                         required time                          0.297    
                         arrival time                          -0.154    
  -------------------------------------------------------------------
                         slack                                  0.143    

Slack (MET) :             0.149ns  (arrival time - required time)
  Source:                 twin_controller_inst/sw_reg[19]/C
                            (rising edge-triggered cell FDCE clocked by clk_out1_pll  {rise@0.000ns fall@10.000ns period=20.000ns})
  Destination:            twin_controller_inst/status_buffer_reg[8][3]/D
                            (rising edge-triggered cell FDCE clocked by clk_out1_pll  {rise@0.000ns fall@10.000ns period=20.000ns})
  Path Group:             clk_out1_pll
  Path Type:              Hold (Min at Fast Process Corner)
  Requirement:            0.000ns  (clk_out1_pll rise@0.000ns - clk_out1_pll rise@0.000ns)
  Data Path Delay:        0.223ns  (logic 0.100ns (44.901%)  route 0.123ns (55.099%))
  Logic Levels:           0  
  Clock Path Skew:        0.031ns (DCD - SCD - CPR)
    Destination Clock Delay (DCD):    -0.528ns
    Source Clock Delay      (SCD):    -0.357ns
    Clock Pessimism Removal (CPR):    -0.203ns

    Location             Delay type                Incr(ns)  Path(ns)    Netlist Resource(s)
  -------------------------------------------------------------------    -------------------
                         (clock clk_out1_pll rise edge)
                                                      0.000     0.000 r  
    AD12                                              0.000     0.000 r  i_sys_clk_p (IN)
                         net (fo=0)                   0.000     0.000    pll_inst/inst/clk_in1_p
    AD12                 IBUFDS (Prop_ibufds_I_O)     0.388     0.388 r  pll_inst/inst/clkin1_ibufgds/O
                         net (fo=1, routed)           0.503     0.891    pll_inst/inst/clk_in1_pll
    PLLE2_ADV_X1Y1       PLLE2_ADV (Prop_plle2_adv_CLKIN1_CLKOUT0)
                                                     -2.908    -2.017 r  pll_inst/inst/plle2_adv_inst/CLKOUT0
                         net (fo=1, routed)           0.958    -1.059    pll_inst/inst/clk_out1_pll
    BUFGCTRL_X0Y1        BUFG (Prop_bufg_I_O)         0.026    -1.033 r  pll_inst/inst/clkout1_buf/O
                         net (fo=353, routed)         0.676    -0.357    twin_controller_inst/CLK
    SLICE_X47Y84         FDCE                                         r  twin_controller_inst/sw_reg[19]/C
  -------------------------------------------------------------------    -------------------
    SLICE_X47Y84         FDCE (Prop_fdce_C_Q)         0.100    -0.257 r  twin_controller_inst/sw_reg[19]/Q
                         net (fo=3, routed)           0.123    -0.134    twin_controller_inst/virtual_sw[19]
    SLICE_X45Y84         FDCE                                         r  twin_controller_inst/status_buffer_reg[8][3]/D
  -------------------------------------------------------------------    -------------------

                         (clock clk_out1_pll rise edge)
                                                      0.000     0.000 r  
    AD12                                              0.000     0.000 r  i_sys_clk_p (IN)
                         net (fo=0)                   0.000     0.000    pll_inst/inst/clk_in1_p
    AD12                 IBUFDS (Prop_ibufds_I_O)     0.470     0.470 r  pll_inst/inst/clkin1_ibufgds/O
                         net (fo=1, routed)           0.554     1.024    pll_inst/inst/clk_in1_pll
    PLLE2_ADV_X1Y1       PLLE2_ADV (Prop_plle2_adv_CLKIN1_CLKOUT0)
                                                     -3.524    -2.500 r  pll_inst/inst/plle2_adv_inst/CLKOUT0
                         net (fo=1, routed)           1.027    -1.473    pll_inst/inst/clk_out1_pll
    BUFGCTRL_X0Y1        BUFG (Prop_bufg_I_O)         0.030    -1.443 r  pll_inst/inst/clkout1_buf/O
                         net (fo=353, routed)         0.915    -0.528    twin_controller_inst/CLK
    SLICE_X45Y84         FDCE                                         r  twin_controller_inst/status_buffer_reg[8][3]/C
                         clock pessimism              0.203    -0.326    
    SLICE_X45Y84         FDCE (Hold_fdce_C_D)         0.043    -0.283    twin_controller_inst/status_buffer_reg[8][3]
  -------------------------------------------------------------------
                         required time                          0.283    
                         arrival time                          -0.134    
  -------------------------------------------------------------------
                         slack                                  0.149    

Slack (MET) :             0.149ns  (arrival time - required time)
  Source:                 uart_inst/rx_shift_reg[3]/C
                            (rising edge-triggered cell FDCE clocked by clk_out1_pll  {rise@0.000ns fall@10.000ns period=20.000ns})
  Destination:            uart_inst/rx_data_reg[3]/D
                            (rising edge-triggered cell FDCE clocked by clk_out1_pll  {rise@0.000ns fall@10.000ns period=20.000ns})
  Path Group:             clk_out1_pll
  Path Type:              Hold (Min at Fast Process Corner)
  Requirement:            0.000ns  (clk_out1_pll rise@0.000ns - clk_out1_pll rise@0.000ns)
  Data Path Delay:        0.205ns  (logic 0.100ns (48.840%)  route 0.105ns (51.160%))
  Logic Levels:           0  
  Clock Path Skew:        0.013ns (DCD - SCD - CPR)
    Destination Clock Delay (DCD):    -0.522ns
    Source Clock Delay      (SCD):    -0.350ns
    Clock Pessimism Removal (CPR):    -0.186ns

    Location             Delay type                Incr(ns)  Path(ns)    Netlist Resource(s)
  -------------------------------------------------------------------    -------------------
                         (clock clk_out1_pll rise edge)
                                                      0.000     0.000 r  
    AD12                                              0.000     0.000 r  i_sys_clk_p (IN)
                         net (fo=0)                   0.000     0.000    pll_inst/inst/clk_in1_p
    AD12                 IBUFDS (Prop_ibufds_I_O)     0.388     0.388 r  pll_inst/inst/clkin1_ibufgds/O
                         net (fo=1, routed)           0.503     0.891    pll_inst/inst/clk_in1_pll
    PLLE2_ADV_X1Y1       PLLE2_ADV (Prop_plle2_adv_CLKIN1_CLKOUT0)
                                                     -2.908    -2.017 r  pll_inst/inst/plle2_adv_inst/CLKOUT0
                         net (fo=1, routed)           0.958    -1.059    pll_inst/inst/clk_out1_pll
    BUFGCTRL_X0Y1        BUFG (Prop_bufg_I_O)         0.026    -1.033 r  pll_inst/inst/clkout1_buf/O
                         net (fo=353, routed)         0.683    -0.350    uart_inst/clk_out1
    SLICE_X41Y90         FDCE                                         r  uart_inst/rx_shift_reg[3]/C
  -------------------------------------------------------------------    -------------------
    SLICE_X41Y90         FDCE (Prop_fdce_C_Q)         0.100    -0.250 r  uart_inst/rx_shift_reg[3]/Q
                         net (fo=2, routed)           0.105    -0.145    uart_inst/p_0_in[2]
    SLICE_X41Y89         FDCE                                         r  uart_inst/rx_data_reg[3]/D
  -------------------------------------------------------------------    -------------------

                         (clock clk_out1_pll rise edge)
                                                      0.000     0.000 r  
    AD12                                              0.000     0.000 r  i_sys_clk_p (IN)
                         net (fo=0)                   0.000     0.000    pll_inst/inst/clk_in1_p
    AD12                 IBUFDS (Prop_ibufds_I_O)     0.470     0.470 r  pll_inst/inst/clkin1_ibufgds/O
                         net (fo=1, routed)           0.554     1.024    pll_inst/inst/clk_in1_pll
    PLLE2_ADV_X1Y1       PLLE2_ADV (Prop_plle2_adv_CLKIN1_CLKOUT0)
                                                     -3.524    -2.500 r  pll_inst/inst/plle2_adv_inst/CLKOUT0
                         net (fo=1, routed)           1.027    -1.473    pll_inst/inst/clk_out1_pll
    BUFGCTRL_X0Y1        BUFG (Prop_bufg_I_O)         0.030    -1.443 r  pll_inst/inst/clkout1_buf/O
                         net (fo=353, routed)         0.921    -0.522    uart_inst/clk_out1
    SLICE_X41Y89         FDCE                                         r  uart_inst/rx_data_reg[3]/C
                         clock pessimism              0.186    -0.337    
    SLICE_X41Y89         FDCE (Hold_fdce_C_D)         0.043    -0.294    uart_inst/rx_data_reg[3]
  -------------------------------------------------------------------
                         required time                          0.294    
                         arrival time                          -0.145    
  -------------------------------------------------------------------
                         slack                                  0.149    

Slack (MET) :             0.150ns  (arrival time - required time)
  Source:                 twin_controller_inst/sw_reg[47]/C
                            (rising edge-triggered cell FDCE clocked by clk_out1_pll  {rise@0.000ns fall@10.000ns period=20.000ns})
  Destination:            twin_controller_inst/status_buffer_reg[11][7]/D
                            (rising edge-triggered cell FDCE clocked by clk_out1_pll  {rise@0.000ns fall@10.000ns period=20.000ns})
  Path Group:             clk_out1_pll
  Path Type:              Hold (Min at Fast Process Corner)
  Requirement:            0.000ns  (clk_out1_pll rise@0.000ns - clk_out1_pll rise@0.000ns)
  Data Path Delay:        0.214ns  (logic 0.100ns (46.754%)  route 0.114ns (53.246%))
  Logic Levels:           0  
  Clock Path Skew:        0.031ns (DCD - SCD - CPR)
    Destination Clock Delay (DCD):    -0.530ns
    Source Clock Delay      (SCD):    -0.359ns
    Clock Pessimism Removal (CPR):    -0.203ns

    Location             Delay type                Incr(ns)  Path(ns)    Netlist Resource(s)
  -------------------------------------------------------------------    -------------------
                         (clock clk_out1_pll rise edge)
                                                      0.000     0.000 r  
    AD12                                              0.000     0.000 r  i_sys_clk_p (IN)
                         net (fo=0)                   0.000     0.000    pll_inst/inst/clk_in1_p
    AD12                 IBUFDS (Prop_ibufds_I_O)     0.388     0.388 r  pll_inst/inst/clkin1_ibufgds/O
                         net (fo=1, routed)           0.503     0.891    pll_inst/inst/clk_in1_pll
    PLLE2_ADV_X1Y1       PLLE2_ADV (Prop_plle2_adv_CLKIN1_CLKOUT0)
                                                     -2.908    -2.017 r  pll_inst/inst/plle2_adv_inst/CLKOUT0
                         net (fo=1, routed)           0.958    -1.059    pll_inst/inst/clk_out1_pll
    BUFGCTRL_X0Y1        BUFG (Prop_bufg_I_O)         0.026    -1.033 r  pll_inst/inst/clkout1_buf/O
                         net (fo=353, routed)         0.674    -0.359    twin_controller_inst/CLK
    SLICE_X47Y82         FDCE                                         r  twin_controller_inst/sw_reg[47]/C
  -------------------------------------------------------------------    -------------------
    SLICE_X47Y82         FDCE (Prop_fdce_C_Q)         0.100    -0.259 r  twin_controller_inst/sw_reg[47]/Q
                         net (fo=3, routed)           0.114    -0.145    twin_controller_inst/virtual_sw[47]
    SLICE_X45Y82         FDCE                                         r  twin_controller_inst/status_buffer_reg[11][7]/D
  -------------------------------------------------------------------    -------------------

                         (clock clk_out1_pll rise edge)
                                                      0.000     0.000 r  
    AD12                                              0.000     0.000 r  i_sys_clk_p (IN)
                         net (fo=0)                   0.000     0.000    pll_inst/inst/clk_in1_p
    AD12                 IBUFDS (Prop_ibufds_I_O)     0.470     0.470 r  pll_inst/inst/clkin1_ibufgds/O
                         net (fo=1, routed)           0.554     1.024    pll_inst/inst/clk_in1_pll
    PLLE2_ADV_X1Y1       PLLE2_ADV (Prop_plle2_adv_CLKIN1_CLKOUT0)
                                                     -3.524    -2.500 r  pll_inst/inst/plle2_adv_inst/CLKOUT0
                         net (fo=1, routed)           1.027    -1.473    pll_inst/inst/clk_out1_pll
    BUFGCTRL_X0Y1        BUFG (Prop_bufg_I_O)         0.030    -1.443 r  pll_inst/inst/clkout1_buf/O
                         net (fo=353, routed)         0.913    -0.530    twin_controller_inst/CLK
    SLICE_X45Y82         FDCE                                         r  twin_controller_inst/status_buffer_reg[11][7]/C
                         clock pessimism              0.203    -0.328    
    SLICE_X45Y82         FDCE (Hold_fdce_C_D)         0.033    -0.295    twin_controller_inst/status_buffer_reg[11][7]
  -------------------------------------------------------------------
                         required time                          0.295    
                         arrival time                          -0.145    
  -------------------------------------------------------------------
                         slack                                  0.150    

Slack (MET) :             0.150ns  (arrival time - required time)
  Source:                 twin_controller_inst/sw_reg[29]/C
                            (rising edge-triggered cell FDCE clocked by clk_out1_pll  {rise@0.000ns fall@10.000ns period=20.000ns})
  Destination:            twin_controller_inst/status_buffer_reg[9][5]/D
                            (rising edge-triggered cell FDCE clocked by clk_out1_pll  {rise@0.000ns fall@10.000ns period=20.000ns})
  Path Group:             clk_out1_pll
  Path Type:              Hold (Min at Fast Process Corner)
  Requirement:            0.000ns  (clk_out1_pll rise@0.000ns - clk_out1_pll rise@0.000ns)
  Data Path Delay:        0.208ns  (logic 0.100ns (47.972%)  route 0.108ns (52.028%))
  Logic Levels:           0  
  Clock Path Skew:        0.011ns (DCD - SCD - CPR)
    Destination Clock Delay (DCD):    -0.528ns
    Source Clock Delay      (SCD):    -0.354ns
    Clock Pessimism Removal (CPR):    -0.186ns

    Location             Delay type                Incr(ns)  Path(ns)    Netlist Resource(s)
  -------------------------------------------------------------------    -------------------
                         (clock clk_out1_pll rise edge)
                                                      0.000     0.000 r  
    AD12                                              0.000     0.000 r  i_sys_clk_p (IN)
                         net (fo=0)                   0.000     0.000    pll_inst/inst/clk_in1_p
    AD12                 IBUFDS (Prop_ibufds_I_O)     0.388     0.388 r  pll_inst/inst/clkin1_ibufgds/O
                         net (fo=1, routed)           0.503     0.891    pll_inst/inst/clk_in1_pll
    PLLE2_ADV_X1Y1       PLLE2_ADV (Prop_plle2_adv_CLKIN1_CLKOUT0)
                                                     -2.908    -2.017 r  pll_inst/inst/plle2_adv_inst/CLKOUT0
                         net (fo=1, routed)           0.958    -1.059    pll_inst/inst/clk_out1_pll
    BUFGCTRL_X0Y1        BUFG (Prop_bufg_I_O)         0.026    -1.033 r  pll_inst/inst/clkout1_buf/O
                         net (fo=353, routed)         0.679    -0.354    twin_controller_inst/CLK
    SLICE_X41Y83         FDCE                                         r  twin_controller_inst/sw_reg[29]/C
  -------------------------------------------------------------------    -------------------
    SLICE_X41Y83         FDCE (Prop_fdce_C_Q)         0.100    -0.254 r  twin_controller_inst/sw_reg[29]/Q
                         net (fo=3, routed)           0.108    -0.145    twin_controller_inst/virtual_sw[29]
    SLICE_X40Y82         FDCE                                         r  twin_controller_inst/status_buffer_reg[9][5]/D
  -------------------------------------------------------------------    -------------------

                         (clock clk_out1_pll rise edge)
                                                      0.000     0.000 r  
    AD12                                              0.000     0.000 r  i_sys_clk_p (IN)
                         net (fo=0)                   0.000     0.000    pll_inst/inst/clk_in1_p
    AD12                 IBUFDS (Prop_ibufds_I_O)     0.470     0.470 r  pll_inst/inst/clkin1_ibufgds/O
                         net (fo=1, routed)           0.554     1.024    pll_inst/inst/clk_in1_pll
    PLLE2_ADV_X1Y1       PLLE2_ADV (Prop_plle2_adv_CLKIN1_CLKOUT0)
                                                     -3.524    -2.500 r  pll_inst/inst/plle2_adv_inst/CLKOUT0
                         net (fo=1, routed)           1.027    -1.473    pll_inst/inst/clk_out1_pll
    BUFGCTRL_X0Y1        BUFG (Prop_bufg_I_O)         0.030    -1.443 r  pll_inst/inst/clkout1_buf/O
                         net (fo=353, routed)         0.915    -0.528    twin_controller_inst/CLK
    SLICE_X40Y82         FDCE                                         r  twin_controller_inst/status_buffer_reg[9][5]/C
                         clock pessimism              0.186    -0.343    
    SLICE_X40Y82         FDCE (Hold_fdce_C_D)         0.047    -0.296    twin_controller_inst/status_buffer_reg[9][5]
  -------------------------------------------------------------------
                         required time                          0.296    
                         arrival time                          -0.145    
  -------------------------------------------------------------------
                         slack                                  0.150    

Slack (MET) :             0.155ns  (arrival time - required time)
  Source:                 twin_controller_inst/sw_reg[5]/C
                            (rising edge-triggered cell FDCE clocked by clk_out1_pll  {rise@0.000ns fall@10.000ns period=20.000ns})
  Destination:            twin_controller_inst/status_buffer_reg[6][5]/D
                            (rising edge-triggered cell FDCE clocked by clk_out1_pll  {rise@0.000ns fall@10.000ns period=20.000ns})
  Path Group:             clk_out1_pll
  Path Type:              Hold (Min at Fast Process Corner)
  Requirement:            0.000ns  (clk_out1_pll rise@0.000ns - clk_out1_pll rise@0.000ns)
  Data Path Delay:        0.215ns  (logic 0.100ns (46.589%)  route 0.115ns (53.411%))
  Logic Levels:           0  
  Clock Path Skew:        0.013ns (DCD - SCD - CPR)
    Destination Clock Delay (DCD):    -0.528ns
    Source Clock Delay      (SCD):    -0.356ns
    Clock Pessimism Removal (CPR):    -0.186ns

    Location             Delay type                Incr(ns)  Path(ns)    Netlist Resource(s)
  -------------------------------------------------------------------    -------------------
                         (clock clk_out1_pll rise edge)
                                                      0.000     0.000 r  
    AD12                                              0.000     0.000 r  i_sys_clk_p (IN)
                         net (fo=0)                   0.000     0.000    pll_inst/inst/clk_in1_p
    AD12                 IBUFDS (Prop_ibufds_I_O)     0.388     0.388 r  pll_inst/inst/clkin1_ibufgds/O
                         net (fo=1, routed)           0.503     0.891    pll_inst/inst/clk_in1_pll
    PLLE2_ADV_X1Y1       PLLE2_ADV (Prop_plle2_adv_CLKIN1_CLKOUT0)
                                                     -2.908    -2.017 r  pll_inst/inst/plle2_adv_inst/CLKOUT0
                         net (fo=1, routed)           0.958    -1.059    pll_inst/inst/clk_out1_pll
    BUFGCTRL_X0Y1        BUFG (Prop_bufg_I_O)         0.026    -1.033 r  pll_inst/inst/clkout1_buf/O
                         net (fo=353, routed)         0.677    -0.356    twin_controller_inst/CLK
    SLICE_X40Y81         FDCE                                         r  twin_controller_inst/sw_reg[5]/C
  -------------------------------------------------------------------    -------------------
    SLICE_X40Y81         FDCE (Prop_fdce_C_Q)         0.100    -0.256 r  twin_controller_inst/sw_reg[5]/Q
                         net (fo=3, routed)           0.115    -0.141    twin_controller_inst/virtual_sw[5]
    SLICE_X39Y82         FDCE                                         r  twin_controller_inst/status_buffer_reg[6][5]/D
  -------------------------------------------------------------------    -------------------

                         (clock clk_out1_pll rise edge)
                                                      0.000     0.000 r  
    AD12                                              0.000     0.000 r  i_sys_clk_p (IN)
                         net (fo=0)                   0.000     0.000    pll_inst/inst/clk_in1_p
    AD12                 IBUFDS (Prop_ibufds_I_O)     0.470     0.470 r  pll_inst/inst/clkin1_ibufgds/O
                         net (fo=1, routed)           0.554     1.024    pll_inst/inst/clk_in1_pll
    PLLE2_ADV_X1Y1       PLLE2_ADV (Prop_plle2_adv_CLKIN1_CLKOUT0)
                                                     -3.524    -2.500 r  pll_inst/inst/plle2_adv_inst/CLKOUT0
                         net (fo=1, routed)           1.027    -1.473    pll_inst/inst/clk_out1_pll
    BUFGCTRL_X0Y1        BUFG (Prop_bufg_I_O)         0.030    -1.443 r  pll_inst/inst/clkout1_buf/O
                         net (fo=353, routed)         0.915    -0.528    twin_controller_inst/CLK
    SLICE_X39Y82         FDCE                                         r  twin_controller_inst/status_buffer_reg[6][5]/C
                         clock pessimism              0.186    -0.343    
    SLICE_X39Y82         FDCE (Hold_fdce_C_D)         0.047    -0.296    twin_controller_inst/status_buffer_reg[6][5]
  -------------------------------------------------------------------
                         required time                          0.296    
                         arrival time                          -0.141    
  -------------------------------------------------------------------
                         slack                                  0.155    

Slack (MET) :             0.155ns  (arrival time - required time)
  Source:                 twin_controller_inst/key_reg[5]/C
                            (rising edge-triggered cell FDCE clocked by clk_out1_pll  {rise@0.000ns fall@10.000ns period=20.000ns})
  Destination:            twin_controller_inst/status_buffer_reg[5][5]/D
                            (rising edge-triggered cell FDCE clocked by clk_out1_pll  {rise@0.000ns fall@10.000ns period=20.000ns})
  Path Group:             clk_out1_pll
  Path Type:              Hold (Min at Fast Process Corner)
  Requirement:            0.000ns  (clk_out1_pll rise@0.000ns - clk_out1_pll rise@0.000ns)
  Data Path Delay:        0.213ns  (logic 0.100ns (47.009%)  route 0.113ns (52.991%))
  Logic Levels:           0  
  Clock Path Skew:        0.011ns (DCD - SCD - CPR)
    Destination Clock Delay (DCD):    -0.528ns
    Source Clock Delay      (SCD):    -0.354ns
    Clock Pessimism Removal (CPR):    -0.186ns

    Location             Delay type                Incr(ns)  Path(ns)    Netlist Resource(s)
  -------------------------------------------------------------------    -------------------
                         (clock clk_out1_pll rise edge)
                                                      0.000     0.000 r  
    AD12                                              0.000     0.000 r  i_sys_clk_p (IN)
                         net (fo=0)                   0.000     0.000    pll_inst/inst/clk_in1_p
    AD12                 IBUFDS (Prop_ibufds_I_O)     0.388     0.388 r  pll_inst/inst/clkin1_ibufgds/O
                         net (fo=1, routed)           0.503     0.891    pll_inst/inst/clk_in1_pll
    PLLE2_ADV_X1Y1       PLLE2_ADV (Prop_plle2_adv_CLKIN1_CLKOUT0)
                                                     -2.908    -2.017 r  pll_inst/inst/plle2_adv_inst/CLKOUT0
                         net (fo=1, routed)           0.958    -1.059    pll_inst/inst/clk_out1_pll
    BUFGCTRL_X0Y1        BUFG (Prop_bufg_I_O)         0.026    -1.033 r  pll_inst/inst/clkout1_buf/O
                         net (fo=353, routed)         0.679    -0.354    twin_controller_inst/CLK
    SLICE_X41Y83         FDCE                                         r  twin_controller_inst/key_reg[5]/C
  -------------------------------------------------------------------    -------------------
    SLICE_X41Y83         FDCE (Prop_fdce_C_Q)         0.100    -0.254 r  twin_controller_inst/key_reg[5]/Q
                         net (fo=3, routed)           0.113    -0.141    twin_controller_inst/D[5]
    SLICE_X40Y82         FDCE                                         r  twin_controller_inst/status_buffer_reg[5][5]/D
  -------------------------------------------------------------------    -------------------

                         (clock clk_out1_pll rise edge)
                                                      0.000     0.000 r  
    AD12                                              0.000     0.000 r  i_sys_clk_p (IN)
                         net (fo=0)                   0.000     0.000    pll_inst/inst/clk_in1_p
    AD12                 IBUFDS (Prop_ibufds_I_O)     0.470     0.470 r  pll_inst/inst/clkin1_ibufgds/O
                         net (fo=1, routed)           0.554     1.024    pll_inst/inst/clk_in1_pll
    PLLE2_ADV_X1Y1       PLLE2_ADV (Prop_plle2_adv_CLKIN1_CLKOUT0)
                                                     -3.524    -2.500 r  pll_inst/inst/plle2_adv_inst/CLKOUT0
                         net (fo=1, routed)           1.027    -1.473    pll_inst/inst/clk_out1_pll
    BUFGCTRL_X0Y1        BUFG (Prop_bufg_I_O)         0.030    -1.443 r  pll_inst/inst/clkout1_buf/O
                         net (fo=353, routed)         0.915    -0.528    twin_controller_inst/CLK
    SLICE_X40Y82         FDCE                                         r  twin_controller_inst/status_buffer_reg[5][5]/C
                         clock pessimism              0.186    -0.343    
    SLICE_X40Y82         FDCE (Hold_fdce_C_D)         0.047    -0.296    twin_controller_inst/status_buffer_reg[5][5]
  -------------------------------------------------------------------
                         required time                          0.296    
                         arrival time                          -0.141    
  -------------------------------------------------------------------
                         slack                                  0.155    





Pulse Width Checks
--------------------------------------------------------------------------------------
Clock Name:         clk_out1_pll
Waveform(ns):       { 0.000 10.000 }
Period(ns):         20.000
Sources:            { pll_inst/inst/plle2_adv_inst/CLKOUT0 }

Check Type        Corner  Lib Pin            Reference Pin  Required(ns)  Actual(ns)  Slack(ns)  Location        Pin
Min Period        n/a     BUFG/I             n/a            1.408         20.000      18.591     BUFGCTRL_X0Y1   pll_inst/inst/clkout1_buf/I
Min Period        n/a     PLLE2_ADV/CLKOUT0  n/a            1.071         20.000      18.929     PLLE2_ADV_X1Y1  pll_inst/inst/plle2_adv_inst/CLKOUT0
Min Period        n/a     FDCE/C             n/a            0.750         20.000      19.250     SLICE_X36Y84    twin_controller_inst/send_cnt_reg[1]/C
Min Period        n/a     FDCE/C             n/a            0.750         20.000      19.250     SLICE_X36Y84    twin_controller_inst/send_cnt_reg[3]/C
Min Period        n/a     FDCE/C             n/a            0.750         20.000      19.250     SLICE_X45Y82    twin_controller_inst/status_buffer_reg[13][7]/C
Min Period        n/a     FDCE/C             n/a            0.750         20.000      19.250     SLICE_X43Y80    twin_controller_inst/status_buffer_reg[15][7]/C
Min Period        n/a     FDCE/C             n/a            0.750         20.000      19.250     SLICE_X35Y81    twin_controller_inst/status_buffer_reg[17][3]/C
Min Period        n/a     FDCE/C             n/a            0.750         20.000      19.250     SLICE_X36Y83    twin_controller_inst/status_buffer_reg[17][6]/C
Min Period        n/a     FDCE/C             n/a            0.750         20.000      19.250     SLICE_X37Y82    twin_controller_inst/status_buffer_reg[1][3]/C
Min Period        n/a     FDCE/C             n/a            0.750         20.000      19.250     SLICE_X36Y83    twin_controller_inst/status_buffer_reg[1][4]/C
Max Period        n/a     PLLE2_ADV/CLKOUT0  n/a            160.000       20.000      140.000    PLLE2_ADV_X1Y1  pll_inst/inst/plle2_adv_inst/CLKOUT0
Low Pulse Width   Slow    FDCE/C             n/a            0.400         10.000      9.600      SLICE_X36Y84    twin_controller_inst/send_cnt_reg[1]/C
Low Pulse Width   Fast    FDCE/C             n/a            0.400         10.000      9.600      SLICE_X36Y84    twin_controller_inst/send_cnt_reg[1]/C
Low Pulse Width   Slow    FDCE/C             n/a            0.400         10.000      9.600      SLICE_X36Y84    twin_controller_inst/send_cnt_reg[3]/C
Low Pulse Width   Fast    FDCE/C             n/a            0.400         10.000      9.600      SLICE_X36Y84    twin_controller_inst/send_cnt_reg[3]/C
Low Pulse Width   Slow    FDCE/C             n/a            0.400         10.000      9.600      SLICE_X45Y82    twin_controller_inst/status_buffer_reg[13][7]/C
Low Pulse Width   Fast    FDCE/C             n/a            0.400         10.000      9.600      SLICE_X45Y82    twin_controller_inst/status_buffer_reg[13][7]/C
Low Pulse Width   Slow    FDCE/C             n/a            0.400         10.000      9.600      SLICE_X43Y80    twin_controller_inst/status_buffer_reg[15][7]/C
Low Pulse Width   Fast    FDCE/C             n/a            0.400         10.000      9.600      SLICE_X43Y80    twin_controller_inst/status_buffer_reg[15][7]/C
Low Pulse Width   Slow    FDCE/C             n/a            0.400         10.000      9.600      SLICE_X35Y81    twin_controller_inst/status_buffer_reg[17][3]/C
Low Pulse Width   Fast    FDCE/C             n/a            0.400         10.000      9.600      SLICE_X35Y81    twin_controller_inst/status_buffer_reg[17][3]/C
High Pulse Width  Slow    FDRE/C             n/a            0.350         10.000      9.650      SLICE_X53Y82    student_top_inst/bridge_inst/counter_inst/cnt_1ms_reg[0]/C
High Pulse Width  Fast    FDRE/C             n/a            0.350         10.000      9.650      SLICE_X53Y82    student_top_inst/bridge_inst/counter_inst/cnt_1ms_reg[0]/C
High Pulse Width  Slow    FDRE/C             n/a            0.350         10.000      9.650      SLICE_X53Y84    student_top_inst/bridge_inst/counter_inst/cnt_1ms_reg[10]/C
High Pulse Width  Fast    FDRE/C             n/a            0.350         10.000      9.650      SLICE_X53Y84    student_top_inst/bridge_inst/counter_inst/cnt_1ms_reg[10]/C
High Pulse Width  Slow    FDRE/C             n/a            0.350         10.000      9.650      SLICE_X53Y84    student_top_inst/bridge_inst/counter_inst/cnt_1ms_reg[11]/C
High Pulse Width  Fast    FDRE/C             n/a            0.350         10.000      9.650      SLICE_X53Y84    student_top_inst/bridge_inst/counter_inst/cnt_1ms_reg[11]/C
High Pulse Width  Slow    FDRE/C             n/a            0.350         10.000      9.650      SLICE_X53Y85    student_top_inst/bridge_inst/counter_inst/cnt_1ms_reg[12]/C
High Pulse Width  Fast    FDRE/C             n/a            0.350         10.000      9.650      SLICE_X53Y85    student_top_inst/bridge_inst/counter_inst/cnt_1ms_reg[12]/C
High Pulse Width  Slow    FDRE/C             n/a            0.350         10.000      9.650      SLICE_X53Y85    student_top_inst/bridge_inst/counter_inst/cnt_1ms_reg[13]/C
High Pulse Width  Fast    FDRE/C             n/a            0.350         10.000      9.650      SLICE_X53Y85    student_top_inst/bridge_inst/counter_inst/cnt_1ms_reg[13]/C



---------------------------------------------------------------------------------------------------
From Clock:  clk_out2_pll
  To Clock:  clk_out2_pll

Setup :            0  Failing Endpoints,  Worst Slack        0.296ns,  Total Violation        0.000ns
Hold  :            0  Failing Endpoints,  Worst Slack        0.120ns,  Total Violation        0.000ns
PW    :            0  Failing Endpoints,  Worst Slack        2.691ns,  Total Violation        0.000ns
---------------------------------------------------------------------------------------------------


Max Delay Paths
--------------------------------------------------------------------------------------
Slack (MET) :             0.296ns  (required time - arrival time)
  Source:                 student_top_inst/Core_cpu/SegReg_EX_LS_inst/inst_ls_reg[9]/C
                            (rising edge-triggered cell FDRE clocked by clk_out2_pll  {rise@0.000ns fall@3.333ns period=6.667ns})
  Destination:            student_top_inst/bridge_inst/dram_driver_inst/your_instance_name/U0/inst_blk_mem_gen/gnbram.gnativebmg.native_blk_mem_gen/valid.cstr/ramloop[61].ram.r/prim_init.ram/DEVICE_7SERIES.NO_BMM_INFO.SP.SIMPLE_PRIM36.ram/WEA[0]
                            (rising edge-triggered cell RAMB36E1 clocked by clk_out2_pll  {rise@0.000ns fall@3.333ns period=6.667ns})
  Path Group:             clk_out2_pll
  Path Type:              Setup (Max at Slow Process Corner)
  Requirement:            6.667ns  (clk_out2_pll rise@6.667ns - clk_out2_pll rise@0.000ns)
  Data Path Delay:        5.706ns  (logic 1.203ns (21.082%)  route 4.503ns (78.918%))
  Logic Levels:           13  (CARRY4=6 LUT4=2 LUT5=1 LUT6=4)
  Clock Path Skew:        -0.188ns (DCD - SCD + CPR)
    Destination Clock Delay (DCD):    -2.009ns = ( 4.658 - 6.667 ) 
    Source Clock Delay      (SCD):    -2.268ns
    Clock Pessimism Removal (CPR):    -0.448ns
  Clock Uncertainty:      0.072ns  ((TSJ^2 + DJ^2)^1/2) / 2 + PE
    Total System Jitter     (TSJ):    0.071ns
    Discrete Jitter          (DJ):    0.126ns
    Phase Error              (PE):    0.000ns

    Location             Delay type                Incr(ns)  Path(ns)    Netlist Resource(s)
  -------------------------------------------------------------------    -------------------
                         (clock clk_out2_pll rise edge)
                                                      0.000     0.000 r  
    AD12                                              0.000     0.000 r  i_sys_clk_p (IN)
                         net (fo=0)                   0.000     0.000    pll_inst/inst/clk_in1_p
    AD12                 IBUFDS (Prop_ibufds_I_O)     0.906     0.906 r  pll_inst/inst/clkin1_ibufgds/O
                         net (fo=1, routed)           1.098     2.004    pll_inst/inst/clk_in1_pll
    PLLE2_ADV_X1Y1       PLLE2_ADV (Prop_plle2_adv_CLKIN1_CLKOUT1)
                                                     -8.058    -6.054 r  pll_inst/inst/plle2_adv_inst/CLKOUT1
                         net (fo=1, routed)           2.128    -3.926    pll_inst/inst/clk_out2_pll
    BUFGCTRL_X0Y0        BUFG (Prop_bufg_I_O)         0.093    -3.833 r  pll_inst/inst/clkout2_buf/O
                         net (fo=1649, routed)        1.565    -2.268    student_top_inst/Core_cpu/SegReg_EX_LS_inst/clk_out2
    SLICE_X59Y56         FDRE                                         r  student_top_inst/Core_cpu/SegReg_EX_LS_inst/inst_ls_reg[9]/C
  -------------------------------------------------------------------    -------------------
    SLICE_X59Y56         FDRE (Prop_fdre_C_Q)         0.223    -2.045 r  student_top_inst/Core_cpu/SegReg_EX_LS_inst/inst_ls_reg[9]/Q
                         net (fo=4, routed)           0.456    -1.589    student_top_inst/Core_cpu/SegReg_EX_LS_inst/inst_ls_reg[11]_1[2]
    SLICE_X58Y57         LUT6 (Prop_lut6_I1_O)        0.043    -1.546 r  student_top_inst/Core_cpu/SegReg_EX_LS_inst/seg_wdata[7]_i_5/O
                         net (fo=2, routed)           0.301    -1.246    student_top_inst/Core_cpu/SegReg_EX_LS_inst/Hazard_inst/p_8_in
    SLICE_X59Y57         LUT6 (Prop_lut6_I0_O)        0.043    -1.203 r  student_top_inst/Core_cpu/SegReg_EX_LS_inst/your_instance_name_i_103/O
                         net (fo=97, routed)          0.513    -0.690    student_top_inst/Core_cpu/ALU_rf_data1_mux/perip_addr_reg_reg[31]
    SLICE_X62Y59         LUT5 (Prop_lut5_I3_O)        0.043    -0.647 r  student_top_inst/Core_cpu/ALU_rf_data1_mux/your_instance_name_i_63/O
                         net (fo=11, routed)          0.329    -0.317    student_top_inst/Core_cpu/alu_rf_data1[8]
    SLICE_X63Y60         CARRY4 (Prop_carry4_DI[0]_CO[3])
                                                      0.269    -0.048 r  student_top_inst/Core_cpu/your_instance_name_i_7/CO[3]
                         net (fo=1, routed)           0.000    -0.048    student_top_inst/Core_cpu/your_instance_name_i_7_n_0
    SLICE_X63Y61         CARRY4 (Prop_carry4_CI_CO[3])
                                                      0.053     0.005 r  student_top_inst/Core_cpu/your_instance_name_i_6/CO[3]
                         net (fo=1, routed)           0.000     0.005    student_top_inst/Core_cpu/your_instance_name_i_6_n_0
    SLICE_X63Y62         CARRY4 (Prop_carry4_CI_CO[3])
                                                      0.053     0.058 r  student_top_inst/Core_cpu/your_instance_name_i_5/CO[3]
                         net (fo=1, routed)           0.000     0.058    student_top_inst/Core_cpu/your_instance_name_i_5_n_0
    SLICE_X63Y63         CARRY4 (Prop_carry4_CI_CO[3])
                                                      0.053     0.111 r  student_top_inst/Core_cpu/perip_addr_reg_reg[23]_i_1/CO[3]
                         net (fo=1, routed)           0.000     0.111    student_top_inst/Core_cpu/perip_addr_reg_reg[23]_i_1_n_0
    SLICE_X63Y64         CARRY4 (Prop_carry4_CI_CO[3])
                                                      0.053     0.164 r  student_top_inst/Core_cpu/perip_addr_reg_reg[27]_i_1/CO[3]
                         net (fo=1, routed)           0.000     0.164    student_top_inst/Core_cpu/perip_addr_reg_reg[27]_i_1_n_0
    SLICE_X63Y65         CARRY4 (Prop_carry4_CI_O[0])
                                                      0.117     0.281 f  student_top_inst/Core_cpu/perip_addr_reg_reg[31]_i_1/O[0]
                         net (fo=2, routed)           0.405     0.686    student_top_inst/Core_cpu/SegReg_EX_LS_inst/mem_addr_ex[13]
    SLICE_X65Y63         LUT4 (Prop_lut4_I1_O)        0.124     0.810 f  student_top_inst/Core_cpu/SegReg_EX_LS_inst/your_instance_name_i_105/O
                         net (fo=1, routed)           0.185     0.994    student_top_inst/Core_cpu/SegReg_EX_LS_inst/your_instance_name_i_105_n_0
    SLICE_X64Y64         LUT4 (Prop_lut4_I3_O)        0.043     1.037 f  student_top_inst/Core_cpu/SegReg_EX_LS_inst/your_instance_name_i_100/O
                         net (fo=2, routed)           0.250     1.287    student_top_inst/Core_cpu/SegReg_EX_LS_inst/your_instance_name_i_100_n_0
    SLICE_X64Y64         LUT6 (Prop_lut6_I0_O)        0.043     1.330 f  student_top_inst/Core_cpu/SegReg_EX_LS_inst/your_instance_name_i_43/O
                         net (fo=4, routed)           1.011     2.341    student_top_inst/Core_cpu/SegReg_ID_EX_inst/your_instance_name
    SLICE_X35Y83         LUT6 (Prop_lut6_I5_O)        0.043     2.384 r  student_top_inst/Core_cpu/SegReg_ID_EX_inst/your_instance_name_i_1/O
                         net (fo=16, routed)          1.054     3.438    student_top_inst/bridge_inst/dram_driver_inst/your_instance_name/U0/inst_blk_mem_gen/gnbram.gnativebmg.native_blk_mem_gen/valid.cstr/ramloop[61].ram.r/prim_init.ram/wea[0]
    RAMB36_X1Y21         RAMB36E1                                     r  student_top_inst/bridge_inst/dram_driver_inst/your_instance_name/U0/inst_blk_mem_gen/gnbram.gnativebmg.native_blk_mem_gen/valid.cstr/ramloop[61].ram.r/prim_init.ram/DEVICE_7SERIES.NO_BMM_INFO.SP.SIMPLE_PRIM36.ram/WEA[0]
  -------------------------------------------------------------------    -------------------

                         (clock clk_out2_pll rise edge)
                                                      6.667     6.667 r  
    AD12                                              0.000     6.667 r  i_sys_clk_p (IN)
                         net (fo=0)                   0.000     6.667    pll_inst/inst/clk_in1_p
    AD12                 IBUFDS (Prop_ibufds_I_O)     0.803     7.470 r  pll_inst/inst/clkin1_ibufgds/O
                         net (fo=1, routed)           1.001     8.471    pll_inst/inst/clk_in1_pll
    PLLE2_ADV_X1Y1       PLLE2_ADV (Prop_plle2_adv_CLKIN1_CLKOUT1)
                                                     -7.261     1.210 r  pll_inst/inst/plle2_adv_inst/CLKOUT1
                         net (fo=1, routed)           2.003     3.213    pll_inst/inst/clk_out2_pll
    BUFGCTRL_X0Y0        BUFG (Prop_bufg_I_O)         0.083     3.296 r  pll_inst/inst/clkout2_buf/O
                         net (fo=1649, routed)        1.362     4.658    student_top_inst/bridge_inst/dram_driver_inst/your_instance_name/U0/inst_blk_mem_gen/gnbram.gnativebmg.native_blk_mem_gen/valid.cstr/ramloop[61].ram.r/prim_init.ram/clka
    RAMB36_X1Y21         RAMB36E1                                     r  student_top_inst/bridge_inst/dram_driver_inst/your_instance_name/U0/inst_blk_mem_gen/gnbram.gnativebmg.native_blk_mem_gen/valid.cstr/ramloop[61].ram.r/prim_init.ram/DEVICE_7SERIES.NO_BMM_INFO.SP.SIMPLE_PRIM36.ram/CLKARDCLK
                         clock pessimism             -0.448     4.210    
                         clock uncertainty           -0.072     4.137    
    RAMB36_X1Y21         RAMB36E1 (Setup_ramb36e1_CLKARDCLK_WEA[0])
                                                     -0.404     3.733    student_top_inst/bridge_inst/dram_driver_inst/your_instance_name/U0/inst_blk_mem_gen/gnbram.gnativebmg.native_blk_mem_gen/valid.cstr/ramloop[61].ram.r/prim_init.ram/DEVICE_7SERIES.NO_BMM_INFO.SP.SIMPLE_PRIM36.ram
  -------------------------------------------------------------------
                         required time                          3.733    
                         arrival time                          -3.438    
  -------------------------------------------------------------------
                         slack                                  0.296    

Slack (MET) :             0.391ns  (required time - arrival time)
  Source:                 student_top_inst/Core_cpu/SegReg_EX_LS_inst/inst_ls_reg[9]/C
                            (rising edge-triggered cell FDRE clocked by clk_out2_pll  {rise@0.000ns fall@3.333ns period=6.667ns})
  Destination:            student_top_inst/bridge_inst/dram_driver_inst/your_instance_name/U0/inst_blk_mem_gen/gnbram.gnativebmg.native_blk_mem_gen/valid.cstr/ramloop[51].ram.r/prim_init.ram/DEVICE_7SERIES.NO_BMM_INFO.SP.SIMPLE_PRIM36.ram/WEA[0]
                            (rising edge-triggered cell RAMB36E1 clocked by clk_out2_pll  {rise@0.000ns fall@3.333ns period=6.667ns})
  Path Group:             clk_out2_pll
  Path Type:              Setup (Max at Slow Process Corner)
  Requirement:            6.667ns  (clk_out2_pll rise@6.667ns - clk_out2_pll rise@0.000ns)
  Data Path Delay:        5.613ns  (logic 1.203ns (21.434%)  route 4.410ns (78.566%))
  Logic Levels:           13  (CARRY4=6 LUT4=2 LUT5=1 LUT6=4)
  Clock Path Skew:        -0.186ns (DCD - SCD + CPR)
    Destination Clock Delay (DCD):    -2.007ns = ( 4.660 - 6.667 ) 
    Source Clock Delay      (SCD):    -2.268ns
    Clock Pessimism Removal (CPR):    -0.448ns
  Clock Uncertainty:      0.072ns  ((TSJ^2 + DJ^2)^1/2) / 2 + PE
    Total System Jitter     (TSJ):    0.071ns
    Discrete Jitter          (DJ):    0.126ns
    Phase Error              (PE):    0.000ns

    Location             Delay type                Incr(ns)  Path(ns)    Netlist Resource(s)
  -------------------------------------------------------------------    -------------------
                         (clock clk_out2_pll rise edge)
                                                      0.000     0.000 r  
    AD12                                              0.000     0.000 r  i_sys_clk_p (IN)
                         net (fo=0)                   0.000     0.000    pll_inst/inst/clk_in1_p
    AD12                 IBUFDS (Prop_ibufds_I_O)     0.906     0.906 r  pll_inst/inst/clkin1_ibufgds/O
                         net (fo=1, routed)           1.098     2.004    pll_inst/inst/clk_in1_pll
    PLLE2_ADV_X1Y1       PLLE2_ADV (Prop_plle2_adv_CLKIN1_CLKOUT1)
                                                     -8.058    -6.054 r  pll_inst/inst/plle2_adv_inst/CLKOUT1
                         net (fo=1, routed)           2.128    -3.926    pll_inst/inst/clk_out2_pll
    BUFGCTRL_X0Y0        BUFG (Prop_bufg_I_O)         0.093    -3.833 r  pll_inst/inst/clkout2_buf/O
                         net (fo=1649, routed)        1.565    -2.268    student_top_inst/Core_cpu/SegReg_EX_LS_inst/clk_out2
    SLICE_X59Y56         FDRE                                         r  student_top_inst/Core_cpu/SegReg_EX_LS_inst/inst_ls_reg[9]/C
  -------------------------------------------------------------------    -------------------
    SLICE_X59Y56         FDRE (Prop_fdre_C_Q)         0.223    -2.045 r  student_top_inst/Core_cpu/SegReg_EX_LS_inst/inst_ls_reg[9]/Q
                         net (fo=4, routed)           0.456    -1.589    student_top_inst/Core_cpu/SegReg_EX_LS_inst/inst_ls_reg[11]_1[2]
    SLICE_X58Y57         LUT6 (Prop_lut6_I1_O)        0.043    -1.546 r  student_top_inst/Core_cpu/SegReg_EX_LS_inst/seg_wdata[7]_i_5/O
                         net (fo=2, routed)           0.301    -1.246    student_top_inst/Core_cpu/SegReg_EX_LS_inst/Hazard_inst/p_8_in
    SLICE_X59Y57         LUT6 (Prop_lut6_I0_O)        0.043    -1.203 r  student_top_inst/Core_cpu/SegReg_EX_LS_inst/your_instance_name_i_103/O
                         net (fo=97, routed)          0.513    -0.690    student_top_inst/Core_cpu/ALU_rf_data1_mux/perip_addr_reg_reg[31]
    SLICE_X62Y59         LUT5 (Prop_lut5_I3_O)        0.043    -0.647 r  student_top_inst/Core_cpu/ALU_rf_data1_mux/your_instance_name_i_63/O
                         net (fo=11, routed)          0.329    -0.317    student_top_inst/Core_cpu/alu_rf_data1[8]
    SLICE_X63Y60         CARRY4 (Prop_carry4_DI[0]_CO[3])
                                                      0.269    -0.048 r  student_top_inst/Core_cpu/your_instance_name_i_7/CO[3]
                         net (fo=1, routed)           0.000    -0.048    student_top_inst/Core_cpu/your_instance_name_i_7_n_0
    SLICE_X63Y61         CARRY4 (Prop_carry4_CI_CO[3])
                                                      0.053     0.005 r  student_top_inst/Core_cpu/your_instance_name_i_6/CO[3]
                         net (fo=1, routed)           0.000     0.005    student_top_inst/Core_cpu/your_instance_name_i_6_n_0
    SLICE_X63Y62         CARRY4 (Prop_carry4_CI_CO[3])
                                                      0.053     0.058 r  student_top_inst/Core_cpu/your_instance_name_i_5/CO[3]
                         net (fo=1, routed)           0.000     0.058    student_top_inst/Core_cpu/your_instance_name_i_5_n_0
    SLICE_X63Y63         CARRY4 (Prop_carry4_CI_CO[3])
                                                      0.053     0.111 r  student_top_inst/Core_cpu/perip_addr_reg_reg[23]_i_1/CO[3]
                         net (fo=1, routed)           0.000     0.111    student_top_inst/Core_cpu/perip_addr_reg_reg[23]_i_1_n_0
    SLICE_X63Y64         CARRY4 (Prop_carry4_CI_CO[3])
                                                      0.053     0.164 r  student_top_inst/Core_cpu/perip_addr_reg_reg[27]_i_1/CO[3]
                         net (fo=1, routed)           0.000     0.164    student_top_inst/Core_cpu/perip_addr_reg_reg[27]_i_1_n_0
    SLICE_X63Y65         CARRY4 (Prop_carry4_CI_O[0])
                                                      0.117     0.281 f  student_top_inst/Core_cpu/perip_addr_reg_reg[31]_i_1/O[0]
                         net (fo=2, routed)           0.405     0.686    student_top_inst/Core_cpu/SegReg_EX_LS_inst/mem_addr_ex[13]
    SLICE_X65Y63         LUT4 (Prop_lut4_I1_O)        0.124     0.810 f  student_top_inst/Core_cpu/SegReg_EX_LS_inst/your_instance_name_i_105/O
                         net (fo=1, routed)           0.185     0.994    student_top_inst/Core_cpu/SegReg_EX_LS_inst/your_instance_name_i_105_n_0
    SLICE_X64Y64         LUT4 (Prop_lut4_I3_O)        0.043     1.037 f  student_top_inst/Core_cpu/SegReg_EX_LS_inst/your_instance_name_i_100/O
                         net (fo=2, routed)           0.250     1.287    student_top_inst/Core_cpu/SegReg_EX_LS_inst/your_instance_name_i_100_n_0
    SLICE_X64Y64         LUT6 (Prop_lut6_I0_O)        0.043     1.330 f  student_top_inst/Core_cpu/SegReg_EX_LS_inst/your_instance_name_i_43/O
                         net (fo=4, routed)           1.011     2.341    student_top_inst/Core_cpu/SegReg_ID_EX_inst/your_instance_name
    SLICE_X35Y83         LUT6 (Prop_lut6_I5_O)        0.043     2.384 r  student_top_inst/Core_cpu/SegReg_ID_EX_inst/your_instance_name_i_1/O
                         net (fo=16, routed)          0.960     3.344    student_top_inst/bridge_inst/dram_driver_inst/your_instance_name/U0/inst_blk_mem_gen/gnbram.gnativebmg.native_blk_mem_gen/valid.cstr/ramloop[51].ram.r/prim_init.ram/wea[0]
    RAMB36_X1Y20         RAMB36E1                                     r  student_top_inst/bridge_inst/dram_driver_inst/your_instance_name/U0/inst_blk_mem_gen/gnbram.gnativebmg.native_blk_mem_gen/valid.cstr/ramloop[51].ram.r/prim_init.ram/DEVICE_7SERIES.NO_BMM_INFO.SP.SIMPLE_PRIM36.ram/WEA[0]
  -------------------------------------------------------------------    -------------------

                         (clock clk_out2_pll rise edge)
                                                      6.667     6.667 r  
    AD12                                              0.000     6.667 r  i_sys_clk_p (IN)
                         net (fo=0)                   0.000     6.667    pll_inst/inst/clk_in1_p
    AD12                 IBUFDS (Prop_ibufds_I_O)     0.803     7.470 r  pll_inst/inst/clkin1_ibufgds/O
                         net (fo=1, routed)           1.001     8.471    pll_inst/inst/clk_in1_pll
    PLLE2_ADV_X1Y1       PLLE2_ADV (Prop_plle2_adv_CLKIN1_CLKOUT1)
                                                     -7.261     1.210 r  pll_inst/inst/plle2_adv_inst/CLKOUT1
                         net (fo=1, routed)           2.003     3.213    pll_inst/inst/clk_out2_pll
    BUFGCTRL_X0Y0        BUFG (Prop_bufg_I_O)         0.083     3.296 r  pll_inst/inst/clkout2_buf/O
                         net (fo=1649, routed)        1.364     4.660    student_top_inst/bridge_inst/dram_driver_inst/your_instance_name/U0/inst_blk_mem_gen/gnbram.gnativebmg.native_blk_mem_gen/valid.cstr/ramloop[51].ram.r/prim_init.ram/clka
    RAMB36_X1Y20         RAMB36E1                                     r  student_top_inst/bridge_inst/dram_driver_inst/your_instance_name/U0/inst_blk_mem_gen/gnbram.gnativebmg.native_blk_mem_gen/valid.cstr/ramloop[51].ram.r/prim_init.ram/DEVICE_7SERIES.NO_BMM_INFO.SP.SIMPLE_PRIM36.ram/CLKARDCLK
                         clock pessimism             -0.448     4.212    
                         clock uncertainty           -0.072     4.139    
    RAMB36_X1Y20         RAMB36E1 (Setup_ramb36e1_CLKARDCLK_WEA[0])
                                                     -0.404     3.735    student_top_inst/bridge_inst/dram_driver_inst/your_instance_name/U0/inst_blk_mem_gen/gnbram.gnativebmg.native_blk_mem_gen/valid.cstr/ramloop[51].ram.r/prim_init.ram/DEVICE_7SERIES.NO_BMM_INFO.SP.SIMPLE_PRIM36.ram
  -------------------------------------------------------------------
                         required time                          3.735    
                         arrival time                          -3.344    
  -------------------------------------------------------------------
                         slack                                  0.391    

Slack (MET) :             0.522ns  (required time - arrival time)
  Source:                 student_top_inst/bridge_inst/dram_driver_inst/your_instance_name/U0/inst_blk_mem_gen/gnbram.gnativebmg.native_blk_mem_gen/valid.cstr/ramloop[0].ram.r/prim_init.ram/DEVICE_7SERIES.NO_BMM_INFO.SP.SIMPLE_PRIM36.ram/CLKARDCLK
                            (rising edge-triggered cell RAMB36E1 clocked by clk_out2_pll  {rise@0.000ns fall@3.333ns period=6.667ns})
  Destination:            student_top_inst/Core_cpu/SegReg_LS_WB_inst/rf_wdata_wb_reg[14]/D
                            (rising edge-triggered cell FDRE clocked by clk_out2_pll  {rise@0.000ns fall@3.333ns period=6.667ns})
  Path Group:             clk_out2_pll
  Path Type:              Setup (Max at Slow Process Corner)
  Requirement:            6.667ns  (clk_out2_pll rise@6.667ns - clk_out2_pll rise@0.000ns)
  Data Path Delay:        5.757ns  (logic 2.306ns (40.056%)  route 3.451ns (59.944%))
  Logic Levels:           8  (LUT3=1 LUT5=1 LUT6=4 MUXF7=1 MUXF8=1)
  Clock Path Skew:        -0.382ns (DCD - SCD + CPR)
    Destination Clock Delay (DCD):    -1.943ns = ( 4.724 - 6.667 ) 
    Source Clock Delay      (SCD):    -2.007ns
    Clock Pessimism Removal (CPR):    -0.446ns
  Clock Uncertainty:      0.072ns  ((TSJ^2 + DJ^2)^1/2) / 2 + PE
    Total System Jitter     (TSJ):    0.071ns
    Discrete Jitter          (DJ):    0.126ns
    Phase Error              (PE):    0.000ns

    Location             Delay type                Incr(ns)  Path(ns)    Netlist Resource(s)
  -------------------------------------------------------------------    -------------------
                         (clock clk_out2_pll rise edge)
                                                      0.000     0.000 r  
    AD12                                              0.000     0.000 r  i_sys_clk_p (IN)
                         net (fo=0)                   0.000     0.000    pll_inst/inst/clk_in1_p
    AD12                 IBUFDS (Prop_ibufds_I_O)     0.906     0.906 r  pll_inst/inst/clkin1_ibufgds/O
                         net (fo=1, routed)           1.098     2.004    pll_inst/inst/clk_in1_pll
    PLLE2_ADV_X1Y1       PLLE2_ADV (Prop_plle2_adv_CLKIN1_CLKOUT1)
                                                     -8.058    -6.054 r  pll_inst/inst/plle2_adv_inst/CLKOUT1
                         net (fo=1, routed)           2.128    -3.926    pll_inst/inst/clk_out2_pll
    BUFGCTRL_X0Y0        BUFG (Prop_bufg_I_O)         0.093    -3.833 r  pll_inst/inst/clkout2_buf/O
                         net (fo=1649, routed)        1.827    -2.007    student_top_inst/bridge_inst/dram_driver_inst/your_instance_name/U0/inst_blk_mem_gen/gnbram.gnativebmg.native_blk_mem_gen/valid.cstr/ramloop[0].ram.r/prim_init.ram/clka
    RAMB36_X4Y5          RAMB36E1                                     r  student_top_inst/bridge_inst/dram_driver_inst/your_instance_name/U0/inst_blk_mem_gen/gnbram.gnativebmg.native_blk_mem_gen/valid.cstr/ramloop[0].ram.r/prim_init.ram/DEVICE_7SERIES.NO_BMM_INFO.SP.SIMPLE_PRIM36.ram/CLKARDCLK
  -------------------------------------------------------------------    -------------------
    RAMB36_X4Y5          RAMB36E1 (Prop_ramb36e1_CLKARDCLK_DOADO[7])
                                                      1.800    -0.207 r  student_top_inst/bridge_inst/dram_driver_inst/your_instance_name/U0/inst_blk_mem_gen/gnbram.gnativebmg.native_blk_mem_gen/valid.cstr/ramloop[0].ram.r/prim_init.ram/DEVICE_7SERIES.NO_BMM_INFO.SP.SIMPLE_PRIM36.ram/DOADO[7]
                         net (fo=1, routed)           1.787     1.580    student_top_inst/bridge_inst/dram_driver_inst/your_instance_name/U0/inst_blk_mem_gen/gnbram.gnativebmg.native_blk_mem_gen/valid.cstr/has_mux_a.A/douta[7]_INST_0_i_1_2[7]
    SLICE_X73Y56         LUT6 (Prop_lut6_I5_O)        0.043     1.623 r  student_top_inst/bridge_inst/dram_driver_inst/your_instance_name/U0/inst_blk_mem_gen/gnbram.gnativebmg.native_blk_mem_gen/valid.cstr/has_mux_a.A/douta[7]_INST_0_i_3/O
                         net (fo=1, routed)           0.000     1.623    student_top_inst/bridge_inst/dram_driver_inst/your_instance_name/U0/inst_blk_mem_gen/gnbram.gnativebmg.native_blk_mem_gen/valid.cstr/has_mux_a.A/douta[7]_INST_0_i_3_n_0
    SLICE_X73Y56         MUXF7 (Prop_muxf7_I0_O)      0.120     1.743 r  student_top_inst/bridge_inst/dram_driver_inst/your_instance_name/U0/inst_blk_mem_gen/gnbram.gnativebmg.native_blk_mem_gen/valid.cstr/has_mux_a.A/douta[7]_INST_0_i_1/O
                         net (fo=1, routed)           0.000     1.743    student_top_inst/bridge_inst/dram_driver_inst/your_instance_name/U0/inst_blk_mem_gen/gnbram.gnativebmg.native_blk_mem_gen/valid.cstr/has_mux_a.A/douta[7]_INST_0_i_1_n_0
    SLICE_X73Y56         MUXF8 (Prop_muxf8_I0_O)      0.045     1.788 r  student_top_inst/bridge_inst/dram_driver_inst/your_instance_name/U0/inst_blk_mem_gen/gnbram.gnativebmg.native_blk_mem_gen/valid.cstr/has_mux_a.A/douta[7]_INST_0/O
                         net (fo=1, routed)           0.268     2.056    student_top_inst/bridge_inst/counter_inst/douta[4]
    SLICE_X72Y56         LUT6 (Prop_lut6_I2_O)        0.126     2.182 r  student_top_inst/bridge_inst/counter_inst/rf_wdata_wb[7]_i_7/O
                         net (fo=1, routed)           0.304     2.486    student_top_inst/bridge_inst/counter_inst/rf_wdata_wb[7]_i_7_n_0
    SLICE_X65Y58         LUT5 (Prop_lut5_I4_O)        0.043     2.529 r  student_top_inst/bridge_inst/counter_inst/rf_wdata_wb[7]_i_3/O
                         net (fo=3, routed)           0.511     3.040    student_top_inst/bridge_inst/dram_driver_inst/rf_wdata_wb_reg[0]_0[0]
    SLICE_X56Y58         LUT6 (Prop_lut6_I1_O)        0.043     3.083 r  student_top_inst/bridge_inst/dram_driver_inst/rf_wdata_wb[31]_i_5/O
                         net (fo=2, routed)           0.116     3.199    student_top_inst/Core_cpu/SegReg_EX_LS_inst/rf_wdata_wb_reg[15]
    SLICE_X56Y58         LUT3 (Prop_lut3_I2_O)        0.043     3.242 f  student_top_inst/Core_cpu/SegReg_EX_LS_inst/rf_wdata_wb[15]_i_2/O
                         net (fo=8, routed)           0.465     3.707    student_top_inst/Core_cpu/SegReg_EX_LS_inst_n_94
    SLICE_X62Y58         LUT6 (Prop_lut6_I0_O)        0.043     3.750 r  student_top_inst/Core_cpu/rf_wdata_wb[14]_i_1/O
                         net (fo=1, routed)           0.000     3.750    student_top_inst/Core_cpu/SegReg_LS_WB_inst/D[14]
    SLICE_X62Y58         FDRE                                         r  student_top_inst/Core_cpu/SegReg_LS_WB_inst/rf_wdata_wb_reg[14]/D
  -------------------------------------------------------------------    -------------------

                         (clock clk_out2_pll rise edge)
                                                      6.667     6.667 r  
    AD12                                              0.000     6.667 r  i_sys_clk_p (IN)
                         net (fo=0)                   0.000     6.667    pll_inst/inst/clk_in1_p
    AD12                 IBUFDS (Prop_ibufds_I_O)     0.803     7.470 r  pll_inst/inst/clkin1_ibufgds/O
                         net (fo=1, routed)           1.001     8.471    pll_inst/inst/clk_in1_pll
    PLLE2_ADV_X1Y1       PLLE2_ADV (Prop_plle2_adv_CLKIN1_CLKOUT1)
                                                     -7.261     1.210 r  pll_inst/inst/plle2_adv_inst/CLKOUT1
                         net (fo=1, routed)           2.003     3.213    pll_inst/inst/clk_out2_pll
    BUFGCTRL_X0Y0        BUFG (Prop_bufg_I_O)         0.083     3.296 r  pll_inst/inst/clkout2_buf/O
                         net (fo=1649, routed)        1.428     4.724    student_top_inst/Core_cpu/SegReg_LS_WB_inst/clk_out2
    SLICE_X62Y58         FDRE                                         r  student_top_inst/Core_cpu/SegReg_LS_WB_inst/rf_wdata_wb_reg[14]/C
                         clock pessimism             -0.446     4.278    
                         clock uncertainty           -0.072     4.206    
    SLICE_X62Y58         FDRE (Setup_fdre_C_D)        0.066     4.272    student_top_inst/Core_cpu/SegReg_LS_WB_inst/rf_wdata_wb_reg[14]
  -------------------------------------------------------------------
                         required time                          4.272    
                         arrival time                          -3.750    
  -------------------------------------------------------------------
                         slack                                  0.522    

Slack (MET) :             0.525ns  (required time - arrival time)
  Source:                 student_top_inst/bridge_inst/dram_driver_inst/your_instance_name/U0/inst_blk_mem_gen/gnbram.gnativebmg.native_blk_mem_gen/valid.cstr/ramloop[0].ram.r/prim_init.ram/DEVICE_7SERIES.NO_BMM_INFO.SP.SIMPLE_PRIM36.ram/CLKARDCLK
                            (rising edge-triggered cell RAMB36E1 clocked by clk_out2_pll  {rise@0.000ns fall@3.333ns period=6.667ns})
  Destination:            student_top_inst/Core_cpu/SegReg_LS_WB_inst/rf_wdata_wb_reg[17]/D
                            (rising edge-triggered cell FDRE clocked by clk_out2_pll  {rise@0.000ns fall@3.333ns period=6.667ns})
  Path Group:             clk_out2_pll
  Path Type:              Setup (Max at Slow Process Corner)
  Requirement:            6.667ns  (clk_out2_pll rise@6.667ns - clk_out2_pll rise@0.000ns)
  Data Path Delay:        5.754ns  (logic 2.306ns (40.075%)  route 3.448ns (59.925%))
  Logic Levels:           8  (LUT5=3 LUT6=3 MUXF7=1 MUXF8=1)
  Clock Path Skew:        -0.380ns (DCD - SCD + CPR)
    Destination Clock Delay (DCD):    -1.941ns = ( 4.726 - 6.667 ) 
    Source Clock Delay      (SCD):    -2.007ns
    Clock Pessimism Removal (CPR):    -0.446ns
  Clock Uncertainty:      0.072ns  ((TSJ^2 + DJ^2)^1/2) / 2 + PE
    Total System Jitter     (TSJ):    0.071ns
    Discrete Jitter          (DJ):    0.126ns
    Phase Error              (PE):    0.000ns

    Location             Delay type                Incr(ns)  Path(ns)    Netlist Resource(s)
  -------------------------------------------------------------------    -------------------
                         (clock clk_out2_pll rise edge)
                                                      0.000     0.000 r  
    AD12                                              0.000     0.000 r  i_sys_clk_p (IN)
                         net (fo=0)                   0.000     0.000    pll_inst/inst/clk_in1_p
    AD12                 IBUFDS (Prop_ibufds_I_O)     0.906     0.906 r  pll_inst/inst/clkin1_ibufgds/O
                         net (fo=1, routed)           1.098     2.004    pll_inst/inst/clk_in1_pll
    PLLE2_ADV_X1Y1       PLLE2_ADV (Prop_plle2_adv_CLKIN1_CLKOUT1)
                                                     -8.058    -6.054 r  pll_inst/inst/plle2_adv_inst/CLKOUT1
                         net (fo=1, routed)           2.128    -3.926    pll_inst/inst/clk_out2_pll
    BUFGCTRL_X0Y0        BUFG (Prop_bufg_I_O)         0.093    -3.833 r  pll_inst/inst/clkout2_buf/O
                         net (fo=1649, routed)        1.827    -2.007    student_top_inst/bridge_inst/dram_driver_inst/your_instance_name/U0/inst_blk_mem_gen/gnbram.gnativebmg.native_blk_mem_gen/valid.cstr/ramloop[0].ram.r/prim_init.ram/clka
    RAMB36_X4Y5          RAMB36E1                                     r  student_top_inst/bridge_inst/dram_driver_inst/your_instance_name/U0/inst_blk_mem_gen/gnbram.gnativebmg.native_blk_mem_gen/valid.cstr/ramloop[0].ram.r/prim_init.ram/DEVICE_7SERIES.NO_BMM_INFO.SP.SIMPLE_PRIM36.ram/CLKARDCLK
  -------------------------------------------------------------------    -------------------
    RAMB36_X4Y5          RAMB36E1 (Prop_ramb36e1_CLKARDCLK_DOADO[7])
                                                      1.800    -0.207 r  student_top_inst/bridge_inst/dram_driver_inst/your_instance_name/U0/inst_blk_mem_gen/gnbram.gnativebmg.native_blk_mem_gen/valid.cstr/ramloop[0].ram.r/prim_init.ram/DEVICE_7SERIES.NO_BMM_INFO.SP.SIMPLE_PRIM36.ram/DOADO[7]
                         net (fo=1, routed)           1.787     1.580    student_top_inst/bridge_inst/dram_driver_inst/your_instance_name/U0/inst_blk_mem_gen/gnbram.gnativebmg.native_blk_mem_gen/valid.cstr/has_mux_a.A/douta[7]_INST_0_i_1_2[7]
    SLICE_X73Y56         LUT6 (Prop_lut6_I5_O)        0.043     1.623 r  student_top_inst/bridge_inst/dram_driver_inst/your_instance_name/U0/inst_blk_mem_gen/gnbram.gnativebmg.native_blk_mem_gen/valid.cstr/has_mux_a.A/douta[7]_INST_0_i_3/O
                         net (fo=1, routed)           0.000     1.623    student_top_inst/bridge_inst/dram_driver_inst/your_instance_name/U0/inst_blk_mem_gen/gnbram.gnativebmg.native_blk_mem_gen/valid.cstr/has_mux_a.A/douta[7]_INST_0_i_3_n_0
    SLICE_X73Y56         MUXF7 (Prop_muxf7_I0_O)      0.120     1.743 r  student_top_inst/bridge_inst/dram_driver_inst/your_instance_name/U0/inst_blk_mem_gen/gnbram.gnativebmg.native_blk_mem_gen/valid.cstr/has_mux_a.A/douta[7]_INST_0_i_1/O
                         net (fo=1, routed)           0.000     1.743    student_top_inst/bridge_inst/dram_driver_inst/your_instance_name/U0/inst_blk_mem_gen/gnbram.gnativebmg.native_blk_mem_gen/valid.cstr/has_mux_a.A/douta[7]_INST_0_i_1_n_0
    SLICE_X73Y56         MUXF8 (Prop_muxf8_I0_O)      0.045     1.788 r  student_top_inst/bridge_inst/dram_driver_inst/your_instance_name/U0/inst_blk_mem_gen/gnbram.gnativebmg.native_blk_mem_gen/valid.cstr/has_mux_a.A/douta[7]_INST_0/O
                         net (fo=1, routed)           0.268     2.056    student_top_inst/bridge_inst/counter_inst/douta[4]
    SLICE_X72Y56         LUT6 (Prop_lut6_I2_O)        0.126     2.182 r  student_top_inst/bridge_inst/counter_inst/rf_wdata_wb[7]_i_7/O
                         net (fo=1, routed)           0.304     2.486    student_top_inst/bridge_inst/counter_inst/rf_wdata_wb[7]_i_7_n_0
    SLICE_X65Y58         LUT5 (Prop_lut5_I4_O)        0.043     2.529 r  student_top_inst/bridge_inst/counter_inst/rf_wdata_wb[7]_i_3/O
                         net (fo=3, routed)           0.511     3.040    student_top_inst/bridge_inst/dram_driver_inst/rf_wdata_wb_reg[0]_0[0]
    SLICE_X56Y58         LUT6 (Prop_lut6_I1_O)        0.043     3.083 r  student_top_inst/bridge_inst/dram_driver_inst/rf_wdata_wb[31]_i_5/O
                         net (fo=2, routed)           0.190     3.273    student_top_inst/Core_cpu/SegReg_EX_LS_inst/rf_wdata_wb_reg[15]
    SLICE_X57Y57         LUT5 (Prop_lut5_I4_O)        0.043     3.316 r  student_top_inst/Core_cpu/SegReg_EX_LS_inst/rf_wdata_wb[31]_i_2/O
                         net (fo=16, routed)          0.388     3.704    student_top_inst/Core_cpu/SegReg_EX_LS_inst_n_43
    SLICE_X56Y57         LUT5 (Prop_lut5_I0_O)        0.043     3.747 r  student_top_inst/Core_cpu/rf_wdata_wb[17]_i_1/O
                         net (fo=1, routed)           0.000     3.747    student_top_inst/Core_cpu/SegReg_LS_WB_inst/D[17]
    SLICE_X56Y57         FDRE                                         r  student_top_inst/Core_cpu/SegReg_LS_WB_inst/rf_wdata_wb_reg[17]/D
  -------------------------------------------------------------------    -------------------

                         (clock clk_out2_pll rise edge)
                                                      6.667     6.667 r  
    AD12                                              0.000     6.667 r  i_sys_clk_p (IN)
                         net (fo=0)                   0.000     6.667    pll_inst/inst/clk_in1_p
    AD12                 IBUFDS (Prop_ibufds_I_O)     0.803     7.470 r  pll_inst/inst/clkin1_ibufgds/O
                         net (fo=1, routed)           1.001     8.471    pll_inst/inst/clk_in1_pll
    PLLE2_ADV_X1Y1       PLLE2_ADV (Prop_plle2_adv_CLKIN1_CLKOUT1)
                                                     -7.261     1.210 r  pll_inst/inst/plle2_adv_inst/CLKOUT1
                         net (fo=1, routed)           2.003     3.213    pll_inst/inst/clk_out2_pll
    BUFGCTRL_X0Y0        BUFG (Prop_bufg_I_O)         0.083     3.296 r  pll_inst/inst/clkout2_buf/O
                         net (fo=1649, routed)        1.430     4.726    student_top_inst/Core_cpu/SegReg_LS_WB_inst/clk_out2
    SLICE_X56Y57         FDRE                                         r  student_top_inst/Core_cpu/SegReg_LS_WB_inst/rf_wdata_wb_reg[17]/C
                         clock pessimism             -0.446     4.280    
                         clock uncertainty           -0.072     4.208    
    SLICE_X56Y57         FDRE (Setup_fdre_C_D)        0.065     4.273    student_top_inst/Core_cpu/SegReg_LS_WB_inst/rf_wdata_wb_reg[17]
  -------------------------------------------------------------------
                         required time                          4.273    
                         arrival time                          -3.747    
  -------------------------------------------------------------------
                         slack                                  0.525    

Slack (MET) :             0.527ns  (required time - arrival time)
  Source:                 student_top_inst/bridge_inst/dram_driver_inst/your_instance_name/U0/inst_blk_mem_gen/gnbram.gnativebmg.native_blk_mem_gen/valid.cstr/ramloop[0].ram.r/prim_init.ram/DEVICE_7SERIES.NO_BMM_INFO.SP.SIMPLE_PRIM36.ram/CLKARDCLK
                            (rising edge-triggered cell RAMB36E1 clocked by clk_out2_pll  {rise@0.000ns fall@3.333ns period=6.667ns})
  Destination:            student_top_inst/Core_cpu/SegReg_LS_WB_inst/rf_wdata_wb_reg[28]/D
                            (rising edge-triggered cell FDRE clocked by clk_out2_pll  {rise@0.000ns fall@3.333ns period=6.667ns})
  Path Group:             clk_out2_pll
  Path Type:              Setup (Max at Slow Process Corner)
  Requirement:            6.667ns  (clk_out2_pll rise@6.667ns - clk_out2_pll rise@0.000ns)
  Data Path Delay:        5.721ns  (logic 2.306ns (40.308%)  route 3.415ns (59.692%))
  Logic Levels:           8  (LUT5=3 LUT6=3 MUXF7=1 MUXF8=1)
  Clock Path Skew:        -0.380ns (DCD - SCD + CPR)
    Destination Clock Delay (DCD):    -1.941ns = ( 4.726 - 6.667 ) 
    Source Clock Delay      (SCD):    -2.007ns
    Clock Pessimism Removal (CPR):    -0.446ns
  Clock Uncertainty:      0.072ns  ((TSJ^2 + DJ^2)^1/2) / 2 + PE
    Total System Jitter     (TSJ):    0.071ns
    Discrete Jitter          (DJ):    0.126ns
    Phase Error              (PE):    0.000ns

    Location             Delay type                Incr(ns)  Path(ns)    Netlist Resource(s)
  -------------------------------------------------------------------    -------------------
                         (clock clk_out2_pll rise edge)
                                                      0.000     0.000 r  
    AD12                                              0.000     0.000 r  i_sys_clk_p (IN)
                         net (fo=0)                   0.000     0.000    pll_inst/inst/clk_in1_p
    AD12                 IBUFDS (Prop_ibufds_I_O)     0.906     0.906 r  pll_inst/inst/clkin1_ibufgds/O
                         net (fo=1, routed)           1.098     2.004    pll_inst/inst/clk_in1_pll
    PLLE2_ADV_X1Y1       PLLE2_ADV (Prop_plle2_adv_CLKIN1_CLKOUT1)
                                                     -8.058    -6.054 r  pll_inst/inst/plle2_adv_inst/CLKOUT1
                         net (fo=1, routed)           2.128    -3.926    pll_inst/inst/clk_out2_pll
    BUFGCTRL_X0Y0        BUFG (Prop_bufg_I_O)         0.093    -3.833 r  pll_inst/inst/clkout2_buf/O
                         net (fo=1649, routed)        1.827    -2.007    student_top_inst/bridge_inst/dram_driver_inst/your_instance_name/U0/inst_blk_mem_gen/gnbram.gnativebmg.native_blk_mem_gen/valid.cstr/ramloop[0].ram.r/prim_init.ram/clka
    RAMB36_X4Y5          RAMB36E1                                     r  student_top_inst/bridge_inst/dram_driver_inst/your_instance_name/U0/inst_blk_mem_gen/gnbram.gnativebmg.native_blk_mem_gen/valid.cstr/ramloop[0].ram.r/prim_init.ram/DEVICE_7SERIES.NO_BMM_INFO.SP.SIMPLE_PRIM36.ram/CLKARDCLK
  -------------------------------------------------------------------    -------------------
    RAMB36_X4Y5          RAMB36E1 (Prop_ramb36e1_CLKARDCLK_DOADO[7])
                                                      1.800    -0.207 r  student_top_inst/bridge_inst/dram_driver_inst/your_instance_name/U0/inst_blk_mem_gen/gnbram.gnativebmg.native_blk_mem_gen/valid.cstr/ramloop[0].ram.r/prim_init.ram/DEVICE_7SERIES.NO_BMM_INFO.SP.SIMPLE_PRIM36.ram/DOADO[7]
                         net (fo=1, routed)           1.787     1.580    student_top_inst/bridge_inst/dram_driver_inst/your_instance_name/U0/inst_blk_mem_gen/gnbram.gnativebmg.native_blk_mem_gen/valid.cstr/has_mux_a.A/douta[7]_INST_0_i_1_2[7]
    SLICE_X73Y56         LUT6 (Prop_lut6_I5_O)        0.043     1.623 r  student_top_inst/bridge_inst/dram_driver_inst/your_instance_name/U0/inst_blk_mem_gen/gnbram.gnativebmg.native_blk_mem_gen/valid.cstr/has_mux_a.A/douta[7]_INST_0_i_3/O
                         net (fo=1, routed)           0.000     1.623    student_top_inst/bridge_inst/dram_driver_inst/your_instance_name/U0/inst_blk_mem_gen/gnbram.gnativebmg.native_blk_mem_gen/valid.cstr/has_mux_a.A/douta[7]_INST_0_i_3_n_0
    SLICE_X73Y56         MUXF7 (Prop_muxf7_I0_O)      0.120     1.743 r  student_top_inst/bridge_inst/dram_driver_inst/your_instance_name/U0/inst_blk_mem_gen/gnbram.gnativebmg.native_blk_mem_gen/valid.cstr/has_mux_a.A/douta[7]_INST_0_i_1/O
                         net (fo=1, routed)           0.000     1.743    student_top_inst/bridge_inst/dram_driver_inst/your_instance_name/U0/inst_blk_mem_gen/gnbram.gnativebmg.native_blk_mem_gen/valid.cstr/has_mux_a.A/douta[7]_INST_0_i_1_n_0
    SLICE_X73Y56         MUXF8 (Prop_muxf8_I0_O)      0.045     1.788 r  student_top_inst/bridge_inst/dram_driver_inst/your_instance_name/U0/inst_blk_mem_gen/gnbram.gnativebmg.native_blk_mem_gen/valid.cstr/has_mux_a.A/douta[7]_INST_0/O
                         net (fo=1, routed)           0.268     2.056    student_top_inst/bridge_inst/counter_inst/douta[4]
    SLICE_X72Y56         LUT6 (Prop_lut6_I2_O)        0.126     2.182 r  student_top_inst/bridge_inst/counter_inst/rf_wdata_wb[7]_i_7/O
                         net (fo=1, routed)           0.304     2.486    student_top_inst/bridge_inst/counter_inst/rf_wdata_wb[7]_i_7_n_0
    SLICE_X65Y58         LUT5 (Prop_lut5_I4_O)        0.043     2.529 r  student_top_inst/bridge_inst/counter_inst/rf_wdata_wb[7]_i_3/O
                         net (fo=3, routed)           0.511     3.040    student_top_inst/bridge_inst/dram_driver_inst/rf_wdata_wb_reg[0]_0[0]
    SLICE_X56Y58         LUT6 (Prop_lut6_I1_O)        0.043     3.083 r  student_top_inst/bridge_inst/dram_driver_inst/rf_wdata_wb[31]_i_5/O
                         net (fo=2, routed)           0.190     3.273    student_top_inst/Core_cpu/SegReg_EX_LS_inst/rf_wdata_wb_reg[15]
    SLICE_X57Y57         LUT5 (Prop_lut5_I4_O)        0.043     3.316 r  student_top_inst/Core_cpu/SegReg_EX_LS_inst/rf_wdata_wb[31]_i_2/O
                         net (fo=16, routed)          0.355     3.671    student_top_inst/Core_cpu/SegReg_EX_LS_inst_n_43
    SLICE_X57Y56         LUT5 (Prop_lut5_I0_O)        0.043     3.714 r  student_top_inst/Core_cpu/rf_wdata_wb[28]_i_1/O
                         net (fo=1, routed)           0.000     3.714    student_top_inst/Core_cpu/SegReg_LS_WB_inst/D[28]
    SLICE_X57Y56         FDRE                                         r  student_top_inst/Core_cpu/SegReg_LS_WB_inst/rf_wdata_wb_reg[28]/D
  -------------------------------------------------------------------    -------------------

                         (clock clk_out2_pll rise edge)
                                                      6.667     6.667 r  
    AD12                                              0.000     6.667 r  i_sys_clk_p (IN)
                         net (fo=0)                   0.000     6.667    pll_inst/inst/clk_in1_p
    AD12                 IBUFDS (Prop_ibufds_I_O)     0.803     7.470 r  pll_inst/inst/clkin1_ibufgds/O
                         net (fo=1, routed)           1.001     8.471    pll_inst/inst/clk_in1_pll
    PLLE2_ADV_X1Y1       PLLE2_ADV (Prop_plle2_adv_CLKIN1_CLKOUT1)
                                                     -7.261     1.210 r  pll_inst/inst/plle2_adv_inst/CLKOUT1
                         net (fo=1, routed)           2.003     3.213    pll_inst/inst/clk_out2_pll
    BUFGCTRL_X0Y0        BUFG (Prop_bufg_I_O)         0.083     3.296 r  pll_inst/inst/clkout2_buf/O
                         net (fo=1649, routed)        1.430     4.726    student_top_inst/Core_cpu/SegReg_LS_WB_inst/clk_out2
    SLICE_X57Y56         FDRE                                         r  student_top_inst/Core_cpu/SegReg_LS_WB_inst/rf_wdata_wb_reg[28]/C
                         clock pessimism             -0.446     4.280    
                         clock uncertainty           -0.072     4.208    
    SLICE_X57Y56         FDRE (Setup_fdre_C_D)        0.033     4.241    student_top_inst/Core_cpu/SegReg_LS_WB_inst/rf_wdata_wb_reg[28]
  -------------------------------------------------------------------
                         required time                          4.241    
                         arrival time                          -3.714    
  -------------------------------------------------------------------
                         slack                                  0.527    

Slack (MET) :             0.527ns  (required time - arrival time)
  Source:                 student_top_inst/bridge_inst/dram_driver_inst/your_instance_name/U0/inst_blk_mem_gen/gnbram.gnativebmg.native_blk_mem_gen/valid.cstr/ramloop[0].ram.r/prim_init.ram/DEVICE_7SERIES.NO_BMM_INFO.SP.SIMPLE_PRIM36.ram/CLKARDCLK
                            (rising edge-triggered cell RAMB36E1 clocked by clk_out2_pll  {rise@0.000ns fall@3.333ns period=6.667ns})
  Destination:            student_top_inst/Core_cpu/SegReg_LS_WB_inst/rf_wdata_wb_reg[12]/D
                            (rising edge-triggered cell FDRE clocked by clk_out2_pll  {rise@0.000ns fall@3.333ns period=6.667ns})
  Path Group:             clk_out2_pll
  Path Type:              Setup (Max at Slow Process Corner)
  Requirement:            6.667ns  (clk_out2_pll rise@6.667ns - clk_out2_pll rise@0.000ns)
  Data Path Delay:        5.718ns  (logic 2.306ns (40.326%)  route 3.412ns (59.674%))
  Logic Levels:           8  (LUT3=1 LUT5=1 LUT6=4 MUXF7=1 MUXF8=1)
  Clock Path Skew:        -0.383ns (DCD - SCD + CPR)
    Destination Clock Delay (DCD):    -1.944ns = ( 4.723 - 6.667 ) 
    Source Clock Delay      (SCD):    -2.007ns
    Clock Pessimism Removal (CPR):    -0.446ns
  Clock Uncertainty:      0.072ns  ((TSJ^2 + DJ^2)^1/2) / 2 + PE
    Total System Jitter     (TSJ):    0.071ns
    Discrete Jitter          (DJ):    0.126ns
    Phase Error              (PE):    0.000ns

    Location             Delay type                Incr(ns)  Path(ns)    Netlist Resource(s)
  -------------------------------------------------------------------    -------------------
                         (clock clk_out2_pll rise edge)
                                                      0.000     0.000 r  
    AD12                                              0.000     0.000 r  i_sys_clk_p (IN)
                         net (fo=0)                   0.000     0.000    pll_inst/inst/clk_in1_p
    AD12                 IBUFDS (Prop_ibufds_I_O)     0.906     0.906 r  pll_inst/inst/clkin1_ibufgds/O
                         net (fo=1, routed)           1.098     2.004    pll_inst/inst/clk_in1_pll
    PLLE2_ADV_X1Y1       PLLE2_ADV (Prop_plle2_adv_CLKIN1_CLKOUT1)
                                                     -8.058    -6.054 r  pll_inst/inst/plle2_adv_inst/CLKOUT1
                         net (fo=1, routed)           2.128    -3.926    pll_inst/inst/clk_out2_pll
    BUFGCTRL_X0Y0        BUFG (Prop_bufg_I_O)         0.093    -3.833 r  pll_inst/inst/clkout2_buf/O
                         net (fo=1649, routed)        1.827    -2.007    student_top_inst/bridge_inst/dram_driver_inst/your_instance_name/U0/inst_blk_mem_gen/gnbram.gnativebmg.native_blk_mem_gen/valid.cstr/ramloop[0].ram.r/prim_init.ram/clka
    RAMB36_X4Y5          RAMB36E1                                     r  student_top_inst/bridge_inst/dram_driver_inst/your_instance_name/U0/inst_blk_mem_gen/gnbram.gnativebmg.native_blk_mem_gen/valid.cstr/ramloop[0].ram.r/prim_init.ram/DEVICE_7SERIES.NO_BMM_INFO.SP.SIMPLE_PRIM36.ram/CLKARDCLK
  -------------------------------------------------------------------    -------------------
    RAMB36_X4Y5          RAMB36E1 (Prop_ramb36e1_CLKARDCLK_DOADO[7])
                                                      1.800    -0.207 r  student_top_inst/bridge_inst/dram_driver_inst/your_instance_name/U0/inst_blk_mem_gen/gnbram.gnativebmg.native_blk_mem_gen/valid.cstr/ramloop[0].ram.r/prim_init.ram/DEVICE_7SERIES.NO_BMM_INFO.SP.SIMPLE_PRIM36.ram/DOADO[7]
                         net (fo=1, routed)           1.787     1.580    student_top_inst/bridge_inst/dram_driver_inst/your_instance_name/U0/inst_blk_mem_gen/gnbram.gnativebmg.native_blk_mem_gen/valid.cstr/has_mux_a.A/douta[7]_INST_0_i_1_2[7]
    SLICE_X73Y56         LUT6 (Prop_lut6_I5_O)        0.043     1.623 r  student_top_inst/bridge_inst/dram_driver_inst/your_instance_name/U0/inst_blk_mem_gen/gnbram.gnativebmg.native_blk_mem_gen/valid.cstr/has_mux_a.A/douta[7]_INST_0_i_3/O
                         net (fo=1, routed)           0.000     1.623    student_top_inst/bridge_inst/dram_driver_inst/your_instance_name/U0/inst_blk_mem_gen/gnbram.gnativebmg.native_blk_mem_gen/valid.cstr/has_mux_a.A/douta[7]_INST_0_i_3_n_0
    SLICE_X73Y56         MUXF7 (Prop_muxf7_I0_O)      0.120     1.743 r  student_top_inst/bridge_inst/dram_driver_inst/your_instance_name/U0/inst_blk_mem_gen/gnbram.gnativebmg.native_blk_mem_gen/valid.cstr/has_mux_a.A/douta[7]_INST_0_i_1/O
                         net (fo=1, routed)           0.000     1.743    student_top_inst/bridge_inst/dram_driver_inst/your_instance_name/U0/inst_blk_mem_gen/gnbram.gnativebmg.native_blk_mem_gen/valid.cstr/has_mux_a.A/douta[7]_INST_0_i_1_n_0
    SLICE_X73Y56         MUXF8 (Prop_muxf8_I0_O)      0.045     1.788 r  student_top_inst/bridge_inst/dram_driver_inst/your_instance_name/U0/inst_blk_mem_gen/gnbram.gnativebmg.native_blk_mem_gen/valid.cstr/has_mux_a.A/douta[7]_INST_0/O
                         net (fo=1, routed)           0.268     2.056    student_top_inst/bridge_inst/counter_inst/douta[4]
    SLICE_X72Y56         LUT6 (Prop_lut6_I2_O)        0.126     2.182 r  student_top_inst/bridge_inst/counter_inst/rf_wdata_wb[7]_i_7/O
                         net (fo=1, routed)           0.304     2.486    student_top_inst/bridge_inst/counter_inst/rf_wdata_wb[7]_i_7_n_0
    SLICE_X65Y58         LUT5 (Prop_lut5_I4_O)        0.043     2.529 r  student_top_inst/bridge_inst/counter_inst/rf_wdata_wb[7]_i_3/O
                         net (fo=3, routed)           0.511     3.040    student_top_inst/bridge_inst/dram_driver_inst/rf_wdata_wb_reg[0]_0[0]
    SLICE_X56Y58         LUT6 (Prop_lut6_I1_O)        0.043     3.083 r  student_top_inst/bridge_inst/dram_driver_inst/rf_wdata_wb[31]_i_5/O
                         net (fo=2, routed)           0.116     3.199    student_top_inst/Core_cpu/SegReg_EX_LS_inst/rf_wdata_wb_reg[15]
    SLICE_X56Y58         LUT3 (Prop_lut3_I2_O)        0.043     3.242 f  student_top_inst/Core_cpu/SegReg_EX_LS_inst/rf_wdata_wb[15]_i_2/O
                         net (fo=8, routed)           0.426     3.669    student_top_inst/Core_cpu/SegReg_EX_LS_inst_n_94
    SLICE_X57Y61         LUT6 (Prop_lut6_I0_O)        0.043     3.712 r  student_top_inst/Core_cpu/rf_wdata_wb[12]_i_1/O
                         net (fo=1, routed)           0.000     3.712    student_top_inst/Core_cpu/SegReg_LS_WB_inst/D[12]
    SLICE_X57Y61         FDRE                                         r  student_top_inst/Core_cpu/SegReg_LS_WB_inst/rf_wdata_wb_reg[12]/D
  -------------------------------------------------------------------    -------------------

                         (clock clk_out2_pll rise edge)
                                                      6.667     6.667 r  
    AD12                                              0.000     6.667 r  i_sys_clk_p (IN)
                         net (fo=0)                   0.000     6.667    pll_inst/inst/clk_in1_p
    AD12                 IBUFDS (Prop_ibufds_I_O)     0.803     7.470 r  pll_inst/inst/clkin1_ibufgds/O
                         net (fo=1, routed)           1.001     8.471    pll_inst/inst/clk_in1_pll
    PLLE2_ADV_X1Y1       PLLE2_ADV (Prop_plle2_adv_CLKIN1_CLKOUT1)
                                                     -7.261     1.210 r  pll_inst/inst/plle2_adv_inst/CLKOUT1
                         net (fo=1, routed)           2.003     3.213    pll_inst/inst/clk_out2_pll
    BUFGCTRL_X0Y0        BUFG (Prop_bufg_I_O)         0.083     3.296 r  pll_inst/inst/clkout2_buf/O
                         net (fo=1649, routed)        1.427     4.723    student_top_inst/Core_cpu/SegReg_LS_WB_inst/clk_out2
    SLICE_X57Y61         FDRE                                         r  student_top_inst/Core_cpu/SegReg_LS_WB_inst/rf_wdata_wb_reg[12]/C
                         clock pessimism             -0.446     4.277    
                         clock uncertainty           -0.072     4.205    
    SLICE_X57Y61         FDRE (Setup_fdre_C_D)        0.034     4.239    student_top_inst/Core_cpu/SegReg_LS_WB_inst/rf_wdata_wb_reg[12]
  -------------------------------------------------------------------
                         required time                          4.239    
                         arrival time                          -3.712    
  -------------------------------------------------------------------
                         slack                                  0.527    

Slack (MET) :             0.529ns  (required time - arrival time)
  Source:                 student_top_inst/bridge_inst/dram_driver_inst/your_instance_name/U0/inst_blk_mem_gen/gnbram.gnativebmg.native_blk_mem_gen/valid.cstr/ramloop[21].ram.r/prim_init.ram/DEVICE_7SERIES.NO_BMM_INFO.SP.SIMPLE_PRIM36.ram/CLKARDCLK
                            (rising edge-triggered cell RAMB36E1 clocked by clk_out2_pll  {rise@0.000ns fall@3.333ns period=6.667ns})
  Destination:            student_top_inst/Core_cpu/SegReg_LS_WB_inst/rf_wdata_wb_reg[11]/D
                            (rising edge-triggered cell FDRE clocked by clk_out2_pll  {rise@0.000ns fall@3.333ns period=6.667ns})
  Path Group:             clk_out2_pll
  Path Type:              Setup (Max at Slow Process Corner)
  Requirement:            6.667ns  (clk_out2_pll rise@6.667ns - clk_out2_pll rise@0.000ns)
  Data Path Delay:        5.887ns  (logic 2.366ns (40.193%)  route 3.521ns (59.807%))
  Logic Levels:           7  (LUT4=2 LUT5=1 LUT6=2 MUXF7=1 MUXF8=1)
  Clock Path Skew:        -0.213ns (DCD - SCD + CPR)
    Destination Clock Delay (DCD):    -1.942ns = ( 4.725 - 6.667 ) 
    Source Clock Delay      (SCD):    -2.175ns
    Clock Pessimism Removal (CPR):    -0.446ns
  Clock Uncertainty:      0.072ns  ((TSJ^2 + DJ^2)^1/2) / 2 + PE
    Total System Jitter     (TSJ):    0.071ns
    Discrete Jitter          (DJ):    0.126ns
    Phase Error              (PE):    0.000ns

    Location             Delay type                Incr(ns)  Path(ns)    Netlist Resource(s)
  -------------------------------------------------------------------    -------------------
                         (clock clk_out2_pll rise edge)
                                                      0.000     0.000 r  
    AD12                                              0.000     0.000 r  i_sys_clk_p (IN)
                         net (fo=0)                   0.000     0.000    pll_inst/inst/clk_in1_p
    AD12                 IBUFDS (Prop_ibufds_I_O)     0.906     0.906 r  pll_inst/inst/clkin1_ibufgds/O
                         net (fo=1, routed)           1.098     2.004    pll_inst/inst/clk_in1_pll
    PLLE2_ADV_X1Y1       PLLE2_ADV (Prop_plle2_adv_CLKIN1_CLKOUT1)
                                                     -8.058    -6.054 r  pll_inst/inst/plle2_adv_inst/CLKOUT1
                         net (fo=1, routed)           2.128    -3.926    pll_inst/inst/clk_out2_pll
    BUFGCTRL_X0Y0        BUFG (Prop_bufg_I_O)         0.093    -3.833 r  pll_inst/inst/clkout2_buf/O
                         net (fo=1649, routed)        1.659    -2.175    student_top_inst/bridge_inst/dram_driver_inst/your_instance_name/U0/inst_blk_mem_gen/gnbram.gnativebmg.native_blk_mem_gen/valid.cstr/ramloop[21].ram.r/prim_init.ram/clka
    RAMB36_X4Y13         RAMB36E1                                     r  student_top_inst/bridge_inst/dram_driver_inst/your_instance_name/U0/inst_blk_mem_gen/gnbram.gnativebmg.native_blk_mem_gen/valid.cstr/ramloop[21].ram.r/prim_init.ram/DEVICE_7SERIES.NO_BMM_INFO.SP.SIMPLE_PRIM36.ram/CLKARDCLK
  -------------------------------------------------------------------    -------------------
    RAMB36_X4Y13         RAMB36E1 (Prop_ramb36e1_CLKARDCLK_DOADO[3])
                                                      1.800    -0.375 r  student_top_inst/bridge_inst/dram_driver_inst/your_instance_name/U0/inst_blk_mem_gen/gnbram.gnativebmg.native_blk_mem_gen/valid.cstr/ramloop[21].ram.r/prim_init.ram/DEVICE_7SERIES.NO_BMM_INFO.SP.SIMPLE_PRIM36.ram/DOADO[3]
                         net (fo=1, routed)           1.445     1.070    student_top_inst/bridge_inst/dram_driver_inst/your_instance_name/U0/inst_blk_mem_gen/gnbram.gnativebmg.native_blk_mem_gen/valid.cstr/has_mux_a.A/douta[15]_INST_0_i_1_6[3]
    SLICE_X84Y78         LUT6 (Prop_lut6_I3_O)        0.043     1.113 r  student_top_inst/bridge_inst/dram_driver_inst/your_instance_name/U0/inst_blk_mem_gen/gnbram.gnativebmg.native_blk_mem_gen/valid.cstr/has_mux_a.A/douta[11]_INST_0_i_4/O
                         net (fo=1, routed)           0.000     1.113    student_top_inst/bridge_inst/dram_driver_inst/your_instance_name/U0/inst_blk_mem_gen/gnbram.gnativebmg.native_blk_mem_gen/valid.cstr/has_mux_a.A/douta[11]_INST_0_i_4_n_0
    SLICE_X84Y78         MUXF7 (Prop_muxf7_I1_O)      0.122     1.235 r  student_top_inst/bridge_inst/dram_driver_inst/your_instance_name/U0/inst_blk_mem_gen/gnbram.gnativebmg.native_blk_mem_gen/valid.cstr/has_mux_a.A/douta[11]_INST_0_i_1/O
                         net (fo=1, routed)           0.000     1.235    student_top_inst/bridge_inst/dram_driver_inst/your_instance_name/U0/inst_blk_mem_gen/gnbram.gnativebmg.native_blk_mem_gen/valid.cstr/has_mux_a.A/douta[11]_INST_0_i_1_n_0
    SLICE_X84Y78         MUXF8 (Prop_muxf8_I0_O)      0.045     1.280 r  student_top_inst/bridge_inst/dram_driver_inst/your_instance_name/U0/inst_blk_mem_gen/gnbram.gnativebmg.native_blk_mem_gen/valid.cstr/has_mux_a.A/douta[11]_INST_0/O
                         net (fo=1, routed)           0.709     1.989    student_top_inst/bridge_inst/counter_inst/douta[8]
    SLICE_X66Y70         LUT5 (Prop_lut5_I2_O)        0.126     2.115 r  student_top_inst/bridge_inst/counter_inst/rf_wdata_wb[11]_i_6/O
                         net (fo=1, routed)           0.279     2.394    student_top_inst/bridge_inst/counter_inst/rf_wdata_wb[11]_i_6_n_0
    SLICE_X65Y70         LUT4 (Prop_lut4_I3_O)        0.043     2.437 r  student_top_inst/bridge_inst/counter_inst/rf_wdata_wb[11]_i_4/O
                         net (fo=3, routed)           0.682     3.119    student_top_inst/Core_cpu/SegReg_EX_LS_inst/perip_rdata[10]
    SLICE_X65Y59         LUT4 (Prop_lut4_I0_O)        0.051     3.170 r  student_top_inst/Core_cpu/SegReg_EX_LS_inst/rf_wdata_wb[11]_i_3/O
                         net (fo=1, routed)           0.406     3.576    student_top_inst/Core_cpu/SegReg_EX_LS_inst_n_102
    SLICE_X63Y57         LUT6 (Prop_lut6_I3_O)        0.136     3.712 r  student_top_inst/Core_cpu/rf_wdata_wb[11]_i_1/O
                         net (fo=1, routed)           0.000     3.712    student_top_inst/Core_cpu/SegReg_LS_WB_inst/D[11]
    SLICE_X63Y57         FDRE                                         r  student_top_inst/Core_cpu/SegReg_LS_WB_inst/rf_wdata_wb_reg[11]/D
  -------------------------------------------------------------------    -------------------

                         (clock clk_out2_pll rise edge)
                                                      6.667     6.667 r  
    AD12                                              0.000     6.667 r  i_sys_clk_p (IN)
                         net (fo=0)                   0.000     6.667    pll_inst/inst/clk_in1_p
    AD12                 IBUFDS (Prop_ibufds_I_O)     0.803     7.470 r  pll_inst/inst/clkin1_ibufgds/O
                         net (fo=1, routed)           1.001     8.471    pll_inst/inst/clk_in1_pll
    PLLE2_ADV_X1Y1       PLLE2_ADV (Prop_plle2_adv_CLKIN1_CLKOUT1)
                                                     -7.261     1.210 r  pll_inst/inst/plle2_adv_inst/CLKOUT1
                         net (fo=1, routed)           2.003     3.213    pll_inst/inst/clk_out2_pll
    BUFGCTRL_X0Y0        BUFG (Prop_bufg_I_O)         0.083     3.296 r  pll_inst/inst/clkout2_buf/O
                         net (fo=1649, routed)        1.429     4.725    student_top_inst/Core_cpu/SegReg_LS_WB_inst/clk_out2
    SLICE_X63Y57         FDRE                                         r  student_top_inst/Core_cpu/SegReg_LS_WB_inst/rf_wdata_wb_reg[11]/C
                         clock pessimism             -0.446     4.279    
                         clock uncertainty           -0.072     4.207    
    SLICE_X63Y57         FDRE (Setup_fdre_C_D)        0.034     4.241    student_top_inst/Core_cpu/SegReg_LS_WB_inst/rf_wdata_wb_reg[11]
  -------------------------------------------------------------------
                         required time                          4.241    
                         arrival time                          -3.712    
  -------------------------------------------------------------------
                         slack                                  0.529    

Slack (MET) :             0.542ns  (required time - arrival time)
  Source:                 student_top_inst/bridge_inst/dram_driver_inst/your_instance_name/U0/inst_blk_mem_gen/gnbram.gnativebmg.native_blk_mem_gen/valid.cstr/ramloop[0].ram.r/prim_init.ram/DEVICE_7SERIES.NO_BMM_INFO.SP.SIMPLE_PRIM36.ram/CLKARDCLK
                            (rising edge-triggered cell RAMB36E1 clocked by clk_out2_pll  {rise@0.000ns fall@3.333ns period=6.667ns})
  Destination:            student_top_inst/Core_cpu/SegReg_LS_WB_inst/rf_wdata_wb_reg[24]/D
                            (rising edge-triggered cell FDRE clocked by clk_out2_pll  {rise@0.000ns fall@3.333ns period=6.667ns})
  Path Group:             clk_out2_pll
  Path Type:              Setup (Max at Slow Process Corner)
  Requirement:            6.667ns  (clk_out2_pll rise@6.667ns - clk_out2_pll rise@0.000ns)
  Data Path Delay:        5.737ns  (logic 2.306ns (40.195%)  route 3.431ns (59.805%))
  Logic Levels:           8  (LUT5=3 LUT6=3 MUXF7=1 MUXF8=1)
  Clock Path Skew:        -0.380ns (DCD - SCD + CPR)
    Destination Clock Delay (DCD):    -1.941ns = ( 4.726 - 6.667 ) 
    Source Clock Delay      (SCD):    -2.007ns
    Clock Pessimism Removal (CPR):    -0.446ns
  Clock Uncertainty:      0.072ns  ((TSJ^2 + DJ^2)^1/2) / 2 + PE
    Total System Jitter     (TSJ):    0.071ns
    Discrete Jitter          (DJ):    0.126ns
    Phase Error              (PE):    0.000ns

    Location             Delay type                Incr(ns)  Path(ns)    Netlist Resource(s)
  -------------------------------------------------------------------    -------------------
                         (clock clk_out2_pll rise edge)
                                                      0.000     0.000 r  
    AD12                                              0.000     0.000 r  i_sys_clk_p (IN)
                         net (fo=0)                   0.000     0.000    pll_inst/inst/clk_in1_p
    AD12                 IBUFDS (Prop_ibufds_I_O)     0.906     0.906 r  pll_inst/inst/clkin1_ibufgds/O
                         net (fo=1, routed)           1.098     2.004    pll_inst/inst/clk_in1_pll
    PLLE2_ADV_X1Y1       PLLE2_ADV (Prop_plle2_adv_CLKIN1_CLKOUT1)
                                                     -8.058    -6.054 r  pll_inst/inst/plle2_adv_inst/CLKOUT1
                         net (fo=1, routed)           2.128    -3.926    pll_inst/inst/clk_out2_pll
    BUFGCTRL_X0Y0        BUFG (Prop_bufg_I_O)         0.093    -3.833 r  pll_inst/inst/clkout2_buf/O
                         net (fo=1649, routed)        1.827    -2.007    student_top_inst/bridge_inst/dram_driver_inst/your_instance_name/U0/inst_blk_mem_gen/gnbram.gnativebmg.native_blk_mem_gen/valid.cstr/ramloop[0].ram.r/prim_init.ram/clka
    RAMB36_X4Y5          RAMB36E1                                     r  student_top_inst/bridge_inst/dram_driver_inst/your_instance_name/U0/inst_blk_mem_gen/gnbram.gnativebmg.native_blk_mem_gen/valid.cstr/ramloop[0].ram.r/prim_init.ram/DEVICE_7SERIES.NO_BMM_INFO.SP.SIMPLE_PRIM36.ram/CLKARDCLK
  -------------------------------------------------------------------    -------------------
    RAMB36_X4Y5          RAMB36E1 (Prop_ramb36e1_CLKARDCLK_DOADO[7])
                                                      1.800    -0.207 r  student_top_inst/bridge_inst/dram_driver_inst/your_instance_name/U0/inst_blk_mem_gen/gnbram.gnativebmg.native_blk_mem_gen/valid.cstr/ramloop[0].ram.r/prim_init.ram/DEVICE_7SERIES.NO_BMM_INFO.SP.SIMPLE_PRIM36.ram/DOADO[7]
                         net (fo=1, routed)           1.787     1.580    student_top_inst/bridge_inst/dram_driver_inst/your_instance_name/U0/inst_blk_mem_gen/gnbram.gnativebmg.native_blk_mem_gen/valid.cstr/has_mux_a.A/douta[7]_INST_0_i_1_2[7]
    SLICE_X73Y56         LUT6 (Prop_lut6_I5_O)        0.043     1.623 r  student_top_inst/bridge_inst/dram_driver_inst/your_instance_name/U0/inst_blk_mem_gen/gnbram.gnativebmg.native_blk_mem_gen/valid.cstr/has_mux_a.A/douta[7]_INST_0_i_3/O
                         net (fo=1, routed)           0.000     1.623    student_top_inst/bridge_inst/dram_driver_inst/your_instance_name/U0/inst_blk_mem_gen/gnbram.gnativebmg.native_blk_mem_gen/valid.cstr/has_mux_a.A/douta[7]_INST_0_i_3_n_0
    SLICE_X73Y56         MUXF7 (Prop_muxf7_I0_O)      0.120     1.743 r  student_top_inst/bridge_inst/dram_driver_inst/your_instance_name/U0/inst_blk_mem_gen/gnbram.gnativebmg.native_blk_mem_gen/valid.cstr/has_mux_a.A/douta[7]_INST_0_i_1/O
                         net (fo=1, routed)           0.000     1.743    student_top_inst/bridge_inst/dram_driver_inst/your_instance_name/U0/inst_blk_mem_gen/gnbram.gnativebmg.native_blk_mem_gen/valid.cstr/has_mux_a.A/douta[7]_INST_0_i_1_n_0
    SLICE_X73Y56         MUXF8 (Prop_muxf8_I0_O)      0.045     1.788 r  student_top_inst/bridge_inst/dram_driver_inst/your_instance_name/U0/inst_blk_mem_gen/gnbram.gnativebmg.native_blk_mem_gen/valid.cstr/has_mux_a.A/douta[7]_INST_0/O
                         net (fo=1, routed)           0.268     2.056    student_top_inst/bridge_inst/counter_inst/douta[4]
    SLICE_X72Y56         LUT6 (Prop_lut6_I2_O)        0.126     2.182 r  student_top_inst/bridge_inst/counter_inst/rf_wdata_wb[7]_i_7/O
                         net (fo=1, routed)           0.304     2.486    student_top_inst/bridge_inst/counter_inst/rf_wdata_wb[7]_i_7_n_0
    SLICE_X65Y58         LUT5 (Prop_lut5_I4_O)        0.043     2.529 r  student_top_inst/bridge_inst/counter_inst/rf_wdata_wb[7]_i_3/O
                         net (fo=3, routed)           0.511     3.040    student_top_inst/bridge_inst/dram_driver_inst/rf_wdata_wb_reg[0]_0[0]
    SLICE_X56Y58         LUT6 (Prop_lut6_I1_O)        0.043     3.083 r  student_top_inst/bridge_inst/dram_driver_inst/rf_wdata_wb[31]_i_5/O
                         net (fo=2, routed)           0.190     3.273    student_top_inst/Core_cpu/SegReg_EX_LS_inst/rf_wdata_wb_reg[15]
    SLICE_X57Y57         LUT5 (Prop_lut5_I4_O)        0.043     3.316 r  student_top_inst/Core_cpu/SegReg_EX_LS_inst/rf_wdata_wb[31]_i_2/O
                         net (fo=16, routed)          0.371     3.687    student_top_inst/Core_cpu/SegReg_EX_LS_inst_n_43
    SLICE_X56Y56         LUT5 (Prop_lut5_I0_O)        0.043     3.730 r  student_top_inst/Core_cpu/rf_wdata_wb[24]_i_1/O
                         net (fo=1, routed)           0.000     3.730    student_top_inst/Core_cpu/SegReg_LS_WB_inst/D[24]
    SLICE_X56Y56         FDRE                                         r  student_top_inst/Core_cpu/SegReg_LS_WB_inst/rf_wdata_wb_reg[24]/D
  -------------------------------------------------------------------    -------------------

                         (clock clk_out2_pll rise edge)
                                                      6.667     6.667 r  
    AD12                                              0.000     6.667 r  i_sys_clk_p (IN)
                         net (fo=0)                   0.000     6.667    pll_inst/inst/clk_in1_p
    AD12                 IBUFDS (Prop_ibufds_I_O)     0.803     7.470 r  pll_inst/inst/clkin1_ibufgds/O
                         net (fo=1, routed)           1.001     8.471    pll_inst/inst/clk_in1_pll
    PLLE2_ADV_X1Y1       PLLE2_ADV (Prop_plle2_adv_CLKIN1_CLKOUT1)
                                                     -7.261     1.210 r  pll_inst/inst/plle2_adv_inst/CLKOUT1
                         net (fo=1, routed)           2.003     3.213    pll_inst/inst/clk_out2_pll
    BUFGCTRL_X0Y0        BUFG (Prop_bufg_I_O)         0.083     3.296 r  pll_inst/inst/clkout2_buf/O
                         net (fo=1649, routed)        1.430     4.726    student_top_inst/Core_cpu/SegReg_LS_WB_inst/clk_out2
    SLICE_X56Y56         FDRE                                         r  student_top_inst/Core_cpu/SegReg_LS_WB_inst/rf_wdata_wb_reg[24]/C
                         clock pessimism             -0.446     4.280    
                         clock uncertainty           -0.072     4.208    
    SLICE_X56Y56         FDRE (Setup_fdre_C_D)        0.064     4.272    student_top_inst/Core_cpu/SegReg_LS_WB_inst/rf_wdata_wb_reg[24]
  -------------------------------------------------------------------
                         required time                          4.272    
                         arrival time                          -3.730    
  -------------------------------------------------------------------
                         slack                                  0.542    

Slack (MET) :             0.544ns  (required time - arrival time)
  Source:                 student_top_inst/bridge_inst/dram_driver_inst/your_instance_name/U0/inst_blk_mem_gen/gnbram.gnativebmg.native_blk_mem_gen/valid.cstr/ramloop[0].ram.r/prim_init.ram/DEVICE_7SERIES.NO_BMM_INFO.SP.SIMPLE_PRIM36.ram/CLKARDCLK
                            (rising edge-triggered cell RAMB36E1 clocked by clk_out2_pll  {rise@0.000ns fall@3.333ns period=6.667ns})
  Destination:            student_top_inst/Core_cpu/SegReg_LS_WB_inst/rf_wdata_wb_reg[13]/D
                            (rising edge-triggered cell FDRE clocked by clk_out2_pll  {rise@0.000ns fall@3.333ns period=6.667ns})
  Path Group:             clk_out2_pll
  Path Type:              Setup (Max at Slow Process Corner)
  Requirement:            6.667ns  (clk_out2_pll rise@6.667ns - clk_out2_pll rise@0.000ns)
  Data Path Delay:        5.732ns  (logic 2.306ns (40.228%)  route 3.426ns (59.772%))
  Logic Levels:           8  (LUT3=1 LUT5=1 LUT6=4 MUXF7=1 MUXF8=1)
  Clock Path Skew:        -0.382ns (DCD - SCD + CPR)
    Destination Clock Delay (DCD):    -1.943ns = ( 4.724 - 6.667 ) 
    Source Clock Delay      (SCD):    -2.007ns
    Clock Pessimism Removal (CPR):    -0.446ns
  Clock Uncertainty:      0.072ns  ((TSJ^2 + DJ^2)^1/2) / 2 + PE
    Total System Jitter     (TSJ):    0.071ns
    Discrete Jitter          (DJ):    0.126ns
    Phase Error              (PE):    0.000ns

    Location             Delay type                Incr(ns)  Path(ns)    Netlist Resource(s)
  -------------------------------------------------------------------    -------------------
                         (clock clk_out2_pll rise edge)
                                                      0.000     0.000 r  
    AD12                                              0.000     0.000 r  i_sys_clk_p (IN)
                         net (fo=0)                   0.000     0.000    pll_inst/inst/clk_in1_p
    AD12                 IBUFDS (Prop_ibufds_I_O)     0.906     0.906 r  pll_inst/inst/clkin1_ibufgds/O
                         net (fo=1, routed)           1.098     2.004    pll_inst/inst/clk_in1_pll
    PLLE2_ADV_X1Y1       PLLE2_ADV (Prop_plle2_adv_CLKIN1_CLKOUT1)
                                                     -8.058    -6.054 r  pll_inst/inst/plle2_adv_inst/CLKOUT1
                         net (fo=1, routed)           2.128    -3.926    pll_inst/inst/clk_out2_pll
    BUFGCTRL_X0Y0        BUFG (Prop_bufg_I_O)         0.093    -3.833 r  pll_inst/inst/clkout2_buf/O
                         net (fo=1649, routed)        1.827    -2.007    student_top_inst/bridge_inst/dram_driver_inst/your_instance_name/U0/inst_blk_mem_gen/gnbram.gnativebmg.native_blk_mem_gen/valid.cstr/ramloop[0].ram.r/prim_init.ram/clka
    RAMB36_X4Y5          RAMB36E1                                     r  student_top_inst/bridge_inst/dram_driver_inst/your_instance_name/U0/inst_blk_mem_gen/gnbram.gnativebmg.native_blk_mem_gen/valid.cstr/ramloop[0].ram.r/prim_init.ram/DEVICE_7SERIES.NO_BMM_INFO.SP.SIMPLE_PRIM36.ram/CLKARDCLK
  -------------------------------------------------------------------    -------------------
    RAMB36_X4Y5          RAMB36E1 (Prop_ramb36e1_CLKARDCLK_DOADO[7])
                                                      1.800    -0.207 r  student_top_inst/bridge_inst/dram_driver_inst/your_instance_name/U0/inst_blk_mem_gen/gnbram.gnativebmg.native_blk_mem_gen/valid.cstr/ramloop[0].ram.r/prim_init.ram/DEVICE_7SERIES.NO_BMM_INFO.SP.SIMPLE_PRIM36.ram/DOADO[7]
                         net (fo=1, routed)           1.787     1.580    student_top_inst/bridge_inst/dram_driver_inst/your_instance_name/U0/inst_blk_mem_gen/gnbram.gnativebmg.native_blk_mem_gen/valid.cstr/has_mux_a.A/douta[7]_INST_0_i_1_2[7]
    SLICE_X73Y56         LUT6 (Prop_lut6_I5_O)        0.043     1.623 r  student_top_inst/bridge_inst/dram_driver_inst/your_instance_name/U0/inst_blk_mem_gen/gnbram.gnativebmg.native_blk_mem_gen/valid.cstr/has_mux_a.A/douta[7]_INST_0_i_3/O
                         net (fo=1, routed)           0.000     1.623    student_top_inst/bridge_inst/dram_driver_inst/your_instance_name/U0/inst_blk_mem_gen/gnbram.gnativebmg.native_blk_mem_gen/valid.cstr/has_mux_a.A/douta[7]_INST_0_i_3_n_0
    SLICE_X73Y56         MUXF7 (Prop_muxf7_I0_O)      0.120     1.743 r  student_top_inst/bridge_inst/dram_driver_inst/your_instance_name/U0/inst_blk_mem_gen/gnbram.gnativebmg.native_blk_mem_gen/valid.cstr/has_mux_a.A/douta[7]_INST_0_i_1/O
                         net (fo=1, routed)           0.000     1.743    student_top_inst/bridge_inst/dram_driver_inst/your_instance_name/U0/inst_blk_mem_gen/gnbram.gnativebmg.native_blk_mem_gen/valid.cstr/has_mux_a.A/douta[7]_INST_0_i_1_n_0
    SLICE_X73Y56         MUXF8 (Prop_muxf8_I0_O)      0.045     1.788 r  student_top_inst/bridge_inst/dram_driver_inst/your_instance_name/U0/inst_blk_mem_gen/gnbram.gnativebmg.native_blk_mem_gen/valid.cstr/has_mux_a.A/douta[7]_INST_0/O
                         net (fo=1, routed)           0.268     2.056    student_top_inst/bridge_inst/counter_inst/douta[4]
    SLICE_X72Y56         LUT6 (Prop_lut6_I2_O)        0.126     2.182 r  student_top_inst/bridge_inst/counter_inst/rf_wdata_wb[7]_i_7/O
                         net (fo=1, routed)           0.304     2.486    student_top_inst/bridge_inst/counter_inst/rf_wdata_wb[7]_i_7_n_0
    SLICE_X65Y58         LUT5 (Prop_lut5_I4_O)        0.043     2.529 r  student_top_inst/bridge_inst/counter_inst/rf_wdata_wb[7]_i_3/O
                         net (fo=3, routed)           0.511     3.040    student_top_inst/bridge_inst/dram_driver_inst/rf_wdata_wb_reg[0]_0[0]
    SLICE_X56Y58         LUT6 (Prop_lut6_I1_O)        0.043     3.083 r  student_top_inst/bridge_inst/dram_driver_inst/rf_wdata_wb[31]_i_5/O
                         net (fo=2, routed)           0.116     3.199    student_top_inst/Core_cpu/SegReg_EX_LS_inst/rf_wdata_wb_reg[15]
    SLICE_X56Y58         LUT3 (Prop_lut3_I2_O)        0.043     3.242 f  student_top_inst/Core_cpu/SegReg_EX_LS_inst/rf_wdata_wb[15]_i_2/O
                         net (fo=8, routed)           0.440     3.683    student_top_inst/Core_cpu/SegReg_EX_LS_inst_n_94
    SLICE_X56Y60         LUT6 (Prop_lut6_I0_O)        0.043     3.726 r  student_top_inst/Core_cpu/rf_wdata_wb[13]_i_1/O
                         net (fo=1, routed)           0.000     3.726    student_top_inst/Core_cpu/SegReg_LS_WB_inst/D[13]
    SLICE_X56Y60         FDRE                                         r  student_top_inst/Core_cpu/SegReg_LS_WB_inst/rf_wdata_wb_reg[13]/D
  -------------------------------------------------------------------    -------------------

                         (clock clk_out2_pll rise edge)
                                                      6.667     6.667 r  
    AD12                                              0.000     6.667 r  i_sys_clk_p (IN)
                         net (fo=0)                   0.000     6.667    pll_inst/inst/clk_in1_p
    AD12                 IBUFDS (Prop_ibufds_I_O)     0.803     7.470 r  pll_inst/inst/clkin1_ibufgds/O
                         net (fo=1, routed)           1.001     8.471    pll_inst/inst/clk_in1_pll
    PLLE2_ADV_X1Y1       PLLE2_ADV (Prop_plle2_adv_CLKIN1_CLKOUT1)
                                                     -7.261     1.210 r  pll_inst/inst/plle2_adv_inst/CLKOUT1
                         net (fo=1, routed)           2.003     3.213    pll_inst/inst/clk_out2_pll
    BUFGCTRL_X0Y0        BUFG (Prop_bufg_I_O)         0.083     3.296 r  pll_inst/inst/clkout2_buf/O
                         net (fo=1649, routed)        1.428     4.724    student_top_inst/Core_cpu/SegReg_LS_WB_inst/clk_out2
    SLICE_X56Y60         FDRE                                         r  student_top_inst/Core_cpu/SegReg_LS_WB_inst/rf_wdata_wb_reg[13]/C
                         clock pessimism             -0.446     4.278    
                         clock uncertainty           -0.072     4.206    
    SLICE_X56Y60         FDRE (Setup_fdre_C_D)        0.064     4.270    student_top_inst/Core_cpu/SegReg_LS_WB_inst/rf_wdata_wb_reg[13]
  -------------------------------------------------------------------
                         required time                          4.270    
                         arrival time                          -3.726    
  -------------------------------------------------------------------
                         slack                                  0.544    

Slack (MET) :             0.545ns  (required time - arrival time)
  Source:                 student_top_inst/bridge_inst/dram_driver_inst/your_instance_name/U0/inst_blk_mem_gen/gnbram.gnativebmg.native_blk_mem_gen/valid.cstr/ramloop[0].ram.r/prim_init.ram/DEVICE_7SERIES.NO_BMM_INFO.SP.SIMPLE_PRIM36.ram/CLKARDCLK
                            (rising edge-triggered cell RAMB36E1 clocked by clk_out2_pll  {rise@0.000ns fall@3.333ns period=6.667ns})
  Destination:            student_top_inst/Core_cpu/SegReg_LS_WB_inst/rf_wdata_wb_reg[25]/D
                            (rising edge-triggered cell FDRE clocked by clk_out2_pll  {rise@0.000ns fall@3.333ns period=6.667ns})
  Path Group:             clk_out2_pll
  Path Type:              Setup (Max at Slow Process Corner)
  Requirement:            6.667ns  (clk_out2_pll rise@6.667ns - clk_out2_pll rise@0.000ns)
  Data Path Delay:        5.735ns  (logic 2.306ns (40.209%)  route 3.429ns (59.791%))
  Logic Levels:           8  (LUT5=3 LUT6=3 MUXF7=1 MUXF8=1)
  Clock Path Skew:        -0.380ns (DCD - SCD + CPR)
    Destination Clock Delay (DCD):    -1.941ns = ( 4.726 - 6.667 ) 
    Source Clock Delay      (SCD):    -2.007ns
    Clock Pessimism Removal (CPR):    -0.446ns
  Clock Uncertainty:      0.072ns  ((TSJ^2 + DJ^2)^1/2) / 2 + PE
    Total System Jitter     (TSJ):    0.071ns
    Discrete Jitter          (DJ):    0.126ns
    Phase Error              (PE):    0.000ns

    Location             Delay type                Incr(ns)  Path(ns)    Netlist Resource(s)
  -------------------------------------------------------------------    -------------------
                         (clock clk_out2_pll rise edge)
                                                      0.000     0.000 r  
    AD12                                              0.000     0.000 r  i_sys_clk_p (IN)
                         net (fo=0)                   0.000     0.000    pll_inst/inst/clk_in1_p
    AD12                 IBUFDS (Prop_ibufds_I_O)     0.906     0.906 r  pll_inst/inst/clkin1_ibufgds/O
                         net (fo=1, routed)           1.098     2.004    pll_inst/inst/clk_in1_pll
    PLLE2_ADV_X1Y1       PLLE2_ADV (Prop_plle2_adv_CLKIN1_CLKOUT1)
                                                     -8.058    -6.054 r  pll_inst/inst/plle2_adv_inst/CLKOUT1
                         net (fo=1, routed)           2.128    -3.926    pll_inst/inst/clk_out2_pll
    BUFGCTRL_X0Y0        BUFG (Prop_bufg_I_O)         0.093    -3.833 r  pll_inst/inst/clkout2_buf/O
                         net (fo=1649, routed)        1.827    -2.007    student_top_inst/bridge_inst/dram_driver_inst/your_instance_name/U0/inst_blk_mem_gen/gnbram.gnativebmg.native_blk_mem_gen/valid.cstr/ramloop[0].ram.r/prim_init.ram/clka
    RAMB36_X4Y5          RAMB36E1                                     r  student_top_inst/bridge_inst/dram_driver_inst/your_instance_name/U0/inst_blk_mem_gen/gnbram.gnativebmg.native_blk_mem_gen/valid.cstr/ramloop[0].ram.r/prim_init.ram/DEVICE_7SERIES.NO_BMM_INFO.SP.SIMPLE_PRIM36.ram/CLKARDCLK
  -------------------------------------------------------------------    -------------------
    RAMB36_X4Y5          RAMB36E1 (Prop_ramb36e1_CLKARDCLK_DOADO[7])
                                                      1.800    -0.207 r  student_top_inst/bridge_inst/dram_driver_inst/your_instance_name/U0/inst_blk_mem_gen/gnbram.gnativebmg.native_blk_mem_gen/valid.cstr/ramloop[0].ram.r/prim_init.ram/DEVICE_7SERIES.NO_BMM_INFO.SP.SIMPLE_PRIM36.ram/DOADO[7]
                         net (fo=1, routed)           1.787     1.580    student_top_inst/bridge_inst/dram_driver_inst/your_instance_name/U0/inst_blk_mem_gen/gnbram.gnativebmg.native_blk_mem_gen/valid.cstr/has_mux_a.A/douta[7]_INST_0_i_1_2[7]
    SLICE_X73Y56         LUT6 (Prop_lut6_I5_O)        0.043     1.623 r  student_top_inst/bridge_inst/dram_driver_inst/your_instance_name/U0/inst_blk_mem_gen/gnbram.gnativebmg.native_blk_mem_gen/valid.cstr/has_mux_a.A/douta[7]_INST_0_i_3/O
                         net (fo=1, routed)           0.000     1.623    student_top_inst/bridge_inst/dram_driver_inst/your_instance_name/U0/inst_blk_mem_gen/gnbram.gnativebmg.native_blk_mem_gen/valid.cstr/has_mux_a.A/douta[7]_INST_0_i_3_n_0
    SLICE_X73Y56         MUXF7 (Prop_muxf7_I0_O)      0.120     1.743 r  student_top_inst/bridge_inst/dram_driver_inst/your_instance_name/U0/inst_blk_mem_gen/gnbram.gnativebmg.native_blk_mem_gen/valid.cstr/has_mux_a.A/douta[7]_INST_0_i_1/O
                         net (fo=1, routed)           0.000     1.743    student_top_inst/bridge_inst/dram_driver_inst/your_instance_name/U0/inst_blk_mem_gen/gnbram.gnativebmg.native_blk_mem_gen/valid.cstr/has_mux_a.A/douta[7]_INST_0_i_1_n_0
    SLICE_X73Y56         MUXF8 (Prop_muxf8_I0_O)      0.045     1.788 r  student_top_inst/bridge_inst/dram_driver_inst/your_instance_name/U0/inst_blk_mem_gen/gnbram.gnativebmg.native_blk_mem_gen/valid.cstr/has_mux_a.A/douta[7]_INST_0/O
                         net (fo=1, routed)           0.268     2.056    student_top_inst/bridge_inst/counter_inst/douta[4]
    SLICE_X72Y56         LUT6 (Prop_lut6_I2_O)        0.126     2.182 r  student_top_inst/bridge_inst/counter_inst/rf_wdata_wb[7]_i_7/O
                         net (fo=1, routed)           0.304     2.486    student_top_inst/bridge_inst/counter_inst/rf_wdata_wb[7]_i_7_n_0
    SLICE_X65Y58         LUT5 (Prop_lut5_I4_O)        0.043     2.529 r  student_top_inst/bridge_inst/counter_inst/rf_wdata_wb[7]_i_3/O
                         net (fo=3, routed)           0.511     3.040    student_top_inst/bridge_inst/dram_driver_inst/rf_wdata_wb_reg[0]_0[0]
    SLICE_X56Y58         LUT6 (Prop_lut6_I1_O)        0.043     3.083 r  student_top_inst/bridge_inst/dram_driver_inst/rf_wdata_wb[31]_i_5/O
                         net (fo=2, routed)           0.190     3.273    student_top_inst/Core_cpu/SegReg_EX_LS_inst/rf_wdata_wb_reg[15]
    SLICE_X57Y57         LUT5 (Prop_lut5_I4_O)        0.043     3.316 r  student_top_inst/Core_cpu/SegReg_EX_LS_inst/rf_wdata_wb[31]_i_2/O
                         net (fo=16, routed)          0.369     3.685    student_top_inst/Core_cpu/SegReg_EX_LS_inst_n_43
    SLICE_X56Y56         LUT5 (Prop_lut5_I0_O)        0.043     3.728 r  student_top_inst/Core_cpu/rf_wdata_wb[25]_i_1/O
                         net (fo=1, routed)           0.000     3.728    student_top_inst/Core_cpu/SegReg_LS_WB_inst/D[25]
    SLICE_X56Y56         FDRE                                         r  student_top_inst/Core_cpu/SegReg_LS_WB_inst/rf_wdata_wb_reg[25]/D
  -------------------------------------------------------------------    -------------------

                         (clock clk_out2_pll rise edge)
                                                      6.667     6.667 r  
    AD12                                              0.000     6.667 r  i_sys_clk_p (IN)
                         net (fo=0)                   0.000     6.667    pll_inst/inst/clk_in1_p
    AD12                 IBUFDS (Prop_ibufds_I_O)     0.803     7.470 r  pll_inst/inst/clkin1_ibufgds/O
                         net (fo=1, routed)           1.001     8.471    pll_inst/inst/clk_in1_pll
    PLLE2_ADV_X1Y1       PLLE2_ADV (Prop_plle2_adv_CLKIN1_CLKOUT1)
                                                     -7.261     1.210 r  pll_inst/inst/plle2_adv_inst/CLKOUT1
                         net (fo=1, routed)           2.003     3.213    pll_inst/inst/clk_out2_pll
    BUFGCTRL_X0Y0        BUFG (Prop_bufg_I_O)         0.083     3.296 r  pll_inst/inst/clkout2_buf/O
                         net (fo=1649, routed)        1.430     4.726    student_top_inst/Core_cpu/SegReg_LS_WB_inst/clk_out2
    SLICE_X56Y56         FDRE                                         r  student_top_inst/Core_cpu/SegReg_LS_WB_inst/rf_wdata_wb_reg[25]/C
                         clock pessimism             -0.446     4.280    
                         clock uncertainty           -0.072     4.208    
    SLICE_X56Y56         FDRE (Setup_fdre_C_D)        0.065     4.273    student_top_inst/Core_cpu/SegReg_LS_WB_inst/rf_wdata_wb_reg[25]
  -------------------------------------------------------------------
                         required time                          4.273    
                         arrival time                          -3.728    
  -------------------------------------------------------------------
                         slack                                  0.545    





Min Delay Paths
--------------------------------------------------------------------------------------
Slack (MET) :             0.120ns  (arrival time - required time)
  Source:                 student_top_inst/Core_cpu/SegReg_IF2_ID_inst/inst_id_reg[13]/C
                            (rising edge-triggered cell FDRE clocked by clk_out2_pll  {rise@0.000ns fall@3.333ns period=6.667ns})
  Destination:            student_top_inst/Core_cpu/SegReg_ID_EX_inst/mem_access_ex_reg[1]/D
                            (rising edge-triggered cell FDRE clocked by clk_out2_pll  {rise@0.000ns fall@3.333ns period=6.667ns})
  Path Group:             clk_out2_pll
  Path Type:              Hold (Min at Fast Process Corner)
  Requirement:            0.000ns  (clk_out2_pll rise@0.000ns - clk_out2_pll rise@0.000ns)
  Data Path Delay:        0.227ns  (logic 0.130ns (57.304%)  route 0.097ns (42.696%))
  Logic Levels:           1  (LUT2=1)
  Clock Path Skew:        0.011ns (DCD - SCD - CPR)
    Destination Clock Delay (DCD):    -0.563ns
    Source Clock Delay      (SCD):    -0.390ns
    Clock Pessimism Removal (CPR):    -0.185ns

    Location             Delay type                Incr(ns)  Path(ns)    Netlist Resource(s)
  -------------------------------------------------------------------    -------------------
                         (clock clk_out2_pll rise edge)
                                                      0.000     0.000 r  
    AD12                                              0.000     0.000 r  i_sys_clk_p (IN)
                         net (fo=0)                   0.000     0.000    pll_inst/inst/clk_in1_p
    AD12                 IBUFDS (Prop_ibufds_I_O)     0.388     0.388 r  pll_inst/inst/clkin1_ibufgds/O
                         net (fo=1, routed)           0.503     0.891    pll_inst/inst/clk_in1_pll
    PLLE2_ADV_X1Y1       PLLE2_ADV (Prop_plle2_adv_CLKIN1_CLKOUT1)
                                                     -2.908    -2.017 r  pll_inst/inst/plle2_adv_inst/CLKOUT1
                         net (fo=1, routed)           0.958    -1.059    pll_inst/inst/clk_out2_pll
    BUFGCTRL_X0Y0        BUFG (Prop_bufg_I_O)         0.026    -1.033 r  pll_inst/inst/clkout2_buf/O
                         net (fo=1649, routed)        0.643    -0.390    student_top_inst/Core_cpu/SegReg_IF2_ID_inst/clk_out2
    SLICE_X55Y65         FDRE                                         r  student_top_inst/Core_cpu/SegReg_IF2_ID_inst/inst_id_reg[13]/C
  -------------------------------------------------------------------    -------------------
    SLICE_X55Y65         FDRE (Prop_fdre_C_Q)         0.100    -0.290 r  student_top_inst/Core_cpu/SegReg_IF2_ID_inst/inst_id_reg[13]/Q
                         net (fo=5, routed)           0.097    -0.193    student_top_inst/Core_cpu/SegReg_IF2_ID_inst/inst_id[13]
    SLICE_X54Y65         LUT2 (Prop_lut2_I0_O)        0.030    -0.163 r  student_top_inst/Core_cpu/SegReg_IF2_ID_inst/mem_access_ex[1]_i_1/O
                         net (fo=1, routed)           0.000    -0.163    student_top_inst/Core_cpu/SegReg_ID_EX_inst/mem_access_ex_reg[4]_2[1]
    SLICE_X54Y65         FDRE                                         r  student_top_inst/Core_cpu/SegReg_ID_EX_inst/mem_access_ex_reg[1]/D
  -------------------------------------------------------------------    -------------------

                         (clock clk_out2_pll rise edge)
                                                      0.000     0.000 r  
    AD12                                              0.000     0.000 r  i_sys_clk_p (IN)
                         net (fo=0)                   0.000     0.000    pll_inst/inst/clk_in1_p
    AD12                 IBUFDS (Prop_ibufds_I_O)     0.470     0.470 r  pll_inst/inst/clkin1_ibufgds/O
                         net (fo=1, routed)           0.554     1.024    pll_inst/inst/clk_in1_pll
    PLLE2_ADV_X1Y1       PLLE2_ADV (Prop_plle2_adv_CLKIN1_CLKOUT1)
                                                     -3.524    -2.500 r  pll_inst/inst/plle2_adv_inst/CLKOUT1
                         net (fo=1, routed)           1.027    -1.473    pll_inst/inst/clk_out2_pll
    BUFGCTRL_X0Y0        BUFG (Prop_bufg_I_O)         0.030    -1.443 r  pll_inst/inst/clkout2_buf/O
                         net (fo=1649, routed)        0.880    -0.563    student_top_inst/Core_cpu/SegReg_ID_EX_inst/clk_out2
    SLICE_X54Y65         FDRE                                         r  student_top_inst/Core_cpu/SegReg_ID_EX_inst/mem_access_ex_reg[1]/C
                         clock pessimism              0.185    -0.379    
    SLICE_X54Y65         FDRE (Hold_fdre_C_D)         0.096    -0.283    student_top_inst/Core_cpu/SegReg_ID_EX_inst/mem_access_ex_reg[1]
  -------------------------------------------------------------------
                         required time                          0.283    
                         arrival time                          -0.163    
  -------------------------------------------------------------------
                         slack                                  0.120    

Slack (MET) :             0.141ns  (arrival time - required time)
  Source:                 student_top_inst/Core_cpu/SegReg_IF2_ID_inst/pc_id_reg[5]/C
                            (rising edge-triggered cell FDRE clocked by clk_out2_pll  {rise@0.000ns fall@3.333ns period=6.667ns})
  Destination:            student_top_inst/Core_cpu/SegReg_ID_EX_inst/pc_ex_reg[5]/D
                            (rising edge-triggered cell FDRE clocked by clk_out2_pll  {rise@0.000ns fall@3.333ns period=6.667ns})
  Path Group:             clk_out2_pll
  Path Type:              Hold (Min at Fast Process Corner)
  Requirement:            0.000ns  (clk_out2_pll rise@0.000ns - clk_out2_pll rise@0.000ns)
  Data Path Delay:        0.195ns  (logic 0.100ns (51.316%)  route 0.095ns (48.684%))
  Logic Levels:           0  
  Clock Path Skew:        0.013ns (DCD - SCD - CPR)
    Destination Clock Delay (DCD):    -0.564ns
    Source Clock Delay      (SCD):    -0.392ns
    Clock Pessimism Removal (CPR):    -0.186ns

    Location             Delay type                Incr(ns)  Path(ns)    Netlist Resource(s)
  -------------------------------------------------------------------    -------------------
                         (clock clk_out2_pll rise edge)
                                                      0.000     0.000 r  
    AD12                                              0.000     0.000 r  i_sys_clk_p (IN)
                         net (fo=0)                   0.000     0.000    pll_inst/inst/clk_in1_p
    AD12                 IBUFDS (Prop_ibufds_I_O)     0.388     0.388 r  pll_inst/inst/clkin1_ibufgds/O
                         net (fo=1, routed)           0.503     0.891    pll_inst/inst/clk_in1_pll
    PLLE2_ADV_X1Y1       PLLE2_ADV (Prop_plle2_adv_CLKIN1_CLKOUT1)
                                                     -2.908    -2.017 r  pll_inst/inst/plle2_adv_inst/CLKOUT1
                         net (fo=1, routed)           0.958    -1.059    pll_inst/inst/clk_out2_pll
    BUFGCTRL_X0Y0        BUFG (Prop_bufg_I_O)         0.026    -1.033 r  pll_inst/inst/clkout2_buf/O
                         net (fo=1649, routed)        0.641    -0.392    student_top_inst/Core_cpu/SegReg_IF2_ID_inst/clk_out2
    SLICE_X55Y67         FDRE                                         r  student_top_inst/Core_cpu/SegReg_IF2_ID_inst/pc_id_reg[5]/C
  -------------------------------------------------------------------    -------------------
    SLICE_X55Y67         FDRE (Prop_fdre_C_Q)         0.100    -0.292 r  student_top_inst/Core_cpu/SegReg_IF2_ID_inst/pc_id_reg[5]/Q
                         net (fo=1, routed)           0.095    -0.197    student_top_inst/Core_cpu/SegReg_ID_EX_inst/pc_ex_reg[31]_1[5]
    SLICE_X55Y66         FDRE                                         r  student_top_inst/Core_cpu/SegReg_ID_EX_inst/pc_ex_reg[5]/D
  -------------------------------------------------------------------    -------------------

                         (clock clk_out2_pll rise edge)
                                                      0.000     0.000 r  
    AD12                                              0.000     0.000 r  i_sys_clk_p (IN)
                         net (fo=0)                   0.000     0.000    pll_inst/inst/clk_in1_p
    AD12                 IBUFDS (Prop_ibufds_I_O)     0.470     0.470 r  pll_inst/inst/clkin1_ibufgds/O
                         net (fo=1, routed)           0.554     1.024    pll_inst/inst/clk_in1_pll
    PLLE2_ADV_X1Y1       PLLE2_ADV (Prop_plle2_adv_CLKIN1_CLKOUT1)
                                                     -3.524    -2.500 r  pll_inst/inst/plle2_adv_inst/CLKOUT1
                         net (fo=1, routed)           1.027    -1.473    pll_inst/inst/clk_out2_pll
    BUFGCTRL_X0Y0        BUFG (Prop_bufg_I_O)         0.030    -1.443 r  pll_inst/inst/clkout2_buf/O
                         net (fo=1649, routed)        0.879    -0.564    student_top_inst/Core_cpu/SegReg_ID_EX_inst/clk_out2
    SLICE_X55Y66         FDRE                                         r  student_top_inst/Core_cpu/SegReg_ID_EX_inst/pc_ex_reg[5]/C
                         clock pessimism              0.186    -0.379    
    SLICE_X55Y66         FDRE (Hold_fdre_C_D)         0.041    -0.338    student_top_inst/Core_cpu/SegReg_ID_EX_inst/pc_ex_reg[5]
  -------------------------------------------------------------------
                         required time                          0.338    
                         arrival time                          -0.197    
  -------------------------------------------------------------------
                         slack                                  0.141    

Slack (MET) :             0.148ns  (arrival time - required time)
  Source:                 student_top_inst/Core_cpu/PC_inst/pc_reg[7]/C
                            (rising edge-triggered cell FDRE clocked by clk_out2_pll  {rise@0.000ns fall@3.333ns period=6.667ns})
  Destination:            student_top_inst/Mem_IROM/U0/inst_blk_mem_gen/gnbram.gnativebmg.native_blk_mem_gen/valid.cstr/ramloop[1].ram.r/prim_init.ram/DEVICE_7SERIES.NO_BMM_INFO.SP.SIMPLE_PRIM36.ram/ADDRARDADDR[8]
                            (rising edge-triggered cell RAMB36E1 clocked by clk_out2_pll  {rise@0.000ns fall@3.333ns period=6.667ns})
  Path Group:             clk_out2_pll
  Path Type:              Hold (Min at Fast Process Corner)
  Requirement:            0.000ns  (clk_out2_pll rise@0.000ns - clk_out2_pll rise@0.000ns)
  Data Path Delay:        0.391ns  (logic 0.100ns (25.603%)  route 0.291ns (74.397%))
  Logic Levels:           0  
  Clock Path Skew:        0.060ns (DCD - SCD - CPR)
    Destination Clock Delay (DCD):    -0.536ns
    Source Clock Delay      (SCD):    -0.393ns
    Clock Pessimism Removal (CPR):    -0.203ns

    Location             Delay type                Incr(ns)  Path(ns)    Netlist Resource(s)
  -------------------------------------------------------------------    -------------------
                         (clock clk_out2_pll rise edge)
                                                      0.000     0.000 r  
    AD12                                              0.000     0.000 r  i_sys_clk_p (IN)
                         net (fo=0)                   0.000     0.000    pll_inst/inst/clk_in1_p
    AD12                 IBUFDS (Prop_ibufds_I_O)     0.388     0.388 r  pll_inst/inst/clkin1_ibufgds/O
                         net (fo=1, routed)           0.503     0.891    pll_inst/inst/clk_in1_pll
    PLLE2_ADV_X1Y1       PLLE2_ADV (Prop_plle2_adv_CLKIN1_CLKOUT1)
                                                     -2.908    -2.017 r  pll_inst/inst/plle2_adv_inst/CLKOUT1
                         net (fo=1, routed)           0.958    -1.059    pll_inst/inst/clk_out2_pll
    BUFGCTRL_X0Y0        BUFG (Prop_bufg_I_O)         0.026    -1.033 r  pll_inst/inst/clkout2_buf/O
                         net (fo=1649, routed)        0.640    -0.393    student_top_inst/Core_cpu/PC_inst/clk_out2
    SLICE_X65Y67         FDRE                                         r  student_top_inst/Core_cpu/PC_inst/pc_reg[7]/C
  -------------------------------------------------------------------    -------------------
    SLICE_X65Y67         FDRE (Prop_fdre_C_Q)         0.100    -0.293 r  student_top_inst/Core_cpu/PC_inst/pc_reg[7]/Q
                         net (fo=6, routed)           0.291    -0.002    student_top_inst/Mem_IROM/U0/inst_blk_mem_gen/gnbram.gnativebmg.native_blk_mem_gen/valid.cstr/ramloop[1].ram.r/prim_init.ram/addra[5]
    RAMB36_X2Y13         RAMB36E1                                     r  student_top_inst/Mem_IROM/U0/inst_blk_mem_gen/gnbram.gnativebmg.native_blk_mem_gen/valid.cstr/ramloop[1].ram.r/prim_init.ram/DEVICE_7SERIES.NO_BMM_INFO.SP.SIMPLE_PRIM36.ram/ADDRARDADDR[8]
  -------------------------------------------------------------------    -------------------

                         (clock clk_out2_pll rise edge)
                                                      0.000     0.000 r  
    AD12                                              0.000     0.000 r  i_sys_clk_p (IN)
                         net (fo=0)                   0.000     0.000    pll_inst/inst/clk_in1_p
    AD12                 IBUFDS (Prop_ibufds_I_O)     0.470     0.470 r  pll_inst/inst/clkin1_ibufgds/O
                         net (fo=1, routed)           0.554     1.024    pll_inst/inst/clk_in1_pll
    PLLE2_ADV_X1Y1       PLLE2_ADV (Prop_plle2_adv_CLKIN1_CLKOUT1)
                                                     -3.524    -2.500 r  pll_inst/inst/plle2_adv_inst/CLKOUT1
                         net (fo=1, routed)           1.027    -1.473    pll_inst/inst/clk_out2_pll
    BUFGCTRL_X0Y0        BUFG (Prop_bufg_I_O)         0.030    -1.443 r  pll_inst/inst/clkout2_buf/O
                         net (fo=1649, routed)        0.908    -0.536    student_top_inst/Mem_IROM/U0/inst_blk_mem_gen/gnbram.gnativebmg.native_blk_mem_gen/valid.cstr/ramloop[1].ram.r/prim_init.ram/clka
    RAMB36_X2Y13         RAMB36E1                                     r  student_top_inst/Mem_IROM/U0/inst_blk_mem_gen/gnbram.gnativebmg.native_blk_mem_gen/valid.cstr/ramloop[1].ram.r/prim_init.ram/DEVICE_7SERIES.NO_BMM_INFO.SP.SIMPLE_PRIM36.ram/CLKARDCLK
                         clock pessimism              0.203    -0.333    
    RAMB36_X2Y13         RAMB36E1 (Hold_ramb36e1_CLKARDCLK_ADDRARDADDR[8])
                                                      0.183    -0.150    student_top_inst/Mem_IROM/U0/inst_blk_mem_gen/gnbram.gnativebmg.native_blk_mem_gen/valid.cstr/ramloop[1].ram.r/prim_init.ram/DEVICE_7SERIES.NO_BMM_INFO.SP.SIMPLE_PRIM36.ram
  -------------------------------------------------------------------
                         required time                          0.150    
                         arrival time                          -0.002    
  -------------------------------------------------------------------
                         slack                                  0.148    

Slack (MET) :             0.151ns  (arrival time - required time)
  Source:                 student_top_inst/Core_cpu/SegReg_IF1_IF2_inst/pc_if2_reg[18]/C
                            (rising edge-triggered cell FDRE clocked by clk_out2_pll  {rise@0.000ns fall@3.333ns period=6.667ns})
  Destination:            student_top_inst/Core_cpu/SegReg_IF2_ID_inst/pc_id_reg[18]/D
                            (rising edge-triggered cell FDRE clocked by clk_out2_pll  {rise@0.000ns fall@3.333ns period=6.667ns})
  Path Group:             clk_out2_pll
  Path Type:              Hold (Min at Fast Process Corner)
  Requirement:            0.000ns  (clk_out2_pll rise@0.000ns - clk_out2_pll rise@0.000ns)
  Data Path Delay:        0.204ns  (logic 0.100ns (48.994%)  route 0.104ns (51.006%))
  Logic Levels:           0  
  Clock Path Skew:        0.013ns (DCD - SCD - CPR)
    Destination Clock Delay (DCD):    -0.568ns
    Source Clock Delay      (SCD):    -0.396ns
    Clock Pessimism Removal (CPR):    -0.186ns

    Location             Delay type                Incr(ns)  Path(ns)    Netlist Resource(s)
  -------------------------------------------------------------------    -------------------
                         (clock clk_out2_pll rise edge)
                                                      0.000     0.000 r  
    AD12                                              0.000     0.000 r  i_sys_clk_p (IN)
                         net (fo=0)                   0.000     0.000    pll_inst/inst/clk_in1_p
    AD12                 IBUFDS (Prop_ibufds_I_O)     0.388     0.388 r  pll_inst/inst/clkin1_ibufgds/O
                         net (fo=1, routed)           0.503     0.891    pll_inst/inst/clk_in1_pll
    PLLE2_ADV_X1Y1       PLLE2_ADV (Prop_plle2_adv_CLKIN1_CLKOUT1)
                                                     -2.908    -2.017 r  pll_inst/inst/plle2_adv_inst/CLKOUT1
                         net (fo=1, routed)           0.958    -1.059    pll_inst/inst/clk_out2_pll
    BUFGCTRL_X0Y0        BUFG (Prop_bufg_I_O)         0.026    -1.033 r  pll_inst/inst/clkout2_buf/O
                         net (fo=1649, routed)        0.637    -0.396    student_top_inst/Core_cpu/SegReg_IF1_IF2_inst/clk_out2
    SLICE_X59Y71         FDRE                                         r  student_top_inst/Core_cpu/SegReg_IF1_IF2_inst/pc_if2_reg[18]/C
  -------------------------------------------------------------------    -------------------
    SLICE_X59Y71         FDRE (Prop_fdre_C_Q)         0.100    -0.296 r  student_top_inst/Core_cpu/SegReg_IF1_IF2_inst/pc_if2_reg[18]/Q
                         net (fo=3, routed)           0.104    -0.191    student_top_inst/Core_cpu/SegReg_IF2_ID_inst/D[18]
    SLICE_X61Y70         FDRE                                         r  student_top_inst/Core_cpu/SegReg_IF2_ID_inst/pc_id_reg[18]/D
  -------------------------------------------------------------------    -------------------

                         (clock clk_out2_pll rise edge)
                                                      0.000     0.000 r  
    AD12                                              0.000     0.000 r  i_sys_clk_p (IN)
                         net (fo=0)                   0.000     0.000    pll_inst/inst/clk_in1_p
    AD12                 IBUFDS (Prop_ibufds_I_O)     0.470     0.470 r  pll_inst/inst/clkin1_ibufgds/O
                         net (fo=1, routed)           0.554     1.024    pll_inst/inst/clk_in1_pll
    PLLE2_ADV_X1Y1       PLLE2_ADV (Prop_plle2_adv_CLKIN1_CLKOUT1)
                                                     -3.524    -2.500 r  pll_inst/inst/plle2_adv_inst/CLKOUT1
                         net (fo=1, routed)           1.027    -1.473    pll_inst/inst/clk_out2_pll
    BUFGCTRL_X0Y0        BUFG (Prop_bufg_I_O)         0.030    -1.443 r  pll_inst/inst/clkout2_buf/O
                         net (fo=1649, routed)        0.875    -0.568    student_top_inst/Core_cpu/SegReg_IF2_ID_inst/clk_out2
    SLICE_X61Y70         FDRE                                         r  student_top_inst/Core_cpu/SegReg_IF2_ID_inst/pc_id_reg[18]/C
                         clock pessimism              0.186    -0.383    
    SLICE_X61Y70         FDRE (Hold_fdre_C_D)         0.040    -0.343    student_top_inst/Core_cpu/SegReg_IF2_ID_inst/pc_id_reg[18]
  -------------------------------------------------------------------
                         required time                          0.343    
                         arrival time                          -0.191    
  -------------------------------------------------------------------
                         slack                                  0.151    

Slack (MET) :             0.159ns  (arrival time - required time)
  Source:                 student_top_inst/Core_cpu/SegReg_IF1_IF2_inst/pc_if2_reg[29]/C
                            (rising edge-triggered cell FDRE clocked by clk_out2_pll  {rise@0.000ns fall@3.333ns period=6.667ns})
  Destination:            student_top_inst/Core_cpu/SegReg_IF2_ID_inst/pc_id_reg[29]/D
                            (rising edge-triggered cell FDRE clocked by clk_out2_pll  {rise@0.000ns fall@3.333ns period=6.667ns})
  Path Group:             clk_out2_pll
  Path Type:              Hold (Min at Fast Process Corner)
  Requirement:            0.000ns  (clk_out2_pll rise@0.000ns - clk_out2_pll rise@0.000ns)
  Data Path Delay:        0.227ns  (logic 0.118ns (52.051%)  route 0.109ns (47.949%))
  Logic Levels:           0  
  Clock Path Skew:        0.028ns (DCD - SCD - CPR)
    Destination Clock Delay (DCD):    -0.573ns
    Source Clock Delay      (SCD):    -0.399ns
    Clock Pessimism Removal (CPR):    -0.203ns

    Location             Delay type                Incr(ns)  Path(ns)    Netlist Resource(s)
  -------------------------------------------------------------------    -------------------
                         (clock clk_out2_pll rise edge)
                                                      0.000     0.000 r  
    AD12                                              0.000     0.000 r  i_sys_clk_p (IN)
                         net (fo=0)                   0.000     0.000    pll_inst/inst/clk_in1_p
    AD12                 IBUFDS (Prop_ibufds_I_O)     0.388     0.388 r  pll_inst/inst/clkin1_ibufgds/O
                         net (fo=1, routed)           0.503     0.891    pll_inst/inst/clk_in1_pll
    PLLE2_ADV_X1Y1       PLLE2_ADV (Prop_plle2_adv_CLKIN1_CLKOUT1)
                                                     -2.908    -2.017 r  pll_inst/inst/plle2_adv_inst/CLKOUT1
                         net (fo=1, routed)           0.958    -1.059    pll_inst/inst/clk_out2_pll
    BUFGCTRL_X0Y0        BUFG (Prop_bufg_I_O)         0.026    -1.033 r  pll_inst/inst/clkout2_buf/O
                         net (fo=1649, routed)        0.634    -0.399    student_top_inst/Core_cpu/SegReg_IF1_IF2_inst/clk_out2
    SLICE_X54Y75         FDRE                                         r  student_top_inst/Core_cpu/SegReg_IF1_IF2_inst/pc_if2_reg[29]/C
  -------------------------------------------------------------------    -------------------
    SLICE_X54Y75         FDRE (Prop_fdre_C_Q)         0.118    -0.281 r  student_top_inst/Core_cpu/SegReg_IF1_IF2_inst/pc_if2_reg[29]/Q
                         net (fo=4, routed)           0.109    -0.172    student_top_inst/Core_cpu/SegReg_IF2_ID_inst/D[29]
    SLICE_X56Y74         FDRE                                         r  student_top_inst/Core_cpu/SegReg_IF2_ID_inst/pc_id_reg[29]/D
  -------------------------------------------------------------------    -------------------

                         (clock clk_out2_pll rise edge)
                                                      0.000     0.000 r  
    AD12                                              0.000     0.000 r  i_sys_clk_p (IN)
                         net (fo=0)                   0.000     0.000    pll_inst/inst/clk_in1_p
    AD12                 IBUFDS (Prop_ibufds_I_O)     0.470     0.470 r  pll_inst/inst/clkin1_ibufgds/O
                         net (fo=1, routed)           0.554     1.024    pll_inst/inst/clk_in1_pll
    PLLE2_ADV_X1Y1       PLLE2_ADV (Prop_plle2_adv_CLKIN1_CLKOUT1)
                                                     -3.524    -2.500 r  pll_inst/inst/plle2_adv_inst/CLKOUT1
                         net (fo=1, routed)           1.027    -1.473    pll_inst/inst/clk_out2_pll
    BUFGCTRL_X0Y0        BUFG (Prop_bufg_I_O)         0.030    -1.443 r  pll_inst/inst/clkout2_buf/O
                         net (fo=1649, routed)        0.870    -0.573    student_top_inst/Core_cpu/SegReg_IF2_ID_inst/clk_out2
    SLICE_X56Y74         FDRE                                         r  student_top_inst/Core_cpu/SegReg_IF2_ID_inst/pc_id_reg[29]/C
                         clock pessimism              0.203    -0.371    
    SLICE_X56Y74         FDRE (Hold_fdre_C_D)         0.040    -0.331    student_top_inst/Core_cpu/SegReg_IF2_ID_inst/pc_id_reg[29]
  -------------------------------------------------------------------
                         required time                          0.331    
                         arrival time                          -0.172    
  -------------------------------------------------------------------
                         slack                                  0.159    

Slack (MET) :             0.165ns  (arrival time - required time)
  Source:                 student_top_inst/Core_cpu/SegReg_EX_LS_inst/inst_ls_reg[9]/C
                            (rising edge-triggered cell FDRE clocked by clk_out2_pll  {rise@0.000ns fall@3.333ns period=6.667ns})
  Destination:            student_top_inst/Core_cpu/SegReg_LS_WB_inst/inst_wb_reg[9]/D
                            (rising edge-triggered cell FDRE clocked by clk_out2_pll  {rise@0.000ns fall@3.333ns period=6.667ns})
  Path Group:             clk_out2_pll
  Path Type:              Hold (Min at Fast Process Corner)
  Requirement:            0.000ns  (clk_out2_pll rise@0.000ns - clk_out2_pll rise@0.000ns)
  Data Path Delay:        0.219ns  (logic 0.100ns (45.662%)  route 0.119ns (54.338%))
  Logic Levels:           0  
  Clock Path Skew:        0.013ns (DCD - SCD - CPR)
    Destination Clock Delay (DCD):    -0.558ns
    Source Clock Delay      (SCD):    -0.386ns
    Clock Pessimism Removal (CPR):    -0.186ns

    Location             Delay type                Incr(ns)  Path(ns)    Netlist Resource(s)
  -------------------------------------------------------------------    -------------------
                         (clock clk_out2_pll rise edge)
                                                      0.000     0.000 r  
    AD12                                              0.000     0.000 r  i_sys_clk_p (IN)
                         net (fo=0)                   0.000     0.000    pll_inst/inst/clk_in1_p
    AD12                 IBUFDS (Prop_ibufds_I_O)     0.388     0.388 r  pll_inst/inst/clkin1_ibufgds/O
                         net (fo=1, routed)           0.503     0.891    pll_inst/inst/clk_in1_pll
    PLLE2_ADV_X1Y1       PLLE2_ADV (Prop_plle2_adv_CLKIN1_CLKOUT1)
                                                     -2.908    -2.017 r  pll_inst/inst/plle2_adv_inst/CLKOUT1
                         net (fo=1, routed)           0.958    -1.059    pll_inst/inst/clk_out2_pll
    BUFGCTRL_X0Y0        BUFG (Prop_bufg_I_O)         0.026    -1.033 r  pll_inst/inst/clkout2_buf/O
                         net (fo=1649, routed)        0.647    -0.386    student_top_inst/Core_cpu/SegReg_EX_LS_inst/clk_out2
    SLICE_X59Y56         FDRE                                         r  student_top_inst/Core_cpu/SegReg_EX_LS_inst/inst_ls_reg[9]/C
  -------------------------------------------------------------------    -------------------
    SLICE_X59Y56         FDRE (Prop_fdre_C_Q)         0.100    -0.286 r  student_top_inst/Core_cpu/SegReg_EX_LS_inst/inst_ls_reg[9]/Q
                         net (fo=4, routed)           0.119    -0.167    student_top_inst/Core_cpu/SegReg_LS_WB_inst/inst_wb_reg[11]_0[2]
    SLICE_X61Y57         FDRE                                         r  student_top_inst/Core_cpu/SegReg_LS_WB_inst/inst_wb_reg[9]/D
  -------------------------------------------------------------------    -------------------

                         (clock clk_out2_pll rise edge)
                                                      0.000     0.000 r  
    AD12                                              0.000     0.000 r  i_sys_clk_p (IN)
                         net (fo=0)                   0.000     0.000    pll_inst/inst/clk_in1_p
    AD12                 IBUFDS (Prop_ibufds_I_O)     0.470     0.470 r  pll_inst/inst/clkin1_ibufgds/O
                         net (fo=1, routed)           0.554     1.024    pll_inst/inst/clk_in1_pll
    PLLE2_ADV_X1Y1       PLLE2_ADV (Prop_plle2_adv_CLKIN1_CLKOUT1)
                                                     -3.524    -2.500 r  pll_inst/inst/plle2_adv_inst/CLKOUT1
                         net (fo=1, routed)           1.027    -1.473    pll_inst/inst/clk_out2_pll
    BUFGCTRL_X0Y0        BUFG (Prop_bufg_I_O)         0.030    -1.443 r  pll_inst/inst/clkout2_buf/O
                         net (fo=1649, routed)        0.885    -0.558    student_top_inst/Core_cpu/SegReg_LS_WB_inst/clk_out2
    SLICE_X61Y57         FDRE                                         r  student_top_inst/Core_cpu/SegReg_LS_WB_inst/inst_wb_reg[9]/C
                         clock pessimism              0.186    -0.373    
    SLICE_X61Y57         FDRE (Hold_fdre_C_D)         0.041    -0.332    student_top_inst/Core_cpu/SegReg_LS_WB_inst/inst_wb_reg[9]
  -------------------------------------------------------------------
                         required time                          0.332    
                         arrival time                          -0.167    
  -------------------------------------------------------------------
                         slack                                  0.165    

Slack (MET) :             0.166ns  (arrival time - required time)
  Source:                 student_top_inst/Core_cpu/PC_inst/pc_reg[25]/C
                            (rising edge-triggered cell FDRE clocked by clk_out2_pll  {rise@0.000ns fall@3.333ns period=6.667ns})
  Destination:            student_top_inst/Core_cpu/SegReg_IF1_IF2_inst/pc_if2_reg[25]/D
                            (rising edge-triggered cell FDRE clocked by clk_out2_pll  {rise@0.000ns fall@3.333ns period=6.667ns})
  Path Group:             clk_out2_pll
  Path Type:              Hold (Min at Fast Process Corner)
  Requirement:            0.000ns  (clk_out2_pll rise@0.000ns - clk_out2_pll rise@0.000ns)
  Data Path Delay:        0.235ns  (logic 0.100ns (42.579%)  route 0.135ns (57.421%))
  Logic Levels:           0  
  Clock Path Skew:        0.029ns (DCD - SCD - CPR)
    Destination Clock Delay (DCD):    -0.570ns
    Source Clock Delay      (SCD):    -0.397ns
    Clock Pessimism Removal (CPR):    -0.203ns

    Location             Delay type                Incr(ns)  Path(ns)    Netlist Resource(s)
  -------------------------------------------------------------------    -------------------
                         (clock clk_out2_pll rise edge)
                                                      0.000     0.000 r  
    AD12                                              0.000     0.000 r  i_sys_clk_p (IN)
                         net (fo=0)                   0.000     0.000    pll_inst/inst/clk_in1_p
    AD12                 IBUFDS (Prop_ibufds_I_O)     0.388     0.388 r  pll_inst/inst/clkin1_ibufgds/O
                         net (fo=1, routed)           0.503     0.891    pll_inst/inst/clk_in1_pll
    PLLE2_ADV_X1Y1       PLLE2_ADV (Prop_plle2_adv_CLKIN1_CLKOUT1)
                                                     -2.908    -2.017 r  pll_inst/inst/plle2_adv_inst/CLKOUT1
                         net (fo=1, routed)           0.958    -1.059    pll_inst/inst/clk_out2_pll
    BUFGCTRL_X0Y0        BUFG (Prop_bufg_I_O)         0.026    -1.033 r  pll_inst/inst/clkout2_buf/O
                         net (fo=1649, routed)        0.636    -0.397    student_top_inst/Core_cpu/PC_inst/clk_out2
    SLICE_X60Y72         FDRE                                         r  student_top_inst/Core_cpu/PC_inst/pc_reg[25]/C
  -------------------------------------------------------------------    -------------------
    SLICE_X60Y72         FDRE (Prop_fdre_C_Q)         0.100    -0.297 r  student_top_inst/Core_cpu/PC_inst/pc_reg[25]/Q
                         net (fo=2, routed)           0.135    -0.162    student_top_inst/Core_cpu/SegReg_IF1_IF2_inst/D[25]
    SLICE_X57Y72         FDRE                                         r  student_top_inst/Core_cpu/SegReg_IF1_IF2_inst/pc_if2_reg[25]/D
  -------------------------------------------------------------------    -------------------

                         (clock clk_out2_pll rise edge)
                                                      0.000     0.000 r  
    AD12                                              0.000     0.000 r  i_sys_clk_p (IN)
                         net (fo=0)                   0.000     0.000    pll_inst/inst/clk_in1_p
    AD12                 IBUFDS (Prop_ibufds_I_O)     0.470     0.470 r  pll_inst/inst/clkin1_ibufgds/O
                         net (fo=1, routed)           0.554     1.024    pll_inst/inst/clk_in1_pll
    PLLE2_ADV_X1Y1       PLLE2_ADV (Prop_plle2_adv_CLKIN1_CLKOUT1)
                                                     -3.524    -2.500 r  pll_inst/inst/plle2_adv_inst/CLKOUT1
                         net (fo=1, routed)           1.027    -1.473    pll_inst/inst/clk_out2_pll
    BUFGCTRL_X0Y0        BUFG (Prop_bufg_I_O)         0.030    -1.443 r  pll_inst/inst/clkout2_buf/O
                         net (fo=1649, routed)        0.873    -0.570    student_top_inst/Core_cpu/SegReg_IF1_IF2_inst/clk_out2
    SLICE_X57Y72         FDRE                                         r  student_top_inst/Core_cpu/SegReg_IF1_IF2_inst/pc_if2_reg[25]/C
                         clock pessimism              0.203    -0.368    
    SLICE_X57Y72         FDRE (Hold_fdre_C_D)         0.040    -0.328    student_top_inst/Core_cpu/SegReg_IF1_IF2_inst/pc_if2_reg[25]
  -------------------------------------------------------------------
                         required time                          0.328    
                         arrival time                          -0.162    
  -------------------------------------------------------------------
                         slack                                  0.166    

Slack (MET) :             0.167ns  (arrival time - required time)
  Source:                 student_top_inst/Core_cpu/SegReg_IF2_ID_inst/pc_id_reg[2]/C
                            (rising edge-triggered cell FDRE clocked by clk_out2_pll  {rise@0.000ns fall@3.333ns period=6.667ns})
  Destination:            student_top_inst/Core_cpu/SegReg_ID_EX_inst/pc_ex_reg[2]/D
                            (rising edge-triggered cell FDRE clocked by clk_out2_pll  {rise@0.000ns fall@3.333ns period=6.667ns})
  Path Group:             clk_out2_pll
  Path Type:              Hold (Min at Fast Process Corner)
  Requirement:            0.000ns  (clk_out2_pll rise@0.000ns - clk_out2_pll rise@0.000ns)
  Data Path Delay:        0.213ns  (logic 0.118ns (55.433%)  route 0.095ns (44.567%))
  Logic Levels:           0  
  Clock Path Skew:        0.014ns (DCD - SCD - CPR)
    Destination Clock Delay (DCD):    -0.561ns
    Source Clock Delay      (SCD):    -0.390ns
    Clock Pessimism Removal (CPR):    -0.186ns

    Location             Delay type                Incr(ns)  Path(ns)    Netlist Resource(s)
  -------------------------------------------------------------------    -------------------
                         (clock clk_out2_pll rise edge)
                                                      0.000     0.000 r  
    AD12                                              0.000     0.000 r  i_sys_clk_p (IN)
                         net (fo=0)                   0.000     0.000    pll_inst/inst/clk_in1_p
    AD12                 IBUFDS (Prop_ibufds_I_O)     0.388     0.388 r  pll_inst/inst/clkin1_ibufgds/O
                         net (fo=1, routed)           0.503     0.891    pll_inst/inst/clk_in1_pll
    PLLE2_ADV_X1Y1       PLLE2_ADV (Prop_plle2_adv_CLKIN1_CLKOUT1)
                                                     -2.908    -2.017 r  pll_inst/inst/plle2_adv_inst/CLKOUT1
                         net (fo=1, routed)           0.958    -1.059    pll_inst/inst/clk_out2_pll
    BUFGCTRL_X0Y0        BUFG (Prop_bufg_I_O)         0.026    -1.033 r  pll_inst/inst/clkout2_buf/O
                         net (fo=1649, routed)        0.643    -0.390    student_top_inst/Core_cpu/SegReg_IF2_ID_inst/clk_out2
    SLICE_X58Y63         FDRE                                         r  student_top_inst/Core_cpu/SegReg_IF2_ID_inst/pc_id_reg[2]/C
  -------------------------------------------------------------------    -------------------
    SLICE_X58Y63         FDRE (Prop_fdre_C_Q)         0.118    -0.272 r  student_top_inst/Core_cpu/SegReg_IF2_ID_inst/pc_id_reg[2]/Q
                         net (fo=1, routed)           0.095    -0.177    student_top_inst/Core_cpu/SegReg_ID_EX_inst/pc_ex_reg[31]_1[2]
    SLICE_X58Y62         FDRE                                         r  student_top_inst/Core_cpu/SegReg_ID_EX_inst/pc_ex_reg[2]/D
  -------------------------------------------------------------------    -------------------

                         (clock clk_out2_pll rise edge)
                                                      0.000     0.000 r  
    AD12                                              0.000     0.000 r  i_sys_clk_p (IN)
                         net (fo=0)                   0.000     0.000    pll_inst/inst/clk_in1_p
    AD12                 IBUFDS (Prop_ibufds_I_O)     0.470     0.470 r  pll_inst/inst/clkin1_ibufgds/O
                         net (fo=1, routed)           0.554     1.024    pll_inst/inst/clk_in1_pll
    PLLE2_ADV_X1Y1       PLLE2_ADV (Prop_plle2_adv_CLKIN1_CLKOUT1)
                                                     -3.524    -2.500 r  pll_inst/inst/plle2_adv_inst/CLKOUT1
                         net (fo=1, routed)           1.027    -1.473    pll_inst/inst/clk_out2_pll
    BUFGCTRL_X0Y0        BUFG (Prop_bufg_I_O)         0.030    -1.443 r  pll_inst/inst/clkout2_buf/O
                         net (fo=1649, routed)        0.882    -0.561    student_top_inst/Core_cpu/SegReg_ID_EX_inst/clk_out2
    SLICE_X58Y62         FDRE                                         r  student_top_inst/Core_cpu/SegReg_ID_EX_inst/pc_ex_reg[2]/C
                         clock pessimism              0.186    -0.376    
    SLICE_X58Y62         FDRE (Hold_fdre_C_D)         0.032    -0.344    student_top_inst/Core_cpu/SegReg_ID_EX_inst/pc_ex_reg[2]
  -------------------------------------------------------------------
                         required time                          0.344    
                         arrival time                          -0.177    
  -------------------------------------------------------------------
                         slack                                  0.167    

Slack (MET) :             0.168ns  (arrival time - required time)
  Source:                 student_top_inst/Core_cpu/SegReg_EX_LS_inst/inst_ls_reg[10]/C
                            (rising edge-triggered cell FDRE clocked by clk_out2_pll  {rise@0.000ns fall@3.333ns period=6.667ns})
  Destination:            student_top_inst/Core_cpu/SegReg_LS_WB_inst/inst_wb_reg[10]/D
                            (rising edge-triggered cell FDRE clocked by clk_out2_pll  {rise@0.000ns fall@3.333ns period=6.667ns})
  Path Group:             clk_out2_pll
  Path Type:              Hold (Min at Fast Process Corner)
  Requirement:            0.000ns  (clk_out2_pll rise@0.000ns - clk_out2_pll rise@0.000ns)
  Data Path Delay:        0.221ns  (logic 0.118ns (53.368%)  route 0.103ns (46.632%))
  Logic Levels:           0  
  Clock Path Skew:        0.013ns (DCD - SCD - CPR)
    Destination Clock Delay (DCD):    -0.558ns
    Source Clock Delay      (SCD):    -0.386ns
    Clock Pessimism Removal (CPR):    -0.186ns

    Location             Delay type                Incr(ns)  Path(ns)    Netlist Resource(s)
  -------------------------------------------------------------------    -------------------
                         (clock clk_out2_pll rise edge)
                                                      0.000     0.000 r  
    AD12                                              0.000     0.000 r  i_sys_clk_p (IN)
                         net (fo=0)                   0.000     0.000    pll_inst/inst/clk_in1_p
    AD12                 IBUFDS (Prop_ibufds_I_O)     0.388     0.388 r  pll_inst/inst/clkin1_ibufgds/O
                         net (fo=1, routed)           0.503     0.891    pll_inst/inst/clk_in1_pll
    PLLE2_ADV_X1Y1       PLLE2_ADV (Prop_plle2_adv_CLKIN1_CLKOUT1)
                                                     -2.908    -2.017 r  pll_inst/inst/plle2_adv_inst/CLKOUT1
                         net (fo=1, routed)           0.958    -1.059    pll_inst/inst/clk_out2_pll
    BUFGCTRL_X0Y0        BUFG (Prop_bufg_I_O)         0.026    -1.033 r  pll_inst/inst/clkout2_buf/O
                         net (fo=1649, routed)        0.647    -0.386    student_top_inst/Core_cpu/SegReg_EX_LS_inst/clk_out2
    SLICE_X58Y56         FDRE                                         r  student_top_inst/Core_cpu/SegReg_EX_LS_inst/inst_ls_reg[10]/C
  -------------------------------------------------------------------    -------------------
    SLICE_X58Y56         FDRE (Prop_fdre_C_Q)         0.118    -0.268 r  student_top_inst/Core_cpu/SegReg_EX_LS_inst/inst_ls_reg[10]/Q
                         net (fo=4, routed)           0.103    -0.164    student_top_inst/Core_cpu/SegReg_LS_WB_inst/inst_wb_reg[11]_0[3]
    SLICE_X61Y57         FDRE                                         r  student_top_inst/Core_cpu/SegReg_LS_WB_inst/inst_wb_reg[10]/D
  -------------------------------------------------------------------    -------------------

                         (clock clk_out2_pll rise edge)
                                                      0.000     0.000 r  
    AD12                                              0.000     0.000 r  i_sys_clk_p (IN)
                         net (fo=0)                   0.000     0.000    pll_inst/inst/clk_in1_p
    AD12                 IBUFDS (Prop_ibufds_I_O)     0.470     0.470 r  pll_inst/inst/clkin1_ibufgds/O
                         net (fo=1, routed)           0.554     1.024    pll_inst/inst/clk_in1_pll
    PLLE2_ADV_X1Y1       PLLE2_ADV (Prop_plle2_adv_CLKIN1_CLKOUT1)
                                                     -3.524    -2.500 r  pll_inst/inst/plle2_adv_inst/CLKOUT1
                         net (fo=1, routed)           1.027    -1.473    pll_inst/inst/clk_out2_pll
    BUFGCTRL_X0Y0        BUFG (Prop_bufg_I_O)         0.030    -1.443 r  pll_inst/inst/clkout2_buf/O
                         net (fo=1649, routed)        0.885    -0.558    student_top_inst/Core_cpu/SegReg_LS_WB_inst/clk_out2
    SLICE_X61Y57         FDRE                                         r  student_top_inst/Core_cpu/SegReg_LS_WB_inst/inst_wb_reg[10]/C
                         clock pessimism              0.186    -0.373    
    SLICE_X61Y57         FDRE (Hold_fdre_C_D)         0.040    -0.333    student_top_inst/Core_cpu/SegReg_LS_WB_inst/inst_wb_reg[10]
  -------------------------------------------------------------------
                         required time                          0.333    
                         arrival time                          -0.164    
  -------------------------------------------------------------------
                         slack                                  0.168    

Slack (MET) :             0.168ns  (arrival time - required time)
  Source:                 student_top_inst/Core_cpu/SegReg_IF2_ID_inst/pc_id_reg[7]/C
                            (rising edge-triggered cell FDRE clocked by clk_out2_pll  {rise@0.000ns fall@3.333ns period=6.667ns})
  Destination:            student_top_inst/Core_cpu/SegReg_ID_EX_inst/pc_ex_reg[7]/D
                            (rising edge-triggered cell FDRE clocked by clk_out2_pll  {rise@0.000ns fall@3.333ns period=6.667ns})
  Path Group:             clk_out2_pll
  Path Type:              Hold (Min at Fast Process Corner)
  Requirement:            0.000ns  (clk_out2_pll rise@0.000ns - clk_out2_pll rise@0.000ns)
  Data Path Delay:        0.186ns  (logic 0.091ns (48.876%)  route 0.095ns (51.124%))
  Logic Levels:           0  
  Clock Path Skew:        0.013ns (DCD - SCD - CPR)
    Destination Clock Delay (DCD):    -0.564ns
    Source Clock Delay      (SCD):    -0.392ns
    Clock Pessimism Removal (CPR):    -0.186ns

    Location             Delay type                Incr(ns)  Path(ns)    Netlist Resource(s)
  -------------------------------------------------------------------    -------------------
                         (clock clk_out2_pll rise edge)
                                                      0.000     0.000 r  
    AD12                                              0.000     0.000 r  i_sys_clk_p (IN)
                         net (fo=0)                   0.000     0.000    pll_inst/inst/clk_in1_p
    AD12                 IBUFDS (Prop_ibufds_I_O)     0.388     0.388 r  pll_inst/inst/clkin1_ibufgds/O
                         net (fo=1, routed)           0.503     0.891    pll_inst/inst/clk_in1_pll
    PLLE2_ADV_X1Y1       PLLE2_ADV (Prop_plle2_adv_CLKIN1_CLKOUT1)
                                                     -2.908    -2.017 r  pll_inst/inst/plle2_adv_inst/CLKOUT1
                         net (fo=1, routed)           0.958    -1.059    pll_inst/inst/clk_out2_pll
    BUFGCTRL_X0Y0        BUFG (Prop_bufg_I_O)         0.026    -1.033 r  pll_inst/inst/clkout2_buf/O
                         net (fo=1649, routed)        0.641    -0.392    student_top_inst/Core_cpu/SegReg_IF2_ID_inst/clk_out2
    SLICE_X55Y67         FDRE                                         r  student_top_inst/Core_cpu/SegReg_IF2_ID_inst/pc_id_reg[7]/C
  -------------------------------------------------------------------    -------------------
    SLICE_X55Y67         FDRE (Prop_fdre_C_Q)         0.091    -0.301 r  student_top_inst/Core_cpu/SegReg_IF2_ID_inst/pc_id_reg[7]/Q
                         net (fo=1, routed)           0.095    -0.205    student_top_inst/Core_cpu/SegReg_ID_EX_inst/pc_ex_reg[31]_1[7]
    SLICE_X55Y66         FDRE                                         r  student_top_inst/Core_cpu/SegReg_ID_EX_inst/pc_ex_reg[7]/D
  -------------------------------------------------------------------    -------------------

                         (clock clk_out2_pll rise edge)
                                                      0.000     0.000 r  
    AD12                                              0.000     0.000 r  i_sys_clk_p (IN)
                         net (fo=0)                   0.000     0.000    pll_inst/inst/clk_in1_p
    AD12                 IBUFDS (Prop_ibufds_I_O)     0.470     0.470 r  pll_inst/inst/clkin1_ibufgds/O
                         net (fo=1, routed)           0.554     1.024    pll_inst/inst/clk_in1_pll
    PLLE2_ADV_X1Y1       PLLE2_ADV (Prop_plle2_adv_CLKIN1_CLKOUT1)
                                                     -3.524    -2.500 r  pll_inst/inst/plle2_adv_inst/CLKOUT1
                         net (fo=1, routed)           1.027    -1.473    pll_inst/inst/clk_out2_pll
    BUFGCTRL_X0Y0        BUFG (Prop_bufg_I_O)         0.030    -1.443 r  pll_inst/inst/clkout2_buf/O
                         net (fo=1649, routed)        0.879    -0.564    student_top_inst/Core_cpu/SegReg_ID_EX_inst/clk_out2
    SLICE_X55Y66         FDRE                                         r  student_top_inst/Core_cpu/SegReg_ID_EX_inst/pc_ex_reg[7]/C
                         clock pessimism              0.186    -0.379    
    SLICE_X55Y66         FDRE (Hold_fdre_C_D)         0.005    -0.374    student_top_inst/Core_cpu/SegReg_ID_EX_inst/pc_ex_reg[7]
  -------------------------------------------------------------------
                         required time                          0.374    
                         arrival time                          -0.205    
  -------------------------------------------------------------------
                         slack                                  0.168    





Pulse Width Checks
--------------------------------------------------------------------------------------
Clock Name:         clk_out2_pll
Waveform(ns):       { 0.000 3.333 }
Period(ns):         6.667
Sources:            { pll_inst/inst/plle2_adv_inst/CLKOUT1 }

Check Type        Corner  Lib Pin             Reference Pin  Required(ns)  Actual(ns)  Slack(ns)  Location        Pin
Min Period        n/a     RAMB36E1/CLKARDCLK  n/a            1.839         6.667       4.828      RAMB36_X2Y8     student_top_inst/Mem_IROM/U0/inst_blk_mem_gen/gnbram.gnativebmg.native_blk_mem_gen/valid.cstr/ramloop[0].ram.r/prim_init.ram/DEVICE_7SERIES.NO_BMM_INFO.SP.SIMPLE_PRIM36.ram/CLKARDCLK
Min Period        n/a     RAMB36E1/CLKBWRCLK  n/a            1.839         6.667       4.828      RAMB36_X2Y8     student_top_inst/Mem_IROM/U0/inst_blk_mem_gen/gnbram.gnativebmg.native_blk_mem_gen/valid.cstr/ramloop[0].ram.r/prim_init.ram/DEVICE_7SERIES.NO_BMM_INFO.SP.SIMPLE_PRIM36.ram/CLKBWRCLK
Min Period        n/a     RAMB36E1/CLKARDCLK  n/a            1.839         6.667       4.828      RAMB36_X2Y13    student_top_inst/Mem_IROM/U0/inst_blk_mem_gen/gnbram.gnativebmg.native_blk_mem_gen/valid.cstr/ramloop[1].ram.r/prim_init.ram/DEVICE_7SERIES.NO_BMM_INFO.SP.SIMPLE_PRIM36.ram/CLKARDCLK
Min Period        n/a     RAMB36E1/CLKBWRCLK  n/a            1.839         6.667       4.828      RAMB36_X2Y13    student_top_inst/Mem_IROM/U0/inst_blk_mem_gen/gnbram.gnativebmg.native_blk_mem_gen/valid.cstr/ramloop[1].ram.r/prim_init.ram/DEVICE_7SERIES.NO_BMM_INFO.SP.SIMPLE_PRIM36.ram/CLKBWRCLK
Min Period        n/a     RAMB36E1/CLKARDCLK  n/a            1.839         6.667       4.828      RAMB36_X2Y12    student_top_inst/Mem_IROM/U0/inst_blk_mem_gen/gnbram.gnativebmg.native_blk_mem_gen/valid.cstr/ramloop[2].ram.r/prim_init.ram/DEVICE_7SERIES.NO_BMM_INFO.SP.SIMPLE_PRIM36.ram/CLKARDCLK
Min Period        n/a     RAMB36E1/CLKBWRCLK  n/a            1.839         6.667       4.828      RAMB36_X2Y12    student_top_inst/Mem_IROM/U0/inst_blk_mem_gen/gnbram.gnativebmg.native_blk_mem_gen/valid.cstr/ramloop[2].ram.r/prim_init.ram/DEVICE_7SERIES.NO_BMM_INFO.SP.SIMPLE_PRIM36.ram/CLKBWRCLK
Min Period        n/a     RAMB36E1/CLKARDCLK  n/a            1.839         6.667       4.828      RAMB36_X2Y7     student_top_inst/Mem_IROM/U0/inst_blk_mem_gen/gnbram.gnativebmg.native_blk_mem_gen/valid.cstr/ramloop[3].ram.r/prim_init.ram/DEVICE_7SERIES.NO_BMM_INFO.SP.SIMPLE_PRIM36.ram/CLKARDCLK
Min Period        n/a     RAMB36E1/CLKBWRCLK  n/a            1.839         6.667       4.828      RAMB36_X2Y7     student_top_inst/Mem_IROM/U0/inst_blk_mem_gen/gnbram.gnativebmg.native_blk_mem_gen/valid.cstr/ramloop[3].ram.r/prim_init.ram/DEVICE_7SERIES.NO_BMM_INFO.SP.SIMPLE_PRIM36.ram/CLKBWRCLK
Min Period        n/a     RAMB36E1/CLKARDCLK  n/a            1.839         6.667       4.828      RAMB36_X4Y5     student_top_inst/bridge_inst/dram_driver_inst/your_instance_name/U0/inst_blk_mem_gen/gnbram.gnativebmg.native_blk_mem_gen/valid.cstr/ramloop[0].ram.r/prim_init.ram/DEVICE_7SERIES.NO_BMM_INFO.SP.SIMPLE_PRIM36.ram/CLKARDCLK
Min Period        n/a     RAMB36E1/CLKBWRCLK  n/a            1.839         6.667       4.828      RAMB36_X4Y5     student_top_inst/bridge_inst/dram_driver_inst/your_instance_name/U0/inst_blk_mem_gen/gnbram.gnativebmg.native_blk_mem_gen/valid.cstr/ramloop[0].ram.r/prim_init.ram/DEVICE_7SERIES.NO_BMM_INFO.SP.SIMPLE_PRIM36.ram/CLKBWRCLK
Max Period        n/a     PLLE2_ADV/CLKOUT1   n/a            160.000       6.667       153.333    PLLE2_ADV_X1Y1  pll_inst/inst/plle2_adv_inst/CLKOUT1
Low Pulse Width   Slow    SRL16E/CLK          n/a            0.642         3.333       2.691      SLICE_X38Y73    student_top_inst/Mem_IROM/U0/inst_blk_mem_gen/gnbram.gnativebmg.native_blk_mem_gen/valid.cstr/ramloop[3].ram.r/SAFETY_CKT_GEN.RSTA_SHFT_REG_reg[3]_srl3/CLK
Low Pulse Width   Fast    SRL16E/CLK          n/a            0.642         3.333       2.691      SLICE_X38Y73    student_top_inst/Mem_IROM/U0/inst_blk_mem_gen/gnbram.gnativebmg.native_blk_mem_gen/valid.cstr/ramloop[3].ram.r/SAFETY_CKT_GEN.RSTA_SHFT_REG_reg[3]_srl3/CLK
Low Pulse Width   Slow    FDRE/C              n/a            0.400         3.333       2.933      SLICE_X67Y78    student_top_inst/Core_cpu/Regfile_inst/rf_reg[10][19]/C
Low Pulse Width   Fast    FDRE/C              n/a            0.400         3.333       2.933      SLICE_X67Y78    student_top_inst/Core_cpu/Regfile_inst/rf_reg[10][19]/C
Low Pulse Width   Slow    FDRE/C              n/a            0.400         3.333       2.933      SLICE_X62Y85    student_top_inst/Core_cpu/Regfile_inst/rf_reg[10][25]/C
Low Pulse Width   Fast    FDRE/C              n/a            0.400         3.333       2.933      SLICE_X62Y85    student_top_inst/Core_cpu/Regfile_inst/rf_reg[10][25]/C
Low Pulse Width   Slow    FDRE/C              n/a            0.400         3.333       2.933      SLICE_X67Y78    student_top_inst/Core_cpu/Regfile_inst/rf_reg[10][2]/C
Low Pulse Width   Fast    FDRE/C              n/a            0.400         3.333       2.933      SLICE_X67Y78    student_top_inst/Core_cpu/Regfile_inst/rf_reg[10][2]/C
Low Pulse Width   Slow    FDRE/C              n/a            0.400         3.333       2.933      SLICE_X67Y78    student_top_inst/Core_cpu/Regfile_inst/rf_reg[10][3]/C
Low Pulse Width   Fast    FDRE/C              n/a            0.400         3.333       2.933      SLICE_X67Y78    student_top_inst/Core_cpu/Regfile_inst/rf_reg[10][3]/C
High Pulse Width  Slow    SRL16E/CLK          n/a            0.642         3.333       2.691      SLICE_X38Y73    student_top_inst/Mem_IROM/U0/inst_blk_mem_gen/gnbram.gnativebmg.native_blk_mem_gen/valid.cstr/ramloop[3].ram.r/SAFETY_CKT_GEN.RSTA_SHFT_REG_reg[3]_srl3/CLK
High Pulse Width  Fast    SRL16E/CLK          n/a            0.642         3.333       2.691      SLICE_X38Y73    student_top_inst/Mem_IROM/U0/inst_blk_mem_gen/gnbram.gnativebmg.native_blk_mem_gen/valid.cstr/ramloop[3].ram.r/SAFETY_CKT_GEN.RSTA_SHFT_REG_reg[3]_srl3/CLK
High Pulse Width  Slow    FDRE/C              n/a            0.350         3.333       2.983      SLICE_X61Y65    student_top_inst/Core_cpu/PC_inst/pc_reg[0]/C
High Pulse Width  Fast    FDRE/C              n/a            0.350         3.333       2.983      SLICE_X61Y65    student_top_inst/Core_cpu/PC_inst/pc_reg[0]/C
High Pulse Width  Slow    FDRE/C              n/a            0.350         3.333       2.983      SLICE_X60Y70    student_top_inst/Core_cpu/PC_inst/pc_reg[10]/C
High Pulse Width  Fast    FDRE/C              n/a            0.350         3.333       2.983      SLICE_X60Y70    student_top_inst/Core_cpu/PC_inst/pc_reg[10]/C
High Pulse Width  Slow    FDRE/C              n/a            0.350         3.333       2.983      SLICE_X66Y68    student_top_inst/Core_cpu/PC_inst/pc_reg[11]/C
High Pulse Width  Fast    FDRE/C              n/a            0.350         3.333       2.983      SLICE_X66Y68    student_top_inst/Core_cpu/PC_inst/pc_reg[11]/C
High Pulse Width  Slow    FDRE/C              n/a            0.350         3.333       2.983      SLICE_X66Y69    student_top_inst/Core_cpu/PC_inst/pc_reg[12]/C
High Pulse Width  Fast    FDRE/C              n/a            0.350         3.333       2.983      SLICE_X66Y69    student_top_inst/Core_cpu/PC_inst/pc_reg[12]/C



---------------------------------------------------------------------------------------------------
From Clock:  clkfbout_pll
  To Clock:  clkfbout_pll

Setup :           NA  Failing Endpoints,  Worst Slack           NA  ,  Total Violation           NA
Hold  :           NA  Failing Endpoints,  Worst Slack           NA  ,  Total Violation           NA
PW    :            0  Failing Endpoints,  Worst Slack        8.592ns,  Total Violation        0.000ns
---------------------------------------------------------------------------------------------------


Pulse Width Checks
--------------------------------------------------------------------------------------
Clock Name:         clkfbout_pll
Waveform(ns):       { 0.000 5.000 }
Period(ns):         10.000
Sources:            { pll_inst/inst/plle2_adv_inst/CLKFBOUT }

Check Type  Corner  Lib Pin             Reference Pin  Required(ns)  Actual(ns)  Slack(ns)  Location        Pin
Min Period  n/a     BUFG/I              n/a            1.408         10.000      8.591      BUFGCTRL_X0Y2   pll_inst/inst/clkf_buf/I
Min Period  n/a     PLLE2_ADV/CLKFBOUT  n/a            1.071         10.000      8.929      PLLE2_ADV_X1Y1  pll_inst/inst/plle2_adv_inst/CLKFBOUT
Min Period  n/a     PLLE2_ADV/CLKFBIN   n/a            1.071         10.000      8.929      PLLE2_ADV_X1Y1  pll_inst/inst/plle2_adv_inst/CLKFBIN
Max Period  n/a     PLLE2_ADV/CLKFBIN   n/a            52.633        10.000      42.633     PLLE2_ADV_X1Y1  pll_inst/inst/plle2_adv_inst/CLKFBIN
Max Period  n/a     PLLE2_ADV/CLKFBOUT  n/a            160.000       10.000      150.000    PLLE2_ADV_X1Y1  pll_inst/inst/plle2_adv_inst/CLKFBOUT



---------------------------------------------------------------------------------------------------
From Clock:  clk_out2_pll
  To Clock:  clk_out1_pll

Setup :            0  Failing Endpoints,  Worst Slack        1.131ns,  Total Violation        0.000ns
Hold  :            0  Failing Endpoints,  Worst Slack        0.085ns,  Total Violation        0.000ns
---------------------------------------------------------------------------------------------------


Max Delay Paths
--------------------------------------------------------------------------------------
Slack (MET) :             1.131ns  (required time - arrival time)
  Source:                 student_top_inst/Core_cpu/SegReg_ID_EX_inst/inst_ex_reg[20]/C
                            (rising edge-triggered cell FDRE clocked by clk_out2_pll  {rise@0.000ns fall@3.333ns period=6.667ns})
  Destination:            student_top_inst/bridge_inst/counter_inst/start_reg/D
                            (rising edge-triggered cell FDRE clocked by clk_out1_pll  {rise@0.000ns fall@10.000ns period=20.000ns})
  Path Group:             clk_out1_pll
  Path Type:              Setup (Max at Slow Process Corner)
  Requirement:            6.667ns  (clk_out1_pll rise@20.000ns - clk_out2_pll rise@13.333ns)
  Data Path Delay:        5.114ns  (logic 0.668ns (13.063%)  route 4.446ns (86.937%))
  Logic Levels:           8  (LUT3=1 LUT4=1 LUT5=2 LUT6=4)
  Clock Path Skew:        -0.280ns (DCD - SCD + CPR)
    Destination Clock Delay (DCD):    -1.951ns = ( 18.049 - 20.000 ) 
    Source Clock Delay      (SCD):    -2.268ns = ( 11.065 - 13.333 ) 
    Clock Pessimism Removal (CPR):    -0.598ns
  Clock Uncertainty:      0.206ns  ((TSJ^2 + DJ^2)^1/2) / 2 + PE
    Total System Jitter     (TSJ):    0.071ns
    Discrete Jitter          (DJ):    0.157ns
    Phase Error              (PE):    0.120ns

    Location             Delay type                Incr(ns)  Path(ns)    Netlist Resource(s)
  -------------------------------------------------------------------    -------------------
                         (clock clk_out2_pll rise edge)
                                                     13.333    13.333 r  
    AD12                                              0.000    13.333 r  i_sys_clk_p (IN)
                         net (fo=0)                   0.000    13.333    pll_inst/inst/clk_in1_p
    AD12                 IBUFDS (Prop_ibufds_I_O)     0.906    14.239 r  pll_inst/inst/clkin1_ibufgds/O
                         net (fo=1, routed)           1.098    15.337    pll_inst/inst/clk_in1_pll
    PLLE2_ADV_X1Y1       PLLE2_ADV (Prop_plle2_adv_CLKIN1_CLKOUT1)
                                                     -8.058     7.279 r  pll_inst/inst/plle2_adv_inst/CLKOUT1
                         net (fo=1, routed)           2.128     9.407    pll_inst/inst/clk_out2_pll
    BUFGCTRL_X0Y0        BUFG (Prop_bufg_I_O)         0.093     9.500 r  pll_inst/inst/clkout2_buf/O
                         net (fo=1649, routed)        1.565    11.065    student_top_inst/Core_cpu/SegReg_ID_EX_inst/clk_out2
    SLICE_X59Y57         FDRE                                         r  student_top_inst/Core_cpu/SegReg_ID_EX_inst/inst_ex_reg[20]/C
  -------------------------------------------------------------------    -------------------
    SLICE_X59Y57         FDRE (Prop_fdre_C_Q)         0.223    11.288 r  student_top_inst/Core_cpu/SegReg_ID_EX_inst/inst_ex_reg[20]/Q
                         net (fo=2, routed)           0.621    11.909    student_top_inst/Core_cpu/SegReg_LS_WB_inst/seg_wdata_reg[0][5]
    SLICE_X59Y61         LUT6 (Prop_lut6_I1_O)        0.043    11.952 r  student_top_inst/Core_cpu/SegReg_LS_WB_inst/seg_wdata[7]_i_8/O
                         net (fo=1, routed)           0.369    12.321    student_top_inst/Core_cpu/SegReg_LS_WB_inst/seg_wdata[7]_i_8_n_0
    SLICE_X60Y57         LUT6 (Prop_lut6_I3_O)        0.043    12.364 r  student_top_inst/Core_cpu/SegReg_LS_WB_inst/seg_wdata[7]_i_4/O
                         net (fo=32, routed)          0.520    12.884    student_top_inst/Core_cpu/ALU_rf_data2_mux/forward2_en0
    SLICE_X68Y63         LUT5 (Prop_lut5_I4_O)        0.043    12.927 f  student_top_inst/Core_cpu/ALU_rf_data2_mux/your_instance_name_i_98/O
                         net (fo=15, routed)          0.982    13.909    student_top_inst/Core_cpu/SegReg_EX_LS_inst/alu_rf_data2[1]
    SLICE_X49Y73         LUT5 (Prop_lut5_I1_O)        0.051    13.960 f  student_top_inst/Core_cpu/SegReg_EX_LS_inst/seg_wdata[25]_i_1/O
                         net (fo=4, routed)           0.420    14.380    student_top_inst/Core_cpu/SegReg_ID_EX_inst/your_instance_name_1
    SLICE_X47Y75         LUT3 (Prop_lut3_I0_O)        0.136    14.516 f  student_top_inst/Core_cpu/SegReg_ID_EX_inst/your_instance_name_i_16/O
                         net (fo=18, routed)          0.635    15.151    student_top_inst/Core_cpu/SegReg_ID_EX_inst/dina[25]
    SLICE_X50Y79         LUT6 (Prop_lut6_I3_O)        0.043    15.194 f  student_top_inst/Core_cpu/SegReg_ID_EX_inst/start_i_6/O
                         net (fo=1, routed)           0.486    15.680    student_top_inst/Core_cpu/SegReg_ID_EX_inst/start_i_6_n_0
    SLICE_X49Y79         LUT4 (Prop_lut4_I0_O)        0.043    15.723 f  student_top_inst/Core_cpu/SegReg_ID_EX_inst/start_i_2/O
                         net (fo=1, routed)           0.413    16.136    student_top_inst/Core_cpu/SegReg_ID_EX_inst/start_i_2_n_0
    SLICE_X52Y78         LUT6 (Prop_lut6_I1_O)        0.043    16.179 r  student_top_inst/Core_cpu/SegReg_ID_EX_inst/start_i_1/O
                         net (fo=1, routed)           0.000    16.179    student_top_inst/bridge_inst/counter_inst/start_reg_0
    SLICE_X52Y78         FDRE                                         r  student_top_inst/bridge_inst/counter_inst/start_reg/D
  -------------------------------------------------------------------    -------------------

                         (clock clk_out1_pll rise edge)
                                                     20.000    20.000 r  
    AD12                                              0.000    20.000 r  i_sys_clk_p (IN)
                         net (fo=0)                   0.000    20.000    pll_inst/inst/clk_in1_p
    AD12                 IBUFDS (Prop_ibufds_I_O)     0.803    20.803 r  pll_inst/inst/clkin1_ibufgds/O
                         net (fo=1, routed)           1.001    21.804    pll_inst/inst/clk_in1_pll
    PLLE2_ADV_X1Y1       PLLE2_ADV (Prop_plle2_adv_CLKIN1_CLKOUT0)
                                                     -7.261    14.543 r  pll_inst/inst/plle2_adv_inst/CLKOUT0
                         net (fo=1, routed)           2.003    16.546    pll_inst/inst/clk_out1_pll
    BUFGCTRL_X0Y1        BUFG (Prop_bufg_I_O)         0.083    16.629 r  pll_inst/inst/clkout1_buf/O
                         net (fo=353, routed)         1.420    18.049    student_top_inst/bridge_inst/counter_inst/clk_out1
    SLICE_X52Y78         FDRE                                         r  student_top_inst/bridge_inst/counter_inst/start_reg/C
                         clock pessimism             -0.598    17.452    
                         clock uncertainty           -0.206    17.245    
    SLICE_X52Y78         FDRE (Setup_fdre_C_D)        0.064    17.309    student_top_inst/bridge_inst/counter_inst/start_reg
  -------------------------------------------------------------------
                         required time                         17.309    
                         arrival time                         -16.179    
  -------------------------------------------------------------------
                         slack                                  1.131    

Slack (MET) :             1.500ns  (required time - arrival time)
  Source:                 student_top_inst/bridge_inst/seg_driver/count_reg[4]/C
                            (rising edge-triggered cell FDCE clocked by clk_out2_pll  {rise@0.000ns fall@3.333ns period=6.667ns})
  Destination:            twin_controller_inst/status_buffer_reg[1][1]/D
                            (rising edge-triggered cell FDCE clocked by clk_out1_pll  {rise@0.000ns fall@10.000ns period=20.000ns})
  Path Group:             clk_out1_pll
  Path Type:              Setup (Max at Slow Process Corner)
  Requirement:            6.667ns  (clk_out1_pll rise@20.000ns - clk_out2_pll rise@13.333ns)
  Data Path Delay:        4.680ns  (logic 0.327ns (6.987%)  route 4.353ns (93.013%))
  Logic Levels:           1  (LUT1=1)
  Clock Path Skew:        -0.278ns (DCD - SCD + CPR)
    Destination Clock Delay (DCD):    -1.881ns = ( 18.119 - 20.000 ) 
    Source Clock Delay      (SCD):    -2.200ns = ( 11.133 - 13.333 ) 
    Clock Pessimism Removal (CPR):    -0.598ns
  Clock Uncertainty:      0.206ns  ((TSJ^2 + DJ^2)^1/2) / 2 + PE
    Total System Jitter     (TSJ):    0.071ns
    Discrete Jitter          (DJ):    0.157ns
    Phase Error              (PE):    0.120ns

    Location             Delay type                Incr(ns)  Path(ns)    Netlist Resource(s)
  -------------------------------------------------------------------    -------------------
                         (clock clk_out2_pll rise edge)
                                                     13.333    13.333 r  
    AD12                                              0.000    13.333 r  i_sys_clk_p (IN)
                         net (fo=0)                   0.000    13.333    pll_inst/inst/clk_in1_p
    AD12                 IBUFDS (Prop_ibufds_I_O)     0.906    14.239 r  pll_inst/inst/clkin1_ibufgds/O
                         net (fo=1, routed)           1.098    15.337    pll_inst/inst/clk_in1_pll
    PLLE2_ADV_X1Y1       PLLE2_ADV (Prop_plle2_adv_CLKIN1_CLKOUT1)
                                                     -8.058     7.279 r  pll_inst/inst/plle2_adv_inst/CLKOUT1
                         net (fo=1, routed)           2.128     9.407    pll_inst/inst/clk_out2_pll
    BUFGCTRL_X0Y0        BUFG (Prop_bufg_I_O)         0.093     9.500 r  pll_inst/inst/clkout2_buf/O
                         net (fo=1649, routed)        1.633    11.133    student_top_inst/bridge_inst/seg_driver/clk_out2
    SLICE_X32Y91         FDCE                                         r  student_top_inst/bridge_inst/seg_driver/count_reg[4]/C
  -------------------------------------------------------------------    -------------------
    SLICE_X32Y91         FDCE (Prop_fdce_C_Q)         0.204    11.337 f  student_top_inst/bridge_inst/seg_driver/count_reg[4]/Q
                         net (fo=47, routed)          2.319    13.656    student_top_inst/bridge_inst/seg_driver/Q[0]
    SLICE_X8Y156         LUT1 (Prop_lut1_I0_O)        0.123    13.779 r  student_top_inst/bridge_inst/seg_driver/virtual_seg_OBUF[39]_inst_i_1/O
                         net (fo=5, routed)           2.034    15.813    twin_controller_inst/virtual_seg_OBUF[8]
    SLICE_X38Y88         FDCE                                         r  twin_controller_inst/status_buffer_reg[1][1]/D
  -------------------------------------------------------------------    -------------------

                         (clock clk_out1_pll rise edge)
                                                     20.000    20.000 r  
    AD12                                              0.000    20.000 r  i_sys_clk_p (IN)
                         net (fo=0)                   0.000    20.000    pll_inst/inst/clk_in1_p
    AD12                 IBUFDS (Prop_ibufds_I_O)     0.803    20.803 r  pll_inst/inst/clkin1_ibufgds/O
                         net (fo=1, routed)           1.001    21.804    pll_inst/inst/clk_in1_pll
    PLLE2_ADV_X1Y1       PLLE2_ADV (Prop_plle2_adv_CLKIN1_CLKOUT0)
                                                     -7.261    14.543 r  pll_inst/inst/plle2_adv_inst/CLKOUT0
                         net (fo=1, routed)           2.003    16.546    pll_inst/inst/clk_out1_pll
    BUFGCTRL_X0Y1        BUFG (Prop_bufg_I_O)         0.083    16.629 r  pll_inst/inst/clkout1_buf/O
                         net (fo=353, routed)         1.490    18.119    twin_controller_inst/CLK
    SLICE_X38Y88         FDCE                                         r  twin_controller_inst/status_buffer_reg[1][1]/C
                         clock pessimism             -0.598    17.522    
                         clock uncertainty           -0.206    17.315    
    SLICE_X38Y88         FDCE (Setup_fdce_C_D)       -0.002    17.313    twin_controller_inst/status_buffer_reg[1][1]
  -------------------------------------------------------------------
                         required time                         17.313    
                         arrival time                         -15.813    
  -------------------------------------------------------------------
                         slack                                  1.500    

Slack (MET) :             1.917ns  (required time - arrival time)
  Source:                 student_top_inst/bridge_inst/seg_driver/count_reg[4]/C
                            (rising edge-triggered cell FDCE clocked by clk_out2_pll  {rise@0.000ns fall@3.333ns period=6.667ns})
  Destination:            twin_controller_inst/status_buffer_reg[1][3]/D
                            (rising edge-triggered cell FDCE clocked by clk_out1_pll  {rise@0.000ns fall@10.000ns period=20.000ns})
  Path Group:             clk_out1_pll
  Path Type:              Setup (Max at Slow Process Corner)
  Requirement:            6.667ns  (clk_out1_pll rise@20.000ns - clk_out2_pll rise@13.333ns)
  Data Path Delay:        4.253ns  (logic 0.465ns (10.932%)  route 3.788ns (89.068%))
  Logic Levels:           2  (LUT3=1 LUT6=1)
  Clock Path Skew:        -0.280ns (DCD - SCD + CPR)
    Destination Clock Delay (DCD):    -1.883ns = ( 18.117 - 20.000 ) 
    Source Clock Delay      (SCD):    -2.200ns = ( 11.133 - 13.333 ) 
    Clock Pessimism Removal (CPR):    -0.598ns
  Clock Uncertainty:      0.206ns  ((TSJ^2 + DJ^2)^1/2) / 2 + PE
    Total System Jitter     (TSJ):    0.071ns
    Discrete Jitter          (DJ):    0.157ns
    Phase Error              (PE):    0.120ns

    Location             Delay type                Incr(ns)  Path(ns)    Netlist Resource(s)
  -------------------------------------------------------------------    -------------------
                         (clock clk_out2_pll rise edge)
                                                     13.333    13.333 r  
    AD12                                              0.000    13.333 r  i_sys_clk_p (IN)
                         net (fo=0)                   0.000    13.333    pll_inst/inst/clk_in1_p
    AD12                 IBUFDS (Prop_ibufds_I_O)     0.906    14.239 r  pll_inst/inst/clkin1_ibufgds/O
                         net (fo=1, routed)           1.098    15.337    pll_inst/inst/clk_in1_pll
    PLLE2_ADV_X1Y1       PLLE2_ADV (Prop_plle2_adv_CLKIN1_CLKOUT1)
                                                     -8.058     7.279 r  pll_inst/inst/plle2_adv_inst/CLKOUT1
                         net (fo=1, routed)           2.128     9.407    pll_inst/inst/clk_out2_pll
    BUFGCTRL_X0Y0        BUFG (Prop_bufg_I_O)         0.093     9.500 r  pll_inst/inst/clkout2_buf/O
                         net (fo=1649, routed)        1.633    11.133    student_top_inst/bridge_inst/seg_driver/clk_out2
    SLICE_X32Y91         FDCE                                         r  student_top_inst/bridge_inst/seg_driver/count_reg[4]/C
  -------------------------------------------------------------------    -------------------
    SLICE_X32Y91         FDCE (Prop_fdce_C_Q)         0.204    11.337 r  student_top_inst/bridge_inst/seg_driver/count_reg[4]/Q
                         net (fo=47, routed)          2.057    13.394    student_top_inst/bridge_inst/seg_driver/Q[0]
    SLICE_X46Y80         LUT3 (Prop_lut3_I1_O)        0.127    13.521 f  student_top_inst/bridge_inst/seg_driver/virtual_seg_OBUF[16]_inst_i_4/O
                         net (fo=7, routed)           1.008    14.529    student_top_inst/bridge_inst/seg_driver/virtual_seg_OBUF[16]_inst_i_4_n_0
    SLICE_X37Y80         LUT6 (Prop_lut6_I5_O)        0.134    14.663 r  student_top_inst/bridge_inst/seg_driver/virtual_seg_OBUF[11]_inst_i_1/O
                         net (fo=2, routed)           0.723    15.386    twin_controller_inst/virtual_seg_OBUF[10]
    SLICE_X37Y82         FDCE                                         r  twin_controller_inst/status_buffer_reg[1][3]/D
  -------------------------------------------------------------------    -------------------

                         (clock clk_out1_pll rise edge)
                                                     20.000    20.000 r  
    AD12                                              0.000    20.000 r  i_sys_clk_p (IN)
                         net (fo=0)                   0.000    20.000    pll_inst/inst/clk_in1_p
    AD12                 IBUFDS (Prop_ibufds_I_O)     0.803    20.803 r  pll_inst/inst/clkin1_ibufgds/O
                         net (fo=1, routed)           1.001    21.804    pll_inst/inst/clk_in1_pll
    PLLE2_ADV_X1Y1       PLLE2_ADV (Prop_plle2_adv_CLKIN1_CLKOUT0)
                                                     -7.261    14.543 r  pll_inst/inst/plle2_adv_inst/CLKOUT0
                         net (fo=1, routed)           2.003    16.546    pll_inst/inst/clk_out1_pll
    BUFGCTRL_X0Y1        BUFG (Prop_bufg_I_O)         0.083    16.629 r  pll_inst/inst/clkout1_buf/O
                         net (fo=353, routed)         1.488    18.117    twin_controller_inst/CLK
    SLICE_X37Y82         FDCE                                         r  twin_controller_inst/status_buffer_reg[1][3]/C
                         clock pessimism             -0.598    17.520    
                         clock uncertainty           -0.206    17.313    
    SLICE_X37Y82         FDCE (Setup_fdce_C_D)       -0.010    17.303    twin_controller_inst/status_buffer_reg[1][3]
  -------------------------------------------------------------------
                         required time                         17.303    
                         arrival time                         -15.386    
  -------------------------------------------------------------------
                         slack                                  1.917    

Slack (MET) :             1.957ns  (required time - arrival time)
  Source:                 student_top_inst/bridge_inst/seg_driver/count_reg[4]/C
                            (rising edge-triggered cell FDCE clocked by clk_out2_pll  {rise@0.000ns fall@3.333ns period=6.667ns})
  Destination:            twin_controller_inst/status_buffer_reg[0][4]/D
                            (rising edge-triggered cell FDCE clocked by clk_out1_pll  {rise@0.000ns fall@10.000ns period=20.000ns})
  Path Group:             clk_out1_pll
  Path Type:              Setup (Max at Slow Process Corner)
  Requirement:            6.667ns  (clk_out1_pll rise@20.000ns - clk_out2_pll rise@13.333ns)
  Data Path Delay:        4.216ns  (logic 0.473ns (11.220%)  route 3.743ns (88.780%))
  Logic Levels:           2  (LUT3=1 LUT6=1)
  Clock Path Skew:        -0.279ns (DCD - SCD + CPR)
    Destination Clock Delay (DCD):    -1.882ns = ( 18.118 - 20.000 ) 
    Source Clock Delay      (SCD):    -2.200ns = ( 11.133 - 13.333 ) 
    Clock Pessimism Removal (CPR):    -0.598ns
  Clock Uncertainty:      0.206ns  ((TSJ^2 + DJ^2)^1/2) / 2 + PE
    Total System Jitter     (TSJ):    0.071ns
    Discrete Jitter          (DJ):    0.157ns
    Phase Error              (PE):    0.120ns

    Location             Delay type                Incr(ns)  Path(ns)    Netlist Resource(s)
  -------------------------------------------------------------------    -------------------
                         (clock clk_out2_pll rise edge)
                                                     13.333    13.333 r  
    AD12                                              0.000    13.333 r  i_sys_clk_p (IN)
                         net (fo=0)                   0.000    13.333    pll_inst/inst/clk_in1_p
    AD12                 IBUFDS (Prop_ibufds_I_O)     0.906    14.239 r  pll_inst/inst/clkin1_ibufgds/O
                         net (fo=1, routed)           1.098    15.337    pll_inst/inst/clk_in1_pll
    PLLE2_ADV_X1Y1       PLLE2_ADV (Prop_plle2_adv_CLKIN1_CLKOUT1)
                                                     -8.058     7.279 r  pll_inst/inst/plle2_adv_inst/CLKOUT1
                         net (fo=1, routed)           2.128     9.407    pll_inst/inst/clk_out2_pll
    BUFGCTRL_X0Y0        BUFG (Prop_bufg_I_O)         0.093     9.500 r  pll_inst/inst/clkout2_buf/O
                         net (fo=1649, routed)        1.633    11.133    student_top_inst/bridge_inst/seg_driver/clk_out2
    SLICE_X32Y91         FDCE                                         r  student_top_inst/bridge_inst/seg_driver/count_reg[4]/C
  -------------------------------------------------------------------    -------------------
    SLICE_X32Y91         FDCE (Prop_fdce_C_Q)         0.204    11.337 r  student_top_inst/bridge_inst/seg_driver/count_reg[4]/Q
                         net (fo=47, routed)          1.971    13.308    student_top_inst/bridge_inst/seg_driver/Q[0]
    SLICE_X46Y81         LUT3 (Prop_lut3_I1_O)        0.131    13.439 r  student_top_inst/bridge_inst/seg_driver/virtual_seg_OBUF[6]_inst_i_4/O
                         net (fo=7, routed)           1.106    14.544    student_top_inst/bridge_inst/seg_driver/virtual_seg_OBUF[6]_inst_i_4_n_0
    SLICE_X40Y84         LUT6 (Prop_lut6_I0_O)        0.138    14.682 r  student_top_inst/bridge_inst/seg_driver/virtual_seg_OBUF[4]_inst_i_1/O
                         net (fo=2, routed)           0.666    15.349    twin_controller_inst/virtual_seg_OBUF[4]
    SLICE_X36Y83         FDCE                                         r  twin_controller_inst/status_buffer_reg[0][4]/D
  -------------------------------------------------------------------    -------------------

                         (clock clk_out1_pll rise edge)
                                                     20.000    20.000 r  
    AD12                                              0.000    20.000 r  i_sys_clk_p (IN)
                         net (fo=0)                   0.000    20.000    pll_inst/inst/clk_in1_p
    AD12                 IBUFDS (Prop_ibufds_I_O)     0.803    20.803 r  pll_inst/inst/clkin1_ibufgds/O
                         net (fo=1, routed)           1.001    21.804    pll_inst/inst/clk_in1_pll
    PLLE2_ADV_X1Y1       PLLE2_ADV (Prop_plle2_adv_CLKIN1_CLKOUT0)
                                                     -7.261    14.543 r  pll_inst/inst/plle2_adv_inst/CLKOUT0
                         net (fo=1, routed)           2.003    16.546    pll_inst/inst/clk_out1_pll
    BUFGCTRL_X0Y1        BUFG (Prop_bufg_I_O)         0.083    16.629 r  pll_inst/inst/clkout1_buf/O
                         net (fo=353, routed)         1.489    18.118    twin_controller_inst/CLK
    SLICE_X36Y83         FDCE                                         r  twin_controller_inst/status_buffer_reg[0][4]/C
                         clock pessimism             -0.598    17.521    
                         clock uncertainty           -0.206    17.314    
    SLICE_X36Y83         FDCE (Setup_fdce_C_D)       -0.009    17.305    twin_controller_inst/status_buffer_reg[0][4]
  -------------------------------------------------------------------
                         required time                         17.305    
                         arrival time                         -15.349    
  -------------------------------------------------------------------
                         slack                                  1.957    

Slack (MET) :             1.962ns  (required time - arrival time)
  Source:                 student_top_inst/bridge_inst/seg_driver/count_reg[4]/C
                            (rising edge-triggered cell FDCE clocked by clk_out2_pll  {rise@0.000ns fall@3.333ns period=6.667ns})
  Destination:            twin_controller_inst/status_buffer_reg[2][0]/D
                            (rising edge-triggered cell FDCE clocked by clk_out1_pll  {rise@0.000ns fall@10.000ns period=20.000ns})
  Path Group:             clk_out1_pll
  Path Type:              Setup (Max at Slow Process Corner)
  Requirement:            6.667ns  (clk_out1_pll rise@20.000ns - clk_out2_pll rise@13.333ns)
  Data Path Delay:        4.202ns  (logic 0.370ns (8.806%)  route 3.832ns (91.194%))
  Logic Levels:           2  (LUT3=1 LUT6=1)
  Clock Path Skew:        -0.278ns (DCD - SCD + CPR)
    Destination Clock Delay (DCD):    -1.881ns = ( 18.119 - 20.000 ) 
    Source Clock Delay      (SCD):    -2.200ns = ( 11.133 - 13.333 ) 
    Clock Pessimism Removal (CPR):    -0.598ns
  Clock Uncertainty:      0.206ns  ((TSJ^2 + DJ^2)^1/2) / 2 + PE
    Total System Jitter     (TSJ):    0.071ns
    Discrete Jitter          (DJ):    0.157ns
    Phase Error              (PE):    0.120ns

    Location             Delay type                Incr(ns)  Path(ns)    Netlist Resource(s)
  -------------------------------------------------------------------    -------------------
                         (clock clk_out2_pll rise edge)
                                                     13.333    13.333 r  
    AD12                                              0.000    13.333 r  i_sys_clk_p (IN)
                         net (fo=0)                   0.000    13.333    pll_inst/inst/clk_in1_p
    AD12                 IBUFDS (Prop_ibufds_I_O)     0.906    14.239 r  pll_inst/inst/clkin1_ibufgds/O
                         net (fo=1, routed)           1.098    15.337    pll_inst/inst/clk_in1_pll
    PLLE2_ADV_X1Y1       PLLE2_ADV (Prop_plle2_adv_CLKIN1_CLKOUT1)
                                                     -8.058     7.279 r  pll_inst/inst/plle2_adv_inst/CLKOUT1
                         net (fo=1, routed)           2.128     9.407    pll_inst/inst/clk_out2_pll
    BUFGCTRL_X0Y0        BUFG (Prop_bufg_I_O)         0.093     9.500 r  pll_inst/inst/clkout2_buf/O
                         net (fo=1649, routed)        1.633    11.133    student_top_inst/bridge_inst/seg_driver/clk_out2
    SLICE_X32Y91         FDCE                                         r  student_top_inst/bridge_inst/seg_driver/count_reg[4]/C
  -------------------------------------------------------------------    -------------------
    SLICE_X32Y91         FDCE (Prop_fdce_C_Q)         0.204    11.337 r  student_top_inst/bridge_inst/seg_driver/count_reg[4]/Q
                         net (fo=47, routed)          2.057    13.394    student_top_inst/bridge_inst/seg_driver/Q[0]
    SLICE_X46Y80         LUT3 (Prop_lut3_I1_O)        0.123    13.517 r  student_top_inst/bridge_inst/seg_driver/virtual_seg_OBUF[16]_inst_i_2/O
                         net (fo=7, routed)           0.926    14.443    student_top_inst/bridge_inst/seg_driver/virtual_seg_OBUF[16]_inst_i_2_n_0
    SLICE_X37Y80         LUT6 (Prop_lut6_I0_O)        0.043    14.486 r  student_top_inst/bridge_inst/seg_driver/virtual_seg_OBUF[16]_inst_i_1/O
                         net (fo=2, routed)           0.849    15.335    twin_controller_inst/virtual_seg_OBUF[15]
    SLICE_X37Y84         FDCE                                         r  twin_controller_inst/status_buffer_reg[2][0]/D
  -------------------------------------------------------------------    -------------------

                         (clock clk_out1_pll rise edge)
                                                     20.000    20.000 r  
    AD12                                              0.000    20.000 r  i_sys_clk_p (IN)
                         net (fo=0)                   0.000    20.000    pll_inst/inst/clk_in1_p
    AD12                 IBUFDS (Prop_ibufds_I_O)     0.803    20.803 r  pll_inst/inst/clkin1_ibufgds/O
                         net (fo=1, routed)           1.001    21.804    pll_inst/inst/clk_in1_pll
    PLLE2_ADV_X1Y1       PLLE2_ADV (Prop_plle2_adv_CLKIN1_CLKOUT0)
                                                     -7.261    14.543 r  pll_inst/inst/plle2_adv_inst/CLKOUT0
                         net (fo=1, routed)           2.003    16.546    pll_inst/inst/clk_out1_pll
    BUFGCTRL_X0Y1        BUFG (Prop_bufg_I_O)         0.083    16.629 r  pll_inst/inst/clkout1_buf/O
                         net (fo=353, routed)         1.490    18.119    twin_controller_inst/CLK
    SLICE_X37Y84         FDCE                                         r  twin_controller_inst/status_buffer_reg[2][0]/C
                         clock pessimism             -0.598    17.522    
                         clock uncertainty           -0.206    17.315    
    SLICE_X37Y84         FDCE (Setup_fdce_C_D)       -0.019    17.296    twin_controller_inst/status_buffer_reg[2][0]
  -------------------------------------------------------------------
                         required time                         17.296    
                         arrival time                         -15.335    
  -------------------------------------------------------------------
                         slack                                  1.962    

Slack (MET) :             1.995ns  (required time - arrival time)
  Source:                 student_top_inst/bridge_inst/seg_driver/count_reg[4]/C
                            (rising edge-triggered cell FDCE clocked by clk_out2_pll  {rise@0.000ns fall@3.333ns period=6.667ns})
  Destination:            twin_controller_inst/status_buffer_reg[1][5]/D
                            (rising edge-triggered cell FDCE clocked by clk_out1_pll  {rise@0.000ns fall@10.000ns period=20.000ns})
  Path Group:             clk_out1_pll
  Path Type:              Setup (Max at Slow Process Corner)
  Requirement:            6.667ns  (clk_out1_pll rise@20.000ns - clk_out2_pll rise@13.333ns)
  Data Path Delay:        4.153ns  (logic 0.465ns (11.197%)  route 3.688ns (88.803%))
  Logic Levels:           2  (LUT3=1 LUT6=1)
  Clock Path Skew:        -0.281ns (DCD - SCD + CPR)
    Destination Clock Delay (DCD):    -1.884ns = ( 18.116 - 20.000 ) 
    Source Clock Delay      (SCD):    -2.200ns = ( 11.133 - 13.333 ) 
    Clock Pessimism Removal (CPR):    -0.598ns
  Clock Uncertainty:      0.206ns  ((TSJ^2 + DJ^2)^1/2) / 2 + PE
    Total System Jitter     (TSJ):    0.071ns
    Discrete Jitter          (DJ):    0.157ns
    Phase Error              (PE):    0.120ns

    Location             Delay type                Incr(ns)  Path(ns)    Netlist Resource(s)
  -------------------------------------------------------------------    -------------------
                         (clock clk_out2_pll rise edge)
                                                     13.333    13.333 r  
    AD12                                              0.000    13.333 r  i_sys_clk_p (IN)
                         net (fo=0)                   0.000    13.333    pll_inst/inst/clk_in1_p
    AD12                 IBUFDS (Prop_ibufds_I_O)     0.906    14.239 r  pll_inst/inst/clkin1_ibufgds/O
                         net (fo=1, routed)           1.098    15.337    pll_inst/inst/clk_in1_pll
    PLLE2_ADV_X1Y1       PLLE2_ADV (Prop_plle2_adv_CLKIN1_CLKOUT1)
                                                     -8.058     7.279 r  pll_inst/inst/plle2_adv_inst/CLKOUT1
                         net (fo=1, routed)           2.128     9.407    pll_inst/inst/clk_out2_pll
    BUFGCTRL_X0Y0        BUFG (Prop_bufg_I_O)         0.093     9.500 r  pll_inst/inst/clkout2_buf/O
                         net (fo=1649, routed)        1.633    11.133    student_top_inst/bridge_inst/seg_driver/clk_out2
    SLICE_X32Y91         FDCE                                         r  student_top_inst/bridge_inst/seg_driver/count_reg[4]/C
  -------------------------------------------------------------------    -------------------
    SLICE_X32Y91         FDCE (Prop_fdce_C_Q)         0.204    11.337 r  student_top_inst/bridge_inst/seg_driver/count_reg[4]/Q
                         net (fo=47, routed)          2.057    13.394    student_top_inst/bridge_inst/seg_driver/Q[0]
    SLICE_X46Y80         LUT3 (Prop_lut3_I1_O)        0.127    13.521 r  student_top_inst/bridge_inst/seg_driver/virtual_seg_OBUF[16]_inst_i_4/O
                         net (fo=7, routed)           1.055    14.576    student_top_inst/bridge_inst/seg_driver/virtual_seg_OBUF[16]_inst_i_4_n_0
    SLICE_X36Y80         LUT6 (Prop_lut6_I5_O)        0.134    14.710 r  student_top_inst/bridge_inst/seg_driver/virtual_seg_OBUF[13]_inst_i_1/O
                         net (fo=2, routed)           0.576    15.286    twin_controller_inst/virtual_seg_OBUF[12]
    SLICE_X36Y80         FDCE                                         r  twin_controller_inst/status_buffer_reg[1][5]/D
  -------------------------------------------------------------------    -------------------

                         (clock clk_out1_pll rise edge)
                                                     20.000    20.000 r  
    AD12                                              0.000    20.000 r  i_sys_clk_p (IN)
                         net (fo=0)                   0.000    20.000    pll_inst/inst/clk_in1_p
    AD12                 IBUFDS (Prop_ibufds_I_O)     0.803    20.803 r  pll_inst/inst/clkin1_ibufgds/O
                         net (fo=1, routed)           1.001    21.804    pll_inst/inst/clk_in1_pll
    PLLE2_ADV_X1Y1       PLLE2_ADV (Prop_plle2_adv_CLKIN1_CLKOUT0)
                                                     -7.261    14.543 r  pll_inst/inst/plle2_adv_inst/CLKOUT0
                         net (fo=1, routed)           2.003    16.546    pll_inst/inst/clk_out1_pll
    BUFGCTRL_X0Y1        BUFG (Prop_bufg_I_O)         0.083    16.629 r  pll_inst/inst/clkout1_buf/O
                         net (fo=353, routed)         1.487    18.116    twin_controller_inst/CLK
    SLICE_X36Y80         FDCE                                         r  twin_controller_inst/status_buffer_reg[1][5]/C
                         clock pessimism             -0.598    17.519    
                         clock uncertainty           -0.206    17.312    
    SLICE_X36Y80         FDCE (Setup_fdce_C_D)       -0.031    17.281    twin_controller_inst/status_buffer_reg[1][5]
  -------------------------------------------------------------------
                         required time                         17.281    
                         arrival time                         -15.286    
  -------------------------------------------------------------------
                         slack                                  1.995    

Slack (MET) :             1.997ns  (required time - arrival time)
  Source:                 student_top_inst/bridge_inst/seg_driver/count_reg[4]/C
                            (rising edge-triggered cell FDCE clocked by clk_out2_pll  {rise@0.000ns fall@3.333ns period=6.667ns})
  Destination:            twin_controller_inst/status_buffer_reg[2][7]/D
                            (rising edge-triggered cell FDCE clocked by clk_out1_pll  {rise@0.000ns fall@10.000ns period=20.000ns})
  Path Group:             clk_out1_pll
  Path Type:              Setup (Max at Slow Process Corner)
  Requirement:            6.667ns  (clk_out1_pll rise@20.000ns - clk_out2_pll rise@13.333ns)
  Data Path Delay:        4.186ns  (logic 0.370ns (8.839%)  route 3.816ns (91.161%))
  Logic Levels:           2  (LUT3=1 LUT6=1)
  Clock Path Skew:        -0.278ns (DCD - SCD + CPR)
    Destination Clock Delay (DCD):    -1.881ns = ( 18.119 - 20.000 ) 
    Source Clock Delay      (SCD):    -2.200ns = ( 11.133 - 13.333 ) 
    Clock Pessimism Removal (CPR):    -0.598ns
  Clock Uncertainty:      0.206ns  ((TSJ^2 + DJ^2)^1/2) / 2 + PE
    Total System Jitter     (TSJ):    0.071ns
    Discrete Jitter          (DJ):    0.157ns
    Phase Error              (PE):    0.120ns

    Location             Delay type                Incr(ns)  Path(ns)    Netlist Resource(s)
  -------------------------------------------------------------------    -------------------
                         (clock clk_out2_pll rise edge)
                                                     13.333    13.333 r  
    AD12                                              0.000    13.333 r  i_sys_clk_p (IN)
                         net (fo=0)                   0.000    13.333    pll_inst/inst/clk_in1_p
    AD12                 IBUFDS (Prop_ibufds_I_O)     0.906    14.239 r  pll_inst/inst/clkin1_ibufgds/O
                         net (fo=1, routed)           1.098    15.337    pll_inst/inst/clk_in1_pll
    PLLE2_ADV_X1Y1       PLLE2_ADV (Prop_plle2_adv_CLKIN1_CLKOUT1)
                                                     -8.058     7.279 r  pll_inst/inst/plle2_adv_inst/CLKOUT1
                         net (fo=1, routed)           2.128     9.407    pll_inst/inst/clk_out2_pll
    BUFGCTRL_X0Y0        BUFG (Prop_bufg_I_O)         0.093     9.500 r  pll_inst/inst/clkout2_buf/O
                         net (fo=1649, routed)        1.633    11.133    student_top_inst/bridge_inst/seg_driver/clk_out2
    SLICE_X32Y91         FDCE                                         r  student_top_inst/bridge_inst/seg_driver/count_reg[4]/C
  -------------------------------------------------------------------    -------------------
    SLICE_X32Y91         FDCE (Prop_fdce_C_Q)         0.204    11.337 r  student_top_inst/bridge_inst/seg_driver/count_reg[4]/Q
                         net (fo=47, routed)          1.858    13.195    student_top_inst/bridge_inst/seg_driver/Q[0]
    SLICE_X45Y81         LUT3 (Prop_lut3_I1_O)        0.123    13.318 r  student_top_inst/bridge_inst/seg_driver/virtual_seg_OBUF[26]_inst_i_4/O
                         net (fo=7, routed)           1.299    14.617    student_top_inst/bridge_inst/seg_driver/virtual_seg_OBUF[26]_inst_i_4_n_0
    SLICE_X38Y88         LUT6 (Prop_lut6_I0_O)        0.043    14.660 r  student_top_inst/bridge_inst/seg_driver/virtual_seg_OBUF[23]_inst_i_1/O
                         net (fo=2, routed)           0.659    15.319    twin_controller_inst/virtual_seg_OBUF[19]
    SLICE_X38Y88         FDCE                                         r  twin_controller_inst/status_buffer_reg[2][7]/D
  -------------------------------------------------------------------    -------------------

                         (clock clk_out1_pll rise edge)
                                                     20.000    20.000 r  
    AD12                                              0.000    20.000 r  i_sys_clk_p (IN)
                         net (fo=0)                   0.000    20.000    pll_inst/inst/clk_in1_p
    AD12                 IBUFDS (Prop_ibufds_I_O)     0.803    20.803 r  pll_inst/inst/clkin1_ibufgds/O
                         net (fo=1, routed)           1.001    21.804    pll_inst/inst/clk_in1_pll
    PLLE2_ADV_X1Y1       PLLE2_ADV (Prop_plle2_adv_CLKIN1_CLKOUT0)
                                                     -7.261    14.543 r  pll_inst/inst/plle2_adv_inst/CLKOUT0
                         net (fo=1, routed)           2.003    16.546    pll_inst/inst/clk_out1_pll
    BUFGCTRL_X0Y1        BUFG (Prop_bufg_I_O)         0.083    16.629 r  pll_inst/inst/clkout1_buf/O
                         net (fo=353, routed)         1.490    18.119    twin_controller_inst/CLK
    SLICE_X38Y88         FDCE                                         r  twin_controller_inst/status_buffer_reg[2][7]/C
                         clock pessimism             -0.598    17.522    
                         clock uncertainty           -0.206    17.315    
    SLICE_X38Y88         FDCE (Setup_fdce_C_D)        0.000    17.315    twin_controller_inst/status_buffer_reg[2][7]
  -------------------------------------------------------------------
                         required time                         17.315    
                         arrival time                         -15.319    
  -------------------------------------------------------------------
                         slack                                  1.997    

Slack (MET) :             2.033ns  (required time - arrival time)
  Source:                 student_top_inst/bridge_inst/seg_driver/count_reg[4]/C
                            (rising edge-triggered cell FDCE clocked by clk_out2_pll  {rise@0.000ns fall@3.333ns period=6.667ns})
  Destination:            twin_controller_inst/status_buffer_reg[1][7]/D
                            (rising edge-triggered cell FDCE clocked by clk_out1_pll  {rise@0.000ns fall@10.000ns period=20.000ns})
  Path Group:             clk_out1_pll
  Path Type:              Setup (Max at Slow Process Corner)
  Requirement:            6.667ns  (clk_out1_pll rise@20.000ns - clk_out2_pll rise@13.333ns)
  Data Path Delay:        4.128ns  (logic 0.465ns (11.264%)  route 3.663ns (88.736%))
  Logic Levels:           2  (LUT3=1 LUT6=1)
  Clock Path Skew:        -0.280ns (DCD - SCD + CPR)
    Destination Clock Delay (DCD):    -1.883ns = ( 18.117 - 20.000 ) 
    Source Clock Delay      (SCD):    -2.200ns = ( 11.133 - 13.333 ) 
    Clock Pessimism Removal (CPR):    -0.598ns
  Clock Uncertainty:      0.206ns  ((TSJ^2 + DJ^2)^1/2) / 2 + PE
    Total System Jitter     (TSJ):    0.071ns
    Discrete Jitter          (DJ):    0.157ns
    Phase Error              (PE):    0.120ns

    Location             Delay type                Incr(ns)  Path(ns)    Netlist Resource(s)
  -------------------------------------------------------------------    -------------------
                         (clock clk_out2_pll rise edge)
                                                     13.333    13.333 r  
    AD12                                              0.000    13.333 r  i_sys_clk_p (IN)
                         net (fo=0)                   0.000    13.333    pll_inst/inst/clk_in1_p
    AD12                 IBUFDS (Prop_ibufds_I_O)     0.906    14.239 r  pll_inst/inst/clkin1_ibufgds/O
                         net (fo=1, routed)           1.098    15.337    pll_inst/inst/clk_in1_pll
    PLLE2_ADV_X1Y1       PLLE2_ADV (Prop_plle2_adv_CLKIN1_CLKOUT1)
                                                     -8.058     7.279 r  pll_inst/inst/plle2_adv_inst/CLKOUT1
                         net (fo=1, routed)           2.128     9.407    pll_inst/inst/clk_out2_pll
    BUFGCTRL_X0Y0        BUFG (Prop_bufg_I_O)         0.093     9.500 r  pll_inst/inst/clkout2_buf/O
                         net (fo=1649, routed)        1.633    11.133    student_top_inst/bridge_inst/seg_driver/clk_out2
    SLICE_X32Y91         FDCE                                         r  student_top_inst/bridge_inst/seg_driver/count_reg[4]/C
  -------------------------------------------------------------------    -------------------
    SLICE_X32Y91         FDCE (Prop_fdce_C_Q)         0.204    11.337 r  student_top_inst/bridge_inst/seg_driver/count_reg[4]/Q
                         net (fo=47, routed)          2.057    13.394    student_top_inst/bridge_inst/seg_driver/Q[0]
    SLICE_X46Y80         LUT3 (Prop_lut3_I1_O)        0.127    13.521 r  student_top_inst/bridge_inst/seg_driver/virtual_seg_OBUF[16]_inst_i_4/O
                         net (fo=7, routed)           1.009    14.530    student_top_inst/bridge_inst/seg_driver/virtual_seg_OBUF[16]_inst_i_4_n_0
    SLICE_X37Y80         LUT6 (Prop_lut6_I0_O)        0.134    14.664 r  student_top_inst/bridge_inst/seg_driver/virtual_seg_OBUF[15]_inst_i_1/O
                         net (fo=2, routed)           0.597    15.261    twin_controller_inst/virtual_seg_OBUF[14]
    SLICE_X37Y82         FDCE                                         r  twin_controller_inst/status_buffer_reg[1][7]/D
  -------------------------------------------------------------------    -------------------

                         (clock clk_out1_pll rise edge)
                                                     20.000    20.000 r  
    AD12                                              0.000    20.000 r  i_sys_clk_p (IN)
                         net (fo=0)                   0.000    20.000    pll_inst/inst/clk_in1_p
    AD12                 IBUFDS (Prop_ibufds_I_O)     0.803    20.803 r  pll_inst/inst/clkin1_ibufgds/O
                         net (fo=1, routed)           1.001    21.804    pll_inst/inst/clk_in1_pll
    PLLE2_ADV_X1Y1       PLLE2_ADV (Prop_plle2_adv_CLKIN1_CLKOUT0)
                                                     -7.261    14.543 r  pll_inst/inst/plle2_adv_inst/CLKOUT0
                         net (fo=1, routed)           2.003    16.546    pll_inst/inst/clk_out1_pll
    BUFGCTRL_X0Y1        BUFG (Prop_bufg_I_O)         0.083    16.629 r  pll_inst/inst/clkout1_buf/O
                         net (fo=353, routed)         1.488    18.117    twin_controller_inst/CLK
    SLICE_X37Y82         FDCE                                         r  twin_controller_inst/status_buffer_reg[1][7]/C
                         clock pessimism             -0.598    17.520    
                         clock uncertainty           -0.206    17.313    
    SLICE_X37Y82         FDCE (Setup_fdce_C_D)       -0.019    17.294    twin_controller_inst/status_buffer_reg[1][7]
  -------------------------------------------------------------------
                         required time                         17.294    
                         arrival time                         -15.261    
  -------------------------------------------------------------------
                         slack                                  2.033    

Slack (MET) :             2.054ns  (required time - arrival time)
  Source:                 student_top_inst/bridge_inst/seg_driver/count_reg[4]/C
                            (rising edge-triggered cell FDCE clocked by clk_out2_pll  {rise@0.000ns fall@3.333ns period=6.667ns})
  Destination:            twin_controller_inst/status_buffer_reg[3][0]/D
                            (rising edge-triggered cell FDCE clocked by clk_out1_pll  {rise@0.000ns fall@10.000ns period=20.000ns})
  Path Group:             clk_out1_pll
  Path Type:              Setup (Max at Slow Process Corner)
  Requirement:            6.667ns  (clk_out1_pll rise@20.000ns - clk_out2_pll rise@13.333ns)
  Data Path Delay:        4.122ns  (logic 0.370ns (8.976%)  route 3.752ns (91.024%))
  Logic Levels:           2  (LUT3=1 LUT6=1)
  Clock Path Skew:        -0.276ns (DCD - SCD + CPR)
    Destination Clock Delay (DCD):    -1.879ns = ( 18.121 - 20.000 ) 
    Source Clock Delay      (SCD):    -2.200ns = ( 11.133 - 13.333 ) 
    Clock Pessimism Removal (CPR):    -0.598ns
  Clock Uncertainty:      0.206ns  ((TSJ^2 + DJ^2)^1/2) / 2 + PE
    Total System Jitter     (TSJ):    0.071ns
    Discrete Jitter          (DJ):    0.157ns
    Phase Error              (PE):    0.120ns

    Location             Delay type                Incr(ns)  Path(ns)    Netlist Resource(s)
  -------------------------------------------------------------------    -------------------
                         (clock clk_out2_pll rise edge)
                                                     13.333    13.333 r  
    AD12                                              0.000    13.333 r  i_sys_clk_p (IN)
                         net (fo=0)                   0.000    13.333    pll_inst/inst/clk_in1_p
    AD12                 IBUFDS (Prop_ibufds_I_O)     0.906    14.239 r  pll_inst/inst/clkin1_ibufgds/O
                         net (fo=1, routed)           1.098    15.337    pll_inst/inst/clk_in1_pll
    PLLE2_ADV_X1Y1       PLLE2_ADV (Prop_plle2_adv_CLKIN1_CLKOUT1)
                                                     -8.058     7.279 r  pll_inst/inst/plle2_adv_inst/CLKOUT1
                         net (fo=1, routed)           2.128     9.407    pll_inst/inst/clk_out2_pll
    BUFGCTRL_X0Y0        BUFG (Prop_bufg_I_O)         0.093     9.500 r  pll_inst/inst/clkout2_buf/O
                         net (fo=1649, routed)        1.633    11.133    student_top_inst/bridge_inst/seg_driver/clk_out2
    SLICE_X32Y91         FDCE                                         r  student_top_inst/bridge_inst/seg_driver/count_reg[4]/C
  -------------------------------------------------------------------    -------------------
    SLICE_X32Y91         FDCE (Prop_fdce_C_Q)         0.204    11.337 r  student_top_inst/bridge_inst/seg_driver/count_reg[4]/Q
                         net (fo=47, routed)          1.858    13.195    student_top_inst/bridge_inst/seg_driver/Q[0]
    SLICE_X45Y81         LUT3 (Prop_lut3_I1_O)        0.123    13.318 r  student_top_inst/bridge_inst/seg_driver/virtual_seg_OBUF[26]_inst_i_4/O
                         net (fo=7, routed)           1.291    14.609    student_top_inst/bridge_inst/seg_driver/virtual_seg_OBUF[26]_inst_i_4_n_0
    SLICE_X38Y88         LUT6 (Prop_lut6_I0_O)        0.043    14.652 r  student_top_inst/bridge_inst/seg_driver/virtual_seg_OBUF[24]_inst_i_1/O
                         net (fo=2, routed)           0.603    15.255    twin_controller_inst/virtual_seg_OBUF[20]
    SLICE_X37Y88         FDCE                                         r  twin_controller_inst/status_buffer_reg[3][0]/D
  -------------------------------------------------------------------    -------------------

                         (clock clk_out1_pll rise edge)
                                                     20.000    20.000 r  
    AD12                                              0.000    20.000 r  i_sys_clk_p (IN)
                         net (fo=0)                   0.000    20.000    pll_inst/inst/clk_in1_p
    AD12                 IBUFDS (Prop_ibufds_I_O)     0.803    20.803 r  pll_inst/inst/clkin1_ibufgds/O
                         net (fo=1, routed)           1.001    21.804    pll_inst/inst/clk_in1_pll
    PLLE2_ADV_X1Y1       PLLE2_ADV (Prop_plle2_adv_CLKIN1_CLKOUT0)
                                                     -7.261    14.543 r  pll_inst/inst/plle2_adv_inst/CLKOUT0
                         net (fo=1, routed)           2.003    16.546    pll_inst/inst/clk_out1_pll
    BUFGCTRL_X0Y1        BUFG (Prop_bufg_I_O)         0.083    16.629 r  pll_inst/inst/clkout1_buf/O
                         net (fo=353, routed)         1.492    18.121    twin_controller_inst/CLK
    SLICE_X37Y88         FDCE                                         r  twin_controller_inst/status_buffer_reg[3][0]/C
                         clock pessimism             -0.598    17.524    
                         clock uncertainty           -0.206    17.317    
    SLICE_X37Y88         FDCE (Setup_fdce_C_D)       -0.008    17.309    twin_controller_inst/status_buffer_reg[3][0]
  -------------------------------------------------------------------
                         required time                         17.309    
                         arrival time                         -15.255    
  -------------------------------------------------------------------
                         slack                                  2.054    

Slack (MET) :             2.105ns  (required time - arrival time)
  Source:                 student_top_inst/bridge_inst/seg_driver/count_reg[4]/C
                            (rising edge-triggered cell FDCE clocked by clk_out2_pll  {rise@0.000ns fall@3.333ns period=6.667ns})
  Destination:            twin_controller_inst/status_buffer_reg[0][5]/D
                            (rising edge-triggered cell FDCE clocked by clk_out1_pll  {rise@0.000ns fall@10.000ns period=20.000ns})
  Path Group:             clk_out1_pll
  Path Type:              Setup (Max at Slow Process Corner)
  Requirement:            6.667ns  (clk_out1_pll rise@20.000ns - clk_out2_pll rise@13.333ns)
  Data Path Delay:        4.066ns  (logic 0.473ns (11.632%)  route 3.593ns (88.368%))
  Logic Levels:           2  (LUT3=1 LUT6=1)
  Clock Path Skew:        -0.280ns (DCD - SCD + CPR)
    Destination Clock Delay (DCD):    -1.883ns = ( 18.117 - 20.000 ) 
    Source Clock Delay      (SCD):    -2.200ns = ( 11.133 - 13.333 ) 
    Clock Pessimism Removal (CPR):    -0.598ns
  Clock Uncertainty:      0.206ns  ((TSJ^2 + DJ^2)^1/2) / 2 + PE
    Total System Jitter     (TSJ):    0.071ns
    Discrete Jitter          (DJ):    0.157ns
    Phase Error              (PE):    0.120ns

    Location             Delay type                Incr(ns)  Path(ns)    Netlist Resource(s)
  -------------------------------------------------------------------    -------------------
                         (clock clk_out2_pll rise edge)
                                                     13.333    13.333 r  
    AD12                                              0.000    13.333 r  i_sys_clk_p (IN)
                         net (fo=0)                   0.000    13.333    pll_inst/inst/clk_in1_p
    AD12                 IBUFDS (Prop_ibufds_I_O)     0.906    14.239 r  pll_inst/inst/clkin1_ibufgds/O
                         net (fo=1, routed)           1.098    15.337    pll_inst/inst/clk_in1_pll
    PLLE2_ADV_X1Y1       PLLE2_ADV (Prop_plle2_adv_CLKIN1_CLKOUT1)
                                                     -8.058     7.279 r  pll_inst/inst/plle2_adv_inst/CLKOUT1
                         net (fo=1, routed)           2.128     9.407    pll_inst/inst/clk_out2_pll
    BUFGCTRL_X0Y0        BUFG (Prop_bufg_I_O)         0.093     9.500 r  pll_inst/inst/clkout2_buf/O
                         net (fo=1649, routed)        1.633    11.133    student_top_inst/bridge_inst/seg_driver/clk_out2
    SLICE_X32Y91         FDCE                                         r  student_top_inst/bridge_inst/seg_driver/count_reg[4]/C
  -------------------------------------------------------------------    -------------------
    SLICE_X32Y91         FDCE (Prop_fdce_C_Q)         0.204    11.337 r  student_top_inst/bridge_inst/seg_driver/count_reg[4]/Q
                         net (fo=47, routed)          1.971    13.308    student_top_inst/bridge_inst/seg_driver/Q[0]
    SLICE_X46Y81         LUT3 (Prop_lut3_I1_O)        0.131    13.439 r  student_top_inst/bridge_inst/seg_driver/virtual_seg_OBUF[6]_inst_i_4/O
                         net (fo=7, routed)           1.050    14.488    student_top_inst/bridge_inst/seg_driver/virtual_seg_OBUF[6]_inst_i_4_n_0
    SLICE_X40Y83         LUT6 (Prop_lut6_I0_O)        0.138    14.626 r  student_top_inst/bridge_inst/seg_driver/virtual_seg_OBUF[5]_inst_i_1/O
                         net (fo=2, routed)           0.573    15.199    twin_controller_inst/virtual_seg_OBUF[5]
    SLICE_X37Y82         FDCE                                         r  twin_controller_inst/status_buffer_reg[0][5]/D
  -------------------------------------------------------------------    -------------------

                         (clock clk_out1_pll rise edge)
                                                     20.000    20.000 r  
    AD12                                              0.000    20.000 r  i_sys_clk_p (IN)
                         net (fo=0)                   0.000    20.000    pll_inst/inst/clk_in1_p
    AD12                 IBUFDS (Prop_ibufds_I_O)     0.803    20.803 r  pll_inst/inst/clkin1_ibufgds/O
                         net (fo=1, routed)           1.001    21.804    pll_inst/inst/clk_in1_pll
    PLLE2_ADV_X1Y1       PLLE2_ADV (Prop_plle2_adv_CLKIN1_CLKOUT0)
                                                     -7.261    14.543 r  pll_inst/inst/plle2_adv_inst/CLKOUT0
                         net (fo=1, routed)           2.003    16.546    pll_inst/inst/clk_out1_pll
    BUFGCTRL_X0Y1        BUFG (Prop_bufg_I_O)         0.083    16.629 r  pll_inst/inst/clkout1_buf/O
                         net (fo=353, routed)         1.488    18.117    twin_controller_inst/CLK
    SLICE_X37Y82         FDCE                                         r  twin_controller_inst/status_buffer_reg[0][5]/C
                         clock pessimism             -0.598    17.520    
                         clock uncertainty           -0.206    17.313    
    SLICE_X37Y82         FDCE (Setup_fdce_C_D)       -0.009    17.304    twin_controller_inst/status_buffer_reg[0][5]
  -------------------------------------------------------------------
                         required time                         17.304    
                         arrival time                         -15.199    
  -------------------------------------------------------------------
                         slack                                  2.105    





Min Delay Paths
--------------------------------------------------------------------------------------
Slack (MET) :             0.085ns  (arrival time - required time)
  Source:                 student_top_inst/bridge_inst/seg_wdata_reg[16]/C
                            (rising edge-triggered cell FDRE clocked by clk_out2_pll  {rise@0.000ns fall@3.333ns period=6.667ns})
  Destination:            twin_controller_inst/status_buffer_reg[3][1]/D
                            (rising edge-triggered cell FDCE clocked by clk_out1_pll  {rise@0.000ns fall@10.000ns period=20.000ns})
  Path Group:             clk_out1_pll
  Path Type:              Hold (Min at Fast Process Corner)
  Requirement:            0.000ns  (clk_out1_pll rise@0.000ns - clk_out2_pll rise@0.000ns)
  Data Path Delay:        0.665ns  (logic 0.128ns (19.248%)  route 0.537ns (80.752%))
  Logic Levels:           1  (LUT6=1)
  Clock Path Skew:        0.314ns (DCD - SCD - CPR)
    Destination Clock Delay (DCD):    -0.525ns
    Source Clock Delay      (SCD):    -0.356ns
    Clock Pessimism Removal (CPR):    -0.484ns
  Clock Uncertainty:      0.206ns  ((TSJ^2 + DJ^2)^1/2) / 2 + PE
    Total System Jitter     (TSJ):    0.071ns
    Discrete Jitter          (DJ):    0.157ns
    Phase Error              (PE):    0.120ns

    Location             Delay type                Incr(ns)  Path(ns)    Netlist Resource(s)
  -------------------------------------------------------------------    -------------------
                         (clock clk_out2_pll rise edge)
                                                      0.000     0.000 r  
    AD12                                              0.000     0.000 r  i_sys_clk_p (IN)
                         net (fo=0)                   0.000     0.000    pll_inst/inst/clk_in1_p
    AD12                 IBUFDS (Prop_ibufds_I_O)     0.388     0.388 r  pll_inst/inst/clkin1_ibufgds/O
                         net (fo=1, routed)           0.503     0.891    pll_inst/inst/clk_in1_pll
    PLLE2_ADV_X1Y1       PLLE2_ADV (Prop_plle2_adv_CLKIN1_CLKOUT1)
                                                     -2.908    -2.017 r  pll_inst/inst/plle2_adv_inst/CLKOUT1
                         net (fo=1, routed)           0.958    -1.059    pll_inst/inst/clk_out2_pll
    BUFGCTRL_X0Y0        BUFG (Prop_bufg_I_O)         0.026    -1.033 r  pll_inst/inst/clkout2_buf/O
                         net (fo=1649, routed)        0.677    -0.356    student_top_inst/bridge_inst/clk_out2
    SLICE_X41Y81         FDRE                                         r  student_top_inst/bridge_inst/seg_wdata_reg[16]/C
  -------------------------------------------------------------------    -------------------
    SLICE_X41Y81         FDRE (Prop_fdre_C_Q)         0.100    -0.256 f  student_top_inst/bridge_inst/seg_wdata_reg[16]/Q
                         net (fo=8, routed)           0.537     0.281    student_top_inst/bridge_inst/seg_driver/status_buffer_reg[3][2][0]
    SLICE_X40Y86         LUT6 (Prop_lut6_I3_O)        0.028     0.309 r  student_top_inst/bridge_inst/seg_driver/virtual_seg_OBUF[25]_inst_i_1/O
                         net (fo=2, routed)           0.000     0.309    twin_controller_inst/virtual_seg_OBUF[21]
    SLICE_X40Y86         FDCE                                         r  twin_controller_inst/status_buffer_reg[3][1]/D
  -------------------------------------------------------------------    -------------------

                         (clock clk_out1_pll rise edge)
                                                      0.000     0.000 r  
    AD12                                              0.000     0.000 r  i_sys_clk_p (IN)
                         net (fo=0)                   0.000     0.000    pll_inst/inst/clk_in1_p
    AD12                 IBUFDS (Prop_ibufds_I_O)     0.470     0.470 r  pll_inst/inst/clkin1_ibufgds/O
                         net (fo=1, routed)           0.554     1.024    pll_inst/inst/clk_in1_pll
    PLLE2_ADV_X1Y1       PLLE2_ADV (Prop_plle2_adv_CLKIN1_CLKOUT0)
                                                     -3.524    -2.500 r  pll_inst/inst/plle2_adv_inst/CLKOUT0
                         net (fo=1, routed)           1.027    -1.473    pll_inst/inst/clk_out1_pll
    BUFGCTRL_X0Y1        BUFG (Prop_bufg_I_O)         0.030    -1.443 r  pll_inst/inst/clkout1_buf/O
                         net (fo=353, routed)         0.918    -0.525    twin_controller_inst/CLK
    SLICE_X40Y86         FDCE                                         r  twin_controller_inst/status_buffer_reg[3][1]/C
                         clock pessimism              0.484    -0.042    
                         clock uncertainty            0.206     0.165    
    SLICE_X40Y86         FDCE (Hold_fdce_C_D)         0.060     0.225    twin_controller_inst/status_buffer_reg[3][1]
  -------------------------------------------------------------------
                         required time                         -0.225    
                         arrival time                           0.309    
  -------------------------------------------------------------------
                         slack                                  0.085    

Slack (MET) :             0.090ns  (arrival time - required time)
  Source:                 student_top_inst/bridge_inst/seg_wdata_reg[16]/C
                            (rising edge-triggered cell FDRE clocked by clk_out2_pll  {rise@0.000ns fall@3.333ns period=6.667ns})
  Destination:            twin_controller_inst/status_buffer_reg[2][6]/D
                            (rising edge-triggered cell FDCE clocked by clk_out1_pll  {rise@0.000ns fall@10.000ns period=20.000ns})
  Path Group:             clk_out1_pll
  Path Type:              Hold (Min at Fast Process Corner)
  Requirement:            0.000ns  (clk_out1_pll rise@0.000ns - clk_out2_pll rise@0.000ns)
  Data Path Delay:        0.670ns  (logic 0.128ns (19.099%)  route 0.542ns (80.901%))
  Logic Levels:           1  (LUT6=1)
  Clock Path Skew:        0.314ns (DCD - SCD - CPR)
    Destination Clock Delay (DCD):    -0.525ns
    Source Clock Delay      (SCD):    -0.356ns
    Clock Pessimism Removal (CPR):    -0.484ns
  Clock Uncertainty:      0.206ns  ((TSJ^2 + DJ^2)^1/2) / 2 + PE
    Total System Jitter     (TSJ):    0.071ns
    Discrete Jitter          (DJ):    0.157ns
    Phase Error              (PE):    0.120ns

    Location             Delay type                Incr(ns)  Path(ns)    Netlist Resource(s)
  -------------------------------------------------------------------    -------------------
                         (clock clk_out2_pll rise edge)
                                                      0.000     0.000 r  
    AD12                                              0.000     0.000 r  i_sys_clk_p (IN)
                         net (fo=0)                   0.000     0.000    pll_inst/inst/clk_in1_p
    AD12                 IBUFDS (Prop_ibufds_I_O)     0.388     0.388 r  pll_inst/inst/clkin1_ibufgds/O
                         net (fo=1, routed)           0.503     0.891    pll_inst/inst/clk_in1_pll
    PLLE2_ADV_X1Y1       PLLE2_ADV (Prop_plle2_adv_CLKIN1_CLKOUT1)
                                                     -2.908    -2.017 r  pll_inst/inst/plle2_adv_inst/CLKOUT1
                         net (fo=1, routed)           0.958    -1.059    pll_inst/inst/clk_out2_pll
    BUFGCTRL_X0Y0        BUFG (Prop_bufg_I_O)         0.026    -1.033 r  pll_inst/inst/clkout2_buf/O
                         net (fo=1649, routed)        0.677    -0.356    student_top_inst/bridge_inst/clk_out2
    SLICE_X41Y81         FDRE                                         r  student_top_inst/bridge_inst/seg_wdata_reg[16]/C
  -------------------------------------------------------------------    -------------------
    SLICE_X41Y81         FDRE (Prop_fdre_C_Q)         0.100    -0.256 r  student_top_inst/bridge_inst/seg_wdata_reg[16]/Q
                         net (fo=8, routed)           0.542     0.287    student_top_inst/bridge_inst/seg_driver/status_buffer_reg[3][2][0]
    SLICE_X40Y86         LUT6 (Prop_lut6_I1_O)        0.028     0.315 r  student_top_inst/bridge_inst/seg_driver/virtual_seg_OBUF[22]_inst_i_1/O
                         net (fo=2, routed)           0.000     0.315    twin_controller_inst/virtual_seg_OBUF[18]
    SLICE_X40Y86         FDCE                                         r  twin_controller_inst/status_buffer_reg[2][6]/D
  -------------------------------------------------------------------    -------------------

                         (clock clk_out1_pll rise edge)
                                                      0.000     0.000 r  
    AD12                                              0.000     0.000 r  i_sys_clk_p (IN)
                         net (fo=0)                   0.000     0.000    pll_inst/inst/clk_in1_p
    AD12                 IBUFDS (Prop_ibufds_I_O)     0.470     0.470 r  pll_inst/inst/clkin1_ibufgds/O
                         net (fo=1, routed)           0.554     1.024    pll_inst/inst/clk_in1_pll
    PLLE2_ADV_X1Y1       PLLE2_ADV (Prop_plle2_adv_CLKIN1_CLKOUT0)
                                                     -3.524    -2.500 r  pll_inst/inst/plle2_adv_inst/CLKOUT0
                         net (fo=1, routed)           1.027    -1.473    pll_inst/inst/clk_out1_pll
    BUFGCTRL_X0Y1        BUFG (Prop_bufg_I_O)         0.030    -1.443 r  pll_inst/inst/clkout1_buf/O
                         net (fo=353, routed)         0.918    -0.525    twin_controller_inst/CLK
    SLICE_X40Y86         FDCE                                         r  twin_controller_inst/status_buffer_reg[2][6]/C
                         clock pessimism              0.484    -0.042    
                         clock uncertainty            0.206     0.165    
    SLICE_X40Y86         FDCE (Hold_fdce_C_D)         0.060     0.225    twin_controller_inst/status_buffer_reg[2][6]
  -------------------------------------------------------------------
                         required time                         -0.225    
                         arrival time                           0.315    
  -------------------------------------------------------------------
                         slack                                  0.090    

Slack (MET) :             0.117ns  (arrival time - required time)
  Source:                 student_top_inst/bridge_inst/seg_wdata_reg[12]/C
                            (rising edge-triggered cell FDRE clocked by clk_out2_pll  {rise@0.000ns fall@3.333ns period=6.667ns})
  Destination:            twin_controller_inst/status_buffer_reg[1][2]/D
                            (rising edge-triggered cell FDCE clocked by clk_out1_pll  {rise@0.000ns fall@10.000ns period=20.000ns})
  Path Group:             clk_out1_pll
  Path Type:              Hold (Min at Fast Process Corner)
  Requirement:            0.000ns  (clk_out1_pll rise@0.000ns - clk_out2_pll rise@0.000ns)
  Data Path Delay:        0.698ns  (logic 0.128ns (18.337%)  route 0.570ns (81.663%))
  Logic Levels:           1  (LUT6=1)
  Clock Path Skew:        0.315ns (DCD - SCD - CPR)
    Destination Clock Delay (DCD):    -0.528ns
    Source Clock Delay      (SCD):    -0.360ns
    Clock Pessimism Removal (CPR):    -0.484ns
  Clock Uncertainty:      0.206ns  ((TSJ^2 + DJ^2)^1/2) / 2 + PE
    Total System Jitter     (TSJ):    0.071ns
    Discrete Jitter          (DJ):    0.157ns
    Phase Error              (PE):    0.120ns

    Location             Delay type                Incr(ns)  Path(ns)    Netlist Resource(s)
  -------------------------------------------------------------------    -------------------
                         (clock clk_out2_pll rise edge)
                                                      0.000     0.000 r  
    AD12                                              0.000     0.000 r  i_sys_clk_p (IN)
                         net (fo=0)                   0.000     0.000    pll_inst/inst/clk_in1_p
    AD12                 IBUFDS (Prop_ibufds_I_O)     0.388     0.388 r  pll_inst/inst/clkin1_ibufgds/O
                         net (fo=1, routed)           0.503     0.891    pll_inst/inst/clk_in1_pll
    PLLE2_ADV_X1Y1       PLLE2_ADV (Prop_plle2_adv_CLKIN1_CLKOUT1)
                                                     -2.908    -2.017 r  pll_inst/inst/plle2_adv_inst/CLKOUT1
                         net (fo=1, routed)           0.958    -1.059    pll_inst/inst/clk_out2_pll
    BUFGCTRL_X0Y0        BUFG (Prop_bufg_I_O)         0.026    -1.033 r  pll_inst/inst/clkout2_buf/O
                         net (fo=1649, routed)        0.673    -0.360    student_top_inst/bridge_inst/clk_out2
    SLICE_X45Y79         FDRE                                         r  student_top_inst/bridge_inst/seg_wdata_reg[12]/C
  -------------------------------------------------------------------    -------------------
    SLICE_X45Y79         FDRE (Prop_fdre_C_Q)         0.100    -0.260 r  student_top_inst/bridge_inst/seg_wdata_reg[12]/Q
                         net (fo=8, routed)           0.570     0.310    student_top_inst/bridge_inst/seg_driver/status_buffer_reg[1][2]_0
    SLICE_X36Y80         LUT6 (Prop_lut6_I2_O)        0.028     0.338 r  student_top_inst/bridge_inst/seg_driver/virtual_seg_OBUF[10]_inst_i_1/O
                         net (fo=2, routed)           0.000     0.338    twin_controller_inst/virtual_seg_OBUF[9]
    SLICE_X36Y80         FDCE                                         r  twin_controller_inst/status_buffer_reg[1][2]/D
  -------------------------------------------------------------------    -------------------

                         (clock clk_out1_pll rise edge)
                                                      0.000     0.000 r  
    AD12                                              0.000     0.000 r  i_sys_clk_p (IN)
                         net (fo=0)                   0.000     0.000    pll_inst/inst/clk_in1_p
    AD12                 IBUFDS (Prop_ibufds_I_O)     0.470     0.470 r  pll_inst/inst/clkin1_ibufgds/O
                         net (fo=1, routed)           0.554     1.024    pll_inst/inst/clk_in1_pll
    PLLE2_ADV_X1Y1       PLLE2_ADV (Prop_plle2_adv_CLKIN1_CLKOUT0)
                                                     -3.524    -2.500 r  pll_inst/inst/plle2_adv_inst/CLKOUT0
                         net (fo=1, routed)           1.027    -1.473    pll_inst/inst/clk_out1_pll
    BUFGCTRL_X0Y1        BUFG (Prop_bufg_I_O)         0.030    -1.443 r  pll_inst/inst/clkout1_buf/O
                         net (fo=353, routed)         0.915    -0.528    twin_controller_inst/CLK
    SLICE_X36Y80         FDCE                                         r  twin_controller_inst/status_buffer_reg[1][2]/C
                         clock pessimism              0.484    -0.045    
                         clock uncertainty            0.206     0.162    
    SLICE_X36Y80         FDCE (Hold_fdce_C_D)         0.060     0.222    twin_controller_inst/status_buffer_reg[1][2]
  -------------------------------------------------------------------
                         required time                         -0.222    
                         arrival time                           0.338    
  -------------------------------------------------------------------
                         slack                                  0.117    

Slack (MET) :             0.131ns  (arrival time - required time)
  Source:                 student_top_inst/bridge_inst/LED_reg[6]/C
                            (rising edge-triggered cell FDRE clocked by clk_out2_pll  {rise@0.000ns fall@3.333ns period=6.667ns})
  Destination:            twin_controller_inst/status_buffer_reg[14][6]/D
                            (rising edge-triggered cell FDCE clocked by clk_out1_pll  {rise@0.000ns fall@10.000ns period=20.000ns})
  Path Group:             clk_out1_pll
  Path Type:              Hold (Min at Fast Process Corner)
  Requirement:            0.000ns  (clk_out1_pll rise@0.000ns - clk_out2_pll rise@0.000ns)
  Data Path Delay:        0.650ns  (logic 0.091ns (13.999%)  route 0.559ns (86.001%))
  Logic Levels:           0  
  Clock Path Skew:        0.312ns (DCD - SCD - CPR)
    Destination Clock Delay (DCD):    -0.533ns
    Source Clock Delay      (SCD):    -0.362ns
    Clock Pessimism Removal (CPR):    -0.484ns
  Clock Uncertainty:      0.206ns  ((TSJ^2 + DJ^2)^1/2) / 2 + PE
    Total System Jitter     (TSJ):    0.071ns
    Discrete Jitter          (DJ):    0.157ns
    Phase Error              (PE):    0.120ns

    Location             Delay type                Incr(ns)  Path(ns)    Netlist Resource(s)
  -------------------------------------------------------------------    -------------------
                         (clock clk_out2_pll rise edge)
                                                      0.000     0.000 r  
    AD12                                              0.000     0.000 r  i_sys_clk_p (IN)
                         net (fo=0)                   0.000     0.000    pll_inst/inst/clk_in1_p
    AD12                 IBUFDS (Prop_ibufds_I_O)     0.388     0.388 r  pll_inst/inst/clkin1_ibufgds/O
                         net (fo=1, routed)           0.503     0.891    pll_inst/inst/clk_in1_pll
    PLLE2_ADV_X1Y1       PLLE2_ADV (Prop_plle2_adv_CLKIN1_CLKOUT1)
                                                     -2.908    -2.017 r  pll_inst/inst/plle2_adv_inst/CLKOUT1
                         net (fo=1, routed)           0.958    -1.059    pll_inst/inst/clk_out2_pll
    BUFGCTRL_X0Y0        BUFG (Prop_bufg_I_O)         0.026    -1.033 r  pll_inst/inst/clkout2_buf/O
                         net (fo=1649, routed)        0.671    -0.362    student_top_inst/bridge_inst/clk_out2
    SLICE_X47Y79         FDRE                                         r  student_top_inst/bridge_inst/LED_reg[6]/C
  -------------------------------------------------------------------    -------------------
    SLICE_X47Y79         FDRE (Prop_fdre_C_Q)         0.091    -0.271 r  student_top_inst/bridge_inst/LED_reg[6]/Q
                         net (fo=1, routed)           0.559     0.288    twin_controller_inst/virtual_led_OBUF[6]
    SLICE_X46Y81         FDCE                                         r  twin_controller_inst/status_buffer_reg[14][6]/D
  -------------------------------------------------------------------    -------------------

                         (clock clk_out1_pll rise edge)
                                                      0.000     0.000 r  
    AD12                                              0.000     0.000 r  i_sys_clk_p (IN)
                         net (fo=0)                   0.000     0.000    pll_inst/inst/clk_in1_p
    AD12                 IBUFDS (Prop_ibufds_I_O)     0.470     0.470 r  pll_inst/inst/clkin1_ibufgds/O
                         net (fo=1, routed)           0.554     1.024    pll_inst/inst/clk_in1_pll
    PLLE2_ADV_X1Y1       PLLE2_ADV (Prop_plle2_adv_CLKIN1_CLKOUT0)
                                                     -3.524    -2.500 r  pll_inst/inst/plle2_adv_inst/CLKOUT0
                         net (fo=1, routed)           1.027    -1.473    pll_inst/inst/clk_out1_pll
    BUFGCTRL_X0Y1        BUFG (Prop_bufg_I_O)         0.030    -1.443 r  pll_inst/inst/clkout1_buf/O
                         net (fo=353, routed)         0.910    -0.533    twin_controller_inst/CLK
    SLICE_X46Y81         FDCE                                         r  twin_controller_inst/status_buffer_reg[14][6]/C
                         clock pessimism              0.484    -0.050    
                         clock uncertainty            0.206     0.157    
    SLICE_X46Y81         FDCE (Hold_fdce_C_D)         0.001     0.158    twin_controller_inst/status_buffer_reg[14][6]
  -------------------------------------------------------------------
                         required time                         -0.158    
                         arrival time                           0.288    
  -------------------------------------------------------------------
                         slack                                  0.131    

Slack (MET) :             0.137ns  (arrival time - required time)
  Source:                 student_top_inst/bridge_inst/LED_reg[28]/C
                            (rising edge-triggered cell FDRE clocked by clk_out2_pll  {rise@0.000ns fall@3.333ns period=6.667ns})
  Destination:            twin_controller_inst/status_buffer_reg[17][4]/D
                            (rising edge-triggered cell FDCE clocked by clk_out1_pll  {rise@0.000ns fall@10.000ns period=20.000ns})
  Path Group:             clk_out1_pll
  Path Type:              Hold (Min at Fast Process Corner)
  Requirement:            0.000ns  (clk_out1_pll rise@0.000ns - clk_out2_pll rise@0.000ns)
  Data Path Delay:        0.657ns  (logic 0.091ns (13.858%)  route 0.566ns (86.142%))
  Logic Levels:           0  
  Clock Path Skew:        0.316ns (DCD - SCD - CPR)
    Destination Clock Delay (DCD):    -0.526ns
    Source Clock Delay      (SCD):    -0.359ns
    Clock Pessimism Removal (CPR):    -0.484ns
  Clock Uncertainty:      0.206ns  ((TSJ^2 + DJ^2)^1/2) / 2 + PE
    Total System Jitter     (TSJ):    0.071ns
    Discrete Jitter          (DJ):    0.157ns
    Phase Error              (PE):    0.120ns

    Location             Delay type                Incr(ns)  Path(ns)    Netlist Resource(s)
  -------------------------------------------------------------------    -------------------
                         (clock clk_out2_pll rise edge)
                                                      0.000     0.000 r  
    AD12                                              0.000     0.000 r  i_sys_clk_p (IN)
                         net (fo=0)                   0.000     0.000    pll_inst/inst/clk_in1_p
    AD12                 IBUFDS (Prop_ibufds_I_O)     0.388     0.388 r  pll_inst/inst/clkin1_ibufgds/O
                         net (fo=1, routed)           0.503     0.891    pll_inst/inst/clk_in1_pll
    PLLE2_ADV_X1Y1       PLLE2_ADV (Prop_plle2_adv_CLKIN1_CLKOUT1)
                                                     -2.908    -2.017 r  pll_inst/inst/plle2_adv_inst/CLKOUT1
                         net (fo=1, routed)           0.958    -1.059    pll_inst/inst/clk_out2_pll
    BUFGCTRL_X0Y0        BUFG (Prop_bufg_I_O)         0.026    -1.033 r  pll_inst/inst/clkout2_buf/O
                         net (fo=1649, routed)        0.674    -0.359    student_top_inst/bridge_inst/clk_out2
    SLICE_X45Y80         FDRE                                         r  student_top_inst/bridge_inst/LED_reg[28]/C
  -------------------------------------------------------------------    -------------------
    SLICE_X45Y80         FDRE (Prop_fdre_C_Q)         0.091    -0.268 r  student_top_inst/bridge_inst/LED_reg[28]/Q
                         net (fo=1, routed)           0.566     0.298    twin_controller_inst/virtual_led_OBUF[28]
    SLICE_X37Y82         FDCE                                         r  twin_controller_inst/status_buffer_reg[17][4]/D
  -------------------------------------------------------------------    -------------------

                         (clock clk_out1_pll rise edge)
                                                      0.000     0.000 r  
    AD12                                              0.000     0.000 r  i_sys_clk_p (IN)
                         net (fo=0)                   0.000     0.000    pll_inst/inst/clk_in1_p
    AD12                 IBUFDS (Prop_ibufds_I_O)     0.470     0.470 r  pll_inst/inst/clkin1_ibufgds/O
                         net (fo=1, routed)           0.554     1.024    pll_inst/inst/clk_in1_pll
    PLLE2_ADV_X1Y1       PLLE2_ADV (Prop_plle2_adv_CLKIN1_CLKOUT0)
                                                     -3.524    -2.500 r  pll_inst/inst/plle2_adv_inst/CLKOUT0
                         net (fo=1, routed)           1.027    -1.473    pll_inst/inst/clk_out1_pll
    BUFGCTRL_X0Y1        BUFG (Prop_bufg_I_O)         0.030    -1.443 r  pll_inst/inst/clkout1_buf/O
                         net (fo=353, routed)         0.917    -0.526    twin_controller_inst/CLK
    SLICE_X37Y82         FDCE                                         r  twin_controller_inst/status_buffer_reg[17][4]/C
                         clock pessimism              0.484    -0.043    
                         clock uncertainty            0.206     0.164    
    SLICE_X37Y82         FDCE (Hold_fdce_C_D)        -0.003     0.161    twin_controller_inst/status_buffer_reg[17][4]
  -------------------------------------------------------------------
                         required time                         -0.161    
                         arrival time                           0.298    
  -------------------------------------------------------------------
                         slack                                  0.137    

Slack (MET) :             0.139ns  (arrival time - required time)
  Source:                 student_top_inst/bridge_inst/LED_reg[21]/C
                            (rising edge-triggered cell FDRE clocked by clk_out2_pll  {rise@0.000ns fall@3.333ns period=6.667ns})
  Destination:            twin_controller_inst/status_buffer_reg[16][5]/D
                            (rising edge-triggered cell FDCE clocked by clk_out1_pll  {rise@0.000ns fall@10.000ns period=20.000ns})
  Path Group:             clk_out1_pll
  Path Type:              Hold (Min at Fast Process Corner)
  Requirement:            0.000ns  (clk_out1_pll rise@0.000ns - clk_out2_pll rise@0.000ns)
  Data Path Delay:        0.698ns  (logic 0.100ns (14.318%)  route 0.598ns (85.682%))
  Logic Levels:           0  
  Clock Path Skew:        0.312ns (DCD - SCD - CPR)
    Destination Clock Delay (DCD):    -0.524ns
    Source Clock Delay      (SCD):    -0.353ns
    Clock Pessimism Removal (CPR):    -0.484ns
  Clock Uncertainty:      0.206ns  ((TSJ^2 + DJ^2)^1/2) / 2 + PE
    Total System Jitter     (TSJ):    0.071ns
    Discrete Jitter          (DJ):    0.157ns
    Phase Error              (PE):    0.120ns

    Location             Delay type                Incr(ns)  Path(ns)    Netlist Resource(s)
  -------------------------------------------------------------------    -------------------
                         (clock clk_out2_pll rise edge)
                                                      0.000     0.000 r  
    AD12                                              0.000     0.000 r  i_sys_clk_p (IN)
                         net (fo=0)                   0.000     0.000    pll_inst/inst/clk_in1_p
    AD12                 IBUFDS (Prop_ibufds_I_O)     0.388     0.388 r  pll_inst/inst/clkin1_ibufgds/O
                         net (fo=1, routed)           0.503     0.891    pll_inst/inst/clk_in1_pll
    PLLE2_ADV_X1Y1       PLLE2_ADV (Prop_plle2_adv_CLKIN1_CLKOUT1)
                                                     -2.908    -2.017 r  pll_inst/inst/plle2_adv_inst/CLKOUT1
                         net (fo=1, routed)           0.958    -1.059    pll_inst/inst/clk_out2_pll
    BUFGCTRL_X0Y0        BUFG (Prop_bufg_I_O)         0.026    -1.033 r  pll_inst/inst/clkout2_buf/O
                         net (fo=1649, routed)        0.680    -0.353    student_top_inst/bridge_inst/clk_out2
    SLICE_X34Y81         FDRE                                         r  student_top_inst/bridge_inst/LED_reg[21]/C
  -------------------------------------------------------------------    -------------------
    SLICE_X34Y81         FDRE (Prop_fdre_C_Q)         0.100    -0.253 r  student_top_inst/bridge_inst/LED_reg[21]/Q
                         net (fo=1, routed)           0.598     0.346    twin_controller_inst/virtual_led_OBUF[21]
    SLICE_X34Y82         FDCE                                         r  twin_controller_inst/status_buffer_reg[16][5]/D
  -------------------------------------------------------------------    -------------------

                         (clock clk_out1_pll rise edge)
                                                      0.000     0.000 r  
    AD12                                              0.000     0.000 r  i_sys_clk_p (IN)
                         net (fo=0)                   0.000     0.000    pll_inst/inst/clk_in1_p
    AD12                 IBUFDS (Prop_ibufds_I_O)     0.470     0.470 r  pll_inst/inst/clkin1_ibufgds/O
                         net (fo=1, routed)           0.554     1.024    pll_inst/inst/clk_in1_pll
    PLLE2_ADV_X1Y1       PLLE2_ADV (Prop_plle2_adv_CLKIN1_CLKOUT0)
                                                     -3.524    -2.500 r  pll_inst/inst/plle2_adv_inst/CLKOUT0
                         net (fo=1, routed)           1.027    -1.473    pll_inst/inst/clk_out1_pll
    BUFGCTRL_X0Y1        BUFG (Prop_bufg_I_O)         0.030    -1.443 r  pll_inst/inst/clkout1_buf/O
                         net (fo=353, routed)         0.919    -0.524    twin_controller_inst/CLK
    SLICE_X34Y82         FDCE                                         r  twin_controller_inst/status_buffer_reg[16][5]/C
                         clock pessimism              0.484    -0.041    
                         clock uncertainty            0.206     0.166    
    SLICE_X34Y82         FDCE (Hold_fdce_C_D)         0.041     0.207    twin_controller_inst/status_buffer_reg[16][5]
  -------------------------------------------------------------------
                         required time                         -0.207    
                         arrival time                           0.346    
  -------------------------------------------------------------------
                         slack                                  0.139    

Slack (MET) :             0.140ns  (arrival time - required time)
  Source:                 student_top_inst/bridge_inst/LED_reg[18]/C
                            (rising edge-triggered cell FDRE clocked by clk_out2_pll  {rise@0.000ns fall@3.333ns period=6.667ns})
  Destination:            twin_controller_inst/status_buffer_reg[16][2]/D
                            (rising edge-triggered cell FDCE clocked by clk_out1_pll  {rise@0.000ns fall@10.000ns period=20.000ns})
  Path Group:             clk_out1_pll
  Path Type:              Hold (Min at Fast Process Corner)
  Requirement:            0.000ns  (clk_out1_pll rise@0.000ns - clk_out2_pll rise@0.000ns)
  Data Path Delay:        0.698ns  (logic 0.100ns (14.329%)  route 0.598ns (85.671%))
  Logic Levels:           0  
  Clock Path Skew:        0.312ns (DCD - SCD - CPR)
    Destination Clock Delay (DCD):    -0.524ns
    Source Clock Delay      (SCD):    -0.353ns
    Clock Pessimism Removal (CPR):    -0.484ns
  Clock Uncertainty:      0.206ns  ((TSJ^2 + DJ^2)^1/2) / 2 + PE
    Total System Jitter     (TSJ):    0.071ns
    Discrete Jitter          (DJ):    0.157ns
    Phase Error              (PE):    0.120ns

    Location             Delay type                Incr(ns)  Path(ns)    Netlist Resource(s)
  -------------------------------------------------------------------    -------------------
                         (clock clk_out2_pll rise edge)
                                                      0.000     0.000 r  
    AD12                                              0.000     0.000 r  i_sys_clk_p (IN)
                         net (fo=0)                   0.000     0.000    pll_inst/inst/clk_in1_p
    AD12                 IBUFDS (Prop_ibufds_I_O)     0.388     0.388 r  pll_inst/inst/clkin1_ibufgds/O
                         net (fo=1, routed)           0.503     0.891    pll_inst/inst/clk_in1_pll
    PLLE2_ADV_X1Y1       PLLE2_ADV (Prop_plle2_adv_CLKIN1_CLKOUT1)
                                                     -2.908    -2.017 r  pll_inst/inst/plle2_adv_inst/CLKOUT1
                         net (fo=1, routed)           0.958    -1.059    pll_inst/inst/clk_out2_pll
    BUFGCTRL_X0Y0        BUFG (Prop_bufg_I_O)         0.026    -1.033 r  pll_inst/inst/clkout2_buf/O
                         net (fo=1649, routed)        0.680    -0.353    student_top_inst/bridge_inst/clk_out2
    SLICE_X34Y81         FDRE                                         r  student_top_inst/bridge_inst/LED_reg[18]/C
  -------------------------------------------------------------------    -------------------
    SLICE_X34Y81         FDRE (Prop_fdre_C_Q)         0.100    -0.253 r  student_top_inst/bridge_inst/LED_reg[18]/Q
                         net (fo=1, routed)           0.598     0.345    twin_controller_inst/virtual_led_OBUF[18]
    SLICE_X34Y82         FDCE                                         r  twin_controller_inst/status_buffer_reg[16][2]/D
  -------------------------------------------------------------------    -------------------

                         (clock clk_out1_pll rise edge)
                                                      0.000     0.000 r  
    AD12                                              0.000     0.000 r  i_sys_clk_p (IN)
                         net (fo=0)                   0.000     0.000    pll_inst/inst/clk_in1_p
    AD12                 IBUFDS (Prop_ibufds_I_O)     0.470     0.470 r  pll_inst/inst/clkin1_ibufgds/O
                         net (fo=1, routed)           0.554     1.024    pll_inst/inst/clk_in1_pll
    PLLE2_ADV_X1Y1       PLLE2_ADV (Prop_plle2_adv_CLKIN1_CLKOUT0)
                                                     -3.524    -2.500 r  pll_inst/inst/plle2_adv_inst/CLKOUT0
                         net (fo=1, routed)           1.027    -1.473    pll_inst/inst/clk_out1_pll
    BUFGCTRL_X0Y1        BUFG (Prop_bufg_I_O)         0.030    -1.443 r  pll_inst/inst/clkout1_buf/O
                         net (fo=353, routed)         0.919    -0.524    twin_controller_inst/CLK
    SLICE_X34Y82         FDCE                                         r  twin_controller_inst/status_buffer_reg[16][2]/C
                         clock pessimism              0.484    -0.041    
                         clock uncertainty            0.206     0.166    
    SLICE_X34Y82         FDCE (Hold_fdce_C_D)         0.040     0.206    twin_controller_inst/status_buffer_reg[16][2]
  -------------------------------------------------------------------
                         required time                         -0.206    
                         arrival time                           0.345    
  -------------------------------------------------------------------
                         slack                                  0.140    

Slack (MET) :             0.143ns  (arrival time - required time)
  Source:                 student_top_inst/bridge_inst/LED_reg[15]/C
                            (rising edge-triggered cell FDRE clocked by clk_out2_pll  {rise@0.000ns fall@3.333ns period=6.667ns})
  Destination:            twin_controller_inst/status_buffer_reg[15][7]/D
                            (rising edge-triggered cell FDCE clocked by clk_out1_pll  {rise@0.000ns fall@10.000ns period=20.000ns})
  Path Group:             clk_out1_pll
  Path Type:              Hold (Min at Fast Process Corner)
  Requirement:            0.000ns  (clk_out1_pll rise@0.000ns - clk_out2_pll rise@0.000ns)
  Data Path Delay:        0.706ns  (logic 0.100ns (14.156%)  route 0.606ns (85.844%))
  Logic Levels:           0  
  Clock Path Skew:        0.310ns (DCD - SCD - CPR)
    Destination Clock Delay (DCD):    -0.532ns
    Source Clock Delay      (SCD):    -0.359ns
    Clock Pessimism Removal (CPR):    -0.484ns
  Clock Uncertainty:      0.206ns  ((TSJ^2 + DJ^2)^1/2) / 2 + PE
    Total System Jitter     (TSJ):    0.071ns
    Discrete Jitter          (DJ):    0.157ns
    Phase Error              (PE):    0.120ns

    Location             Delay type                Incr(ns)  Path(ns)    Netlist Resource(s)
  -------------------------------------------------------------------    -------------------
                         (clock clk_out2_pll rise edge)
                                                      0.000     0.000 r  
    AD12                                              0.000     0.000 r  i_sys_clk_p (IN)
                         net (fo=0)                   0.000     0.000    pll_inst/inst/clk_in1_p
    AD12                 IBUFDS (Prop_ibufds_I_O)     0.388     0.388 r  pll_inst/inst/clkin1_ibufgds/O
                         net (fo=1, routed)           0.503     0.891    pll_inst/inst/clk_in1_pll
    PLLE2_ADV_X1Y1       PLLE2_ADV (Prop_plle2_adv_CLKIN1_CLKOUT1)
                                                     -2.908    -2.017 r  pll_inst/inst/plle2_adv_inst/CLKOUT1
                         net (fo=1, routed)           0.958    -1.059    pll_inst/inst/clk_out2_pll
    BUFGCTRL_X0Y0        BUFG (Prop_bufg_I_O)         0.026    -1.033 r  pll_inst/inst/clkout2_buf/O
                         net (fo=1649, routed)        0.674    -0.359    student_top_inst/bridge_inst/clk_out2
    SLICE_X44Y80         FDRE                                         r  student_top_inst/bridge_inst/LED_reg[15]/C
  -------------------------------------------------------------------    -------------------
    SLICE_X44Y80         FDRE (Prop_fdre_C_Q)         0.100    -0.259 r  student_top_inst/bridge_inst/LED_reg[15]/Q
                         net (fo=1, routed)           0.606     0.348    twin_controller_inst/virtual_led_OBUF[15]
    SLICE_X43Y80         FDCE                                         r  twin_controller_inst/status_buffer_reg[15][7]/D
  -------------------------------------------------------------------    -------------------

                         (clock clk_out1_pll rise edge)
                                                      0.000     0.000 r  
    AD12                                              0.000     0.000 r  i_sys_clk_p (IN)
                         net (fo=0)                   0.000     0.000    pll_inst/inst/clk_in1_p
    AD12                 IBUFDS (Prop_ibufds_I_O)     0.470     0.470 r  pll_inst/inst/clkin1_ibufgds/O
                         net (fo=1, routed)           0.554     1.024    pll_inst/inst/clk_in1_pll
    PLLE2_ADV_X1Y1       PLLE2_ADV (Prop_plle2_adv_CLKIN1_CLKOUT0)
                                                     -3.524    -2.500 r  pll_inst/inst/plle2_adv_inst/CLKOUT0
                         net (fo=1, routed)           1.027    -1.473    pll_inst/inst/clk_out1_pll
    BUFGCTRL_X0Y1        BUFG (Prop_bufg_I_O)         0.030    -1.443 r  pll_inst/inst/clkout1_buf/O
                         net (fo=353, routed)         0.911    -0.532    twin_controller_inst/CLK
    SLICE_X43Y80         FDCE                                         r  twin_controller_inst/status_buffer_reg[15][7]/C
                         clock pessimism              0.484    -0.049    
                         clock uncertainty            0.206     0.158    
    SLICE_X43Y80         FDCE (Hold_fdce_C_D)         0.047     0.205    twin_controller_inst/status_buffer_reg[15][7]
  -------------------------------------------------------------------
                         required time                         -0.205    
                         arrival time                           0.348    
  -------------------------------------------------------------------
                         slack                                  0.143    

Slack (MET) :             0.145ns  (arrival time - required time)
  Source:                 student_top_inst/bridge_inst/LED_reg[5]/C
                            (rising edge-triggered cell FDRE clocked by clk_out2_pll  {rise@0.000ns fall@3.333ns period=6.667ns})
  Destination:            twin_controller_inst/status_buffer_reg[14][5]/D
                            (rising edge-triggered cell FDCE clocked by clk_out1_pll  {rise@0.000ns fall@10.000ns period=20.000ns})
  Path Group:             clk_out1_pll
  Path Type:              Hold (Min at Fast Process Corner)
  Requirement:            0.000ns  (clk_out1_pll rise@0.000ns - clk_out2_pll rise@0.000ns)
  Data Path Delay:        0.711ns  (logic 0.100ns (14.059%)  route 0.611ns (85.941%))
  Logic Levels:           0  
  Clock Path Skew:        0.317ns (DCD - SCD - CPR)
    Destination Clock Delay (DCD):    -0.528ns
    Source Clock Delay      (SCD):    -0.362ns
    Clock Pessimism Removal (CPR):    -0.484ns
  Clock Uncertainty:      0.206ns  ((TSJ^2 + DJ^2)^1/2) / 2 + PE
    Total System Jitter     (TSJ):    0.071ns
    Discrete Jitter          (DJ):    0.157ns
    Phase Error              (PE):    0.120ns

    Location             Delay type                Incr(ns)  Path(ns)    Netlist Resource(s)
  -------------------------------------------------------------------    -------------------
                         (clock clk_out2_pll rise edge)
                                                      0.000     0.000 r  
    AD12                                              0.000     0.000 r  i_sys_clk_p (IN)
                         net (fo=0)                   0.000     0.000    pll_inst/inst/clk_in1_p
    AD12                 IBUFDS (Prop_ibufds_I_O)     0.388     0.388 r  pll_inst/inst/clkin1_ibufgds/O
                         net (fo=1, routed)           0.503     0.891    pll_inst/inst/clk_in1_pll
    PLLE2_ADV_X1Y1       PLLE2_ADV (Prop_plle2_adv_CLKIN1_CLKOUT1)
                                                     -2.908    -2.017 r  pll_inst/inst/plle2_adv_inst/CLKOUT1
                         net (fo=1, routed)           0.958    -1.059    pll_inst/inst/clk_out2_pll
    BUFGCTRL_X0Y0        BUFG (Prop_bufg_I_O)         0.026    -1.033 r  pll_inst/inst/clkout2_buf/O
                         net (fo=1649, routed)        0.671    -0.362    student_top_inst/bridge_inst/clk_out2
    SLICE_X47Y79         FDRE                                         r  student_top_inst/bridge_inst/LED_reg[5]/C
  -------------------------------------------------------------------    -------------------
    SLICE_X47Y79         FDRE (Prop_fdre_C_Q)         0.100    -0.262 r  student_top_inst/bridge_inst/LED_reg[5]/Q
                         net (fo=1, routed)           0.611     0.350    twin_controller_inst/virtual_led_OBUF[5]
    SLICE_X40Y82         FDCE                                         r  twin_controller_inst/status_buffer_reg[14][5]/D
  -------------------------------------------------------------------    -------------------

                         (clock clk_out1_pll rise edge)
                                                      0.000     0.000 r  
    AD12                                              0.000     0.000 r  i_sys_clk_p (IN)
                         net (fo=0)                   0.000     0.000    pll_inst/inst/clk_in1_p
    AD12                 IBUFDS (Prop_ibufds_I_O)     0.470     0.470 r  pll_inst/inst/clkin1_ibufgds/O
                         net (fo=1, routed)           0.554     1.024    pll_inst/inst/clk_in1_pll
    PLLE2_ADV_X1Y1       PLLE2_ADV (Prop_plle2_adv_CLKIN1_CLKOUT0)
                                                     -3.524    -2.500 r  pll_inst/inst/plle2_adv_inst/CLKOUT0
                         net (fo=1, routed)           1.027    -1.473    pll_inst/inst/clk_out1_pll
    BUFGCTRL_X0Y1        BUFG (Prop_bufg_I_O)         0.030    -1.443 r  pll_inst/inst/clkout1_buf/O
                         net (fo=353, routed)         0.915    -0.528    twin_controller_inst/CLK
    SLICE_X40Y82         FDCE                                         r  twin_controller_inst/status_buffer_reg[14][5]/C
                         clock pessimism              0.484    -0.045    
                         clock uncertainty            0.206     0.162    
    SLICE_X40Y82         FDCE (Hold_fdce_C_D)         0.043     0.205    twin_controller_inst/status_buffer_reg[14][5]
  -------------------------------------------------------------------
                         required time                         -0.205    
                         arrival time                           0.350    
  -------------------------------------------------------------------
                         slack                                  0.145    

Slack (MET) :             0.146ns  (arrival time - required time)
  Source:                 student_top_inst/bridge_inst/LED_reg[11]/C
                            (rising edge-triggered cell FDRE clocked by clk_out2_pll  {rise@0.000ns fall@3.333ns period=6.667ns})
  Destination:            twin_controller_inst/status_buffer_reg[15][3]/D
                            (rising edge-triggered cell FDCE clocked by clk_out1_pll  {rise@0.000ns fall@10.000ns period=20.000ns})
  Path Group:             clk_out1_pll
  Path Type:              Hold (Min at Fast Process Corner)
  Requirement:            0.000ns  (clk_out1_pll rise@0.000ns - clk_out2_pll rise@0.000ns)
  Data Path Delay:        0.723ns  (logic 0.100ns (13.836%)  route 0.623ns (86.164%))
  Logic Levels:           0  
  Clock Path Skew:        0.312ns (DCD - SCD - CPR)
    Destination Clock Delay (DCD):    -0.531ns
    Source Clock Delay      (SCD):    -0.360ns
    Clock Pessimism Removal (CPR):    -0.484ns
  Clock Uncertainty:      0.206ns  ((TSJ^2 + DJ^2)^1/2) / 2 + PE
    Total System Jitter     (TSJ):    0.071ns
    Discrete Jitter          (DJ):    0.157ns
    Phase Error              (PE):    0.120ns

    Location             Delay type                Incr(ns)  Path(ns)    Netlist Resource(s)
  -------------------------------------------------------------------    -------------------
                         (clock clk_out2_pll rise edge)
                                                      0.000     0.000 r  
    AD12                                              0.000     0.000 r  i_sys_clk_p (IN)
                         net (fo=0)                   0.000     0.000    pll_inst/inst/clk_in1_p
    AD12                 IBUFDS (Prop_ibufds_I_O)     0.388     0.388 r  pll_inst/inst/clkin1_ibufgds/O
                         net (fo=1, routed)           0.503     0.891    pll_inst/inst/clk_in1_pll
    PLLE2_ADV_X1Y1       PLLE2_ADV (Prop_plle2_adv_CLKIN1_CLKOUT1)
                                                     -2.908    -2.017 r  pll_inst/inst/plle2_adv_inst/CLKOUT1
                         net (fo=1, routed)           0.958    -1.059    pll_inst/inst/clk_out2_pll
    BUFGCTRL_X0Y0        BUFG (Prop_bufg_I_O)         0.026    -1.033 r  pll_inst/inst/clkout2_buf/O
                         net (fo=1649, routed)        0.673    -0.360    student_top_inst/bridge_inst/clk_out2
    SLICE_X44Y79         FDRE                                         r  student_top_inst/bridge_inst/LED_reg[11]/C
  -------------------------------------------------------------------    -------------------
    SLICE_X44Y79         FDRE (Prop_fdre_C_Q)         0.100    -0.260 r  student_top_inst/bridge_inst/LED_reg[11]/Q
                         net (fo=1, routed)           0.623     0.363    twin_controller_inst/virtual_led_OBUF[11]
    SLICE_X46Y83         FDCE                                         r  twin_controller_inst/status_buffer_reg[15][3]/D
  -------------------------------------------------------------------    -------------------

                         (clock clk_out1_pll rise edge)
                                                      0.000     0.000 r  
    AD12                                              0.000     0.000 r  i_sys_clk_p (IN)
                         net (fo=0)                   0.000     0.000    pll_inst/inst/clk_in1_p
    AD12                 IBUFDS (Prop_ibufds_I_O)     0.470     0.470 r  pll_inst/inst/clkin1_ibufgds/O
                         net (fo=1, routed)           0.554     1.024    pll_inst/inst/clk_in1_pll
    PLLE2_ADV_X1Y1       PLLE2_ADV (Prop_plle2_adv_CLKIN1_CLKOUT0)
                                                     -3.524    -2.500 r  pll_inst/inst/plle2_adv_inst/CLKOUT0
                         net (fo=1, routed)           1.027    -1.473    pll_inst/inst/clk_out1_pll
    BUFGCTRL_X0Y1        BUFG (Prop_bufg_I_O)         0.030    -1.443 r  pll_inst/inst/clkout1_buf/O
                         net (fo=353, routed)         0.912    -0.531    twin_controller_inst/CLK
    SLICE_X46Y83         FDCE                                         r  twin_controller_inst/status_buffer_reg[15][3]/C
                         clock pessimism              0.484    -0.048    
                         clock uncertainty            0.206     0.159    
    SLICE_X46Y83         FDCE (Hold_fdce_C_D)         0.059     0.218    twin_controller_inst/status_buffer_reg[15][3]
  -------------------------------------------------------------------
                         required time                         -0.218    
                         arrival time                           0.363    
  -------------------------------------------------------------------
                         slack                                  0.146    





---------------------------------------------------------------------------------------------------
From Clock:  clk_out1_pll
  To Clock:  clk_out2_pll

Setup :            0  Failing Endpoints,  Worst Slack        2.447ns,  Total Violation        0.000ns
Hold  :            0  Failing Endpoints,  Worst Slack        0.156ns,  Total Violation        0.000ns
---------------------------------------------------------------------------------------------------


Max Delay Paths
--------------------------------------------------------------------------------------
Slack (MET) :             2.447ns  (required time - arrival time)
  Source:                 twin_controller_inst/sw_reg[7]/C
                            (rising edge-triggered cell FDCE clocked by clk_out1_pll  {rise@0.000ns fall@10.000ns period=20.000ns})
  Destination:            student_top_inst/Core_cpu/SegReg_LS_WB_inst/rf_wdata_wb_reg[14]/D
                            (rising edge-triggered cell FDRE clocked by clk_out2_pll  {rise@0.000ns fall@3.333ns period=6.667ns})
  Path Group:             clk_out2_pll
  Path Type:              Setup (Max at Slow Process Corner)
  Requirement:            6.667ns  (clk_out2_pll rise@6.667ns - clk_out1_pll rise@0.000ns)
  Data Path Delay:        3.755ns  (logic 0.517ns (13.770%)  route 3.238ns (86.230%))
  Logic Levels:           6  (LUT3=1 LUT5=2 LUT6=3)
  Clock Path Skew:        -0.325ns (DCD - SCD + CPR)
    Destination Clock Delay (DCD):    -1.943ns = ( 4.724 - 6.667 ) 
    Source Clock Delay      (SCD):    -2.215ns
    Clock Pessimism Removal (CPR):    -0.598ns
  Clock Uncertainty:      0.206ns  ((TSJ^2 + DJ^2)^1/2) / 2 + PE
    Total System Jitter     (TSJ):    0.071ns
    Discrete Jitter          (DJ):    0.157ns
    Phase Error              (PE):    0.120ns

    Location             Delay type                Incr(ns)  Path(ns)    Netlist Resource(s)
  -------------------------------------------------------------------    -------------------
                         (clock clk_out1_pll rise edge)
                                                      0.000     0.000 r  
    AD12                                              0.000     0.000 r  i_sys_clk_p (IN)
                         net (fo=0)                   0.000     0.000    pll_inst/inst/clk_in1_p
    AD12                 IBUFDS (Prop_ibufds_I_O)     0.906     0.906 r  pll_inst/inst/clkin1_ibufgds/O
                         net (fo=1, routed)           1.098     2.004    pll_inst/inst/clk_in1_pll
    PLLE2_ADV_X1Y1       PLLE2_ADV (Prop_plle2_adv_CLKIN1_CLKOUT0)
                                                     -8.058    -6.054 r  pll_inst/inst/plle2_adv_inst/CLKOUT0
                         net (fo=1, routed)           2.128    -3.926    pll_inst/inst/clk_out1_pll
    BUFGCTRL_X0Y1        BUFG (Prop_bufg_I_O)         0.093    -3.833 r  pll_inst/inst/clkout1_buf/O
                         net (fo=353, routed)         1.618    -2.215    twin_controller_inst/CLK
    SLICE_X42Y81         FDCE                                         r  twin_controller_inst/sw_reg[7]/C
  -------------------------------------------------------------------    -------------------
    SLICE_X42Y81         FDCE (Prop_fdce_C_Q)         0.259    -1.956 r  twin_controller_inst/sw_reg[7]/Q
                         net (fo=3, routed)           0.633    -1.324    twin_controller_inst/virtual_sw[7]
    SLICE_X44Y82         LUT6 (Prop_lut6_I0_O)        0.043    -1.281 f  twin_controller_inst/rf_wdata_wb[7]_i_8/O
                         net (fo=1, routed)           0.372    -0.908    student_top_inst/bridge_inst/rf_wdata_wb[7]_i_3
    SLICE_X48Y79         LUT5 (Prop_lut5_I4_O)        0.043    -0.865 r  student_top_inst/bridge_inst/rf_wdata_wb[7]_i_6/O
                         net (fo=1, routed)           1.141     0.275    student_top_inst/bridge_inst/counter_inst/rf_wdata_wb[7]_i_2
    SLICE_X65Y58         LUT5 (Prop_lut5_I1_O)        0.043     0.318 r  student_top_inst/bridge_inst/counter_inst/rf_wdata_wb[7]_i_3/O
                         net (fo=3, routed)           0.511     0.829    student_top_inst/bridge_inst/dram_driver_inst/rf_wdata_wb_reg[0]_0[0]
    SLICE_X56Y58         LUT6 (Prop_lut6_I1_O)        0.043     0.872 r  student_top_inst/bridge_inst/dram_driver_inst/rf_wdata_wb[31]_i_5/O
                         net (fo=2, routed)           0.116     0.988    student_top_inst/Core_cpu/SegReg_EX_LS_inst/rf_wdata_wb_reg[15]
    SLICE_X56Y58         LUT3 (Prop_lut3_I2_O)        0.043     1.031 f  student_top_inst/Core_cpu/SegReg_EX_LS_inst/rf_wdata_wb[15]_i_2/O
                         net (fo=8, routed)           0.465     1.496    student_top_inst/Core_cpu/SegReg_EX_LS_inst_n_94
    SLICE_X62Y58         LUT6 (Prop_lut6_I0_O)        0.043     1.539 r  student_top_inst/Core_cpu/rf_wdata_wb[14]_i_1/O
                         net (fo=1, routed)           0.000     1.539    student_top_inst/Core_cpu/SegReg_LS_WB_inst/D[14]
    SLICE_X62Y58         FDRE                                         r  student_top_inst/Core_cpu/SegReg_LS_WB_inst/rf_wdata_wb_reg[14]/D
  -------------------------------------------------------------------    -------------------

                         (clock clk_out2_pll rise edge)
                                                      6.667     6.667 r  
    AD12                                              0.000     6.667 r  i_sys_clk_p (IN)
                         net (fo=0)                   0.000     6.667    pll_inst/inst/clk_in1_p
    AD12                 IBUFDS (Prop_ibufds_I_O)     0.803     7.470 r  pll_inst/inst/clkin1_ibufgds/O
                         net (fo=1, routed)           1.001     8.471    pll_inst/inst/clk_in1_pll
    PLLE2_ADV_X1Y1       PLLE2_ADV (Prop_plle2_adv_CLKIN1_CLKOUT1)
                                                     -7.261     1.210 r  pll_inst/inst/plle2_adv_inst/CLKOUT1
                         net (fo=1, routed)           2.003     3.213    pll_inst/inst/clk_out2_pll
    BUFGCTRL_X0Y0        BUFG (Prop_bufg_I_O)         0.083     3.296 r  pll_inst/inst/clkout2_buf/O
                         net (fo=1649, routed)        1.428     4.724    student_top_inst/Core_cpu/SegReg_LS_WB_inst/clk_out2
    SLICE_X62Y58         FDRE                                         r  student_top_inst/Core_cpu/SegReg_LS_WB_inst/rf_wdata_wb_reg[14]/C
                         clock pessimism             -0.598     4.126    
                         clock uncertainty           -0.206     3.920    
    SLICE_X62Y58         FDRE (Setup_fdre_C_D)        0.066     3.986    student_top_inst/Core_cpu/SegReg_LS_WB_inst/rf_wdata_wb_reg[14]
  -------------------------------------------------------------------
                         required time                          3.986    
                         arrival time                          -1.539    
  -------------------------------------------------------------------
                         slack                                  2.447    

Slack (MET) :             2.451ns  (required time - arrival time)
  Source:                 twin_controller_inst/sw_reg[7]/C
                            (rising edge-triggered cell FDCE clocked by clk_out1_pll  {rise@0.000ns fall@10.000ns period=20.000ns})
  Destination:            student_top_inst/Core_cpu/SegReg_LS_WB_inst/rf_wdata_wb_reg[17]/D
                            (rising edge-triggered cell FDRE clocked by clk_out2_pll  {rise@0.000ns fall@3.333ns period=6.667ns})
  Path Group:             clk_out2_pll
  Path Type:              Setup (Max at Slow Process Corner)
  Requirement:            6.667ns  (clk_out2_pll rise@6.667ns - clk_out1_pll rise@0.000ns)
  Data Path Delay:        3.752ns  (logic 0.517ns (13.780%)  route 3.235ns (86.220%))
  Logic Levels:           6  (LUT5=4 LUT6=2)
  Clock Path Skew:        -0.323ns (DCD - SCD + CPR)
    Destination Clock Delay (DCD):    -1.941ns = ( 4.726 - 6.667 ) 
    Source Clock Delay      (SCD):    -2.215ns
    Clock Pessimism Removal (CPR):    -0.598ns
  Clock Uncertainty:      0.206ns  ((TSJ^2 + DJ^2)^1/2) / 2 + PE
    Total System Jitter     (TSJ):    0.071ns
    Discrete Jitter          (DJ):    0.157ns
    Phase Error              (PE):    0.120ns

    Location             Delay type                Incr(ns)  Path(ns)    Netlist Resource(s)
  -------------------------------------------------------------------    -------------------
                         (clock clk_out1_pll rise edge)
                                                      0.000     0.000 r  
    AD12                                              0.000     0.000 r  i_sys_clk_p (IN)
                         net (fo=0)                   0.000     0.000    pll_inst/inst/clk_in1_p
    AD12                 IBUFDS (Prop_ibufds_I_O)     0.906     0.906 r  pll_inst/inst/clkin1_ibufgds/O
                         net (fo=1, routed)           1.098     2.004    pll_inst/inst/clk_in1_pll
    PLLE2_ADV_X1Y1       PLLE2_ADV (Prop_plle2_adv_CLKIN1_CLKOUT0)
                                                     -8.058    -6.054 r  pll_inst/inst/plle2_adv_inst/CLKOUT0
                         net (fo=1, routed)           2.128    -3.926    pll_inst/inst/clk_out1_pll
    BUFGCTRL_X0Y1        BUFG (Prop_bufg_I_O)         0.093    -3.833 r  pll_inst/inst/clkout1_buf/O
                         net (fo=353, routed)         1.618    -2.215    twin_controller_inst/CLK
    SLICE_X42Y81         FDCE                                         r  twin_controller_inst/sw_reg[7]/C
  -------------------------------------------------------------------    -------------------
    SLICE_X42Y81         FDCE (Prop_fdce_C_Q)         0.259    -1.956 r  twin_controller_inst/sw_reg[7]/Q
                         net (fo=3, routed)           0.633    -1.324    twin_controller_inst/virtual_sw[7]
    SLICE_X44Y82         LUT6 (Prop_lut6_I0_O)        0.043    -1.281 f  twin_controller_inst/rf_wdata_wb[7]_i_8/O
                         net (fo=1, routed)           0.372    -0.908    student_top_inst/bridge_inst/rf_wdata_wb[7]_i_3
    SLICE_X48Y79         LUT5 (Prop_lut5_I4_O)        0.043    -0.865 r  student_top_inst/bridge_inst/rf_wdata_wb[7]_i_6/O
                         net (fo=1, routed)           1.141     0.275    student_top_inst/bridge_inst/counter_inst/rf_wdata_wb[7]_i_2
    SLICE_X65Y58         LUT5 (Prop_lut5_I1_O)        0.043     0.318 r  student_top_inst/bridge_inst/counter_inst/rf_wdata_wb[7]_i_3/O
                         net (fo=3, routed)           0.511     0.829    student_top_inst/bridge_inst/dram_driver_inst/rf_wdata_wb_reg[0]_0[0]
    SLICE_X56Y58         LUT6 (Prop_lut6_I1_O)        0.043     0.872 r  student_top_inst/bridge_inst/dram_driver_inst/rf_wdata_wb[31]_i_5/O
                         net (fo=2, routed)           0.190     1.062    student_top_inst/Core_cpu/SegReg_EX_LS_inst/rf_wdata_wb_reg[15]
    SLICE_X57Y57         LUT5 (Prop_lut5_I4_O)        0.043     1.105 r  student_top_inst/Core_cpu/SegReg_EX_LS_inst/rf_wdata_wb[31]_i_2/O
                         net (fo=16, routed)          0.388     1.493    student_top_inst/Core_cpu/SegReg_EX_LS_inst_n_43
    SLICE_X56Y57         LUT5 (Prop_lut5_I0_O)        0.043     1.536 r  student_top_inst/Core_cpu/rf_wdata_wb[17]_i_1/O
                         net (fo=1, routed)           0.000     1.536    student_top_inst/Core_cpu/SegReg_LS_WB_inst/D[17]
    SLICE_X56Y57         FDRE                                         r  student_top_inst/Core_cpu/SegReg_LS_WB_inst/rf_wdata_wb_reg[17]/D
  -------------------------------------------------------------------    -------------------

                         (clock clk_out2_pll rise edge)
                                                      6.667     6.667 r  
    AD12                                              0.000     6.667 r  i_sys_clk_p (IN)
                         net (fo=0)                   0.000     6.667    pll_inst/inst/clk_in1_p
    AD12                 IBUFDS (Prop_ibufds_I_O)     0.803     7.470 r  pll_inst/inst/clkin1_ibufgds/O
                         net (fo=1, routed)           1.001     8.471    pll_inst/inst/clk_in1_pll
    PLLE2_ADV_X1Y1       PLLE2_ADV (Prop_plle2_adv_CLKIN1_CLKOUT1)
                                                     -7.261     1.210 r  pll_inst/inst/plle2_adv_inst/CLKOUT1
                         net (fo=1, routed)           2.003     3.213    pll_inst/inst/clk_out2_pll
    BUFGCTRL_X0Y0        BUFG (Prop_bufg_I_O)         0.083     3.296 r  pll_inst/inst/clkout2_buf/O
                         net (fo=1649, routed)        1.430     4.726    student_top_inst/Core_cpu/SegReg_LS_WB_inst/clk_out2
    SLICE_X56Y57         FDRE                                         r  student_top_inst/Core_cpu/SegReg_LS_WB_inst/rf_wdata_wb_reg[17]/C
                         clock pessimism             -0.598     4.128    
                         clock uncertainty           -0.206     3.922    
    SLICE_X56Y57         FDRE (Setup_fdre_C_D)        0.065     3.987    student_top_inst/Core_cpu/SegReg_LS_WB_inst/rf_wdata_wb_reg[17]
  -------------------------------------------------------------------
                         required time                          3.987    
                         arrival time                          -1.536    
  -------------------------------------------------------------------
                         slack                                  2.451    

Slack (MET) :             2.452ns  (required time - arrival time)
  Source:                 twin_controller_inst/sw_reg[7]/C
                            (rising edge-triggered cell FDCE clocked by clk_out1_pll  {rise@0.000ns fall@10.000ns period=20.000ns})
  Destination:            student_top_inst/Core_cpu/SegReg_LS_WB_inst/rf_wdata_wb_reg[28]/D
                            (rising edge-triggered cell FDRE clocked by clk_out2_pll  {rise@0.000ns fall@3.333ns period=6.667ns})
  Path Group:             clk_out2_pll
  Path Type:              Setup (Max at Slow Process Corner)
  Requirement:            6.667ns  (clk_out2_pll rise@6.667ns - clk_out1_pll rise@0.000ns)
  Data Path Delay:        3.719ns  (logic 0.517ns (13.903%)  route 3.202ns (86.097%))
  Logic Levels:           6  (LUT5=4 LUT6=2)
  Clock Path Skew:        -0.323ns (DCD - SCD + CPR)
    Destination Clock Delay (DCD):    -1.941ns = ( 4.726 - 6.667 ) 
    Source Clock Delay      (SCD):    -2.215ns
    Clock Pessimism Removal (CPR):    -0.598ns
  Clock Uncertainty:      0.206ns  ((TSJ^2 + DJ^2)^1/2) / 2 + PE
    Total System Jitter     (TSJ):    0.071ns
    Discrete Jitter          (DJ):    0.157ns
    Phase Error              (PE):    0.120ns

    Location             Delay type                Incr(ns)  Path(ns)    Netlist Resource(s)
  -------------------------------------------------------------------    -------------------
                         (clock clk_out1_pll rise edge)
                                                      0.000     0.000 r  
    AD12                                              0.000     0.000 r  i_sys_clk_p (IN)
                         net (fo=0)                   0.000     0.000    pll_inst/inst/clk_in1_p
    AD12                 IBUFDS (Prop_ibufds_I_O)     0.906     0.906 r  pll_inst/inst/clkin1_ibufgds/O
                         net (fo=1, routed)           1.098     2.004    pll_inst/inst/clk_in1_pll
    PLLE2_ADV_X1Y1       PLLE2_ADV (Prop_plle2_adv_CLKIN1_CLKOUT0)
                                                     -8.058    -6.054 r  pll_inst/inst/plle2_adv_inst/CLKOUT0
                         net (fo=1, routed)           2.128    -3.926    pll_inst/inst/clk_out1_pll
    BUFGCTRL_X0Y1        BUFG (Prop_bufg_I_O)         0.093    -3.833 r  pll_inst/inst/clkout1_buf/O
                         net (fo=353, routed)         1.618    -2.215    twin_controller_inst/CLK
    SLICE_X42Y81         FDCE                                         r  twin_controller_inst/sw_reg[7]/C
  -------------------------------------------------------------------    -------------------
    SLICE_X42Y81         FDCE (Prop_fdce_C_Q)         0.259    -1.956 r  twin_controller_inst/sw_reg[7]/Q
                         net (fo=3, routed)           0.633    -1.324    twin_controller_inst/virtual_sw[7]
    SLICE_X44Y82         LUT6 (Prop_lut6_I0_O)        0.043    -1.281 f  twin_controller_inst/rf_wdata_wb[7]_i_8/O
                         net (fo=1, routed)           0.372    -0.908    student_top_inst/bridge_inst/rf_wdata_wb[7]_i_3
    SLICE_X48Y79         LUT5 (Prop_lut5_I4_O)        0.043    -0.865 r  student_top_inst/bridge_inst/rf_wdata_wb[7]_i_6/O
                         net (fo=1, routed)           1.141     0.275    student_top_inst/bridge_inst/counter_inst/rf_wdata_wb[7]_i_2
    SLICE_X65Y58         LUT5 (Prop_lut5_I1_O)        0.043     0.318 r  student_top_inst/bridge_inst/counter_inst/rf_wdata_wb[7]_i_3/O
                         net (fo=3, routed)           0.511     0.829    student_top_inst/bridge_inst/dram_driver_inst/rf_wdata_wb_reg[0]_0[0]
    SLICE_X56Y58         LUT6 (Prop_lut6_I1_O)        0.043     0.872 r  student_top_inst/bridge_inst/dram_driver_inst/rf_wdata_wb[31]_i_5/O
                         net (fo=2, routed)           0.190     1.062    student_top_inst/Core_cpu/SegReg_EX_LS_inst/rf_wdata_wb_reg[15]
    SLICE_X57Y57         LUT5 (Prop_lut5_I4_O)        0.043     1.105 r  student_top_inst/Core_cpu/SegReg_EX_LS_inst/rf_wdata_wb[31]_i_2/O
                         net (fo=16, routed)          0.355     1.460    student_top_inst/Core_cpu/SegReg_EX_LS_inst_n_43
    SLICE_X57Y56         LUT5 (Prop_lut5_I0_O)        0.043     1.503 r  student_top_inst/Core_cpu/rf_wdata_wb[28]_i_1/O
                         net (fo=1, routed)           0.000     1.503    student_top_inst/Core_cpu/SegReg_LS_WB_inst/D[28]
    SLICE_X57Y56         FDRE                                         r  student_top_inst/Core_cpu/SegReg_LS_WB_inst/rf_wdata_wb_reg[28]/D
  -------------------------------------------------------------------    -------------------

                         (clock clk_out2_pll rise edge)
                                                      6.667     6.667 r  
    AD12                                              0.000     6.667 r  i_sys_clk_p (IN)
                         net (fo=0)                   0.000     6.667    pll_inst/inst/clk_in1_p
    AD12                 IBUFDS (Prop_ibufds_I_O)     0.803     7.470 r  pll_inst/inst/clkin1_ibufgds/O
                         net (fo=1, routed)           1.001     8.471    pll_inst/inst/clk_in1_pll
    PLLE2_ADV_X1Y1       PLLE2_ADV (Prop_plle2_adv_CLKIN1_CLKOUT1)
                                                     -7.261     1.210 r  pll_inst/inst/plle2_adv_inst/CLKOUT1
                         net (fo=1, routed)           2.003     3.213    pll_inst/inst/clk_out2_pll
    BUFGCTRL_X0Y0        BUFG (Prop_bufg_I_O)         0.083     3.296 r  pll_inst/inst/clkout2_buf/O
                         net (fo=1649, routed)        1.430     4.726    student_top_inst/Core_cpu/SegReg_LS_WB_inst/clk_out2
    SLICE_X57Y56         FDRE                                         r  student_top_inst/Core_cpu/SegReg_LS_WB_inst/rf_wdata_wb_reg[28]/C
                         clock pessimism             -0.598     4.128    
                         clock uncertainty           -0.206     3.922    
    SLICE_X57Y56         FDRE (Setup_fdre_C_D)        0.033     3.955    student_top_inst/Core_cpu/SegReg_LS_WB_inst/rf_wdata_wb_reg[28]
  -------------------------------------------------------------------
                         required time                          3.955    
                         arrival time                          -1.503    
  -------------------------------------------------------------------
                         slack                                  2.452    

Slack (MET) :             2.452ns  (required time - arrival time)
  Source:                 twin_controller_inst/sw_reg[7]/C
                            (rising edge-triggered cell FDCE clocked by clk_out1_pll  {rise@0.000ns fall@10.000ns period=20.000ns})
  Destination:            student_top_inst/Core_cpu/SegReg_LS_WB_inst/rf_wdata_wb_reg[12]/D
                            (rising edge-triggered cell FDRE clocked by clk_out2_pll  {rise@0.000ns fall@3.333ns period=6.667ns})
  Path Group:             clk_out2_pll
  Path Type:              Setup (Max at Slow Process Corner)
  Requirement:            6.667ns  (clk_out2_pll rise@6.667ns - clk_out1_pll rise@0.000ns)
  Data Path Delay:        3.716ns  (logic 0.517ns (13.913%)  route 3.199ns (86.087%))
  Logic Levels:           6  (LUT3=1 LUT5=2 LUT6=3)
  Clock Path Skew:        -0.326ns (DCD - SCD + CPR)
    Destination Clock Delay (DCD):    -1.944ns = ( 4.723 - 6.667 ) 
    Source Clock Delay      (SCD):    -2.215ns
    Clock Pessimism Removal (CPR):    -0.598ns
  Clock Uncertainty:      0.206ns  ((TSJ^2 + DJ^2)^1/2) / 2 + PE
    Total System Jitter     (TSJ):    0.071ns
    Discrete Jitter          (DJ):    0.157ns
    Phase Error              (PE):    0.120ns

    Location             Delay type                Incr(ns)  Path(ns)    Netlist Resource(s)
  -------------------------------------------------------------------    -------------------
                         (clock clk_out1_pll rise edge)
                                                      0.000     0.000 r  
    AD12                                              0.000     0.000 r  i_sys_clk_p (IN)
                         net (fo=0)                   0.000     0.000    pll_inst/inst/clk_in1_p
    AD12                 IBUFDS (Prop_ibufds_I_O)     0.906     0.906 r  pll_inst/inst/clkin1_ibufgds/O
                         net (fo=1, routed)           1.098     2.004    pll_inst/inst/clk_in1_pll
    PLLE2_ADV_X1Y1       PLLE2_ADV (Prop_plle2_adv_CLKIN1_CLKOUT0)
                                                     -8.058    -6.054 r  pll_inst/inst/plle2_adv_inst/CLKOUT0
                         net (fo=1, routed)           2.128    -3.926    pll_inst/inst/clk_out1_pll
    BUFGCTRL_X0Y1        BUFG (Prop_bufg_I_O)         0.093    -3.833 r  pll_inst/inst/clkout1_buf/O
                         net (fo=353, routed)         1.618    -2.215    twin_controller_inst/CLK
    SLICE_X42Y81         FDCE                                         r  twin_controller_inst/sw_reg[7]/C
  -------------------------------------------------------------------    -------------------
    SLICE_X42Y81         FDCE (Prop_fdce_C_Q)         0.259    -1.956 r  twin_controller_inst/sw_reg[7]/Q
                         net (fo=3, routed)           0.633    -1.324    twin_controller_inst/virtual_sw[7]
    SLICE_X44Y82         LUT6 (Prop_lut6_I0_O)        0.043    -1.281 f  twin_controller_inst/rf_wdata_wb[7]_i_8/O
                         net (fo=1, routed)           0.372    -0.908    student_top_inst/bridge_inst/rf_wdata_wb[7]_i_3
    SLICE_X48Y79         LUT5 (Prop_lut5_I4_O)        0.043    -0.865 r  student_top_inst/bridge_inst/rf_wdata_wb[7]_i_6/O
                         net (fo=1, routed)           1.141     0.275    student_top_inst/bridge_inst/counter_inst/rf_wdata_wb[7]_i_2
    SLICE_X65Y58         LUT5 (Prop_lut5_I1_O)        0.043     0.318 r  student_top_inst/bridge_inst/counter_inst/rf_wdata_wb[7]_i_3/O
                         net (fo=3, routed)           0.511     0.829    student_top_inst/bridge_inst/dram_driver_inst/rf_wdata_wb_reg[0]_0[0]
    SLICE_X56Y58         LUT6 (Prop_lut6_I1_O)        0.043     0.872 r  student_top_inst/bridge_inst/dram_driver_inst/rf_wdata_wb[31]_i_5/O
                         net (fo=2, routed)           0.116     0.988    student_top_inst/Core_cpu/SegReg_EX_LS_inst/rf_wdata_wb_reg[15]
    SLICE_X56Y58         LUT3 (Prop_lut3_I2_O)        0.043     1.031 f  student_top_inst/Core_cpu/SegReg_EX_LS_inst/rf_wdata_wb[15]_i_2/O
                         net (fo=8, routed)           0.426     1.458    student_top_inst/Core_cpu/SegReg_EX_LS_inst_n_94
    SLICE_X57Y61         LUT6 (Prop_lut6_I0_O)        0.043     1.501 r  student_top_inst/Core_cpu/rf_wdata_wb[12]_i_1/O
                         net (fo=1, routed)           0.000     1.501    student_top_inst/Core_cpu/SegReg_LS_WB_inst/D[12]
    SLICE_X57Y61         FDRE                                         r  student_top_inst/Core_cpu/SegReg_LS_WB_inst/rf_wdata_wb_reg[12]/D
  -------------------------------------------------------------------    -------------------

                         (clock clk_out2_pll rise edge)
                                                      6.667     6.667 r  
    AD12                                              0.000     6.667 r  i_sys_clk_p (IN)
                         net (fo=0)                   0.000     6.667    pll_inst/inst/clk_in1_p
    AD12                 IBUFDS (Prop_ibufds_I_O)     0.803     7.470 r  pll_inst/inst/clkin1_ibufgds/O
                         net (fo=1, routed)           1.001     8.471    pll_inst/inst/clk_in1_pll
    PLLE2_ADV_X1Y1       PLLE2_ADV (Prop_plle2_adv_CLKIN1_CLKOUT1)
                                                     -7.261     1.210 r  pll_inst/inst/plle2_adv_inst/CLKOUT1
                         net (fo=1, routed)           2.003     3.213    pll_inst/inst/clk_out2_pll
    BUFGCTRL_X0Y0        BUFG (Prop_bufg_I_O)         0.083     3.296 r  pll_inst/inst/clkout2_buf/O
                         net (fo=1649, routed)        1.427     4.723    student_top_inst/Core_cpu/SegReg_LS_WB_inst/clk_out2
    SLICE_X57Y61         FDRE                                         r  student_top_inst/Core_cpu/SegReg_LS_WB_inst/rf_wdata_wb_reg[12]/C
                         clock pessimism             -0.598     4.125    
                         clock uncertainty           -0.206     3.919    
    SLICE_X57Y61         FDRE (Setup_fdre_C_D)        0.034     3.953    student_top_inst/Core_cpu/SegReg_LS_WB_inst/rf_wdata_wb_reg[12]
  -------------------------------------------------------------------
                         required time                          3.953    
                         arrival time                          -1.501    
  -------------------------------------------------------------------
                         slack                                  2.452    

Slack (MET) :             2.467ns  (required time - arrival time)
  Source:                 twin_controller_inst/sw_reg[7]/C
                            (rising edge-triggered cell FDCE clocked by clk_out1_pll  {rise@0.000ns fall@10.000ns period=20.000ns})
  Destination:            student_top_inst/Core_cpu/SegReg_LS_WB_inst/rf_wdata_wb_reg[24]/D
                            (rising edge-triggered cell FDRE clocked by clk_out2_pll  {rise@0.000ns fall@3.333ns period=6.667ns})
  Path Group:             clk_out2_pll
  Path Type:              Setup (Max at Slow Process Corner)
  Requirement:            6.667ns  (clk_out2_pll rise@6.667ns - clk_out1_pll rise@0.000ns)
  Data Path Delay:        3.735ns  (logic 0.517ns (13.844%)  route 3.218ns (86.156%))
  Logic Levels:           6  (LUT5=4 LUT6=2)
  Clock Path Skew:        -0.323ns (DCD - SCD + CPR)
    Destination Clock Delay (DCD):    -1.941ns = ( 4.726 - 6.667 ) 
    Source Clock Delay      (SCD):    -2.215ns
    Clock Pessimism Removal (CPR):    -0.598ns
  Clock Uncertainty:      0.206ns  ((TSJ^2 + DJ^2)^1/2) / 2 + PE
    Total System Jitter     (TSJ):    0.071ns
    Discrete Jitter          (DJ):    0.157ns
    Phase Error              (PE):    0.120ns

    Location             Delay type                Incr(ns)  Path(ns)    Netlist Resource(s)
  -------------------------------------------------------------------    -------------------
                         (clock clk_out1_pll rise edge)
                                                      0.000     0.000 r  
    AD12                                              0.000     0.000 r  i_sys_clk_p (IN)
                         net (fo=0)                   0.000     0.000    pll_inst/inst/clk_in1_p
    AD12                 IBUFDS (Prop_ibufds_I_O)     0.906     0.906 r  pll_inst/inst/clkin1_ibufgds/O
                         net (fo=1, routed)           1.098     2.004    pll_inst/inst/clk_in1_pll
    PLLE2_ADV_X1Y1       PLLE2_ADV (Prop_plle2_adv_CLKIN1_CLKOUT0)
                                                     -8.058    -6.054 r  pll_inst/inst/plle2_adv_inst/CLKOUT0
                         net (fo=1, routed)           2.128    -3.926    pll_inst/inst/clk_out1_pll
    BUFGCTRL_X0Y1        BUFG (Prop_bufg_I_O)         0.093    -3.833 r  pll_inst/inst/clkout1_buf/O
                         net (fo=353, routed)         1.618    -2.215    twin_controller_inst/CLK
    SLICE_X42Y81         FDCE                                         r  twin_controller_inst/sw_reg[7]/C
  -------------------------------------------------------------------    -------------------
    SLICE_X42Y81         FDCE (Prop_fdce_C_Q)         0.259    -1.956 r  twin_controller_inst/sw_reg[7]/Q
                         net (fo=3, routed)           0.633    -1.324    twin_controller_inst/virtual_sw[7]
    SLICE_X44Y82         LUT6 (Prop_lut6_I0_O)        0.043    -1.281 f  twin_controller_inst/rf_wdata_wb[7]_i_8/O
                         net (fo=1, routed)           0.372    -0.908    student_top_inst/bridge_inst/rf_wdata_wb[7]_i_3
    SLICE_X48Y79         LUT5 (Prop_lut5_I4_O)        0.043    -0.865 r  student_top_inst/bridge_inst/rf_wdata_wb[7]_i_6/O
                         net (fo=1, routed)           1.141     0.275    student_top_inst/bridge_inst/counter_inst/rf_wdata_wb[7]_i_2
    SLICE_X65Y58         LUT5 (Prop_lut5_I1_O)        0.043     0.318 r  student_top_inst/bridge_inst/counter_inst/rf_wdata_wb[7]_i_3/O
                         net (fo=3, routed)           0.511     0.829    student_top_inst/bridge_inst/dram_driver_inst/rf_wdata_wb_reg[0]_0[0]
    SLICE_X56Y58         LUT6 (Prop_lut6_I1_O)        0.043     0.872 r  student_top_inst/bridge_inst/dram_driver_inst/rf_wdata_wb[31]_i_5/O
                         net (fo=2, routed)           0.190     1.062    student_top_inst/Core_cpu/SegReg_EX_LS_inst/rf_wdata_wb_reg[15]
    SLICE_X57Y57         LUT5 (Prop_lut5_I4_O)        0.043     1.105 r  student_top_inst/Core_cpu/SegReg_EX_LS_inst/rf_wdata_wb[31]_i_2/O
                         net (fo=16, routed)          0.371     1.476    student_top_inst/Core_cpu/SegReg_EX_LS_inst_n_43
    SLICE_X56Y56         LUT5 (Prop_lut5_I0_O)        0.043     1.519 r  student_top_inst/Core_cpu/rf_wdata_wb[24]_i_1/O
                         net (fo=1, routed)           0.000     1.519    student_top_inst/Core_cpu/SegReg_LS_WB_inst/D[24]
    SLICE_X56Y56         FDRE                                         r  student_top_inst/Core_cpu/SegReg_LS_WB_inst/rf_wdata_wb_reg[24]/D
  -------------------------------------------------------------------    -------------------

                         (clock clk_out2_pll rise edge)
                                                      6.667     6.667 r  
    AD12                                              0.000     6.667 r  i_sys_clk_p (IN)
                         net (fo=0)                   0.000     6.667    pll_inst/inst/clk_in1_p
    AD12                 IBUFDS (Prop_ibufds_I_O)     0.803     7.470 r  pll_inst/inst/clkin1_ibufgds/O
                         net (fo=1, routed)           1.001     8.471    pll_inst/inst/clk_in1_pll
    PLLE2_ADV_X1Y1       PLLE2_ADV (Prop_plle2_adv_CLKIN1_CLKOUT1)
                                                     -7.261     1.210 r  pll_inst/inst/plle2_adv_inst/CLKOUT1
                         net (fo=1, routed)           2.003     3.213    pll_inst/inst/clk_out2_pll
    BUFGCTRL_X0Y0        BUFG (Prop_bufg_I_O)         0.083     3.296 r  pll_inst/inst/clkout2_buf/O
                         net (fo=1649, routed)        1.430     4.726    student_top_inst/Core_cpu/SegReg_LS_WB_inst/clk_out2
    SLICE_X56Y56         FDRE                                         r  student_top_inst/Core_cpu/SegReg_LS_WB_inst/rf_wdata_wb_reg[24]/C
                         clock pessimism             -0.598     4.128    
                         clock uncertainty           -0.206     3.922    
    SLICE_X56Y56         FDRE (Setup_fdre_C_D)        0.064     3.986    student_top_inst/Core_cpu/SegReg_LS_WB_inst/rf_wdata_wb_reg[24]
  -------------------------------------------------------------------
                         required time                          3.986    
                         arrival time                          -1.519    
  -------------------------------------------------------------------
                         slack                                  2.467    

Slack (MET) :             2.469ns  (required time - arrival time)
  Source:                 twin_controller_inst/sw_reg[7]/C
                            (rising edge-triggered cell FDCE clocked by clk_out1_pll  {rise@0.000ns fall@10.000ns period=20.000ns})
  Destination:            student_top_inst/Core_cpu/SegReg_LS_WB_inst/rf_wdata_wb_reg[13]/D
                            (rising edge-triggered cell FDRE clocked by clk_out2_pll  {rise@0.000ns fall@3.333ns period=6.667ns})
  Path Group:             clk_out2_pll
  Path Type:              Setup (Max at Slow Process Corner)
  Requirement:            6.667ns  (clk_out2_pll rise@6.667ns - clk_out1_pll rise@0.000ns)
  Data Path Delay:        3.730ns  (logic 0.517ns (13.861%)  route 3.213ns (86.139%))
  Logic Levels:           6  (LUT3=1 LUT5=2 LUT6=3)
  Clock Path Skew:        -0.325ns (DCD - SCD + CPR)
    Destination Clock Delay (DCD):    -1.943ns = ( 4.724 - 6.667 ) 
    Source Clock Delay      (SCD):    -2.215ns
    Clock Pessimism Removal (CPR):    -0.598ns
  Clock Uncertainty:      0.206ns  ((TSJ^2 + DJ^2)^1/2) / 2 + PE
    Total System Jitter     (TSJ):    0.071ns
    Discrete Jitter          (DJ):    0.157ns
    Phase Error              (PE):    0.120ns

    Location             Delay type                Incr(ns)  Path(ns)    Netlist Resource(s)
  -------------------------------------------------------------------    -------------------
                         (clock clk_out1_pll rise edge)
                                                      0.000     0.000 r  
    AD12                                              0.000     0.000 r  i_sys_clk_p (IN)
                         net (fo=0)                   0.000     0.000    pll_inst/inst/clk_in1_p
    AD12                 IBUFDS (Prop_ibufds_I_O)     0.906     0.906 r  pll_inst/inst/clkin1_ibufgds/O
                         net (fo=1, routed)           1.098     2.004    pll_inst/inst/clk_in1_pll
    PLLE2_ADV_X1Y1       PLLE2_ADV (Prop_plle2_adv_CLKIN1_CLKOUT0)
                                                     -8.058    -6.054 r  pll_inst/inst/plle2_adv_inst/CLKOUT0
                         net (fo=1, routed)           2.128    -3.926    pll_inst/inst/clk_out1_pll
    BUFGCTRL_X0Y1        BUFG (Prop_bufg_I_O)         0.093    -3.833 r  pll_inst/inst/clkout1_buf/O
                         net (fo=353, routed)         1.618    -2.215    twin_controller_inst/CLK
    SLICE_X42Y81         FDCE                                         r  twin_controller_inst/sw_reg[7]/C
  -------------------------------------------------------------------    -------------------
    SLICE_X42Y81         FDCE (Prop_fdce_C_Q)         0.259    -1.956 r  twin_controller_inst/sw_reg[7]/Q
                         net (fo=3, routed)           0.633    -1.324    twin_controller_inst/virtual_sw[7]
    SLICE_X44Y82         LUT6 (Prop_lut6_I0_O)        0.043    -1.281 f  twin_controller_inst/rf_wdata_wb[7]_i_8/O
                         net (fo=1, routed)           0.372    -0.908    student_top_inst/bridge_inst/rf_wdata_wb[7]_i_3
    SLICE_X48Y79         LUT5 (Prop_lut5_I4_O)        0.043    -0.865 r  student_top_inst/bridge_inst/rf_wdata_wb[7]_i_6/O
                         net (fo=1, routed)           1.141     0.275    student_top_inst/bridge_inst/counter_inst/rf_wdata_wb[7]_i_2
    SLICE_X65Y58         LUT5 (Prop_lut5_I1_O)        0.043     0.318 r  student_top_inst/bridge_inst/counter_inst/rf_wdata_wb[7]_i_3/O
                         net (fo=3, routed)           0.511     0.829    student_top_inst/bridge_inst/dram_driver_inst/rf_wdata_wb_reg[0]_0[0]
    SLICE_X56Y58         LUT6 (Prop_lut6_I1_O)        0.043     0.872 r  student_top_inst/bridge_inst/dram_driver_inst/rf_wdata_wb[31]_i_5/O
                         net (fo=2, routed)           0.116     0.988    student_top_inst/Core_cpu/SegReg_EX_LS_inst/rf_wdata_wb_reg[15]
    SLICE_X56Y58         LUT3 (Prop_lut3_I2_O)        0.043     1.031 f  student_top_inst/Core_cpu/SegReg_EX_LS_inst/rf_wdata_wb[15]_i_2/O
                         net (fo=8, routed)           0.440     1.472    student_top_inst/Core_cpu/SegReg_EX_LS_inst_n_94
    SLICE_X56Y60         LUT6 (Prop_lut6_I0_O)        0.043     1.515 r  student_top_inst/Core_cpu/rf_wdata_wb[13]_i_1/O
                         net (fo=1, routed)           0.000     1.515    student_top_inst/Core_cpu/SegReg_LS_WB_inst/D[13]
    SLICE_X56Y60         FDRE                                         r  student_top_inst/Core_cpu/SegReg_LS_WB_inst/rf_wdata_wb_reg[13]/D
  -------------------------------------------------------------------    -------------------

                         (clock clk_out2_pll rise edge)
                                                      6.667     6.667 r  
    AD12                                              0.000     6.667 r  i_sys_clk_p (IN)
                         net (fo=0)                   0.000     6.667    pll_inst/inst/clk_in1_p
    AD12                 IBUFDS (Prop_ibufds_I_O)     0.803     7.470 r  pll_inst/inst/clkin1_ibufgds/O
                         net (fo=1, routed)           1.001     8.471    pll_inst/inst/clk_in1_pll
    PLLE2_ADV_X1Y1       PLLE2_ADV (Prop_plle2_adv_CLKIN1_CLKOUT1)
                                                     -7.261     1.210 r  pll_inst/inst/plle2_adv_inst/CLKOUT1
                         net (fo=1, routed)           2.003     3.213    pll_inst/inst/clk_out2_pll
    BUFGCTRL_X0Y0        BUFG (Prop_bufg_I_O)         0.083     3.296 r  pll_inst/inst/clkout2_buf/O
                         net (fo=1649, routed)        1.428     4.724    student_top_inst/Core_cpu/SegReg_LS_WB_inst/clk_out2
    SLICE_X56Y60         FDRE                                         r  student_top_inst/Core_cpu/SegReg_LS_WB_inst/rf_wdata_wb_reg[13]/C
                         clock pessimism             -0.598     4.126    
                         clock uncertainty           -0.206     3.920    
    SLICE_X56Y60         FDRE (Setup_fdre_C_D)        0.064     3.984    student_top_inst/Core_cpu/SegReg_LS_WB_inst/rf_wdata_wb_reg[13]
  -------------------------------------------------------------------
                         required time                          3.984    
                         arrival time                          -1.515    
  -------------------------------------------------------------------
                         slack                                  2.469    

Slack (MET) :             2.470ns  (required time - arrival time)
  Source:                 twin_controller_inst/sw_reg[7]/C
                            (rising edge-triggered cell FDCE clocked by clk_out1_pll  {rise@0.000ns fall@10.000ns period=20.000ns})
  Destination:            student_top_inst/Core_cpu/SegReg_LS_WB_inst/rf_wdata_wb_reg[25]/D
                            (rising edge-triggered cell FDRE clocked by clk_out2_pll  {rise@0.000ns fall@3.333ns period=6.667ns})
  Path Group:             clk_out2_pll
  Path Type:              Setup (Max at Slow Process Corner)
  Requirement:            6.667ns  (clk_out2_pll rise@6.667ns - clk_out1_pll rise@0.000ns)
  Data Path Delay:        3.733ns  (logic 0.517ns (13.851%)  route 3.216ns (86.149%))
  Logic Levels:           6  (LUT5=4 LUT6=2)
  Clock Path Skew:        -0.323ns (DCD - SCD + CPR)
    Destination Clock Delay (DCD):    -1.941ns = ( 4.726 - 6.667 ) 
    Source Clock Delay      (SCD):    -2.215ns
    Clock Pessimism Removal (CPR):    -0.598ns
  Clock Uncertainty:      0.206ns  ((TSJ^2 + DJ^2)^1/2) / 2 + PE
    Total System Jitter     (TSJ):    0.071ns
    Discrete Jitter          (DJ):    0.157ns
    Phase Error              (PE):    0.120ns

    Location             Delay type                Incr(ns)  Path(ns)    Netlist Resource(s)
  -------------------------------------------------------------------    -------------------
                         (clock clk_out1_pll rise edge)
                                                      0.000     0.000 r  
    AD12                                              0.000     0.000 r  i_sys_clk_p (IN)
                         net (fo=0)                   0.000     0.000    pll_inst/inst/clk_in1_p
    AD12                 IBUFDS (Prop_ibufds_I_O)     0.906     0.906 r  pll_inst/inst/clkin1_ibufgds/O
                         net (fo=1, routed)           1.098     2.004    pll_inst/inst/clk_in1_pll
    PLLE2_ADV_X1Y1       PLLE2_ADV (Prop_plle2_adv_CLKIN1_CLKOUT0)
                                                     -8.058    -6.054 r  pll_inst/inst/plle2_adv_inst/CLKOUT0
                         net (fo=1, routed)           2.128    -3.926    pll_inst/inst/clk_out1_pll
    BUFGCTRL_X0Y1        BUFG (Prop_bufg_I_O)         0.093    -3.833 r  pll_inst/inst/clkout1_buf/O
                         net (fo=353, routed)         1.618    -2.215    twin_controller_inst/CLK
    SLICE_X42Y81         FDCE                                         r  twin_controller_inst/sw_reg[7]/C
  -------------------------------------------------------------------    -------------------
    SLICE_X42Y81         FDCE (Prop_fdce_C_Q)         0.259    -1.956 r  twin_controller_inst/sw_reg[7]/Q
                         net (fo=3, routed)           0.633    -1.324    twin_controller_inst/virtual_sw[7]
    SLICE_X44Y82         LUT6 (Prop_lut6_I0_O)        0.043    -1.281 f  twin_controller_inst/rf_wdata_wb[7]_i_8/O
                         net (fo=1, routed)           0.372    -0.908    student_top_inst/bridge_inst/rf_wdata_wb[7]_i_3
    SLICE_X48Y79         LUT5 (Prop_lut5_I4_O)        0.043    -0.865 r  student_top_inst/bridge_inst/rf_wdata_wb[7]_i_6/O
                         net (fo=1, routed)           1.141     0.275    student_top_inst/bridge_inst/counter_inst/rf_wdata_wb[7]_i_2
    SLICE_X65Y58         LUT5 (Prop_lut5_I1_O)        0.043     0.318 r  student_top_inst/bridge_inst/counter_inst/rf_wdata_wb[7]_i_3/O
                         net (fo=3, routed)           0.511     0.829    student_top_inst/bridge_inst/dram_driver_inst/rf_wdata_wb_reg[0]_0[0]
    SLICE_X56Y58         LUT6 (Prop_lut6_I1_O)        0.043     0.872 r  student_top_inst/bridge_inst/dram_driver_inst/rf_wdata_wb[31]_i_5/O
                         net (fo=2, routed)           0.190     1.062    student_top_inst/Core_cpu/SegReg_EX_LS_inst/rf_wdata_wb_reg[15]
    SLICE_X57Y57         LUT5 (Prop_lut5_I4_O)        0.043     1.105 r  student_top_inst/Core_cpu/SegReg_EX_LS_inst/rf_wdata_wb[31]_i_2/O
                         net (fo=16, routed)          0.369     1.474    student_top_inst/Core_cpu/SegReg_EX_LS_inst_n_43
    SLICE_X56Y56         LUT5 (Prop_lut5_I0_O)        0.043     1.517 r  student_top_inst/Core_cpu/rf_wdata_wb[25]_i_1/O
                         net (fo=1, routed)           0.000     1.517    student_top_inst/Core_cpu/SegReg_LS_WB_inst/D[25]
    SLICE_X56Y56         FDRE                                         r  student_top_inst/Core_cpu/SegReg_LS_WB_inst/rf_wdata_wb_reg[25]/D
  -------------------------------------------------------------------    -------------------

                         (clock clk_out2_pll rise edge)
                                                      6.667     6.667 r  
    AD12                                              0.000     6.667 r  i_sys_clk_p (IN)
                         net (fo=0)                   0.000     6.667    pll_inst/inst/clk_in1_p
    AD12                 IBUFDS (Prop_ibufds_I_O)     0.803     7.470 r  pll_inst/inst/clkin1_ibufgds/O
                         net (fo=1, routed)           1.001     8.471    pll_inst/inst/clk_in1_pll
    PLLE2_ADV_X1Y1       PLLE2_ADV (Prop_plle2_adv_CLKIN1_CLKOUT1)
                                                     -7.261     1.210 r  pll_inst/inst/plle2_adv_inst/CLKOUT1
                         net (fo=1, routed)           2.003     3.213    pll_inst/inst/clk_out2_pll
    BUFGCTRL_X0Y0        BUFG (Prop_bufg_I_O)         0.083     3.296 r  pll_inst/inst/clkout2_buf/O
                         net (fo=1649, routed)        1.430     4.726    student_top_inst/Core_cpu/SegReg_LS_WB_inst/clk_out2
    SLICE_X56Y56         FDRE                                         r  student_top_inst/Core_cpu/SegReg_LS_WB_inst/rf_wdata_wb_reg[25]/C
                         clock pessimism             -0.598     4.128    
                         clock uncertainty           -0.206     3.922    
    SLICE_X56Y56         FDRE (Setup_fdre_C_D)        0.065     3.987    student_top_inst/Core_cpu/SegReg_LS_WB_inst/rf_wdata_wb_reg[25]
  -------------------------------------------------------------------
                         required time                          3.987    
                         arrival time                          -1.517    
  -------------------------------------------------------------------
                         slack                                  2.470    

Slack (MET) :             2.493ns  (required time - arrival time)
  Source:                 twin_controller_inst/sw_reg[7]/C
                            (rising edge-triggered cell FDCE clocked by clk_out1_pll  {rise@0.000ns fall@10.000ns period=20.000ns})
  Destination:            student_top_inst/Core_cpu/SegReg_LS_WB_inst/rf_wdata_wb_reg[26]/D
                            (rising edge-triggered cell FDRE clocked by clk_out2_pll  {rise@0.000ns fall@3.333ns period=6.667ns})
  Path Group:             clk_out2_pll
  Path Type:              Setup (Max at Slow Process Corner)
  Requirement:            6.667ns  (clk_out2_pll rise@6.667ns - clk_out1_pll rise@0.000ns)
  Data Path Delay:        3.708ns  (logic 0.517ns (13.944%)  route 3.191ns (86.056%))
  Logic Levels:           6  (LUT5=4 LUT6=2)
  Clock Path Skew:        -0.325ns (DCD - SCD + CPR)
    Destination Clock Delay (DCD):    -1.943ns = ( 4.724 - 6.667 ) 
    Source Clock Delay      (SCD):    -2.215ns
    Clock Pessimism Removal (CPR):    -0.598ns
  Clock Uncertainty:      0.206ns  ((TSJ^2 + DJ^2)^1/2) / 2 + PE
    Total System Jitter     (TSJ):    0.071ns
    Discrete Jitter          (DJ):    0.157ns
    Phase Error              (PE):    0.120ns

    Location             Delay type                Incr(ns)  Path(ns)    Netlist Resource(s)
  -------------------------------------------------------------------    -------------------
                         (clock clk_out1_pll rise edge)
                                                      0.000     0.000 r  
    AD12                                              0.000     0.000 r  i_sys_clk_p (IN)
                         net (fo=0)                   0.000     0.000    pll_inst/inst/clk_in1_p
    AD12                 IBUFDS (Prop_ibufds_I_O)     0.906     0.906 r  pll_inst/inst/clkin1_ibufgds/O
                         net (fo=1, routed)           1.098     2.004    pll_inst/inst/clk_in1_pll
    PLLE2_ADV_X1Y1       PLLE2_ADV (Prop_plle2_adv_CLKIN1_CLKOUT0)
                                                     -8.058    -6.054 r  pll_inst/inst/plle2_adv_inst/CLKOUT0
                         net (fo=1, routed)           2.128    -3.926    pll_inst/inst/clk_out1_pll
    BUFGCTRL_X0Y1        BUFG (Prop_bufg_I_O)         0.093    -3.833 r  pll_inst/inst/clkout1_buf/O
                         net (fo=353, routed)         1.618    -2.215    twin_controller_inst/CLK
    SLICE_X42Y81         FDCE                                         r  twin_controller_inst/sw_reg[7]/C
  -------------------------------------------------------------------    -------------------
    SLICE_X42Y81         FDCE (Prop_fdce_C_Q)         0.259    -1.956 r  twin_controller_inst/sw_reg[7]/Q
                         net (fo=3, routed)           0.633    -1.324    twin_controller_inst/virtual_sw[7]
    SLICE_X44Y82         LUT6 (Prop_lut6_I0_O)        0.043    -1.281 f  twin_controller_inst/rf_wdata_wb[7]_i_8/O
                         net (fo=1, routed)           0.372    -0.908    student_top_inst/bridge_inst/rf_wdata_wb[7]_i_3
    SLICE_X48Y79         LUT5 (Prop_lut5_I4_O)        0.043    -0.865 r  student_top_inst/bridge_inst/rf_wdata_wb[7]_i_6/O
                         net (fo=1, routed)           1.141     0.275    student_top_inst/bridge_inst/counter_inst/rf_wdata_wb[7]_i_2
    SLICE_X65Y58         LUT5 (Prop_lut5_I1_O)        0.043     0.318 r  student_top_inst/bridge_inst/counter_inst/rf_wdata_wb[7]_i_3/O
                         net (fo=3, routed)           0.511     0.829    student_top_inst/bridge_inst/dram_driver_inst/rf_wdata_wb_reg[0]_0[0]
    SLICE_X56Y58         LUT6 (Prop_lut6_I1_O)        0.043     0.872 r  student_top_inst/bridge_inst/dram_driver_inst/rf_wdata_wb[31]_i_5/O
                         net (fo=2, routed)           0.190     1.062    student_top_inst/Core_cpu/SegReg_EX_LS_inst/rf_wdata_wb_reg[15]
    SLICE_X57Y57         LUT5 (Prop_lut5_I4_O)        0.043     1.105 r  student_top_inst/Core_cpu/SegReg_EX_LS_inst/rf_wdata_wb[31]_i_2/O
                         net (fo=16, routed)          0.344     1.449    student_top_inst/Core_cpu/SegReg_EX_LS_inst_n_43
    SLICE_X56Y60         LUT5 (Prop_lut5_I0_O)        0.043     1.492 r  student_top_inst/Core_cpu/rf_wdata_wb[26]_i_1/O
                         net (fo=1, routed)           0.000     1.492    student_top_inst/Core_cpu/SegReg_LS_WB_inst/D[26]
    SLICE_X56Y60         FDRE                                         r  student_top_inst/Core_cpu/SegReg_LS_WB_inst/rf_wdata_wb_reg[26]/D
  -------------------------------------------------------------------    -------------------

                         (clock clk_out2_pll rise edge)
                                                      6.667     6.667 r  
    AD12                                              0.000     6.667 r  i_sys_clk_p (IN)
                         net (fo=0)                   0.000     6.667    pll_inst/inst/clk_in1_p
    AD12                 IBUFDS (Prop_ibufds_I_O)     0.803     7.470 r  pll_inst/inst/clkin1_ibufgds/O
                         net (fo=1, routed)           1.001     8.471    pll_inst/inst/clk_in1_pll
    PLLE2_ADV_X1Y1       PLLE2_ADV (Prop_plle2_adv_CLKIN1_CLKOUT1)
                                                     -7.261     1.210 r  pll_inst/inst/plle2_adv_inst/CLKOUT1
                         net (fo=1, routed)           2.003     3.213    pll_inst/inst/clk_out2_pll
    BUFGCTRL_X0Y0        BUFG (Prop_bufg_I_O)         0.083     3.296 r  pll_inst/inst/clkout2_buf/O
                         net (fo=1649, routed)        1.428     4.724    student_top_inst/Core_cpu/SegReg_LS_WB_inst/clk_out2
    SLICE_X56Y60         FDRE                                         r  student_top_inst/Core_cpu/SegReg_LS_WB_inst/rf_wdata_wb_reg[26]/C
                         clock pessimism             -0.598     4.126    
                         clock uncertainty           -0.206     3.920    
    SLICE_X56Y60         FDRE (Setup_fdre_C_D)        0.065     3.985    student_top_inst/Core_cpu/SegReg_LS_WB_inst/rf_wdata_wb_reg[26]
  -------------------------------------------------------------------
                         required time                          3.985    
                         arrival time                          -1.492    
  -------------------------------------------------------------------
                         slack                                  2.493    

Slack (MET) :             2.494ns  (required time - arrival time)
  Source:                 twin_controller_inst/sw_reg[7]/C
                            (rising edge-triggered cell FDCE clocked by clk_out1_pll  {rise@0.000ns fall@10.000ns period=20.000ns})
  Destination:            student_top_inst/Core_cpu/SegReg_LS_WB_inst/rf_wdata_wb_reg[27]/D
                            (rising edge-triggered cell FDRE clocked by clk_out2_pll  {rise@0.000ns fall@3.333ns period=6.667ns})
  Path Group:             clk_out2_pll
  Path Type:              Setup (Max at Slow Process Corner)
  Requirement:            6.667ns  (clk_out2_pll rise@6.667ns - clk_out1_pll rise@0.000ns)
  Data Path Delay:        3.708ns  (logic 0.517ns (13.944%)  route 3.191ns (86.056%))
  Logic Levels:           6  (LUT5=4 LUT6=2)
  Clock Path Skew:        -0.325ns (DCD - SCD + CPR)
    Destination Clock Delay (DCD):    -1.943ns = ( 4.724 - 6.667 ) 
    Source Clock Delay      (SCD):    -2.215ns
    Clock Pessimism Removal (CPR):    -0.598ns
  Clock Uncertainty:      0.206ns  ((TSJ^2 + DJ^2)^1/2) / 2 + PE
    Total System Jitter     (TSJ):    0.071ns
    Discrete Jitter          (DJ):    0.157ns
    Phase Error              (PE):    0.120ns

    Location             Delay type                Incr(ns)  Path(ns)    Netlist Resource(s)
  -------------------------------------------------------------------    -------------------
                         (clock clk_out1_pll rise edge)
                                                      0.000     0.000 r  
    AD12                                              0.000     0.000 r  i_sys_clk_p (IN)
                         net (fo=0)                   0.000     0.000    pll_inst/inst/clk_in1_p
    AD12                 IBUFDS (Prop_ibufds_I_O)     0.906     0.906 r  pll_inst/inst/clkin1_ibufgds/O
                         net (fo=1, routed)           1.098     2.004    pll_inst/inst/clk_in1_pll
    PLLE2_ADV_X1Y1       PLLE2_ADV (Prop_plle2_adv_CLKIN1_CLKOUT0)
                                                     -8.058    -6.054 r  pll_inst/inst/plle2_adv_inst/CLKOUT0
                         net (fo=1, routed)           2.128    -3.926    pll_inst/inst/clk_out1_pll
    BUFGCTRL_X0Y1        BUFG (Prop_bufg_I_O)         0.093    -3.833 r  pll_inst/inst/clkout1_buf/O
                         net (fo=353, routed)         1.618    -2.215    twin_controller_inst/CLK
    SLICE_X42Y81         FDCE                                         r  twin_controller_inst/sw_reg[7]/C
  -------------------------------------------------------------------    -------------------
    SLICE_X42Y81         FDCE (Prop_fdce_C_Q)         0.259    -1.956 r  twin_controller_inst/sw_reg[7]/Q
                         net (fo=3, routed)           0.633    -1.324    twin_controller_inst/virtual_sw[7]
    SLICE_X44Y82         LUT6 (Prop_lut6_I0_O)        0.043    -1.281 f  twin_controller_inst/rf_wdata_wb[7]_i_8/O
                         net (fo=1, routed)           0.372    -0.908    student_top_inst/bridge_inst/rf_wdata_wb[7]_i_3
    SLICE_X48Y79         LUT5 (Prop_lut5_I4_O)        0.043    -0.865 r  student_top_inst/bridge_inst/rf_wdata_wb[7]_i_6/O
                         net (fo=1, routed)           1.141     0.275    student_top_inst/bridge_inst/counter_inst/rf_wdata_wb[7]_i_2
    SLICE_X65Y58         LUT5 (Prop_lut5_I1_O)        0.043     0.318 r  student_top_inst/bridge_inst/counter_inst/rf_wdata_wb[7]_i_3/O
                         net (fo=3, routed)           0.511     0.829    student_top_inst/bridge_inst/dram_driver_inst/rf_wdata_wb_reg[0]_0[0]
    SLICE_X56Y58         LUT6 (Prop_lut6_I1_O)        0.043     0.872 r  student_top_inst/bridge_inst/dram_driver_inst/rf_wdata_wb[31]_i_5/O
                         net (fo=2, routed)           0.190     1.062    student_top_inst/Core_cpu/SegReg_EX_LS_inst/rf_wdata_wb_reg[15]
    SLICE_X57Y57         LUT5 (Prop_lut5_I4_O)        0.043     1.105 r  student_top_inst/Core_cpu/SegReg_EX_LS_inst/rf_wdata_wb[31]_i_2/O
                         net (fo=16, routed)          0.344     1.449    student_top_inst/Core_cpu/SegReg_EX_LS_inst_n_43
    SLICE_X56Y60         LUT5 (Prop_lut5_I0_O)        0.043     1.492 r  student_top_inst/Core_cpu/rf_wdata_wb[27]_i_1/O
                         net (fo=1, routed)           0.000     1.492    student_top_inst/Core_cpu/SegReg_LS_WB_inst/D[27]
    SLICE_X56Y60         FDRE                                         r  student_top_inst/Core_cpu/SegReg_LS_WB_inst/rf_wdata_wb_reg[27]/D
  -------------------------------------------------------------------    -------------------

                         (clock clk_out2_pll rise edge)
                                                      6.667     6.667 r  
    AD12                                              0.000     6.667 r  i_sys_clk_p (IN)
                         net (fo=0)                   0.000     6.667    pll_inst/inst/clk_in1_p
    AD12                 IBUFDS (Prop_ibufds_I_O)     0.803     7.470 r  pll_inst/inst/clkin1_ibufgds/O
                         net (fo=1, routed)           1.001     8.471    pll_inst/inst/clk_in1_pll
    PLLE2_ADV_X1Y1       PLLE2_ADV (Prop_plle2_adv_CLKIN1_CLKOUT1)
                                                     -7.261     1.210 r  pll_inst/inst/plle2_adv_inst/CLKOUT1
                         net (fo=1, routed)           2.003     3.213    pll_inst/inst/clk_out2_pll
    BUFGCTRL_X0Y0        BUFG (Prop_bufg_I_O)         0.083     3.296 r  pll_inst/inst/clkout2_buf/O
                         net (fo=1649, routed)        1.428     4.724    student_top_inst/Core_cpu/SegReg_LS_WB_inst/clk_out2
    SLICE_X56Y60         FDRE                                         r  student_top_inst/Core_cpu/SegReg_LS_WB_inst/rf_wdata_wb_reg[27]/C
                         clock pessimism             -0.598     4.126    
                         clock uncertainty           -0.206     3.920    
    SLICE_X56Y60         FDRE (Setup_fdre_C_D)        0.066     3.986    student_top_inst/Core_cpu/SegReg_LS_WB_inst/rf_wdata_wb_reg[27]
  -------------------------------------------------------------------
                         required time                          3.986    
                         arrival time                          -1.492    
  -------------------------------------------------------------------
                         slack                                  2.494    

Slack (MET) :             2.500ns  (required time - arrival time)
  Source:                 twin_controller_inst/sw_reg[7]/C
                            (rising edge-triggered cell FDCE clocked by clk_out1_pll  {rise@0.000ns fall@10.000ns period=20.000ns})
  Destination:            student_top_inst/Core_cpu/SegReg_LS_WB_inst/rf_wdata_wb_reg[23]/D
                            (rising edge-triggered cell FDRE clocked by clk_out2_pll  {rise@0.000ns fall@3.333ns period=6.667ns})
  Path Group:             clk_out2_pll
  Path Type:              Setup (Max at Slow Process Corner)
  Requirement:            6.667ns  (clk_out2_pll rise@6.667ns - clk_out1_pll rise@0.000ns)
  Data Path Delay:        3.701ns  (logic 0.517ns (13.969%)  route 3.184ns (86.031%))
  Logic Levels:           6  (LUT4=1 LUT5=3 LUT6=2)
  Clock Path Skew:        -0.324ns (DCD - SCD + CPR)
    Destination Clock Delay (DCD):    -1.942ns = ( 4.725 - 6.667 ) 
    Source Clock Delay      (SCD):    -2.215ns
    Clock Pessimism Removal (CPR):    -0.598ns
  Clock Uncertainty:      0.206ns  ((TSJ^2 + DJ^2)^1/2) / 2 + PE
    Total System Jitter     (TSJ):    0.071ns
    Discrete Jitter          (DJ):    0.157ns
    Phase Error              (PE):    0.120ns

    Location             Delay type                Incr(ns)  Path(ns)    Netlist Resource(s)
  -------------------------------------------------------------------    -------------------
                         (clock clk_out1_pll rise edge)
                                                      0.000     0.000 r  
    AD12                                              0.000     0.000 r  i_sys_clk_p (IN)
                         net (fo=0)                   0.000     0.000    pll_inst/inst/clk_in1_p
    AD12                 IBUFDS (Prop_ibufds_I_O)     0.906     0.906 r  pll_inst/inst/clkin1_ibufgds/O
                         net (fo=1, routed)           1.098     2.004    pll_inst/inst/clk_in1_pll
    PLLE2_ADV_X1Y1       PLLE2_ADV (Prop_plle2_adv_CLKIN1_CLKOUT0)
                                                     -8.058    -6.054 r  pll_inst/inst/plle2_adv_inst/CLKOUT0
                         net (fo=1, routed)           2.128    -3.926    pll_inst/inst/clk_out1_pll
    BUFGCTRL_X0Y1        BUFG (Prop_bufg_I_O)         0.093    -3.833 r  pll_inst/inst/clkout1_buf/O
                         net (fo=353, routed)         1.618    -2.215    twin_controller_inst/CLK
    SLICE_X42Y81         FDCE                                         r  twin_controller_inst/sw_reg[7]/C
  -------------------------------------------------------------------    -------------------
    SLICE_X42Y81         FDCE (Prop_fdce_C_Q)         0.259    -1.956 r  twin_controller_inst/sw_reg[7]/Q
                         net (fo=3, routed)           0.633    -1.324    twin_controller_inst/virtual_sw[7]
    SLICE_X44Y82         LUT6 (Prop_lut6_I0_O)        0.043    -1.281 f  twin_controller_inst/rf_wdata_wb[7]_i_8/O
                         net (fo=1, routed)           0.372    -0.908    student_top_inst/bridge_inst/rf_wdata_wb[7]_i_3
    SLICE_X48Y79         LUT5 (Prop_lut5_I4_O)        0.043    -0.865 r  student_top_inst/bridge_inst/rf_wdata_wb[7]_i_6/O
                         net (fo=1, routed)           1.141     0.275    student_top_inst/bridge_inst/counter_inst/rf_wdata_wb[7]_i_2
    SLICE_X65Y58         LUT5 (Prop_lut5_I1_O)        0.043     0.318 r  student_top_inst/bridge_inst/counter_inst/rf_wdata_wb[7]_i_3/O
                         net (fo=3, routed)           0.511     0.829    student_top_inst/bridge_inst/dram_driver_inst/rf_wdata_wb_reg[0]_0[0]
    SLICE_X56Y58         LUT6 (Prop_lut6_I1_O)        0.043     0.872 r  student_top_inst/bridge_inst/dram_driver_inst/rf_wdata_wb[31]_i_5/O
                         net (fo=2, routed)           0.190     1.062    student_top_inst/Core_cpu/SegReg_EX_LS_inst/rf_wdata_wb_reg[15]
    SLICE_X57Y57         LUT5 (Prop_lut5_I4_O)        0.043     1.105 r  student_top_inst/Core_cpu/SegReg_EX_LS_inst/rf_wdata_wb[31]_i_2/O
                         net (fo=16, routed)          0.337     1.443    student_top_inst/Core_cpu/SegReg_EX_LS_inst_n_43
    SLICE_X56Y59         LUT4 (Prop_lut4_I0_O)        0.043     1.486 r  student_top_inst/Core_cpu/rf_wdata_wb[23]_i_1/O
                         net (fo=1, routed)           0.000     1.486    student_top_inst/Core_cpu/SegReg_LS_WB_inst/D[23]
    SLICE_X56Y59         FDRE                                         r  student_top_inst/Core_cpu/SegReg_LS_WB_inst/rf_wdata_wb_reg[23]/D
  -------------------------------------------------------------------    -------------------

                         (clock clk_out2_pll rise edge)
                                                      6.667     6.667 r  
    AD12                                              0.000     6.667 r  i_sys_clk_p (IN)
                         net (fo=0)                   0.000     6.667    pll_inst/inst/clk_in1_p
    AD12                 IBUFDS (Prop_ibufds_I_O)     0.803     7.470 r  pll_inst/inst/clkin1_ibufgds/O
                         net (fo=1, routed)           1.001     8.471    pll_inst/inst/clk_in1_pll
    PLLE2_ADV_X1Y1       PLLE2_ADV (Prop_plle2_adv_CLKIN1_CLKOUT1)
                                                     -7.261     1.210 r  pll_inst/inst/plle2_adv_inst/CLKOUT1
                         net (fo=1, routed)           2.003     3.213    pll_inst/inst/clk_out2_pll
    BUFGCTRL_X0Y0        BUFG (Prop_bufg_I_O)         0.083     3.296 r  pll_inst/inst/clkout2_buf/O
                         net (fo=1649, routed)        1.429     4.725    student_top_inst/Core_cpu/SegReg_LS_WB_inst/clk_out2
    SLICE_X56Y59         FDRE                                         r  student_top_inst/Core_cpu/SegReg_LS_WB_inst/rf_wdata_wb_reg[23]/C
                         clock pessimism             -0.598     4.127    
                         clock uncertainty           -0.206     3.921    
    SLICE_X56Y59         FDRE (Setup_fdre_C_D)        0.064     3.985    student_top_inst/Core_cpu/SegReg_LS_WB_inst/rf_wdata_wb_reg[23]
  -------------------------------------------------------------------
                         required time                          3.985    
                         arrival time                          -1.486    
  -------------------------------------------------------------------
                         slack                                  2.500    





Min Delay Paths
--------------------------------------------------------------------------------------
Slack (MET) :             0.156ns  (arrival time - required time)
  Source:                 student_top_inst/bridge_inst/counter_inst/cnt_ms_reg[4]/C
                            (rising edge-triggered cell FDRE clocked by clk_out1_pll  {rise@0.000ns fall@10.000ns period=20.000ns})
  Destination:            student_top_inst/Core_cpu/SegReg_LS_WB_inst/rf_wdata_wb_reg[4]/D
                            (rising edge-triggered cell FDRE clocked by clk_out2_pll  {rise@0.000ns fall@3.333ns period=6.667ns})
  Path Group:             clk_out2_pll
  Path Type:              Hold (Min at Fast Process Corner)
  Requirement:            0.000ns  (clk_out2_pll rise@0.000ns - clk_out1_pll rise@0.000ns)
  Data Path Delay:        0.765ns  (logic 0.202ns (26.394%)  route 0.563ns (73.606%))
  Logic Levels:           3  (LUT4=1 LUT6=2)
  Clock Path Skew:        0.316ns (DCD - SCD - CPR)
    Destination Clock Delay (DCD):    -0.560ns
    Source Clock Delay      (SCD):    -0.393ns
    Clock Pessimism Removal (CPR):    -0.484ns
  Clock Uncertainty:      0.206ns  ((TSJ^2 + DJ^2)^1/2) / 2 + PE
    Total System Jitter     (TSJ):    0.071ns
    Discrete Jitter          (DJ):    0.157ns
    Phase Error              (PE):    0.120ns

    Location             Delay type                Incr(ns)  Path(ns)    Netlist Resource(s)
  -------------------------------------------------------------------    -------------------
                         (clock clk_out1_pll rise edge)
                                                      0.000     0.000 r  
    AD12                                              0.000     0.000 r  i_sys_clk_p (IN)
                         net (fo=0)                   0.000     0.000    pll_inst/inst/clk_in1_p
    AD12                 IBUFDS (Prop_ibufds_I_O)     0.388     0.388 r  pll_inst/inst/clkin1_ibufgds/O
                         net (fo=1, routed)           0.503     0.891    pll_inst/inst/clk_in1_pll
    PLLE2_ADV_X1Y1       PLLE2_ADV (Prop_plle2_adv_CLKIN1_CLKOUT0)
                                                     -2.908    -2.017 r  pll_inst/inst/plle2_adv_inst/CLKOUT0
                         net (fo=1, routed)           0.958    -1.059    pll_inst/inst/clk_out1_pll
    BUFGCTRL_X0Y1        BUFG (Prop_bufg_I_O)         0.026    -1.033 r  pll_inst/inst/clkout1_buf/O
                         net (fo=353, routed)         0.640    -0.393    student_top_inst/bridge_inst/counter_inst/clk_out1
    SLICE_X54Y68         FDRE                                         r  student_top_inst/bridge_inst/counter_inst/cnt_ms_reg[4]/C
  -------------------------------------------------------------------    -------------------
    SLICE_X54Y68         FDRE (Prop_fdre_C_Q)         0.118    -0.275 r  student_top_inst/bridge_inst/counter_inst/cnt_ms_reg[4]/Q
                         net (fo=2, routed)           0.318     0.044    student_top_inst/bridge_inst/counter_inst/cnt_ms_reg[4]
    SLICE_X66Y62         LUT6 (Prop_lut6_I4_O)        0.028     0.072 r  student_top_inst/bridge_inst/counter_inst/rf_wdata_wb[4]_i_5/O
                         net (fo=2, routed)           0.139     0.211    student_top_inst/Core_cpu/SegReg_EX_LS_inst/perip_rdata[4]
    SLICE_X66Y60         LUT4 (Prop_lut4_I1_O)        0.028     0.239 f  student_top_inst/Core_cpu/SegReg_EX_LS_inst/rf_wdata_wb[4]_i_2/O
                         net (fo=1, routed)           0.106     0.345    student_top_inst/Core_cpu/SegReg_EX_LS_inst_n_6
    SLICE_X66Y60         LUT6 (Prop_lut6_I0_O)        0.028     0.373 r  student_top_inst/Core_cpu/rf_wdata_wb[4]_i_1/O
                         net (fo=1, routed)           0.000     0.373    student_top_inst/Core_cpu/SegReg_LS_WB_inst/D[4]
    SLICE_X66Y60         FDRE                                         r  student_top_inst/Core_cpu/SegReg_LS_WB_inst/rf_wdata_wb_reg[4]/D
  -------------------------------------------------------------------    -------------------

                         (clock clk_out2_pll rise edge)
                                                      0.000     0.000 r  
    AD12                                              0.000     0.000 r  i_sys_clk_p (IN)
                         net (fo=0)                   0.000     0.000    pll_inst/inst/clk_in1_p
    AD12                 IBUFDS (Prop_ibufds_I_O)     0.470     0.470 r  pll_inst/inst/clkin1_ibufgds/O
                         net (fo=1, routed)           0.554     1.024    pll_inst/inst/clk_in1_pll
    PLLE2_ADV_X1Y1       PLLE2_ADV (Prop_plle2_adv_CLKIN1_CLKOUT1)
                                                     -3.524    -2.500 r  pll_inst/inst/plle2_adv_inst/CLKOUT1
                         net (fo=1, routed)           1.027    -1.473    pll_inst/inst/clk_out2_pll
    BUFGCTRL_X0Y0        BUFG (Prop_bufg_I_O)         0.030    -1.443 r  pll_inst/inst/clkout2_buf/O
                         net (fo=1649, routed)        0.883    -0.560    student_top_inst/Core_cpu/SegReg_LS_WB_inst/clk_out2
    SLICE_X66Y60         FDRE                                         r  student_top_inst/Core_cpu/SegReg_LS_WB_inst/rf_wdata_wb_reg[4]/C
                         clock pessimism              0.484    -0.077    
                         clock uncertainty            0.206     0.130    
    SLICE_X66Y60         FDRE (Hold_fdre_C_D)         0.087     0.217    student_top_inst/Core_cpu/SegReg_LS_WB_inst/rf_wdata_wb_reg[4]
  -------------------------------------------------------------------
                         required time                         -0.217    
                         arrival time                           0.373    
  -------------------------------------------------------------------
                         slack                                  0.156    

Slack (MET) :             0.178ns  (arrival time - required time)
  Source:                 student_top_inst/bridge_inst/counter_inst/cnt_ms_reg[24]/C
                            (rising edge-triggered cell FDRE clocked by clk_out1_pll  {rise@0.000ns fall@10.000ns period=20.000ns})
  Destination:            student_top_inst/Core_cpu/SegReg_LS_WB_inst/rf_wdata_wb_reg[24]/D
                            (rising edge-triggered cell FDRE clocked by clk_out2_pll  {rise@0.000ns fall@3.333ns period=6.667ns})
  Path Group:             clk_out2_pll
  Path Type:              Hold (Min at Fast Process Corner)
  Requirement:            0.000ns  (clk_out2_pll rise@0.000ns - clk_out1_pll rise@0.000ns)
  Data Path Delay:        0.795ns  (logic 0.174ns (21.876%)  route 0.621ns (78.124%))
  Logic Levels:           2  (LUT5=1 LUT6=1)
  Clock Path Skew:        0.324ns (DCD - SCD - CPR)
    Destination Clock Delay (DCD):    -0.557ns
    Source Clock Delay      (SCD):    -0.398ns
    Clock Pessimism Removal (CPR):    -0.484ns
  Clock Uncertainty:      0.206ns  ((TSJ^2 + DJ^2)^1/2) / 2 + PE
    Total System Jitter     (TSJ):    0.071ns
    Discrete Jitter          (DJ):    0.157ns
    Phase Error              (PE):    0.120ns

    Location             Delay type                Incr(ns)  Path(ns)    Netlist Resource(s)
  -------------------------------------------------------------------    -------------------
                         (clock clk_out1_pll rise edge)
                                                      0.000     0.000 r  
    AD12                                              0.000     0.000 r  i_sys_clk_p (IN)
                         net (fo=0)                   0.000     0.000    pll_inst/inst/clk_in1_p
    AD12                 IBUFDS (Prop_ibufds_I_O)     0.388     0.388 r  pll_inst/inst/clkin1_ibufgds/O
                         net (fo=1, routed)           0.503     0.891    pll_inst/inst/clk_in1_pll
    PLLE2_ADV_X1Y1       PLLE2_ADV (Prop_plle2_adv_CLKIN1_CLKOUT0)
                                                     -2.908    -2.017 r  pll_inst/inst/plle2_adv_inst/CLKOUT0
                         net (fo=1, routed)           0.958    -1.059    pll_inst/inst/clk_out1_pll
    BUFGCTRL_X0Y1        BUFG (Prop_bufg_I_O)         0.026    -1.033 r  pll_inst/inst/clkout1_buf/O
                         net (fo=353, routed)         0.635    -0.398    student_top_inst/bridge_inst/counter_inst/clk_out1
    SLICE_X54Y73         FDRE                                         r  student_top_inst/bridge_inst/counter_inst/cnt_ms_reg[24]/C
  -------------------------------------------------------------------    -------------------
    SLICE_X54Y73         FDRE (Prop_fdre_C_Q)         0.118    -0.280 r  student_top_inst/bridge_inst/counter_inst/cnt_ms_reg[24]/Q
                         net (fo=2, routed)           0.223    -0.056    student_top_inst/bridge_inst/counter_inst/cnt_ms_reg[24]
    SLICE_X51Y73         LUT6 (Prop_lut6_I2_O)        0.028    -0.028 r  student_top_inst/bridge_inst/counter_inst/rf_wdata_wb[24]_i_2/O
                         net (fo=3, routed)           0.398     0.370    student_top_inst/Core_cpu/perip_rdata[22]
    SLICE_X56Y56         LUT5 (Prop_lut5_I2_O)        0.028     0.398 r  student_top_inst/Core_cpu/rf_wdata_wb[24]_i_1/O
                         net (fo=1, routed)           0.000     0.398    student_top_inst/Core_cpu/SegReg_LS_WB_inst/D[24]
    SLICE_X56Y56         FDRE                                         r  student_top_inst/Core_cpu/SegReg_LS_WB_inst/rf_wdata_wb_reg[24]/D
  -------------------------------------------------------------------    -------------------

                         (clock clk_out2_pll rise edge)
                                                      0.000     0.000 r  
    AD12                                              0.000     0.000 r  i_sys_clk_p (IN)
                         net (fo=0)                   0.000     0.000    pll_inst/inst/clk_in1_p
    AD12                 IBUFDS (Prop_ibufds_I_O)     0.470     0.470 r  pll_inst/inst/clkin1_ibufgds/O
                         net (fo=1, routed)           0.554     1.024    pll_inst/inst/clk_in1_pll
    PLLE2_ADV_X1Y1       PLLE2_ADV (Prop_plle2_adv_CLKIN1_CLKOUT1)
                                                     -3.524    -2.500 r  pll_inst/inst/plle2_adv_inst/CLKOUT1
                         net (fo=1, routed)           1.027    -1.473    pll_inst/inst/clk_out2_pll
    BUFGCTRL_X0Y0        BUFG (Prop_bufg_I_O)         0.030    -1.443 r  pll_inst/inst/clkout2_buf/O
                         net (fo=1649, routed)        0.886    -0.557    student_top_inst/Core_cpu/SegReg_LS_WB_inst/clk_out2
    SLICE_X56Y56         FDRE                                         r  student_top_inst/Core_cpu/SegReg_LS_WB_inst/rf_wdata_wb_reg[24]/C
                         clock pessimism              0.484    -0.074    
                         clock uncertainty            0.206     0.133    
    SLICE_X56Y56         FDRE (Hold_fdre_C_D)         0.087     0.220    student_top_inst/Core_cpu/SegReg_LS_WB_inst/rf_wdata_wb_reg[24]
  -------------------------------------------------------------------
                         required time                         -0.220    
                         arrival time                           0.398    
  -------------------------------------------------------------------
                         slack                                  0.178    

Slack (MET) :             0.219ns  (arrival time - required time)
  Source:                 student_top_inst/bridge_inst/counter_inst/cnt_ms_reg[23]/C
                            (rising edge-triggered cell FDRE clocked by clk_out1_pll  {rise@0.000ns fall@10.000ns period=20.000ns})
  Destination:            student_top_inst/Core_cpu/SegReg_LS_WB_inst/rf_wdata_wb_reg[23]/D
                            (rising edge-triggered cell FDRE clocked by clk_out2_pll  {rise@0.000ns fall@3.333ns period=6.667ns})
  Path Group:             clk_out2_pll
  Path Type:              Hold (Min at Fast Process Corner)
  Requirement:            0.000ns  (clk_out2_pll rise@0.000ns - clk_out1_pll rise@0.000ns)
  Data Path Delay:        0.834ns  (logic 0.174ns (20.851%)  route 0.660ns (79.149%))
  Logic Levels:           2  (LUT4=1 LUT6=1)
  Clock Path Skew:        0.322ns (DCD - SCD - CPR)
    Destination Clock Delay (DCD):    -0.558ns
    Source Clock Delay      (SCD):    -0.397ns
    Clock Pessimism Removal (CPR):    -0.484ns
  Clock Uncertainty:      0.206ns  ((TSJ^2 + DJ^2)^1/2) / 2 + PE
    Total System Jitter     (TSJ):    0.071ns
    Discrete Jitter          (DJ):    0.157ns
    Phase Error              (PE):    0.120ns

    Location             Delay type                Incr(ns)  Path(ns)    Netlist Resource(s)
  -------------------------------------------------------------------    -------------------
                         (clock clk_out1_pll rise edge)
                                                      0.000     0.000 r  
    AD12                                              0.000     0.000 r  i_sys_clk_p (IN)
                         net (fo=0)                   0.000     0.000    pll_inst/inst/clk_in1_p
    AD12                 IBUFDS (Prop_ibufds_I_O)     0.388     0.388 r  pll_inst/inst/clkin1_ibufgds/O
                         net (fo=1, routed)           0.503     0.891    pll_inst/inst/clk_in1_pll
    PLLE2_ADV_X1Y1       PLLE2_ADV (Prop_plle2_adv_CLKIN1_CLKOUT0)
                                                     -2.908    -2.017 r  pll_inst/inst/plle2_adv_inst/CLKOUT0
                         net (fo=1, routed)           0.958    -1.059    pll_inst/inst/clk_out1_pll
    BUFGCTRL_X0Y1        BUFG (Prop_bufg_I_O)         0.026    -1.033 r  pll_inst/inst/clkout1_buf/O
                         net (fo=353, routed)         0.636    -0.397    student_top_inst/bridge_inst/counter_inst/clk_out1
    SLICE_X54Y72         FDRE                                         r  student_top_inst/bridge_inst/counter_inst/cnt_ms_reg[23]/C
  -------------------------------------------------------------------    -------------------
    SLICE_X54Y72         FDRE (Prop_fdre_C_Q)         0.118    -0.279 r  student_top_inst/bridge_inst/counter_inst/cnt_ms_reg[23]/Q
                         net (fo=3, routed)           0.439     0.161    student_top_inst/bridge_inst/dram_driver_inst/rf_wdata_wb[31]_i_4_0[7]
    SLICE_X53Y60         LUT6 (Prop_lut6_I2_O)        0.028     0.189 r  student_top_inst/bridge_inst/dram_driver_inst/rf_wdata_wb[23]_i_2/O
                         net (fo=1, routed)           0.221     0.410    student_top_inst/Core_cpu/rf_wdata_wb_reg[23]
    SLICE_X56Y59         LUT4 (Prop_lut4_I1_O)        0.028     0.438 r  student_top_inst/Core_cpu/rf_wdata_wb[23]_i_1/O
                         net (fo=1, routed)           0.000     0.438    student_top_inst/Core_cpu/SegReg_LS_WB_inst/D[23]
    SLICE_X56Y59         FDRE                                         r  student_top_inst/Core_cpu/SegReg_LS_WB_inst/rf_wdata_wb_reg[23]/D
  -------------------------------------------------------------------    -------------------

                         (clock clk_out2_pll rise edge)
                                                      0.000     0.000 r  
    AD12                                              0.000     0.000 r  i_sys_clk_p (IN)
                         net (fo=0)                   0.000     0.000    pll_inst/inst/clk_in1_p
    AD12                 IBUFDS (Prop_ibufds_I_O)     0.470     0.470 r  pll_inst/inst/clkin1_ibufgds/O
                         net (fo=1, routed)           0.554     1.024    pll_inst/inst/clk_in1_pll
    PLLE2_ADV_X1Y1       PLLE2_ADV (Prop_plle2_adv_CLKIN1_CLKOUT1)
                                                     -3.524    -2.500 r  pll_inst/inst/plle2_adv_inst/CLKOUT1
                         net (fo=1, routed)           1.027    -1.473    pll_inst/inst/clk_out2_pll
    BUFGCTRL_X0Y0        BUFG (Prop_bufg_I_O)         0.030    -1.443 r  pll_inst/inst/clkout2_buf/O
                         net (fo=1649, routed)        0.885    -0.558    student_top_inst/Core_cpu/SegReg_LS_WB_inst/clk_out2
    SLICE_X56Y59         FDRE                                         r  student_top_inst/Core_cpu/SegReg_LS_WB_inst/rf_wdata_wb_reg[23]/C
                         clock pessimism              0.484    -0.075    
                         clock uncertainty            0.206     0.132    
    SLICE_X56Y59         FDRE (Hold_fdre_C_D)         0.087     0.219    student_top_inst/Core_cpu/SegReg_LS_WB_inst/rf_wdata_wb_reg[23]
  -------------------------------------------------------------------
                         required time                         -0.219    
                         arrival time                           0.438    
  -------------------------------------------------------------------
                         slack                                  0.219    

Slack (MET) :             0.240ns  (arrival time - required time)
  Source:                 student_top_inst/bridge_inst/counter_inst/cnt_ms_reg[17]/C
                            (rising edge-triggered cell FDRE clocked by clk_out1_pll  {rise@0.000ns fall@10.000ns period=20.000ns})
  Destination:            student_top_inst/Core_cpu/SegReg_LS_WB_inst/rf_wdata_wb_reg[17]/D
                            (rising edge-triggered cell FDRE clocked by clk_out2_pll  {rise@0.000ns fall@3.333ns period=6.667ns})
  Path Group:             clk_out2_pll
  Path Type:              Hold (Min at Fast Process Corner)
  Requirement:            0.000ns  (clk_out2_pll rise@0.000ns - clk_out1_pll rise@0.000ns)
  Data Path Delay:        0.854ns  (logic 0.174ns (20.371%)  route 0.680ns (79.629%))
  Logic Levels:           2  (LUT5=1 LUT6=1)
  Clock Path Skew:        0.321ns (DCD - SCD - CPR)
    Destination Clock Delay (DCD):    -0.558ns
    Source Clock Delay      (SCD):    -0.396ns
    Clock Pessimism Removal (CPR):    -0.484ns
  Clock Uncertainty:      0.206ns  ((TSJ^2 + DJ^2)^1/2) / 2 + PE
    Total System Jitter     (TSJ):    0.071ns
    Discrete Jitter          (DJ):    0.157ns
    Phase Error              (PE):    0.120ns

    Location             Delay type                Incr(ns)  Path(ns)    Netlist Resource(s)
  -------------------------------------------------------------------    -------------------
                         (clock clk_out1_pll rise edge)
                                                      0.000     0.000 r  
    AD12                                              0.000     0.000 r  i_sys_clk_p (IN)
                         net (fo=0)                   0.000     0.000    pll_inst/inst/clk_in1_p
    AD12                 IBUFDS (Prop_ibufds_I_O)     0.388     0.388 r  pll_inst/inst/clkin1_ibufgds/O
                         net (fo=1, routed)           0.503     0.891    pll_inst/inst/clk_in1_pll
    PLLE2_ADV_X1Y1       PLLE2_ADV (Prop_plle2_adv_CLKIN1_CLKOUT0)
                                                     -2.908    -2.017 r  pll_inst/inst/plle2_adv_inst/CLKOUT0
                         net (fo=1, routed)           0.958    -1.059    pll_inst/inst/clk_out1_pll
    BUFGCTRL_X0Y1        BUFG (Prop_bufg_I_O)         0.026    -1.033 r  pll_inst/inst/clkout1_buf/O
                         net (fo=353, routed)         0.637    -0.396    student_top_inst/bridge_inst/counter_inst/clk_out1
    SLICE_X54Y71         FDRE                                         r  student_top_inst/bridge_inst/counter_inst/cnt_ms_reg[17]/C
  -------------------------------------------------------------------    -------------------
    SLICE_X54Y71         FDRE (Prop_fdre_C_Q)         0.118    -0.278 r  student_top_inst/bridge_inst/counter_inst/cnt_ms_reg[17]/Q
                         net (fo=2, routed)           0.387     0.109    student_top_inst/bridge_inst/counter_inst/cnt_ms_reg[17]
    SLICE_X52Y60         LUT6 (Prop_lut6_I2_O)        0.028     0.137 r  student_top_inst/bridge_inst/counter_inst/rf_wdata_wb[17]_i_2/O
                         net (fo=2, routed)           0.294     0.431    student_top_inst/Core_cpu/perip_rdata[16]
    SLICE_X56Y57         LUT5 (Prop_lut5_I2_O)        0.028     0.459 r  student_top_inst/Core_cpu/rf_wdata_wb[17]_i_1/O
                         net (fo=1, routed)           0.000     0.459    student_top_inst/Core_cpu/SegReg_LS_WB_inst/D[17]
    SLICE_X56Y57         FDRE                                         r  student_top_inst/Core_cpu/SegReg_LS_WB_inst/rf_wdata_wb_reg[17]/D
  -------------------------------------------------------------------    -------------------

                         (clock clk_out2_pll rise edge)
                                                      0.000     0.000 r  
    AD12                                              0.000     0.000 r  i_sys_clk_p (IN)
                         net (fo=0)                   0.000     0.000    pll_inst/inst/clk_in1_p
    AD12                 IBUFDS (Prop_ibufds_I_O)     0.470     0.470 r  pll_inst/inst/clkin1_ibufgds/O
                         net (fo=1, routed)           0.554     1.024    pll_inst/inst/clk_in1_pll
    PLLE2_ADV_X1Y1       PLLE2_ADV (Prop_plle2_adv_CLKIN1_CLKOUT1)
                                                     -3.524    -2.500 r  pll_inst/inst/plle2_adv_inst/CLKOUT1
                         net (fo=1, routed)           1.027    -1.473    pll_inst/inst/clk_out2_pll
    BUFGCTRL_X0Y0        BUFG (Prop_bufg_I_O)         0.030    -1.443 r  pll_inst/inst/clkout2_buf/O
                         net (fo=1649, routed)        0.885    -0.558    student_top_inst/Core_cpu/SegReg_LS_WB_inst/clk_out2
    SLICE_X56Y57         FDRE                                         r  student_top_inst/Core_cpu/SegReg_LS_WB_inst/rf_wdata_wb_reg[17]/C
                         clock pessimism              0.484    -0.075    
                         clock uncertainty            0.206     0.132    
    SLICE_X56Y57         FDRE (Hold_fdre_C_D)         0.087     0.219    student_top_inst/Core_cpu/SegReg_LS_WB_inst/rf_wdata_wb_reg[17]
  -------------------------------------------------------------------
                         required time                         -0.219    
                         arrival time                           0.459    
  -------------------------------------------------------------------
                         slack                                  0.240    

Slack (MET) :             0.247ns  (arrival time - required time)
  Source:                 student_top_inst/bridge_inst/counter_inst/cnt_ms_reg[19]/C
                            (rising edge-triggered cell FDRE clocked by clk_out1_pll  {rise@0.000ns fall@10.000ns period=20.000ns})
  Destination:            student_top_inst/Core_cpu/SegReg_LS_WB_inst/rf_wdata_wb_reg[19]/D
                            (rising edge-triggered cell FDRE clocked by clk_out2_pll  {rise@0.000ns fall@3.333ns period=6.667ns})
  Path Group:             clk_out2_pll
  Path Type:              Hold (Min at Fast Process Corner)
  Requirement:            0.000ns  (clk_out2_pll rise@0.000ns - clk_out1_pll rise@0.000ns)
  Data Path Delay:        0.861ns  (logic 0.202ns (23.453%)  route 0.659ns (76.547%))
  Logic Levels:           3  (LUT4=2 LUT5=1)
  Clock Path Skew:        0.321ns (DCD - SCD - CPR)
    Destination Clock Delay (DCD):    -0.558ns
    Source Clock Delay      (SCD):    -0.396ns
    Clock Pessimism Removal (CPR):    -0.484ns
  Clock Uncertainty:      0.206ns  ((TSJ^2 + DJ^2)^1/2) / 2 + PE
    Total System Jitter     (TSJ):    0.071ns
    Discrete Jitter          (DJ):    0.157ns
    Phase Error              (PE):    0.120ns

    Location             Delay type                Incr(ns)  Path(ns)    Netlist Resource(s)
  -------------------------------------------------------------------    -------------------
                         (clock clk_out1_pll rise edge)
                                                      0.000     0.000 r  
    AD12                                              0.000     0.000 r  i_sys_clk_p (IN)
                         net (fo=0)                   0.000     0.000    pll_inst/inst/clk_in1_p
    AD12                 IBUFDS (Prop_ibufds_I_O)     0.388     0.388 r  pll_inst/inst/clkin1_ibufgds/O
                         net (fo=1, routed)           0.503     0.891    pll_inst/inst/clk_in1_pll
    PLLE2_ADV_X1Y1       PLLE2_ADV (Prop_plle2_adv_CLKIN1_CLKOUT0)
                                                     -2.908    -2.017 r  pll_inst/inst/plle2_adv_inst/CLKOUT0
                         net (fo=1, routed)           0.958    -1.059    pll_inst/inst/clk_out1_pll
    BUFGCTRL_X0Y1        BUFG (Prop_bufg_I_O)         0.026    -1.033 r  pll_inst/inst/clkout1_buf/O
                         net (fo=353, routed)         0.637    -0.396    student_top_inst/bridge_inst/counter_inst/clk_out1
    SLICE_X54Y71         FDRE                                         r  student_top_inst/bridge_inst/counter_inst/cnt_ms_reg[19]/C
  -------------------------------------------------------------------    -------------------
    SLICE_X54Y71         FDRE (Prop_fdre_C_Q)         0.118    -0.278 r  student_top_inst/bridge_inst/counter_inst/cnt_ms_reg[19]/Q
                         net (fo=2, routed)           0.312     0.035    student_top_inst/bridge_inst/dram_driver_inst/rf_wdata_wb[31]_i_4_0[5]
    SLICE_X65Y62         LUT4 (Prop_lut4_I3_O)        0.028     0.063 r  student_top_inst/bridge_inst/dram_driver_inst/rf_wdata_wb[19]_i_4/O
                         net (fo=1, routed)           0.101     0.164    student_top_inst/bridge_inst/dram_driver_inst/rf_wdata_wb[19]_i_4_n_0
    SLICE_X65Y62         LUT4 (Prop_lut4_I3_O)        0.028     0.192 r  student_top_inst/bridge_inst/dram_driver_inst/rf_wdata_wb[19]_i_2/O
                         net (fo=2, routed)           0.246     0.438    student_top_inst/Core_cpu/perip_rdata[18]
    SLICE_X56Y59         LUT5 (Prop_lut5_I2_O)        0.028     0.466 r  student_top_inst/Core_cpu/rf_wdata_wb[19]_i_1/O
                         net (fo=1, routed)           0.000     0.466    student_top_inst/Core_cpu/SegReg_LS_WB_inst/D[19]
    SLICE_X56Y59         FDRE                                         r  student_top_inst/Core_cpu/SegReg_LS_WB_inst/rf_wdata_wb_reg[19]/D
  -------------------------------------------------------------------    -------------------

                         (clock clk_out2_pll rise edge)
                                                      0.000     0.000 r  
    AD12                                              0.000     0.000 r  i_sys_clk_p (IN)
                         net (fo=0)                   0.000     0.000    pll_inst/inst/clk_in1_p
    AD12                 IBUFDS (Prop_ibufds_I_O)     0.470     0.470 r  pll_inst/inst/clkin1_ibufgds/O
                         net (fo=1, routed)           0.554     1.024    pll_inst/inst/clk_in1_pll
    PLLE2_ADV_X1Y1       PLLE2_ADV (Prop_plle2_adv_CLKIN1_CLKOUT1)
                                                     -3.524    -2.500 r  pll_inst/inst/plle2_adv_inst/CLKOUT1
                         net (fo=1, routed)           1.027    -1.473    pll_inst/inst/clk_out2_pll
    BUFGCTRL_X0Y0        BUFG (Prop_bufg_I_O)         0.030    -1.443 r  pll_inst/inst/clkout2_buf/O
                         net (fo=1649, routed)        0.885    -0.558    student_top_inst/Core_cpu/SegReg_LS_WB_inst/clk_out2
    SLICE_X56Y59         FDRE                                         r  student_top_inst/Core_cpu/SegReg_LS_WB_inst/rf_wdata_wb_reg[19]/C
                         clock pessimism              0.484    -0.075    
                         clock uncertainty            0.206     0.132    
    SLICE_X56Y59         FDRE (Hold_fdre_C_D)         0.087     0.219    student_top_inst/Core_cpu/SegReg_LS_WB_inst/rf_wdata_wb_reg[19]
  -------------------------------------------------------------------
                         required time                         -0.219    
                         arrival time                           0.466    
  -------------------------------------------------------------------
                         slack                                  0.247    

Slack (MET) :             0.260ns  (arrival time - required time)
  Source:                 student_top_inst/bridge_inst/counter_inst/cnt_ms_reg[21]/C
                            (rising edge-triggered cell FDRE clocked by clk_out1_pll  {rise@0.000ns fall@10.000ns period=20.000ns})
  Destination:            student_top_inst/Core_cpu/SegReg_LS_WB_inst/rf_wdata_wb_reg[21]/D
                            (rising edge-triggered cell FDRE clocked by clk_out2_pll  {rise@0.000ns fall@3.333ns period=6.667ns})
  Path Group:             clk_out2_pll
  Path Type:              Hold (Min at Fast Process Corner)
  Requirement:            0.000ns  (clk_out2_pll rise@0.000ns - clk_out1_pll rise@0.000ns)
  Data Path Delay:        0.875ns  (logic 0.202ns (23.079%)  route 0.673ns (76.921%))
  Logic Levels:           3  (LUT4=2 LUT5=1)
  Clock Path Skew:        0.322ns (DCD - SCD - CPR)
    Destination Clock Delay (DCD):    -0.558ns
    Source Clock Delay      (SCD):    -0.397ns
    Clock Pessimism Removal (CPR):    -0.484ns
  Clock Uncertainty:      0.206ns  ((TSJ^2 + DJ^2)^1/2) / 2 + PE
    Total System Jitter     (TSJ):    0.071ns
    Discrete Jitter          (DJ):    0.157ns
    Phase Error              (PE):    0.120ns

    Location             Delay type                Incr(ns)  Path(ns)    Netlist Resource(s)
  -------------------------------------------------------------------    -------------------
                         (clock clk_out1_pll rise edge)
                                                      0.000     0.000 r  
    AD12                                              0.000     0.000 r  i_sys_clk_p (IN)
                         net (fo=0)                   0.000     0.000    pll_inst/inst/clk_in1_p
    AD12                 IBUFDS (Prop_ibufds_I_O)     0.388     0.388 r  pll_inst/inst/clkin1_ibufgds/O
                         net (fo=1, routed)           0.503     0.891    pll_inst/inst/clk_in1_pll
    PLLE2_ADV_X1Y1       PLLE2_ADV (Prop_plle2_adv_CLKIN1_CLKOUT0)
                                                     -2.908    -2.017 r  pll_inst/inst/plle2_adv_inst/CLKOUT0
                         net (fo=1, routed)           0.958    -1.059    pll_inst/inst/clk_out1_pll
    BUFGCTRL_X0Y1        BUFG (Prop_bufg_I_O)         0.026    -1.033 r  pll_inst/inst/clkout1_buf/O
                         net (fo=353, routed)         0.636    -0.397    student_top_inst/bridge_inst/counter_inst/clk_out1
    SLICE_X54Y72         FDRE                                         r  student_top_inst/bridge_inst/counter_inst/cnt_ms_reg[21]/C
  -------------------------------------------------------------------    -------------------
    SLICE_X54Y72         FDRE (Prop_fdre_C_Q)         0.118    -0.279 r  student_top_inst/bridge_inst/counter_inst/cnt_ms_reg[21]/Q
                         net (fo=2, routed)           0.175    -0.104    student_top_inst/bridge_inst/dram_driver_inst/rf_wdata_wb[31]_i_4_0[6]
    SLICE_X55Y72         LUT4 (Prop_lut4_I3_O)        0.028    -0.076 r  student_top_inst/bridge_inst/dram_driver_inst/rf_wdata_wb[21]_i_4/O
                         net (fo=1, routed)           0.101     0.026    student_top_inst/bridge_inst/dram_driver_inst/rf_wdata_wb[21]_i_4_n_0
    SLICE_X55Y72         LUT4 (Prop_lut4_I3_O)        0.028     0.054 r  student_top_inst/bridge_inst/dram_driver_inst/rf_wdata_wb[21]_i_2/O
                         net (fo=2, routed)           0.397     0.451    student_top_inst/Core_cpu/perip_rdata[20]
    SLICE_X56Y57         LUT5 (Prop_lut5_I2_O)        0.028     0.479 r  student_top_inst/Core_cpu/rf_wdata_wb[21]_i_1/O
                         net (fo=1, routed)           0.000     0.479    student_top_inst/Core_cpu/SegReg_LS_WB_inst/D[21]
    SLICE_X56Y57         FDRE                                         r  student_top_inst/Core_cpu/SegReg_LS_WB_inst/rf_wdata_wb_reg[21]/D
  -------------------------------------------------------------------    -------------------

                         (clock clk_out2_pll rise edge)
                                                      0.000     0.000 r  
    AD12                                              0.000     0.000 r  i_sys_clk_p (IN)
                         net (fo=0)                   0.000     0.000    pll_inst/inst/clk_in1_p
    AD12                 IBUFDS (Prop_ibufds_I_O)     0.470     0.470 r  pll_inst/inst/clkin1_ibufgds/O
                         net (fo=1, routed)           0.554     1.024    pll_inst/inst/clk_in1_pll
    PLLE2_ADV_X1Y1       PLLE2_ADV (Prop_plle2_adv_CLKIN1_CLKOUT1)
                                                     -3.524    -2.500 r  pll_inst/inst/plle2_adv_inst/CLKOUT1
                         net (fo=1, routed)           1.027    -1.473    pll_inst/inst/clk_out2_pll
    BUFGCTRL_X0Y0        BUFG (Prop_bufg_I_O)         0.030    -1.443 r  pll_inst/inst/clkout2_buf/O
                         net (fo=1649, routed)        0.885    -0.558    student_top_inst/Core_cpu/SegReg_LS_WB_inst/clk_out2
    SLICE_X56Y57         FDRE                                         r  student_top_inst/Core_cpu/SegReg_LS_WB_inst/rf_wdata_wb_reg[21]/C
                         clock pessimism              0.484    -0.075    
                         clock uncertainty            0.206     0.132    
    SLICE_X56Y57         FDRE (Hold_fdre_C_D)         0.087     0.219    student_top_inst/Core_cpu/SegReg_LS_WB_inst/rf_wdata_wb_reg[21]
  -------------------------------------------------------------------
                         required time                         -0.219    
                         arrival time                           0.479    
  -------------------------------------------------------------------
                         slack                                  0.260    

Slack (MET) :             0.306ns  (arrival time - required time)
  Source:                 student_top_inst/bridge_inst/counter_inst/cnt_ms_reg[28]/C
                            (rising edge-triggered cell FDRE clocked by clk_out1_pll  {rise@0.000ns fall@10.000ns period=20.000ns})
  Destination:            student_top_inst/Core_cpu/SegReg_LS_WB_inst/rf_wdata_wb_reg[28]/D
                            (rising edge-triggered cell FDRE clocked by clk_out2_pll  {rise@0.000ns fall@3.333ns period=6.667ns})
  Path Group:             clk_out2_pll
  Path Type:              Hold (Min at Fast Process Corner)
  Requirement:            0.000ns  (clk_out2_pll rise@0.000ns - clk_out1_pll rise@0.000ns)
  Data Path Delay:        0.897ns  (logic 0.202ns (22.524%)  route 0.695ns (77.476%))
  Logic Levels:           3  (LUT4=2 LUT5=1)
  Clock Path Skew:        0.325ns (DCD - SCD - CPR)
    Destination Clock Delay (DCD):    -0.557ns
    Source Clock Delay      (SCD):    -0.399ns
    Clock Pessimism Removal (CPR):    -0.484ns
  Clock Uncertainty:      0.206ns  ((TSJ^2 + DJ^2)^1/2) / 2 + PE
    Total System Jitter     (TSJ):    0.071ns
    Discrete Jitter          (DJ):    0.157ns
    Phase Error              (PE):    0.120ns

    Location             Delay type                Incr(ns)  Path(ns)    Netlist Resource(s)
  -------------------------------------------------------------------    -------------------
                         (clock clk_out1_pll rise edge)
                                                      0.000     0.000 r  
    AD12                                              0.000     0.000 r  i_sys_clk_p (IN)
                         net (fo=0)                   0.000     0.000    pll_inst/inst/clk_in1_p
    AD12                 IBUFDS (Prop_ibufds_I_O)     0.388     0.388 r  pll_inst/inst/clkin1_ibufgds/O
                         net (fo=1, routed)           0.503     0.891    pll_inst/inst/clk_in1_pll
    PLLE2_ADV_X1Y1       PLLE2_ADV (Prop_plle2_adv_CLKIN1_CLKOUT0)
                                                     -2.908    -2.017 r  pll_inst/inst/plle2_adv_inst/CLKOUT0
                         net (fo=1, routed)           0.958    -1.059    pll_inst/inst/clk_out1_pll
    BUFGCTRL_X0Y1        BUFG (Prop_bufg_I_O)         0.026    -1.033 r  pll_inst/inst/clkout1_buf/O
                         net (fo=353, routed)         0.634    -0.399    student_top_inst/bridge_inst/counter_inst/clk_out1
    SLICE_X54Y74         FDRE                                         r  student_top_inst/bridge_inst/counter_inst/cnt_ms_reg[28]/C
  -------------------------------------------------------------------    -------------------
    SLICE_X54Y74         FDRE (Prop_fdre_C_Q)         0.118    -0.281 r  student_top_inst/bridge_inst/counter_inst/cnt_ms_reg[28]/Q
                         net (fo=2, routed)           0.195    -0.086    student_top_inst/bridge_inst/dram_driver_inst/rf_wdata_wb[31]_i_4_0[10]
    SLICE_X55Y76         LUT4 (Prop_lut4_I3_O)        0.028    -0.058 r  student_top_inst/bridge_inst/dram_driver_inst/rf_wdata_wb[28]_i_4/O
                         net (fo=1, routed)           0.135     0.077    student_top_inst/bridge_inst/dram_driver_inst/rf_wdata_wb[28]_i_4_n_0
    SLICE_X56Y76         LUT4 (Prop_lut4_I3_O)        0.028     0.105 r  student_top_inst/bridge_inst/dram_driver_inst/rf_wdata_wb[28]_i_2/O
                         net (fo=3, routed)           0.366     0.470    student_top_inst/Core_cpu/perip_rdata[26]
    SLICE_X57Y56         LUT5 (Prop_lut5_I2_O)        0.028     0.498 r  student_top_inst/Core_cpu/rf_wdata_wb[28]_i_1/O
                         net (fo=1, routed)           0.000     0.498    student_top_inst/Core_cpu/SegReg_LS_WB_inst/D[28]
    SLICE_X57Y56         FDRE                                         r  student_top_inst/Core_cpu/SegReg_LS_WB_inst/rf_wdata_wb_reg[28]/D
  -------------------------------------------------------------------    -------------------

                         (clock clk_out2_pll rise edge)
                                                      0.000     0.000 r  
    AD12                                              0.000     0.000 r  i_sys_clk_p (IN)
                         net (fo=0)                   0.000     0.000    pll_inst/inst/clk_in1_p
    AD12                 IBUFDS (Prop_ibufds_I_O)     0.470     0.470 r  pll_inst/inst/clkin1_ibufgds/O
                         net (fo=1, routed)           0.554     1.024    pll_inst/inst/clk_in1_pll
    PLLE2_ADV_X1Y1       PLLE2_ADV (Prop_plle2_adv_CLKIN1_CLKOUT1)
                                                     -3.524    -2.500 r  pll_inst/inst/plle2_adv_inst/CLKOUT1
                         net (fo=1, routed)           1.027    -1.473    pll_inst/inst/clk_out2_pll
    BUFGCTRL_X0Y0        BUFG (Prop_bufg_I_O)         0.030    -1.443 r  pll_inst/inst/clkout2_buf/O
                         net (fo=1649, routed)        0.886    -0.557    student_top_inst/Core_cpu/SegReg_LS_WB_inst/clk_out2
    SLICE_X57Y56         FDRE                                         r  student_top_inst/Core_cpu/SegReg_LS_WB_inst/rf_wdata_wb_reg[28]/C
                         clock pessimism              0.484    -0.074    
                         clock uncertainty            0.206     0.133    
    SLICE_X57Y56         FDRE (Hold_fdre_C_D)         0.060     0.193    student_top_inst/Core_cpu/SegReg_LS_WB_inst/rf_wdata_wb_reg[28]
  -------------------------------------------------------------------
                         required time                         -0.193    
                         arrival time                           0.498    
  -------------------------------------------------------------------
                         slack                                  0.306    

Slack (MET) :             0.323ns  (arrival time - required time)
  Source:                 student_top_inst/bridge_inst/counter_inst/cnt_ms_reg[1]/C
                            (rising edge-triggered cell FDRE clocked by clk_out1_pll  {rise@0.000ns fall@10.000ns period=20.000ns})
  Destination:            student_top_inst/Core_cpu/SegReg_LS_WB_inst/rf_wdata_wb_reg[1]/D
                            (rising edge-triggered cell FDRE clocked by clk_out2_pll  {rise@0.000ns fall@3.333ns period=6.667ns})
  Path Group:             clk_out2_pll
  Path Type:              Hold (Min at Fast Process Corner)
  Requirement:            0.000ns  (clk_out2_pll rise@0.000ns - clk_out1_pll rise@0.000ns)
  Data Path Delay:        0.905ns  (logic 0.202ns (22.315%)  route 0.703ns (77.685%))
  Logic Levels:           3  (LUT4=1 LUT6=2)
  Clock Path Skew:        0.316ns (DCD - SCD - CPR)
    Destination Clock Delay (DCD):    -0.559ns
    Source Clock Delay      (SCD):    -0.392ns
    Clock Pessimism Removal (CPR):    -0.484ns
  Clock Uncertainty:      0.206ns  ((TSJ^2 + DJ^2)^1/2) / 2 + PE
    Total System Jitter     (TSJ):    0.071ns
    Discrete Jitter          (DJ):    0.157ns
    Phase Error              (PE):    0.120ns

    Location             Delay type                Incr(ns)  Path(ns)    Netlist Resource(s)
  -------------------------------------------------------------------    -------------------
                         (clock clk_out1_pll rise edge)
                                                      0.000     0.000 r  
    AD12                                              0.000     0.000 r  i_sys_clk_p (IN)
                         net (fo=0)                   0.000     0.000    pll_inst/inst/clk_in1_p
    AD12                 IBUFDS (Prop_ibufds_I_O)     0.388     0.388 r  pll_inst/inst/clkin1_ibufgds/O
                         net (fo=1, routed)           0.503     0.891    pll_inst/inst/clk_in1_pll
    PLLE2_ADV_X1Y1       PLLE2_ADV (Prop_plle2_adv_CLKIN1_CLKOUT0)
                                                     -2.908    -2.017 r  pll_inst/inst/plle2_adv_inst/CLKOUT0
                         net (fo=1, routed)           0.958    -1.059    pll_inst/inst/clk_out1_pll
    BUFGCTRL_X0Y1        BUFG (Prop_bufg_I_O)         0.026    -1.033 r  pll_inst/inst/clkout1_buf/O
                         net (fo=353, routed)         0.641    -0.392    student_top_inst/bridge_inst/counter_inst/clk_out1
    SLICE_X54Y67         FDRE                                         r  student_top_inst/bridge_inst/counter_inst/cnt_ms_reg[1]/C
  -------------------------------------------------------------------    -------------------
    SLICE_X54Y67         FDRE (Prop_fdre_C_Q)         0.118    -0.274 r  student_top_inst/bridge_inst/counter_inst/cnt_ms_reg[1]/Q
                         net (fo=2, routed)           0.464     0.191    student_top_inst/bridge_inst/counter_inst/cnt_ms_reg[1]
    SLICE_X65Y60         LUT6 (Prop_lut6_I4_O)        0.028     0.219 r  student_top_inst/bridge_inst/counter_inst/rf_wdata_wb[1]_i_5/O
                         net (fo=2, routed)           0.122     0.340    student_top_inst/Core_cpu/SegReg_EX_LS_inst/perip_rdata[1]
    SLICE_X65Y59         LUT4 (Prop_lut4_I1_O)        0.028     0.368 f  student_top_inst/Core_cpu/SegReg_EX_LS_inst/rf_wdata_wb[1]_i_2/O
                         net (fo=1, routed)           0.117     0.486    student_top_inst/Core_cpu/SegReg_EX_LS_inst_n_39
    SLICE_X65Y59         LUT6 (Prop_lut6_I0_O)        0.028     0.514 r  student_top_inst/Core_cpu/rf_wdata_wb[1]_i_1/O
                         net (fo=1, routed)           0.000     0.514    student_top_inst/Core_cpu/SegReg_LS_WB_inst/D[1]
    SLICE_X65Y59         FDRE                                         r  student_top_inst/Core_cpu/SegReg_LS_WB_inst/rf_wdata_wb_reg[1]/D
  -------------------------------------------------------------------    -------------------

                         (clock clk_out2_pll rise edge)
                                                      0.000     0.000 r  
    AD12                                              0.000     0.000 r  i_sys_clk_p (IN)
                         net (fo=0)                   0.000     0.000    pll_inst/inst/clk_in1_p
    AD12                 IBUFDS (Prop_ibufds_I_O)     0.470     0.470 r  pll_inst/inst/clkin1_ibufgds/O
                         net (fo=1, routed)           0.554     1.024    pll_inst/inst/clk_in1_pll
    PLLE2_ADV_X1Y1       PLLE2_ADV (Prop_plle2_adv_CLKIN1_CLKOUT1)
                                                     -3.524    -2.500 r  pll_inst/inst/plle2_adv_inst/CLKOUT1
                         net (fo=1, routed)           1.027    -1.473    pll_inst/inst/clk_out2_pll
    BUFGCTRL_X0Y0        BUFG (Prop_bufg_I_O)         0.030    -1.443 r  pll_inst/inst/clkout2_buf/O
                         net (fo=1649, routed)        0.884    -0.559    student_top_inst/Core_cpu/SegReg_LS_WB_inst/clk_out2
    SLICE_X65Y59         FDRE                                         r  student_top_inst/Core_cpu/SegReg_LS_WB_inst/rf_wdata_wb_reg[1]/C
                         clock pessimism              0.484    -0.076    
                         clock uncertainty            0.206     0.131    
    SLICE_X65Y59         FDRE (Hold_fdre_C_D)         0.060     0.191    student_top_inst/Core_cpu/SegReg_LS_WB_inst/rf_wdata_wb_reg[1]
  -------------------------------------------------------------------
                         required time                         -0.191    
                         arrival time                           0.514    
  -------------------------------------------------------------------
                         slack                                  0.323    

Slack (MET) :             0.324ns  (arrival time - required time)
  Source:                 student_top_inst/bridge_inst/counter_inst/cnt_ms_reg[22]/C
                            (rising edge-triggered cell FDRE clocked by clk_out1_pll  {rise@0.000ns fall@10.000ns period=20.000ns})
  Destination:            student_top_inst/Core_cpu/SegReg_LS_WB_inst/rf_wdata_wb_reg[22]/D
                            (rising edge-triggered cell FDRE clocked by clk_out2_pll  {rise@0.000ns fall@3.333ns period=6.667ns})
  Path Group:             clk_out2_pll
  Path Type:              Hold (Min at Fast Process Corner)
  Requirement:            0.000ns  (clk_out2_pll rise@0.000ns - clk_out1_pll rise@0.000ns)
  Data Path Delay:        0.940ns  (logic 0.174ns (18.518%)  route 0.766ns (81.482%))
  Logic Levels:           2  (LUT5=1 LUT6=1)
  Clock Path Skew:        0.322ns (DCD - SCD - CPR)
    Destination Clock Delay (DCD):    -0.558ns
    Source Clock Delay      (SCD):    -0.397ns
    Clock Pessimism Removal (CPR):    -0.484ns
  Clock Uncertainty:      0.206ns  ((TSJ^2 + DJ^2)^1/2) / 2 + PE
    Total System Jitter     (TSJ):    0.071ns
    Discrete Jitter          (DJ):    0.157ns
    Phase Error              (PE):    0.120ns

    Location             Delay type                Incr(ns)  Path(ns)    Netlist Resource(s)
  -------------------------------------------------------------------    -------------------
                         (clock clk_out1_pll rise edge)
                                                      0.000     0.000 r  
    AD12                                              0.000     0.000 r  i_sys_clk_p (IN)
                         net (fo=0)                   0.000     0.000    pll_inst/inst/clk_in1_p
    AD12                 IBUFDS (Prop_ibufds_I_O)     0.388     0.388 r  pll_inst/inst/clkin1_ibufgds/O
                         net (fo=1, routed)           0.503     0.891    pll_inst/inst/clk_in1_pll
    PLLE2_ADV_X1Y1       PLLE2_ADV (Prop_plle2_adv_CLKIN1_CLKOUT0)
                                                     -2.908    -2.017 r  pll_inst/inst/plle2_adv_inst/CLKOUT0
                         net (fo=1, routed)           0.958    -1.059    pll_inst/inst/clk_out1_pll
    BUFGCTRL_X0Y1        BUFG (Prop_bufg_I_O)         0.026    -1.033 r  pll_inst/inst/clkout1_buf/O
                         net (fo=353, routed)         0.636    -0.397    student_top_inst/bridge_inst/counter_inst/clk_out1
    SLICE_X54Y72         FDRE                                         r  student_top_inst/bridge_inst/counter_inst/cnt_ms_reg[22]/C
  -------------------------------------------------------------------    -------------------
    SLICE_X54Y72         FDRE (Prop_fdre_C_Q)         0.118    -0.279 r  student_top_inst/bridge_inst/counter_inst/cnt_ms_reg[22]/Q
                         net (fo=2, routed)           0.484     0.205    student_top_inst/bridge_inst/counter_inst/cnt_ms_reg[22]
    SLICE_X52Y60         LUT6 (Prop_lut6_I2_O)        0.028     0.233 r  student_top_inst/bridge_inst/counter_inst/rf_wdata_wb[22]_i_2/O
                         net (fo=2, routed)           0.282     0.515    student_top_inst/Core_cpu/perip_rdata[21]
    SLICE_X58Y57         LUT5 (Prop_lut5_I2_O)        0.028     0.543 r  student_top_inst/Core_cpu/rf_wdata_wb[22]_i_1/O
                         net (fo=1, routed)           0.000     0.543    student_top_inst/Core_cpu/SegReg_LS_WB_inst/D[22]
    SLICE_X58Y57         FDRE                                         r  student_top_inst/Core_cpu/SegReg_LS_WB_inst/rf_wdata_wb_reg[22]/D
  -------------------------------------------------------------------    -------------------

                         (clock clk_out2_pll rise edge)
                                                      0.000     0.000 r  
    AD12                                              0.000     0.000 r  i_sys_clk_p (IN)
                         net (fo=0)                   0.000     0.000    pll_inst/inst/clk_in1_p
    AD12                 IBUFDS (Prop_ibufds_I_O)     0.470     0.470 r  pll_inst/inst/clkin1_ibufgds/O
                         net (fo=1, routed)           0.554     1.024    pll_inst/inst/clk_in1_pll
    PLLE2_ADV_X1Y1       PLLE2_ADV (Prop_plle2_adv_CLKIN1_CLKOUT1)
                                                     -3.524    -2.500 r  pll_inst/inst/plle2_adv_inst/CLKOUT1
                         net (fo=1, routed)           1.027    -1.473    pll_inst/inst/clk_out2_pll
    BUFGCTRL_X0Y0        BUFG (Prop_bufg_I_O)         0.030    -1.443 r  pll_inst/inst/clkout2_buf/O
                         net (fo=1649, routed)        0.885    -0.558    student_top_inst/Core_cpu/SegReg_LS_WB_inst/clk_out2
    SLICE_X58Y57         FDRE                                         r  student_top_inst/Core_cpu/SegReg_LS_WB_inst/rf_wdata_wb_reg[22]/C
                         clock pessimism              0.484    -0.075    
                         clock uncertainty            0.206     0.132    
    SLICE_X58Y57         FDRE (Hold_fdre_C_D)         0.087     0.219    student_top_inst/Core_cpu/SegReg_LS_WB_inst/rf_wdata_wb_reg[22]
  -------------------------------------------------------------------
                         required time                         -0.219    
                         arrival time                           0.543    
  -------------------------------------------------------------------
                         slack                                  0.324    

Slack (MET) :             0.334ns  (arrival time - required time)
  Source:                 student_top_inst/bridge_inst/counter_inst/cnt_ms_reg[0]/C
                            (rising edge-triggered cell FDRE clocked by clk_out1_pll  {rise@0.000ns fall@10.000ns period=20.000ns})
  Destination:            student_top_inst/Core_cpu/SegReg_LS_WB_inst/rf_wdata_wb_reg[0]/D
                            (rising edge-triggered cell FDRE clocked by clk_out2_pll  {rise@0.000ns fall@3.333ns period=6.667ns})
  Path Group:             clk_out2_pll
  Path Type:              Hold (Min at Fast Process Corner)
  Requirement:            0.000ns  (clk_out2_pll rise@0.000ns - clk_out1_pll rise@0.000ns)
  Data Path Delay:        0.917ns  (logic 0.240ns (26.187%)  route 0.677ns (73.813%))
  Logic Levels:           3  (LUT4=1 LUT6=2)
  Clock Path Skew:        0.315ns (DCD - SCD - CPR)
    Destination Clock Delay (DCD):    -0.560ns
    Source Clock Delay      (SCD):    -0.392ns
    Clock Pessimism Removal (CPR):    -0.484ns
  Clock Uncertainty:      0.206ns  ((TSJ^2 + DJ^2)^1/2) / 2 + PE
    Total System Jitter     (TSJ):    0.071ns
    Discrete Jitter          (DJ):    0.157ns
    Phase Error              (PE):    0.120ns

    Location             Delay type                Incr(ns)  Path(ns)    Netlist Resource(s)
  -------------------------------------------------------------------    -------------------
                         (clock clk_out1_pll rise edge)
                                                      0.000     0.000 r  
    AD12                                              0.000     0.000 r  i_sys_clk_p (IN)
                         net (fo=0)                   0.000     0.000    pll_inst/inst/clk_in1_p
    AD12                 IBUFDS (Prop_ibufds_I_O)     0.388     0.388 r  pll_inst/inst/clkin1_ibufgds/O
                         net (fo=1, routed)           0.503     0.891    pll_inst/inst/clk_in1_pll
    PLLE2_ADV_X1Y1       PLLE2_ADV (Prop_plle2_adv_CLKIN1_CLKOUT0)
                                                     -2.908    -2.017 r  pll_inst/inst/plle2_adv_inst/CLKOUT0
                         net (fo=1, routed)           0.958    -1.059    pll_inst/inst/clk_out1_pll
    BUFGCTRL_X0Y1        BUFG (Prop_bufg_I_O)         0.026    -1.033 r  pll_inst/inst/clkout1_buf/O
                         net (fo=353, routed)         0.641    -0.392    student_top_inst/bridge_inst/counter_inst/clk_out1
    SLICE_X54Y67         FDRE                                         r  student_top_inst/bridge_inst/counter_inst/cnt_ms_reg[0]/C
  -------------------------------------------------------------------    -------------------
    SLICE_X54Y67         FDRE (Prop_fdre_C_Q)         0.118    -0.274 r  student_top_inst/bridge_inst/counter_inst/cnt_ms_reg[0]/Q
                         net (fo=2, routed)           0.385     0.111    student_top_inst/bridge_inst/dram_driver_inst/rf_wdata_wb[31]_i_4_0[0]
    SLICE_X66Y61         LUT6 (Prop_lut6_I4_O)        0.028     0.139 r  student_top_inst/bridge_inst/dram_driver_inst/rf_wdata_wb[0]_i_5/O
                         net (fo=2, routed)           0.202     0.341    student_top_inst/Core_cpu/SegReg_EX_LS_inst/perip_rdata[0]
    SLICE_X66Y61         LUT4 (Prop_lut4_I0_O)        0.026     0.367 r  student_top_inst/Core_cpu/SegReg_EX_LS_inst/rf_wdata_wb[0]_i_4/O
                         net (fo=1, routed)           0.090     0.457    student_top_inst/Core_cpu/SegReg_EX_LS_inst_n_88
    SLICE_X69Y61         LUT6 (Prop_lut6_I3_O)        0.068     0.525 r  student_top_inst/Core_cpu/rf_wdata_wb[0]_i_1/O
                         net (fo=1, routed)           0.000     0.525    student_top_inst/Core_cpu/SegReg_LS_WB_inst/D[0]
    SLICE_X69Y61         FDRE                                         r  student_top_inst/Core_cpu/SegReg_LS_WB_inst/rf_wdata_wb_reg[0]/D
  -------------------------------------------------------------------    -------------------

                         (clock clk_out2_pll rise edge)
                                                      0.000     0.000 r  
    AD12                                              0.000     0.000 r  i_sys_clk_p (IN)
                         net (fo=0)                   0.000     0.000    pll_inst/inst/clk_in1_p
    AD12                 IBUFDS (Prop_ibufds_I_O)     0.470     0.470 r  pll_inst/inst/clkin1_ibufgds/O
                         net (fo=1, routed)           0.554     1.024    pll_inst/inst/clk_in1_pll
    PLLE2_ADV_X1Y1       PLLE2_ADV (Prop_plle2_adv_CLKIN1_CLKOUT1)
                                                     -3.524    -2.500 r  pll_inst/inst/plle2_adv_inst/CLKOUT1
                         net (fo=1, routed)           1.027    -1.473    pll_inst/inst/clk_out2_pll
    BUFGCTRL_X0Y0        BUFG (Prop_bufg_I_O)         0.030    -1.443 r  pll_inst/inst/clkout2_buf/O
                         net (fo=1649, routed)        0.883    -0.560    student_top_inst/Core_cpu/SegReg_LS_WB_inst/clk_out2
    SLICE_X69Y61         FDRE                                         r  student_top_inst/Core_cpu/SegReg_LS_WB_inst/rf_wdata_wb_reg[0]/C
                         clock pessimism              0.484    -0.077    
                         clock uncertainty            0.206     0.130    
    SLICE_X69Y61         FDRE (Hold_fdre_C_D)         0.061     0.191    student_top_inst/Core_cpu/SegReg_LS_WB_inst/rf_wdata_wb_reg[0]
  -------------------------------------------------------------------
                         required time                         -0.191    
                         arrival time                           0.525    
  -------------------------------------------------------------------
                         slack                                  0.334    





--------------------------------------------------------------------------------------
Path Group:  (none)
From Clock:  clk_out1_pll
  To Clock:  

Max Delay             1 Endpoint
Min Delay             1 Endpoint
--------------------------------------------------------------------------------------


Max Delay Paths
--------------------------------------------------------------------------------------
Slack:                    inf
  Source:                 uart_inst/tx_reg/C
                            (rising edge-triggered cell FDPE clocked by clk_out1_pll  {rise@0.000ns fall@10.000ns period=20.000ns})
  Destination:            o_uart_tx
                            (output port)
  Path Group:             (none)
  Path Type:              Max at Slow Process Corner
  Data Path Delay:        6.084ns  (logic 2.218ns (36.460%)  route 3.865ns (63.540%))
  Logic Levels:           1  (OBUF=1)
  Clock Uncertainty:      0.188ns  ((TSJ^2 + DJ^2)^1/2) / 2 + PE
    Total System Jitter     (TSJ):    0.050ns
    Discrete Jitter          (DJ):    0.157ns
    Phase Error              (PE):    0.105ns

    Location             Delay type                Incr(ns)  Path(ns)    Netlist Resource(s)
  -------------------------------------------------------------------    -------------------
                         (clock clk_out1_pll rise edge)
                                                      0.000     0.000 r  
    AD12                                              0.000     0.000 r  i_sys_clk_p (IN)
                         net (fo=0)                   0.000     0.000    pll_inst/inst/clk_in1_p
    AD12                 IBUFDS (Prop_ibufds_I_O)     0.906     0.906 r  pll_inst/inst/clkin1_ibufgds/O
                         net (fo=1, routed)           1.098     2.004    pll_inst/inst/clk_in1_pll
    PLLE2_ADV_X1Y1       PLLE2_ADV (Prop_plle2_adv_CLKIN1_CLKOUT0)
                                                     -8.058    -6.054 r  pll_inst/inst/plle2_adv_inst/CLKOUT0
                         net (fo=1, routed)           2.128    -3.926    pll_inst/inst/clk_out1_pll
    BUFGCTRL_X0Y1        BUFG (Prop_bufg_I_O)         0.093    -3.833 r  pll_inst/inst/clkout1_buf/O
                         net (fo=353, routed)         1.630    -2.203    uart_inst/clk_out1
    SLICE_X35Y86         FDPE                                         r  uart_inst/tx_reg/C
  -------------------------------------------------------------------    -------------------
    SLICE_X35Y86         FDPE (Prop_fdpe_C_Q)         0.223    -1.980 r  uart_inst/tx_reg/Q
                         net (fo=1, routed)           3.865     1.885    o_uart_tx_OBUF
    E23                  OBUF (Prop_obuf_I_O)         1.995     3.880 r  o_uart_tx_OBUF_inst/O
                         net (fo=0)                   0.000     3.880    o_uart_tx
    E23                                                               r  o_uart_tx (OUT)
  -------------------------------------------------------------------    -------------------





Min Delay Paths
--------------------------------------------------------------------------------------
Slack:                    inf
  Source:                 uart_inst/tx_reg/C
                            (rising edge-triggered cell FDPE clocked by clk_out1_pll  {rise@0.000ns fall@10.000ns period=20.000ns})
  Destination:            o_uart_tx
                            (output port)
  Path Group:             (none)
  Path Type:              Min at Fast Process Corner
  Data Path Delay:        2.773ns  (logic 1.015ns (36.594%)  route 1.758ns (63.406%))
  Logic Levels:           1  (OBUF=1)
  Clock Uncertainty:      0.188ns  ((TSJ^2 + DJ^2)^1/2) / 2 + PE
    Total System Jitter     (TSJ):    0.050ns
    Discrete Jitter          (DJ):    0.157ns
    Phase Error              (PE):    0.105ns

    Location             Delay type                Incr(ns)  Path(ns)    Netlist Resource(s)
  -------------------------------------------------------------------    -------------------
                         (clock clk_out1_pll rise edge)
                                                      0.000     0.000 r  
    AD12                                              0.000     0.000 r  i_sys_clk_p (IN)
                         net (fo=0)                   0.000     0.000    pll_inst/inst/clk_in1_p
    AD12                 IBUFDS (Prop_ibufds_I_O)     0.388     0.388 r  pll_inst/inst/clkin1_ibufgds/O
                         net (fo=1, routed)           0.503     0.891    pll_inst/inst/clk_in1_pll
    PLLE2_ADV_X1Y1       PLLE2_ADV (Prop_plle2_adv_CLKIN1_CLKOUT0)
                                                     -2.908    -2.017 r  pll_inst/inst/plle2_adv_inst/CLKOUT0
                         net (fo=1, routed)           0.958    -1.059    pll_inst/inst/clk_out1_pll
    BUFGCTRL_X0Y1        BUFG (Prop_bufg_I_O)         0.026    -1.033 r  pll_inst/inst/clkout1_buf/O
                         net (fo=353, routed)         0.683    -0.350    uart_inst/clk_out1
    SLICE_X35Y86         FDPE                                         r  uart_inst/tx_reg/C
  -------------------------------------------------------------------    -------------------
    SLICE_X35Y86         FDPE (Prop_fdpe_C_Q)         0.100    -0.250 r  uart_inst/tx_reg/Q
                         net (fo=1, routed)           1.758     1.509    o_uart_tx_OBUF
    E23                  OBUF (Prop_obuf_I_O)         0.915     2.424 r  o_uart_tx_OBUF_inst/O
                         net (fo=0)                   0.000     2.424    o_uart_tx
    E23                                                               r  o_uart_tx (OUT)
  -------------------------------------------------------------------    -------------------





--------------------------------------------------------------------------------------
Path Group:  (none)
From Clock:  clk_out2_pll
  To Clock:  

Max Delay            68 Endpoints
Min Delay            68 Endpoints
--------------------------------------------------------------------------------------


Max Delay Paths
--------------------------------------------------------------------------------------
Slack:                    inf
  Source:                 student_top_inst/bridge_inst/seg_driver/count_reg[4]/C
                            (rising edge-triggered cell FDCE clocked by clk_out2_pll  {rise@0.000ns fall@3.333ns period=6.667ns})
  Destination:            virtual_seg[24]
                            (output port)
  Path Group:             (none)
  Path Type:              Max at Slow Process Corner
  Data Path Delay:        10.300ns  (logic 2.319ns (22.511%)  route 7.981ns (77.489%))
  Logic Levels:           3  (LUT3=1 LUT6=1 OBUF=1)
  Clock Uncertainty:      0.173ns  ((TSJ^2 + DJ^2)^1/2) / 2 + PE
    Total System Jitter     (TSJ):    0.050ns
    Discrete Jitter          (DJ):    0.126ns
    Phase Error              (PE):    0.105ns

    Location             Delay type                Incr(ns)  Path(ns)    Netlist Resource(s)
  -------------------------------------------------------------------    -------------------
                         (clock clk_out2_pll rise edge)
                                                      0.000     0.000 r  
    AD12                                              0.000     0.000 r  i_sys_clk_p (IN)
                         net (fo=0)                   0.000     0.000    pll_inst/inst/clk_in1_p
    AD12                 IBUFDS (Prop_ibufds_I_O)     0.906     0.906 r  pll_inst/inst/clkin1_ibufgds/O
                         net (fo=1, routed)           1.098     2.004    pll_inst/inst/clk_in1_pll
    PLLE2_ADV_X1Y1       PLLE2_ADV (Prop_plle2_adv_CLKIN1_CLKOUT1)
                                                     -8.058    -6.054 r  pll_inst/inst/plle2_adv_inst/CLKOUT1
                         net (fo=1, routed)           2.128    -3.926    pll_inst/inst/clk_out2_pll
    BUFGCTRL_X0Y0        BUFG (Prop_bufg_I_O)         0.093    -3.833 r  pll_inst/inst/clkout2_buf/O
                         net (fo=1649, routed)        1.633    -2.200    student_top_inst/bridge_inst/seg_driver/clk_out2
    SLICE_X32Y91         FDCE                                         r  student_top_inst/bridge_inst/seg_driver/count_reg[4]/C
  -------------------------------------------------------------------    -------------------
    SLICE_X32Y91         FDCE (Prop_fdce_C_Q)         0.204    -1.996 r  student_top_inst/bridge_inst/seg_driver/count_reg[4]/Q
                         net (fo=47, routed)          1.858    -0.139    student_top_inst/bridge_inst/seg_driver/Q[0]
    SLICE_X45Y81         LUT3 (Prop_lut3_I1_O)        0.123    -0.016 r  student_top_inst/bridge_inst/seg_driver/virtual_seg_OBUF[26]_inst_i_4/O
                         net (fo=7, routed)           1.291     1.276    student_top_inst/bridge_inst/seg_driver/virtual_seg_OBUF[26]_inst_i_4_n_0
    SLICE_X38Y88         LUT6 (Prop_lut6_I0_O)        0.043     1.319 r  student_top_inst/bridge_inst/seg_driver/virtual_seg_OBUF[24]_inst_i_1/O
                         net (fo=2, routed)           4.832     6.151    virtual_seg_OBUF[24]
    H22                  OBUF (Prop_obuf_I_O)         1.949     8.100 r  virtual_seg_OBUF[24]_inst/O
                         net (fo=0)                   0.000     8.100    virtual_seg[24]
    H22                                                               r  virtual_seg[24] (OUT)
  -------------------------------------------------------------------    -------------------

Slack:                    inf
  Source:                 student_top_inst/bridge_inst/seg_driver/count_reg[4]/C
                            (rising edge-triggered cell FDCE clocked by clk_out2_pll  {rise@0.000ns fall@3.333ns period=6.667ns})
  Destination:            virtual_seg[25]
                            (output port)
  Path Group:             (none)
  Path Type:              Max at Slow Process Corner
  Data Path Delay:        10.176ns  (logic 2.419ns (23.775%)  route 7.756ns (76.225%))
  Logic Levels:           3  (LUT3=1 LUT6=1 OBUF=1)
  Clock Uncertainty:      0.173ns  ((TSJ^2 + DJ^2)^1/2) / 2 + PE
    Total System Jitter     (TSJ):    0.050ns
    Discrete Jitter          (DJ):    0.126ns
    Phase Error              (PE):    0.105ns

    Location             Delay type                Incr(ns)  Path(ns)    Netlist Resource(s)
  -------------------------------------------------------------------    -------------------
                         (clock clk_out2_pll rise edge)
                                                      0.000     0.000 r  
    AD12                                              0.000     0.000 r  i_sys_clk_p (IN)
                         net (fo=0)                   0.000     0.000    pll_inst/inst/clk_in1_p
    AD12                 IBUFDS (Prop_ibufds_I_O)     0.906     0.906 r  pll_inst/inst/clkin1_ibufgds/O
                         net (fo=1, routed)           1.098     2.004    pll_inst/inst/clk_in1_pll
    PLLE2_ADV_X1Y1       PLLE2_ADV (Prop_plle2_adv_CLKIN1_CLKOUT1)
                                                     -8.058    -6.054 r  pll_inst/inst/plle2_adv_inst/CLKOUT1
                         net (fo=1, routed)           2.128    -3.926    pll_inst/inst/clk_out2_pll
    BUFGCTRL_X0Y0        BUFG (Prop_bufg_I_O)         0.093    -3.833 r  pll_inst/inst/clkout2_buf/O
                         net (fo=1649, routed)        1.633    -2.200    student_top_inst/bridge_inst/seg_driver/clk_out2
    SLICE_X32Y91         FDCE                                         r  student_top_inst/bridge_inst/seg_driver/count_reg[4]/C
  -------------------------------------------------------------------    -------------------
    SLICE_X32Y91         FDCE (Prop_fdce_C_Q)         0.204    -1.996 r  student_top_inst/bridge_inst/seg_driver/count_reg[4]/Q
                         net (fo=47, routed)          2.047     0.051    student_top_inst/bridge_inst/seg_driver/Q[0]
    SLICE_X40Y80         LUT3 (Prop_lut3_I1_O)        0.131     0.182 r  student_top_inst/bridge_inst/seg_driver/virtual_seg_OBUF[26]_inst_i_2/O
                         net (fo=7, routed)           1.055     1.237    student_top_inst/bridge_inst/seg_driver/virtual_seg_OBUF[26]_inst_i_2_n_0
    SLICE_X40Y86         LUT6 (Prop_lut6_I5_O)        0.136     1.373 r  student_top_inst/bridge_inst/seg_driver/virtual_seg_OBUF[25]_inst_i_1/O
                         net (fo=2, routed)           4.654     6.027    virtual_seg_OBUF[25]
    H21                  OBUF (Prop_obuf_I_O)         1.948     7.975 r  virtual_seg_OBUF[25]_inst/O
                         net (fo=0)                   0.000     7.975    virtual_seg[25]
    H21                                                               r  virtual_seg[25] (OUT)
  -------------------------------------------------------------------    -------------------

Slack:                    inf
  Source:                 student_top_inst/bridge_inst/seg_driver/count_reg[4]/C
                            (rising edge-triggered cell FDCE clocked by clk_out2_pll  {rise@0.000ns fall@3.333ns period=6.667ns})
  Destination:            virtual_seg[23]
                            (output port)
  Path Group:             (none)
  Path Type:              Max at Slow Process Corner
  Data Path Delay:        10.082ns  (logic 2.388ns (23.684%)  route 7.694ns (76.316%))
  Logic Levels:           3  (LUT3=1 LUT6=1 OBUF=1)
  Clock Uncertainty:      0.173ns  ((TSJ^2 + DJ^2)^1/2) / 2 + PE
    Total System Jitter     (TSJ):    0.050ns
    Discrete Jitter          (DJ):    0.126ns
    Phase Error              (PE):    0.105ns

    Location             Delay type                Incr(ns)  Path(ns)    Netlist Resource(s)
  -------------------------------------------------------------------    -------------------
                         (clock clk_out2_pll rise edge)
                                                      0.000     0.000 r  
    AD12                                              0.000     0.000 r  i_sys_clk_p (IN)
                         net (fo=0)                   0.000     0.000    pll_inst/inst/clk_in1_p
    AD12                 IBUFDS (Prop_ibufds_I_O)     0.906     0.906 r  pll_inst/inst/clkin1_ibufgds/O
                         net (fo=1, routed)           1.098     2.004    pll_inst/inst/clk_in1_pll
    PLLE2_ADV_X1Y1       PLLE2_ADV (Prop_plle2_adv_CLKIN1_CLKOUT1)
                                                     -8.058    -6.054 r  pll_inst/inst/plle2_adv_inst/CLKOUT1
                         net (fo=1, routed)           2.128    -3.926    pll_inst/inst/clk_out2_pll
    BUFGCTRL_X0Y0        BUFG (Prop_bufg_I_O)         0.093    -3.833 r  pll_inst/inst/clkout2_buf/O
                         net (fo=1649, routed)        1.633    -2.200    student_top_inst/bridge_inst/seg_driver/clk_out2
    SLICE_X32Y91         FDCE                                         r  student_top_inst/bridge_inst/seg_driver/count_reg[4]/C
  -------------------------------------------------------------------    -------------------
    SLICE_X32Y91         FDCE (Prop_fdce_C_Q)         0.204    -1.996 r  student_top_inst/bridge_inst/seg_driver/count_reg[4]/Q
                         net (fo=47, routed)          1.858    -0.139    student_top_inst/bridge_inst/seg_driver/Q[0]
    SLICE_X45Y81         LUT3 (Prop_lut3_I1_O)        0.123    -0.016 r  student_top_inst/bridge_inst/seg_driver/virtual_seg_OBUF[26]_inst_i_4/O
                         net (fo=7, routed)           1.299     1.284    student_top_inst/bridge_inst/seg_driver/virtual_seg_OBUF[26]_inst_i_4_n_0
    SLICE_X38Y88         LUT6 (Prop_lut6_I0_O)        0.043     1.327 r  student_top_inst/bridge_inst/seg_driver/virtual_seg_OBUF[23]_inst_i_1/O
                         net (fo=2, routed)           4.537     5.864    virtual_seg_OBUF[23]
    D17                  OBUF (Prop_obuf_I_O)         2.018     7.882 r  virtual_seg_OBUF[23]_inst/O
                         net (fo=0)                   0.000     7.882    virtual_seg[23]
    D17                                                               r  virtual_seg[23] (OUT)
  -------------------------------------------------------------------    -------------------

Slack:                    inf
  Source:                 student_top_inst/bridge_inst/seg_driver/count_reg[4]/C
                            (rising edge-triggered cell FDCE clocked by clk_out2_pll  {rise@0.000ns fall@3.333ns period=6.667ns})
  Destination:            virtual_seg[22]
                            (output port)
  Path Group:             (none)
  Path Type:              Max at Slow Process Corner
  Data Path Delay:        10.055ns  (logic 2.486ns (24.724%)  route 7.569ns (75.276%))
  Logic Levels:           3  (LUT3=1 LUT6=1 OBUF=1)
  Clock Uncertainty:      0.173ns  ((TSJ^2 + DJ^2)^1/2) / 2 + PE
    Total System Jitter     (TSJ):    0.050ns
    Discrete Jitter          (DJ):    0.126ns
    Phase Error              (PE):    0.105ns

    Location             Delay type                Incr(ns)  Path(ns)    Netlist Resource(s)
  -------------------------------------------------------------------    -------------------
                         (clock clk_out2_pll rise edge)
                                                      0.000     0.000 r  
    AD12                                              0.000     0.000 r  i_sys_clk_p (IN)
                         net (fo=0)                   0.000     0.000    pll_inst/inst/clk_in1_p
    AD12                 IBUFDS (Prop_ibufds_I_O)     0.906     0.906 r  pll_inst/inst/clkin1_ibufgds/O
                         net (fo=1, routed)           1.098     2.004    pll_inst/inst/clk_in1_pll
    PLLE2_ADV_X1Y1       PLLE2_ADV (Prop_plle2_adv_CLKIN1_CLKOUT1)
                                                     -8.058    -6.054 r  pll_inst/inst/plle2_adv_inst/CLKOUT1
                         net (fo=1, routed)           2.128    -3.926    pll_inst/inst/clk_out2_pll
    BUFGCTRL_X0Y0        BUFG (Prop_bufg_I_O)         0.093    -3.833 r  pll_inst/inst/clkout2_buf/O
                         net (fo=1649, routed)        1.633    -2.200    student_top_inst/bridge_inst/seg_driver/clk_out2
    SLICE_X32Y91         FDCE                                         r  student_top_inst/bridge_inst/seg_driver/count_reg[4]/C
  -------------------------------------------------------------------    -------------------
    SLICE_X32Y91         FDCE (Prop_fdce_C_Q)         0.204    -1.996 r  student_top_inst/bridge_inst/seg_driver/count_reg[4]/Q
                         net (fo=47, routed)          2.047     0.051    student_top_inst/bridge_inst/seg_driver/Q[0]
    SLICE_X40Y80         LUT3 (Prop_lut3_I1_O)        0.131     0.182 f  student_top_inst/bridge_inst/seg_driver/virtual_seg_OBUF[26]_inst_i_2/O
                         net (fo=7, routed)           1.050     1.231    student_top_inst/bridge_inst/seg_driver/virtual_seg_OBUF[26]_inst_i_2_n_0
    SLICE_X40Y86         LUT6 (Prop_lut6_I4_O)        0.136     1.367 r  student_top_inst/bridge_inst/seg_driver/virtual_seg_OBUF[22]_inst_i_1/O
                         net (fo=2, routed)           4.473     5.840    virtual_seg_OBUF[22]
    D18                  OBUF (Prop_obuf_I_O)         2.015     7.855 r  virtual_seg_OBUF[22]_inst/O
                         net (fo=0)                   0.000     7.855    virtual_seg[22]
    D18                                                               r  virtual_seg[22] (OUT)
  -------------------------------------------------------------------    -------------------

Slack:                    inf
  Source:                 student_top_inst/bridge_inst/seg_driver/count_reg[4]/C
                            (rising edge-triggered cell FDCE clocked by clk_out2_pll  {rise@0.000ns fall@3.333ns period=6.667ns})
  Destination:            virtual_seg[21]
                            (output port)
  Path Group:             (none)
  Path Type:              Max at Slow Process Corner
  Data Path Delay:        9.889ns  (logic 2.454ns (24.818%)  route 7.435ns (75.182%))
  Logic Levels:           3  (LUT3=1 LUT6=1 OBUF=1)
  Clock Uncertainty:      0.173ns  ((TSJ^2 + DJ^2)^1/2) / 2 + PE
    Total System Jitter     (TSJ):    0.050ns
    Discrete Jitter          (DJ):    0.126ns
    Phase Error              (PE):    0.105ns

    Location             Delay type                Incr(ns)  Path(ns)    Netlist Resource(s)
  -------------------------------------------------------------------    -------------------
                         (clock clk_out2_pll rise edge)
                                                      0.000     0.000 r  
    AD12                                              0.000     0.000 r  i_sys_clk_p (IN)
                         net (fo=0)                   0.000     0.000    pll_inst/inst/clk_in1_p
    AD12                 IBUFDS (Prop_ibufds_I_O)     0.906     0.906 r  pll_inst/inst/clkin1_ibufgds/O
                         net (fo=1, routed)           1.098     2.004    pll_inst/inst/clk_in1_pll
    PLLE2_ADV_X1Y1       PLLE2_ADV (Prop_plle2_adv_CLKIN1_CLKOUT1)
                                                     -8.058    -6.054 r  pll_inst/inst/plle2_adv_inst/CLKOUT1
                         net (fo=1, routed)           2.128    -3.926    pll_inst/inst/clk_out2_pll
    BUFGCTRL_X0Y0        BUFG (Prop_bufg_I_O)         0.093    -3.833 r  pll_inst/inst/clkout2_buf/O
                         net (fo=1649, routed)        1.633    -2.200    student_top_inst/bridge_inst/seg_driver/clk_out2
    SLICE_X32Y91         FDCE                                         r  student_top_inst/bridge_inst/seg_driver/count_reg[4]/C
  -------------------------------------------------------------------    -------------------
    SLICE_X32Y91         FDCE (Prop_fdce_C_Q)         0.204    -1.996 r  student_top_inst/bridge_inst/seg_driver/count_reg[4]/Q
                         net (fo=47, routed)          2.047     0.051    student_top_inst/bridge_inst/seg_driver/Q[0]
    SLICE_X40Y80         LUT3 (Prop_lut3_I1_O)        0.131     0.182 r  student_top_inst/bridge_inst/seg_driver/virtual_seg_OBUF[26]_inst_i_2/O
                         net (fo=7, routed)           0.865     1.047    student_top_inst/bridge_inst/seg_driver/virtual_seg_OBUF[26]_inst_i_2_n_0
    SLICE_X38Y88         LUT6 (Prop_lut6_I1_O)        0.136     1.183 r  student_top_inst/bridge_inst/seg_driver/virtual_seg_OBUF[21]_inst_i_1/O
                         net (fo=2, routed)           4.523     5.706    virtual_seg_OBUF[21]
    F21                  OBUF (Prop_obuf_I_O)         1.983     7.689 r  virtual_seg_OBUF[21]_inst/O
                         net (fo=0)                   0.000     7.689    virtual_seg[21]
    F21                                                               r  virtual_seg[21] (OUT)
  -------------------------------------------------------------------    -------------------

Slack:                    inf
  Source:                 student_top_inst/bridge_inst/seg_driver/count_reg[4]/C
                            (rising edge-triggered cell FDCE clocked by clk_out2_pll  {rise@0.000ns fall@3.333ns period=6.667ns})
  Destination:            virtual_seg[33]
                            (output port)
  Path Group:             (none)
  Path Type:              Max at Slow Process Corner
  Data Path Delay:        9.734ns  (logic 3.704ns (38.058%)  route 6.029ns (61.942%))
  Logic Levels:           3  (LUT3=1 LUT6=1 OBUF=1)
  Clock Uncertainty:      0.173ns  ((TSJ^2 + DJ^2)^1/2) / 2 + PE
    Total System Jitter     (TSJ):    0.050ns
    Discrete Jitter          (DJ):    0.126ns
    Phase Error              (PE):    0.105ns

    Location             Delay type                Incr(ns)  Path(ns)    Netlist Resource(s)
  -------------------------------------------------------------------    -------------------
                         (clock clk_out2_pll rise edge)
                                                      0.000     0.000 r  
    AD12                                              0.000     0.000 r  i_sys_clk_p (IN)
                         net (fo=0)                   0.000     0.000    pll_inst/inst/clk_in1_p
    AD12                 IBUFDS (Prop_ibufds_I_O)     0.906     0.906 r  pll_inst/inst/clkin1_ibufgds/O
                         net (fo=1, routed)           1.098     2.004    pll_inst/inst/clk_in1_pll
    PLLE2_ADV_X1Y1       PLLE2_ADV (Prop_plle2_adv_CLKIN1_CLKOUT1)
                                                     -8.058    -6.054 r  pll_inst/inst/plle2_adv_inst/CLKOUT1
                         net (fo=1, routed)           2.128    -3.926    pll_inst/inst/clk_out2_pll
    BUFGCTRL_X0Y0        BUFG (Prop_bufg_I_O)         0.093    -3.833 r  pll_inst/inst/clkout2_buf/O
                         net (fo=1649, routed)        1.633    -2.200    student_top_inst/bridge_inst/seg_driver/clk_out2
    SLICE_X32Y91         FDCE                                         r  student_top_inst/bridge_inst/seg_driver/count_reg[4]/C
  -------------------------------------------------------------------    -------------------
    SLICE_X32Y91         FDCE (Prop_fdce_C_Q)         0.204    -1.996 r  student_top_inst/bridge_inst/seg_driver/count_reg[4]/Q
                         net (fo=47, routed)          1.958    -0.039    student_top_inst/bridge_inst/seg_driver/Q[0]
    SLICE_X41Y81         LUT3 (Prop_lut3_I1_O)        0.131     0.092 r  student_top_inst/bridge_inst/seg_driver/virtual_seg_OBUF[36]_inst_i_3/O
                         net (fo=7, routed)           0.859     0.951    student_top_inst/bridge_inst/seg_driver/virtual_seg_OBUF[36]_inst_i_3_n_0
    SLICE_X41Y84         LUT6 (Prop_lut6_I4_O)        0.136     1.087 r  student_top_inst/bridge_inst/seg_driver/virtual_seg_OBUF[33]_inst_i_1/O
                         net (fo=2, routed)           3.213     4.300    virtual_seg_OBUF[33]
    T20                  OBUF (Prop_obuf_I_O)         3.233     7.533 r  virtual_seg_OBUF[33]_inst/O
                         net (fo=0)                   0.000     7.533    virtual_seg[33]
    T20                                                               r  virtual_seg[33] (OUT)
  -------------------------------------------------------------------    -------------------

Slack:                    inf
  Source:                 student_top_inst/bridge_inst/seg_driver/count_reg[4]/C
                            (rising edge-triggered cell FDCE clocked by clk_out2_pll  {rise@0.000ns fall@3.333ns period=6.667ns})
  Destination:            virtual_seg[26]
                            (output port)
  Path Group:             (none)
  Path Type:              Max at Slow Process Corner
  Data Path Delay:        9.702ns  (logic 2.441ns (25.162%)  route 7.261ns (74.838%))
  Logic Levels:           3  (LUT3=1 LUT6=1 OBUF=1)
  Clock Uncertainty:      0.173ns  ((TSJ^2 + DJ^2)^1/2) / 2 + PE
    Total System Jitter     (TSJ):    0.050ns
    Discrete Jitter          (DJ):    0.126ns
    Phase Error              (PE):    0.105ns

    Location             Delay type                Incr(ns)  Path(ns)    Netlist Resource(s)
  -------------------------------------------------------------------    -------------------
                         (clock clk_out2_pll rise edge)
                                                      0.000     0.000 r  
    AD12                                              0.000     0.000 r  i_sys_clk_p (IN)
                         net (fo=0)                   0.000     0.000    pll_inst/inst/clk_in1_p
    AD12                 IBUFDS (Prop_ibufds_I_O)     0.906     0.906 r  pll_inst/inst/clkin1_ibufgds/O
                         net (fo=1, routed)           1.098     2.004    pll_inst/inst/clk_in1_pll
    PLLE2_ADV_X1Y1       PLLE2_ADV (Prop_plle2_adv_CLKIN1_CLKOUT1)
                                                     -8.058    -6.054 r  pll_inst/inst/plle2_adv_inst/CLKOUT1
                         net (fo=1, routed)           2.128    -3.926    pll_inst/inst/clk_out2_pll
    BUFGCTRL_X0Y0        BUFG (Prop_bufg_I_O)         0.093    -3.833 r  pll_inst/inst/clkout2_buf/O
                         net (fo=1649, routed)        1.633    -2.200    student_top_inst/bridge_inst/seg_driver/clk_out2
    SLICE_X32Y91         FDCE                                         r  student_top_inst/bridge_inst/seg_driver/count_reg[4]/C
  -------------------------------------------------------------------    -------------------
    SLICE_X32Y91         FDCE (Prop_fdce_C_Q)         0.204    -1.996 r  student_top_inst/bridge_inst/seg_driver/count_reg[4]/Q
                         net (fo=47, routed)          2.047     0.051    student_top_inst/bridge_inst/seg_driver/Q[0]
    SLICE_X40Y80         LUT3 (Prop_lut3_I1_O)        0.131     0.182 r  student_top_inst/bridge_inst/seg_driver/virtual_seg_OBUF[26]_inst_i_2/O
                         net (fo=7, routed)           0.805     0.987    student_top_inst/bridge_inst/seg_driver/virtual_seg_OBUF[26]_inst_i_2_n_0
    SLICE_X40Y86         LUT6 (Prop_lut6_I0_O)        0.136     1.123 r  student_top_inst/bridge_inst/seg_driver/virtual_seg_OBUF[26]_inst_i_1/O
                         net (fo=2, routed)           4.409     5.532    virtual_seg_OBUF[26]
    F22                  OBUF (Prop_obuf_I_O)         1.970     7.502 r  virtual_seg_OBUF[26]_inst/O
                         net (fo=0)                   0.000     7.502    virtual_seg[26]
    F22                                                               r  virtual_seg[26] (OUT)
  -------------------------------------------------------------------    -------------------

Slack:                    inf
  Source:                 student_top_inst/bridge_inst/seg_driver/count_reg[4]/C
                            (rising edge-triggered cell FDCE clocked by clk_out2_pll  {rise@0.000ns fall@3.333ns period=6.667ns})
  Destination:            virtual_seg[20]
                            (output port)
  Path Group:             (none)
  Path Type:              Max at Slow Process Corner
  Data Path Delay:        9.670ns  (logic 2.453ns (25.372%)  route 7.216ns (74.628%))
  Logic Levels:           3  (LUT3=1 LUT6=1 OBUF=1)
  Clock Uncertainty:      0.173ns  ((TSJ^2 + DJ^2)^1/2) / 2 + PE
    Total System Jitter     (TSJ):    0.050ns
    Discrete Jitter          (DJ):    0.126ns
    Phase Error              (PE):    0.105ns

    Location             Delay type                Incr(ns)  Path(ns)    Netlist Resource(s)
  -------------------------------------------------------------------    -------------------
                         (clock clk_out2_pll rise edge)
                                                      0.000     0.000 r  
    AD12                                              0.000     0.000 r  i_sys_clk_p (IN)
                         net (fo=0)                   0.000     0.000    pll_inst/inst/clk_in1_p
    AD12                 IBUFDS (Prop_ibufds_I_O)     0.906     0.906 r  pll_inst/inst/clkin1_ibufgds/O
                         net (fo=1, routed)           1.098     2.004    pll_inst/inst/clk_in1_pll
    PLLE2_ADV_X1Y1       PLLE2_ADV (Prop_plle2_adv_CLKIN1_CLKOUT1)
                                                     -8.058    -6.054 r  pll_inst/inst/plle2_adv_inst/CLKOUT1
                         net (fo=1, routed)           2.128    -3.926    pll_inst/inst/clk_out2_pll
    BUFGCTRL_X0Y0        BUFG (Prop_bufg_I_O)         0.093    -3.833 r  pll_inst/inst/clkout2_buf/O
                         net (fo=1649, routed)        1.633    -2.200    student_top_inst/bridge_inst/seg_driver/clk_out2
    SLICE_X32Y91         FDCE                                         r  student_top_inst/bridge_inst/seg_driver/count_reg[4]/C
  -------------------------------------------------------------------    -------------------
    SLICE_X32Y91         FDCE (Prop_fdce_C_Q)         0.204    -1.996 r  student_top_inst/bridge_inst/seg_driver/count_reg[4]/Q
                         net (fo=47, routed)          2.047     0.051    student_top_inst/bridge_inst/seg_driver/Q[0]
    SLICE_X40Y80         LUT3 (Prop_lut3_I1_O)        0.131     0.182 r  student_top_inst/bridge_inst/seg_driver/virtual_seg_OBUF[26]_inst_i_2/O
                         net (fo=7, routed)           0.707     0.889    student_top_inst/bridge_inst/seg_driver/virtual_seg_OBUF[26]_inst_i_2_n_0
    SLICE_X38Y87         LUT6 (Prop_lut6_I2_O)        0.136     1.025 r  student_top_inst/bridge_inst/seg_driver/virtual_seg_OBUF[20]_inst_i_1/O
                         net (fo=2, routed)           4.462     5.487    virtual_seg_OBUF[20]
    E21                  OBUF (Prop_obuf_I_O)         1.982     7.469 r  virtual_seg_OBUF[20]_inst/O
                         net (fo=0)                   0.000     7.469    virtual_seg[20]
    E21                                                               r  virtual_seg[20] (OUT)
  -------------------------------------------------------------------    -------------------

Slack:                    inf
  Source:                 student_top_inst/bridge_inst/seg_driver/count_reg[4]/C
                            (rising edge-triggered cell FDCE clocked by clk_out2_pll  {rise@0.000ns fall@3.333ns period=6.667ns})
  Destination:            virtual_seg[36]
                            (output port)
  Path Group:             (none)
  Path Type:              Max at Slow Process Corner
  Data Path Delay:        9.662ns  (logic 3.598ns (37.238%)  route 6.064ns (62.762%))
  Logic Levels:           3  (LUT3=1 LUT6=1 OBUF=1)
  Clock Uncertainty:      0.173ns  ((TSJ^2 + DJ^2)^1/2) / 2 + PE
    Total System Jitter     (TSJ):    0.050ns
    Discrete Jitter          (DJ):    0.126ns
    Phase Error              (PE):    0.105ns

    Location             Delay type                Incr(ns)  Path(ns)    Netlist Resource(s)
  -------------------------------------------------------------------    -------------------
                         (clock clk_out2_pll rise edge)
                                                      0.000     0.000 r  
    AD12                                              0.000     0.000 r  i_sys_clk_p (IN)
                         net (fo=0)                   0.000     0.000    pll_inst/inst/clk_in1_p
    AD12                 IBUFDS (Prop_ibufds_I_O)     0.906     0.906 r  pll_inst/inst/clkin1_ibufgds/O
                         net (fo=1, routed)           1.098     2.004    pll_inst/inst/clk_in1_pll
    PLLE2_ADV_X1Y1       PLLE2_ADV (Prop_plle2_adv_CLKIN1_CLKOUT1)
                                                     -8.058    -6.054 r  pll_inst/inst/plle2_adv_inst/CLKOUT1
                         net (fo=1, routed)           2.128    -3.926    pll_inst/inst/clk_out2_pll
    BUFGCTRL_X0Y0        BUFG (Prop_bufg_I_O)         0.093    -3.833 r  pll_inst/inst/clkout2_buf/O
                         net (fo=1649, routed)        1.633    -2.200    student_top_inst/bridge_inst/seg_driver/clk_out2
    SLICE_X32Y91         FDCE                                         r  student_top_inst/bridge_inst/seg_driver/count_reg[4]/C
  -------------------------------------------------------------------    -------------------
    SLICE_X32Y91         FDCE (Prop_fdce_C_Q)         0.204    -1.996 r  student_top_inst/bridge_inst/seg_driver/count_reg[4]/Q
                         net (fo=47, routed)          1.975    -0.022    student_top_inst/bridge_inst/seg_driver/Q[0]
    SLICE_X46Y81         LUT3 (Prop_lut3_I1_O)        0.123     0.101 r  student_top_inst/bridge_inst/seg_driver/virtual_seg_OBUF[36]_inst_i_2/O
                         net (fo=7, routed)           0.913     1.014    student_top_inst/bridge_inst/seg_driver/virtual_seg_OBUF[36]_inst_i_2_n_0
    SLICE_X41Y84         LUT6 (Prop_lut6_I0_O)        0.043     1.057 r  student_top_inst/bridge_inst/seg_driver/virtual_seg_OBUF[36]_inst_i_1/O
                         net (fo=2, routed)           3.176     4.234    virtual_seg_OBUF[36]
    T21                  OBUF (Prop_obuf_I_O)         3.228     7.462 r  virtual_seg_OBUF[36]_inst/O
                         net (fo=0)                   0.000     7.462    virtual_seg[36]
    T21                                                               r  virtual_seg[36] (OUT)
  -------------------------------------------------------------------    -------------------

Slack:                    inf
  Source:                 student_top_inst/bridge_inst/seg_driver/count_reg[4]/C
                            (rising edge-triggered cell FDCE clocked by clk_out2_pll  {rise@0.000ns fall@3.333ns period=6.667ns})
  Destination:            virtual_seg[35]
                            (output port)
  Path Group:             (none)
  Path Type:              Max at Slow Process Corner
  Data Path Delay:        9.555ns  (logic 3.748ns (39.221%)  route 5.808ns (60.779%))
  Logic Levels:           3  (LUT3=1 LUT6=1 OBUF=1)
  Clock Uncertainty:      0.173ns  ((TSJ^2 + DJ^2)^1/2) / 2 + PE
    Total System Jitter     (TSJ):    0.050ns
    Discrete Jitter          (DJ):    0.126ns
    Phase Error              (PE):    0.105ns

    Location             Delay type                Incr(ns)  Path(ns)    Netlist Resource(s)
  -------------------------------------------------------------------    -------------------
                         (clock clk_out2_pll rise edge)
                                                      0.000     0.000 r  
    AD12                                              0.000     0.000 r  i_sys_clk_p (IN)
                         net (fo=0)                   0.000     0.000    pll_inst/inst/clk_in1_p
    AD12                 IBUFDS (Prop_ibufds_I_O)     0.906     0.906 r  pll_inst/inst/clkin1_ibufgds/O
                         net (fo=1, routed)           1.098     2.004    pll_inst/inst/clk_in1_pll
    PLLE2_ADV_X1Y1       PLLE2_ADV (Prop_plle2_adv_CLKIN1_CLKOUT1)
                                                     -8.058    -6.054 r  pll_inst/inst/plle2_adv_inst/CLKOUT1
                         net (fo=1, routed)           2.128    -3.926    pll_inst/inst/clk_out2_pll
    BUFGCTRL_X0Y0        BUFG (Prop_bufg_I_O)         0.093    -3.833 r  pll_inst/inst/clkout2_buf/O
                         net (fo=1649, routed)        1.633    -2.200    student_top_inst/bridge_inst/seg_driver/clk_out2
    SLICE_X32Y91         FDCE                                         r  student_top_inst/bridge_inst/seg_driver/count_reg[4]/C
  -------------------------------------------------------------------    -------------------
    SLICE_X32Y91         FDCE (Prop_fdce_C_Q)         0.204    -1.996 r  student_top_inst/bridge_inst/seg_driver/count_reg[4]/Q
                         net (fo=47, routed)          1.958    -0.039    student_top_inst/bridge_inst/seg_driver/Q[0]
    SLICE_X41Y81         LUT3 (Prop_lut3_I1_O)        0.131     0.092 f  student_top_inst/bridge_inst/seg_driver/virtual_seg_OBUF[36]_inst_i_3/O
                         net (fo=7, routed)           0.851     0.943    student_top_inst/bridge_inst/seg_driver/virtual_seg_OBUF[36]_inst_i_3_n_0
    SLICE_X44Y84         LUT6 (Prop_lut6_I1_O)        0.136     1.079 r  student_top_inst/bridge_inst/seg_driver/virtual_seg_OBUF[35]_inst_i_1/O
                         net (fo=2, routed)           2.999     4.078    virtual_seg_OBUF[35]
    T26                  OBUF (Prop_obuf_I_O)         3.277     7.355 r  virtual_seg_OBUF[35]_inst/O
                         net (fo=0)                   0.000     7.355    virtual_seg[35]
    T26                                                               r  virtual_seg[35] (OUT)
  -------------------------------------------------------------------    -------------------





Min Delay Paths
--------------------------------------------------------------------------------------
Slack:                    inf
  Source:                 student_top_inst/bridge_inst/seg_driver/count_reg[4]/C
                            (rising edge-triggered cell FDCE clocked by clk_out2_pll  {rise@0.000ns fall@3.333ns period=6.667ns})
  Destination:            virtual_seg[8]
                            (output port)
  Path Group:             (none)
  Path Type:              Min at Fast Process Corner
  Data Path Delay:        2.450ns  (logic 1.483ns (60.549%)  route 0.966ns (39.451%))
  Logic Levels:           1  (OBUF=1)
  Clock Uncertainty:      0.173ns  ((TSJ^2 + DJ^2)^1/2) / 2 + PE
    Total System Jitter     (TSJ):    0.050ns
    Discrete Jitter          (DJ):    0.126ns
    Phase Error              (PE):    0.105ns

    Location             Delay type                Incr(ns)  Path(ns)    Netlist Resource(s)
  -------------------------------------------------------------------    -------------------
                         (clock clk_out2_pll rise edge)
                                                      0.000     0.000 r  
    AD12                                              0.000     0.000 r  i_sys_clk_p (IN)
                         net (fo=0)                   0.000     0.000    pll_inst/inst/clk_in1_p
    AD12                 IBUFDS (Prop_ibufds_I_O)     0.388     0.388 r  pll_inst/inst/clkin1_ibufgds/O
                         net (fo=1, routed)           0.503     0.891    pll_inst/inst/clk_in1_pll
    PLLE2_ADV_X1Y1       PLLE2_ADV (Prop_plle2_adv_CLKIN1_CLKOUT1)
                                                     -2.908    -2.017 r  pll_inst/inst/plle2_adv_inst/CLKOUT1
                         net (fo=1, routed)           0.958    -1.059    pll_inst/inst/clk_out2_pll
    BUFGCTRL_X0Y0        BUFG (Prop_bufg_I_O)         0.026    -1.033 r  pll_inst/inst/clkout2_buf/O
                         net (fo=1649, routed)        0.686    -0.347    student_top_inst/bridge_inst/seg_driver/clk_out2
    SLICE_X32Y91         FDCE                                         r  student_top_inst/bridge_inst/seg_driver/count_reg[4]/C
  -------------------------------------------------------------------    -------------------
    SLICE_X32Y91         FDCE (Prop_fdce_C_Q)         0.091    -0.256 r  student_top_inst/bridge_inst/seg_driver/count_reg[4]/Q
                         net (fo=47, routed)          0.966     0.711    virtual_seg_OBUF[8]
    U22                  OBUF (Prop_obuf_I_O)         1.392     2.103 r  virtual_seg_OBUF[8]_inst/O
                         net (fo=0)                   0.000     2.103    virtual_seg[8]
    U22                                                               r  virtual_seg[8] (OUT)
  -------------------------------------------------------------------    -------------------

Slack:                    inf
  Source:                 student_top_inst/bridge_inst/LED_reg[16]_lopt_replica/C
                            (rising edge-triggered cell FDRE clocked by clk_out2_pll  {rise@0.000ns fall@3.333ns period=6.667ns})
  Destination:            virtual_led[16]
                            (output port)
  Path Group:             (none)
  Path Type:              Min at Fast Process Corner
  Data Path Delay:        2.537ns  (logic 1.069ns (42.127%)  route 1.468ns (57.873%))
  Logic Levels:           1  (OBUF=1)
  Clock Uncertainty:      0.173ns  ((TSJ^2 + DJ^2)^1/2) / 2 + PE
    Total System Jitter     (TSJ):    0.050ns
    Discrete Jitter          (DJ):    0.126ns
    Phase Error              (PE):    0.105ns

    Location             Delay type                Incr(ns)  Path(ns)    Netlist Resource(s)
  -------------------------------------------------------------------    -------------------
                         (clock clk_out2_pll rise edge)
                                                      0.000     0.000 r  
    AD12                                              0.000     0.000 r  i_sys_clk_p (IN)
                         net (fo=0)                   0.000     0.000    pll_inst/inst/clk_in1_p
    AD12                 IBUFDS (Prop_ibufds_I_O)     0.388     0.388 r  pll_inst/inst/clkin1_ibufgds/O
                         net (fo=1, routed)           0.503     0.891    pll_inst/inst/clk_in1_pll
    PLLE2_ADV_X1Y1       PLLE2_ADV (Prop_plle2_adv_CLKIN1_CLKOUT1)
                                                     -2.908    -2.017 r  pll_inst/inst/plle2_adv_inst/CLKOUT1
                         net (fo=1, routed)           0.958    -1.059    pll_inst/inst/clk_out2_pll
    BUFGCTRL_X0Y0        BUFG (Prop_bufg_I_O)         0.026    -1.033 r  pll_inst/inst/clkout2_buf/O
                         net (fo=1649, routed)        0.686    -0.347    student_top_inst/bridge_inst/clk_out2
    SLICE_X23Y81         FDRE                                         r  student_top_inst/bridge_inst/LED_reg[16]_lopt_replica/C
  -------------------------------------------------------------------    -------------------
    SLICE_X23Y81         FDRE (Prop_fdre_C_Q)         0.100    -0.247 r  student_top_inst/bridge_inst/LED_reg[16]_lopt_replica/Q
                         net (fo=1, routed)           1.468     1.222    lopt_7
    B29                  OBUF (Prop_obuf_I_O)         0.969     2.190 r  virtual_led_OBUF[16]_inst/O
                         net (fo=0)                   0.000     2.190    virtual_led[16]
    B29                                                               r  virtual_led[16] (OUT)
  -------------------------------------------------------------------    -------------------

Slack:                    inf
  Source:                 student_top_inst/bridge_inst/LED_reg[26]_lopt_replica/C
                            (rising edge-triggered cell FDRE clocked by clk_out2_pll  {rise@0.000ns fall@3.333ns period=6.667ns})
  Destination:            virtual_led[26]
                            (output port)
  Path Group:             (none)
  Path Type:              Min at Fast Process Corner
  Data Path Delay:        2.618ns  (logic 1.479ns (56.490%)  route 1.139ns (43.510%))
  Logic Levels:           1  (OBUF=1)
  Clock Uncertainty:      0.173ns  ((TSJ^2 + DJ^2)^1/2) / 2 + PE
    Total System Jitter     (TSJ):    0.050ns
    Discrete Jitter          (DJ):    0.126ns
    Phase Error              (PE):    0.105ns

    Location             Delay type                Incr(ns)  Path(ns)    Netlist Resource(s)
  -------------------------------------------------------------------    -------------------
                         (clock clk_out2_pll rise edge)
                                                      0.000     0.000 r  
    AD12                                              0.000     0.000 r  i_sys_clk_p (IN)
                         net (fo=0)                   0.000     0.000    pll_inst/inst/clk_in1_p
    AD12                 IBUFDS (Prop_ibufds_I_O)     0.388     0.388 r  pll_inst/inst/clkin1_ibufgds/O
                         net (fo=1, routed)           0.503     0.891    pll_inst/inst/clk_in1_pll
    PLLE2_ADV_X1Y1       PLLE2_ADV (Prop_plle2_adv_CLKIN1_CLKOUT1)
                                                     -2.908    -2.017 r  pll_inst/inst/plle2_adv_inst/CLKOUT1
                         net (fo=1, routed)           0.958    -1.059    pll_inst/inst/clk_out2_pll
    BUFGCTRL_X0Y0        BUFG (Prop_bufg_I_O)         0.026    -1.033 r  pll_inst/inst/clkout2_buf/O
                         net (fo=1649, routed)        0.674    -0.359    student_top_inst/bridge_inst/clk_out2
    SLICE_X45Y80         FDRE                                         r  student_top_inst/bridge_inst/LED_reg[26]_lopt_replica/C
  -------------------------------------------------------------------    -------------------
    SLICE_X45Y80         FDRE (Prop_fdre_C_Q)         0.091    -0.268 r  student_top_inst/bridge_inst/LED_reg[26]_lopt_replica/Q
                         net (fo=1, routed)           1.139     0.872    lopt_18
    W23                  OBUF (Prop_obuf_I_O)         1.388     2.260 r  virtual_led_OBUF[26]_inst/O
                         net (fo=0)                   0.000     2.260    virtual_led[26]
    W23                                                               r  virtual_led[26] (OUT)
  -------------------------------------------------------------------    -------------------

Slack:                    inf
  Source:                 student_top_inst/bridge_inst/seg_driver/count_reg[4]/C
                            (rising edge-triggered cell FDCE clocked by clk_out2_pll  {rise@0.000ns fall@3.333ns period=6.667ns})
  Destination:            virtual_seg[18]
                            (output port)
  Path Group:             (none)
  Path Type:              Min at Fast Process Corner
  Data Path Delay:        2.656ns  (logic 1.498ns (56.407%)  route 1.158ns (43.593%))
  Logic Levels:           1  (OBUF=1)
  Clock Uncertainty:      0.173ns  ((TSJ^2 + DJ^2)^1/2) / 2 + PE
    Total System Jitter     (TSJ):    0.050ns
    Discrete Jitter          (DJ):    0.126ns
    Phase Error              (PE):    0.105ns

    Location             Delay type                Incr(ns)  Path(ns)    Netlist Resource(s)
  -------------------------------------------------------------------    -------------------
                         (clock clk_out2_pll rise edge)
                                                      0.000     0.000 r  
    AD12                                              0.000     0.000 r  i_sys_clk_p (IN)
                         net (fo=0)                   0.000     0.000    pll_inst/inst/clk_in1_p
    AD12                 IBUFDS (Prop_ibufds_I_O)     0.388     0.388 r  pll_inst/inst/clkin1_ibufgds/O
                         net (fo=1, routed)           0.503     0.891    pll_inst/inst/clk_in1_pll
    PLLE2_ADV_X1Y1       PLLE2_ADV (Prop_plle2_adv_CLKIN1_CLKOUT1)
                                                     -2.908    -2.017 r  pll_inst/inst/plle2_adv_inst/CLKOUT1
                         net (fo=1, routed)           0.958    -1.059    pll_inst/inst/clk_out2_pll
    BUFGCTRL_X0Y0        BUFG (Prop_bufg_I_O)         0.026    -1.033 r  pll_inst/inst/clkout2_buf/O
                         net (fo=1649, routed)        0.686    -0.347    student_top_inst/bridge_inst/seg_driver/clk_out2
    SLICE_X32Y91         FDCE                                         r  student_top_inst/bridge_inst/seg_driver/count_reg[4]/C
  -------------------------------------------------------------------    -------------------
    SLICE_X32Y91         FDCE (Prop_fdce_C_Q)         0.091    -0.256 r  student_top_inst/bridge_inst/seg_driver/count_reg[4]/Q
                         net (fo=47, routed)          1.158     0.902    virtual_seg_OBUF[8]
    U25                  OBUF (Prop_obuf_I_O)         1.407     2.310 r  virtual_seg_OBUF[18]_inst/O
                         net (fo=0)                   0.000     2.310    virtual_seg[18]
    U25                                                               r  virtual_seg[18] (OUT)
  -------------------------------------------------------------------    -------------------

Slack:                    inf
  Source:                 student_top_inst/bridge_inst/seg_driver/count_reg[4]/C
                            (rising edge-triggered cell FDCE clocked by clk_out2_pll  {rise@0.000ns fall@3.333ns period=6.667ns})
  Destination:            virtual_seg[38]
                            (output port)
  Path Group:             (none)
  Path Type:              Min at Fast Process Corner
  Data Path Delay:        2.701ns  (logic 1.500ns (55.541%)  route 1.201ns (44.459%))
  Logic Levels:           1  (OBUF=1)
  Clock Uncertainty:      0.173ns  ((TSJ^2 + DJ^2)^1/2) / 2 + PE
    Total System Jitter     (TSJ):    0.050ns
    Discrete Jitter          (DJ):    0.126ns
    Phase Error              (PE):    0.105ns

    Location             Delay type                Incr(ns)  Path(ns)    Netlist Resource(s)
  -------------------------------------------------------------------    -------------------
                         (clock clk_out2_pll rise edge)
                                                      0.000     0.000 r  
    AD12                                              0.000     0.000 r  i_sys_clk_p (IN)
                         net (fo=0)                   0.000     0.000    pll_inst/inst/clk_in1_p
    AD12                 IBUFDS (Prop_ibufds_I_O)     0.388     0.388 r  pll_inst/inst/clkin1_ibufgds/O
                         net (fo=1, routed)           0.503     0.891    pll_inst/inst/clk_in1_pll
    PLLE2_ADV_X1Y1       PLLE2_ADV (Prop_plle2_adv_CLKIN1_CLKOUT1)
                                                     -2.908    -2.017 r  pll_inst/inst/plle2_adv_inst/CLKOUT1
                         net (fo=1, routed)           0.958    -1.059    pll_inst/inst/clk_out2_pll
    BUFGCTRL_X0Y0        BUFG (Prop_bufg_I_O)         0.026    -1.033 r  pll_inst/inst/clkout2_buf/O
                         net (fo=1649, routed)        0.686    -0.347    student_top_inst/bridge_inst/seg_driver/clk_out2
    SLICE_X32Y91         FDCE                                         r  student_top_inst/bridge_inst/seg_driver/count_reg[4]/C
  -------------------------------------------------------------------    -------------------
    SLICE_X32Y91         FDCE (Prop_fdce_C_Q)         0.091    -0.256 r  student_top_inst/bridge_inst/seg_driver/count_reg[4]/Q
                         net (fo=47, routed)          1.201     0.945    virtual_seg_OBUF[8]
    T25                  OBUF (Prop_obuf_I_O)         1.409     2.355 r  virtual_seg_OBUF[38]_inst/O
                         net (fo=0)                   0.000     2.355    virtual_seg[38]
    T25                                                               r  virtual_seg[38] (OUT)
  -------------------------------------------------------------------    -------------------

Slack:                    inf
  Source:                 student_top_inst/bridge_inst/LED_reg[19]_lopt_replica/C
                            (rising edge-triggered cell FDRE clocked by clk_out2_pll  {rise@0.000ns fall@3.333ns period=6.667ns})
  Destination:            virtual_led[19]
                            (output port)
  Path Group:             (none)
  Path Type:              Min at Fast Process Corner
  Data Path Delay:        2.721ns  (logic 1.071ns (39.350%)  route 1.650ns (60.650%))
  Logic Levels:           1  (OBUF=1)
  Clock Uncertainty:      0.173ns  ((TSJ^2 + DJ^2)^1/2) / 2 + PE
    Total System Jitter     (TSJ):    0.050ns
    Discrete Jitter          (DJ):    0.126ns
    Phase Error              (PE):    0.105ns

    Location             Delay type                Incr(ns)  Path(ns)    Netlist Resource(s)
  -------------------------------------------------------------------    -------------------
                         (clock clk_out2_pll rise edge)
                                                      0.000     0.000 r  
    AD12                                              0.000     0.000 r  i_sys_clk_p (IN)
                         net (fo=0)                   0.000     0.000    pll_inst/inst/clk_in1_p
    AD12                 IBUFDS (Prop_ibufds_I_O)     0.388     0.388 r  pll_inst/inst/clkin1_ibufgds/O
                         net (fo=1, routed)           0.503     0.891    pll_inst/inst/clk_in1_pll
    PLLE2_ADV_X1Y1       PLLE2_ADV (Prop_plle2_adv_CLKIN1_CLKOUT1)
                                                     -2.908    -2.017 r  pll_inst/inst/plle2_adv_inst/CLKOUT1
                         net (fo=1, routed)           0.958    -1.059    pll_inst/inst/clk_out2_pll
    BUFGCTRL_X0Y0        BUFG (Prop_bufg_I_O)         0.026    -1.033 r  pll_inst/inst/clkout2_buf/O
                         net (fo=1649, routed)        0.686    -0.347    student_top_inst/bridge_inst/clk_out2
    SLICE_X23Y81         FDRE                                         r  student_top_inst/bridge_inst/LED_reg[19]_lopt_replica/C
  -------------------------------------------------------------------    -------------------
    SLICE_X23Y81         FDRE (Prop_fdre_C_Q)         0.100    -0.247 r  student_top_inst/bridge_inst/LED_reg[19]_lopt_replica/Q
                         net (fo=1, routed)           1.650     1.403    lopt_10
    B28                  OBUF (Prop_obuf_I_O)         0.971     2.374 r  virtual_led_OBUF[19]_inst/O
                         net (fo=0)                   0.000     2.374    virtual_led[19]
    B28                                                               r  virtual_led[19] (OUT)
  -------------------------------------------------------------------    -------------------

Slack:                    inf
  Source:                 student_top_inst/bridge_inst/LED_reg[23]_lopt_replica/C
                            (rising edge-triggered cell FDRE clocked by clk_out2_pll  {rise@0.000ns fall@3.333ns period=6.667ns})
  Destination:            virtual_led[23]
                            (output port)
  Path Group:             (none)
  Path Type:              Min at Fast Process Corner
  Data Path Delay:        2.721ns  (logic 1.085ns (39.884%)  route 1.636ns (60.116%))
  Logic Levels:           1  (OBUF=1)
  Clock Uncertainty:      0.173ns  ((TSJ^2 + DJ^2)^1/2) / 2 + PE
    Total System Jitter     (TSJ):    0.050ns
    Discrete Jitter          (DJ):    0.126ns
    Phase Error              (PE):    0.105ns

    Location             Delay type                Incr(ns)  Path(ns)    Netlist Resource(s)
  -------------------------------------------------------------------    -------------------
                         (clock clk_out2_pll rise edge)
                                                      0.000     0.000 r  
    AD12                                              0.000     0.000 r  i_sys_clk_p (IN)
                         net (fo=0)                   0.000     0.000    pll_inst/inst/clk_in1_p
    AD12                 IBUFDS (Prop_ibufds_I_O)     0.388     0.388 r  pll_inst/inst/clkin1_ibufgds/O
                         net (fo=1, routed)           0.503     0.891    pll_inst/inst/clk_in1_pll
    PLLE2_ADV_X1Y1       PLLE2_ADV (Prop_plle2_adv_CLKIN1_CLKOUT1)
                                                     -2.908    -2.017 r  pll_inst/inst/plle2_adv_inst/CLKOUT1
                         net (fo=1, routed)           0.958    -1.059    pll_inst/inst/clk_out2_pll
    BUFGCTRL_X0Y0        BUFG (Prop_bufg_I_O)         0.026    -1.033 r  pll_inst/inst/clkout2_buf/O
                         net (fo=1649, routed)        0.686    -0.347    student_top_inst/bridge_inst/clk_out2
    SLICE_X22Y81         FDRE                                         r  student_top_inst/bridge_inst/LED_reg[23]_lopt_replica/C
  -------------------------------------------------------------------    -------------------
    SLICE_X22Y81         FDRE (Prop_fdre_C_Q)         0.118    -0.229 r  student_top_inst/bridge_inst/LED_reg[23]_lopt_replica/Q
                         net (fo=1, routed)           1.636     1.407    lopt_15
    A25                  OBUF (Prop_obuf_I_O)         0.967     2.374 r  virtual_led_OBUF[23]_inst/O
                         net (fo=0)                   0.000     2.374    virtual_led[23]
    A25                                                               r  virtual_led[23] (OUT)
  -------------------------------------------------------------------    -------------------

Slack:                    inf
  Source:                 student_top_inst/bridge_inst/seg_wdata_reg[0]/C
                            (rising edge-triggered cell FDRE clocked by clk_out2_pll  {rise@0.000ns fall@3.333ns period=6.667ns})
  Destination:            virtual_seg[1]
                            (output port)
  Path Group:             (none)
  Path Type:              Min at Fast Process Corner
  Data Path Delay:        2.756ns  (logic 1.555ns (56.416%)  route 1.201ns (43.584%))
  Logic Levels:           2  (LUT6=1 OBUF=1)
  Clock Uncertainty:      0.173ns  ((TSJ^2 + DJ^2)^1/2) / 2 + PE
    Total System Jitter     (TSJ):    0.050ns
    Discrete Jitter          (DJ):    0.126ns
    Phase Error              (PE):    0.105ns

    Location             Delay type                Incr(ns)  Path(ns)    Netlist Resource(s)
  -------------------------------------------------------------------    -------------------
                         (clock clk_out2_pll rise edge)
                                                      0.000     0.000 r  
    AD12                                              0.000     0.000 r  i_sys_clk_p (IN)
                         net (fo=0)                   0.000     0.000    pll_inst/inst/clk_in1_p
    AD12                 IBUFDS (Prop_ibufds_I_O)     0.388     0.388 r  pll_inst/inst/clkin1_ibufgds/O
                         net (fo=1, routed)           0.503     0.891    pll_inst/inst/clk_in1_pll
    PLLE2_ADV_X1Y1       PLLE2_ADV (Prop_plle2_adv_CLKIN1_CLKOUT1)
                                                     -2.908    -2.017 r  pll_inst/inst/plle2_adv_inst/CLKOUT1
                         net (fo=1, routed)           0.958    -1.059    pll_inst/inst/clk_out2_pll
    BUFGCTRL_X0Y0        BUFG (Prop_bufg_I_O)         0.026    -1.033 r  pll_inst/inst/clkout2_buf/O
                         net (fo=1649, routed)        0.673    -0.360    student_top_inst/bridge_inst/clk_out2
    SLICE_X47Y81         FDRE                                         r  student_top_inst/bridge_inst/seg_wdata_reg[0]/C
  -------------------------------------------------------------------    -------------------
    SLICE_X47Y81         FDRE (Prop_fdre_C_Q)         0.100    -0.260 r  student_top_inst/bridge_inst/seg_wdata_reg[0]/Q
                         net (fo=8, routed)           0.362     0.102    student_top_inst/bridge_inst/seg_driver/status_buffer_reg[0][0]_0
    SLICE_X42Y83         LUT6 (Prop_lut6_I2_O)        0.028     0.130 r  student_top_inst/bridge_inst/seg_driver/virtual_seg_OBUF[1]_inst_i_1/O
                         net (fo=2, routed)           0.839     0.970    virtual_seg_OBUF[1]
    Y30                  OBUF (Prop_obuf_I_O)         1.427     2.396 r  virtual_seg_OBUF[1]_inst/O
                         net (fo=0)                   0.000     2.396    virtual_seg[1]
    Y30                                                               r  virtual_seg[1] (OUT)
  -------------------------------------------------------------------    -------------------

Slack:                    inf
  Source:                 student_top_inst/bridge_inst/LED_reg[24]_lopt_replica/C
                            (rising edge-triggered cell FDRE clocked by clk_out2_pll  {rise@0.000ns fall@3.333ns period=6.667ns})
  Destination:            virtual_led[24]
                            (output port)
  Path Group:             (none)
  Path Type:              Min at Fast Process Corner
  Data Path Delay:        2.874ns  (logic 1.500ns (52.199%)  route 1.374ns (47.801%))
  Logic Levels:           1  (OBUF=1)
  Clock Uncertainty:      0.173ns  ((TSJ^2 + DJ^2)^1/2) / 2 + PE
    Total System Jitter     (TSJ):    0.050ns
    Discrete Jitter          (DJ):    0.126ns
    Phase Error              (PE):    0.105ns

    Location             Delay type                Incr(ns)  Path(ns)    Netlist Resource(s)
  -------------------------------------------------------------------    -------------------
                         (clock clk_out2_pll rise edge)
                                                      0.000     0.000 r  
    AD12                                              0.000     0.000 r  i_sys_clk_p (IN)
                         net (fo=0)                   0.000     0.000    pll_inst/inst/clk_in1_p
    AD12                 IBUFDS (Prop_ibufds_I_O)     0.388     0.388 r  pll_inst/inst/clkin1_ibufgds/O
                         net (fo=1, routed)           0.503     0.891    pll_inst/inst/clk_in1_pll
    PLLE2_ADV_X1Y1       PLLE2_ADV (Prop_plle2_adv_CLKIN1_CLKOUT1)
                                                     -2.908    -2.017 r  pll_inst/inst/plle2_adv_inst/CLKOUT1
                         net (fo=1, routed)           0.958    -1.059    pll_inst/inst/clk_out2_pll
    BUFGCTRL_X0Y0        BUFG (Prop_bufg_I_O)         0.026    -1.033 r  pll_inst/inst/clkout2_buf/O
                         net (fo=1649, routed)        0.674    -0.359    student_top_inst/bridge_inst/clk_out2
    SLICE_X45Y80         FDRE                                         r  student_top_inst/bridge_inst/LED_reg[24]_lopt_replica/C
  -------------------------------------------------------------------    -------------------
    SLICE_X45Y80         FDRE (Prop_fdre_C_Q)         0.100    -0.259 r  student_top_inst/bridge_inst/LED_reg[24]_lopt_replica/Q
                         net (fo=1, routed)           1.374     1.115    lopt_16
    T28                  OBUF (Prop_obuf_I_O)         1.400     2.515 r  virtual_led_OBUF[24]_inst/O
                         net (fo=0)                   0.000     2.515    virtual_led[24]
    T28                                                               r  virtual_led[24] (OUT)
  -------------------------------------------------------------------    -------------------

Slack:                    inf
  Source:                 student_top_inst/bridge_inst/seg_wdata_reg[12]/C
                            (rising edge-triggered cell FDRE clocked by clk_out2_pll  {rise@0.000ns fall@3.333ns period=6.667ns})
  Destination:            virtual_seg[14]
                            (output port)
  Path Group:             (none)
  Path Type:              Min at Fast Process Corner
  Data Path Delay:        2.896ns  (logic 1.573ns (54.339%)  route 1.322ns (45.661%))
  Logic Levels:           2  (LUT6=1 OBUF=1)
  Clock Uncertainty:      0.173ns  ((TSJ^2 + DJ^2)^1/2) / 2 + PE
    Total System Jitter     (TSJ):    0.050ns
    Discrete Jitter          (DJ):    0.126ns
    Phase Error              (PE):    0.105ns

    Location             Delay type                Incr(ns)  Path(ns)    Netlist Resource(s)
  -------------------------------------------------------------------    -------------------
                         (clock clk_out2_pll rise edge)
                                                      0.000     0.000 r  
    AD12                                              0.000     0.000 r  i_sys_clk_p (IN)
                         net (fo=0)                   0.000     0.000    pll_inst/inst/clk_in1_p
    AD12                 IBUFDS (Prop_ibufds_I_O)     0.388     0.388 r  pll_inst/inst/clkin1_ibufgds/O
                         net (fo=1, routed)           0.503     0.891    pll_inst/inst/clk_in1_pll
    PLLE2_ADV_X1Y1       PLLE2_ADV (Prop_plle2_adv_CLKIN1_CLKOUT1)
                                                     -2.908    -2.017 r  pll_inst/inst/plle2_adv_inst/CLKOUT1
                         net (fo=1, routed)           0.958    -1.059    pll_inst/inst/clk_out2_pll
    BUFGCTRL_X0Y0        BUFG (Prop_bufg_I_O)         0.026    -1.033 r  pll_inst/inst/clkout2_buf/O
                         net (fo=1649, routed)        0.673    -0.360    student_top_inst/bridge_inst/clk_out2
    SLICE_X45Y79         FDRE                                         r  student_top_inst/bridge_inst/seg_wdata_reg[12]/C
  -------------------------------------------------------------------    -------------------
    SLICE_X45Y79         FDRE (Prop_fdre_C_Q)         0.100    -0.260 f  student_top_inst/bridge_inst/seg_wdata_reg[12]/Q
                         net (fo=8, routed)           0.421     0.162    student_top_inst/bridge_inst/seg_driver/status_buffer_reg[1][2]_0
    SLICE_X36Y80         LUT6 (Prop_lut6_I2_O)        0.028     0.190 r  student_top_inst/bridge_inst/seg_driver/virtual_seg_OBUF[14]_inst_i_1/O
                         net (fo=2, routed)           0.901     1.091    virtual_seg_OBUF[14]
    AK29                 OBUF (Prop_obuf_I_O)         1.445     2.536 r  virtual_seg_OBUF[14]_inst/O
                         net (fo=0)                   0.000     2.536    virtual_seg[14]
    AK29                                                              r  virtual_seg[14] (OUT)
  -------------------------------------------------------------------    -------------------





--------------------------------------------------------------------------------------
Path Group:  (none)
From Clock:  clkfbout_pll
  To Clock:  

Max Delay             1 Endpoint
Min Delay             1 Endpoint
--------------------------------------------------------------------------------------


Max Delay Paths
--------------------------------------------------------------------------------------
Slack:                    inf
  Source:                 pll_inst/inst/plle2_adv_inst/CLKFBOUT
                            (clock source 'clkfbout_pll'  {rise@0.000ns fall@5.000ns period=10.000ns})
  Destination:            pll_inst/inst/plle2_adv_inst/CLKFBIN
  Path Group:             (none)
  Path Type:              Max at Fast Process Corner
  Data Path Delay:        2.022ns  (logic 0.030ns (1.484%)  route 1.992ns (98.516%))
  Logic Levels:           1  (BUFG=1)
  Clock Uncertainty:      0.157ns  ((TSJ^2 + DJ^2)^1/2) / 2 + PE
    Total System Jitter     (TSJ):    0.050ns
    Discrete Jitter          (DJ):    0.090ns
    Phase Error              (PE):    0.105ns

    Location             Delay type                Incr(ns)  Path(ns)    Netlist Resource(s)
  -------------------------------------------------------------------    -------------------
                         (clock clkfbout_pll fall edge)
                                                      5.000     5.000 f  
    AD12                                              0.000     5.000 f  i_sys_clk_p (IN)
                         net (fo=0)                   0.000     5.000    pll_inst/inst/clk_in1_p
    AD12                 IBUFDS (Prop_ibufds_I_O)     0.470     5.470 f  pll_inst/inst/clkin1_ibufgds/O
                         net (fo=1, routed)           0.554     6.024    pll_inst/inst/clk_in1_pll
  -------------------------------------------------------------------    -------------------
    PLLE2_ADV_X1Y1       PLLE2_ADV (Prop_plle2_adv_CLKIN1_CLKFBOUT)
                                                     -3.524     2.500 f  pll_inst/inst/plle2_adv_inst/CLKFBOUT
                         net (fo=1, routed)           1.027     3.527    pll_inst/inst/clkfbout_pll
    BUFGCTRL_X0Y2        BUFG (Prop_bufg_I_O)         0.030     3.557 f  pll_inst/inst/clkf_buf/O
                         net (fo=1, routed)           0.965     4.522    pll_inst/inst/clkfbout_buf_pll
    PLLE2_ADV_X1Y1       PLLE2_ADV                                    f  pll_inst/inst/plle2_adv_inst/CLKFBIN
  -------------------------------------------------------------------    -------------------





Min Delay Paths
--------------------------------------------------------------------------------------
Slack:                    inf
  Source:                 pll_inst/inst/plle2_adv_inst/CLKFBOUT
                            (clock source 'clkfbout_pll'  {rise@0.000ns fall@5.000ns period=10.000ns})
  Destination:            pll_inst/inst/plle2_adv_inst/CLKFBIN
  Path Group:             (none)
  Path Type:              Min at Slow Process Corner
  Data Path Delay:        3.712ns  (logic 0.083ns (2.236%)  route 3.629ns (97.764%))
  Logic Levels:           1  (BUFG=1)
  Clock Uncertainty:      0.157ns  ((TSJ^2 + DJ^2)^1/2) / 2 + PE
    Total System Jitter     (TSJ):    0.050ns
    Discrete Jitter          (DJ):    0.090ns
    Phase Error              (PE):    0.105ns

    Location             Delay type                Incr(ns)  Path(ns)    Netlist Resource(s)
  -------------------------------------------------------------------    -------------------
                         (clock clkfbout_pll rise edge)
                                                      0.000     0.000 r  
    AD12                                              0.000     0.000 r  i_sys_clk_p (IN)
                         net (fo=0)                   0.000     0.000    pll_inst/inst/clk_in1_p
    AD12                 IBUFDS (Prop_ibufds_I_O)     0.803     0.803 r  pll_inst/inst/clkin1_ibufgds/O
                         net (fo=1, routed)           1.001     1.804    pll_inst/inst/clk_in1_pll
  -------------------------------------------------------------------    -------------------
    PLLE2_ADV_X1Y1       PLLE2_ADV (Prop_plle2_adv_CLKIN1_CLKFBOUT)
                                                     -7.261    -5.457 r  pll_inst/inst/plle2_adv_inst/CLKFBOUT
                         net (fo=1, routed)           2.003    -3.454    pll_inst/inst/clkfbout_pll
    BUFGCTRL_X0Y2        BUFG (Prop_bufg_I_O)         0.083    -3.371 r  pll_inst/inst/clkf_buf/O
                         net (fo=1, routed)           1.626    -1.745    pll_inst/inst/clkfbout_buf_pll
    PLLE2_ADV_X1Y1       PLLE2_ADV                                    r  pll_inst/inst/plle2_adv_inst/CLKFBIN
  -------------------------------------------------------------------    -------------------





--------------------------------------------------------------------------------------
Path Group:  (none)
From Clock:  
  To Clock:  clk_out1_pll

Max Delay             1 Endpoint
Min Delay             1 Endpoint
--------------------------------------------------------------------------------------


Max Delay Paths
--------------------------------------------------------------------------------------
Slack:                    inf
  Source:                 i_uart_rx
                            (input port)
  Destination:            uart_inst/rx_d0_reg/D
                            (rising edge-triggered cell FDPE clocked by clk_out1_pll  {rise@0.000ns fall@10.000ns period=20.000ns})
  Path Group:             (none)
  Path Type:              Setup (Max at Slow Process Corner)
  Data Path Delay:        4.704ns  (logic 1.027ns (21.823%)  route 3.678ns (78.177%))
  Logic Levels:           1  (IBUF=1)
  Clock Path Skew:        -1.874ns (DCD - SCD + CPR)
    Destination Clock Delay (DCD):    -1.874ns
    Source Clock Delay      (SCD):    0.000ns
    Clock Pessimism Removal (CPR):    0.000ns
  Clock Uncertainty:      0.188ns  ((TSJ^2 + DJ^2)^1/2) / 2 + PE
    Total System Jitter     (TSJ):    0.050ns
    Discrete Jitter          (DJ):    0.157ns
    Phase Error              (PE):    0.105ns

    Location             Delay type                Incr(ns)  Path(ns)    Netlist Resource(s)
  -------------------------------------------------------------------    -------------------
    D23                                               0.000     0.000 r  i_uart_rx (IN)
                         net (fo=0)                   0.000     0.000    i_uart_rx
    D23                  IBUF (Prop_ibuf_I_O)         1.027     1.027 r  i_uart_rx_IBUF_inst/O
                         net (fo=1, routed)           3.678     4.704    uart_inst/i_uart_rx_IBUF
    SLICE_X34Y90         FDPE                                         r  uart_inst/rx_d0_reg/D
  -------------------------------------------------------------------    -------------------

                         (clock clk_out1_pll rise edge)
                                                      0.000     0.000 r  
    AD12                                              0.000     0.000 r  i_sys_clk_p (IN)
                         net (fo=0)                   0.000     0.000    pll_inst/inst/clk_in1_p
    AD12                 IBUFDS (Prop_ibufds_I_O)     0.803     0.803 r  pll_inst/inst/clkin1_ibufgds/O
                         net (fo=1, routed)           1.001     1.804    pll_inst/inst/clk_in1_pll
    PLLE2_ADV_X1Y1       PLLE2_ADV (Prop_plle2_adv_CLKIN1_CLKOUT0)
                                                     -7.261    -5.457 r  pll_inst/inst/plle2_adv_inst/CLKOUT0
                         net (fo=1, routed)           2.003    -3.454    pll_inst/inst/clk_out1_pll
    BUFGCTRL_X0Y1        BUFG (Prop_bufg_I_O)         0.083    -3.371 r  pll_inst/inst/clkout1_buf/O
                         net (fo=353, routed)         1.497    -1.874    uart_inst/clk_out1
    SLICE_X34Y90         FDPE                                         r  uart_inst/rx_d0_reg/C





Min Delay Paths
--------------------------------------------------------------------------------------
Slack:                    inf
  Source:                 i_uart_rx
                            (input port)
  Destination:            uart_inst/rx_d0_reg/D
                            (rising edge-triggered cell FDPE clocked by clk_out1_pll  {rise@0.000ns fall@10.000ns period=20.000ns})
  Path Group:             (none)
  Path Type:              Hold (Min at Fast Process Corner)
  Data Path Delay:        2.245ns  (logic 0.186ns (8.304%)  route 2.059ns (91.696%))
  Logic Levels:           1  (IBUF=1)
  Clock Path Skew:        -0.517ns (DCD - SCD - CPR)
    Destination Clock Delay (DCD):    -0.517ns
    Source Clock Delay      (SCD):    0.000ns
    Clock Pessimism Removal (CPR):    -0.000ns

    Location             Delay type                Incr(ns)  Path(ns)    Netlist Resource(s)
  -------------------------------------------------------------------    -------------------
    D23                                               0.000     0.000 r  i_uart_rx (IN)
                         net (fo=0)                   0.000     0.000    i_uart_rx
    D23                  IBUF (Prop_ibuf_I_O)         0.186     0.186 r  i_uart_rx_IBUF_inst/O
                         net (fo=1, routed)           2.059     2.245    uart_inst/i_uart_rx_IBUF
    SLICE_X34Y90         FDPE                                         r  uart_inst/rx_d0_reg/D
  -------------------------------------------------------------------    -------------------

                         (clock clk_out1_pll rise edge)
                                                      0.000     0.000 r  
    AD12                                              0.000     0.000 r  i_sys_clk_p (IN)
                         net (fo=0)                   0.000     0.000    pll_inst/inst/clk_in1_p
    AD12                 IBUFDS (Prop_ibufds_I_O)     0.470     0.470 r  pll_inst/inst/clkin1_ibufgds/O
                         net (fo=1, routed)           0.554     1.024    pll_inst/inst/clk_in1_pll
    PLLE2_ADV_X1Y1       PLLE2_ADV (Prop_plle2_adv_CLKIN1_CLKOUT0)
                                                     -3.524    -2.500 r  pll_inst/inst/plle2_adv_inst/CLKOUT0
                         net (fo=1, routed)           1.027    -1.473    pll_inst/inst/clk_out1_pll
    BUFGCTRL_X0Y1        BUFG (Prop_bufg_I_O)         0.030    -1.443 r  pll_inst/inst/clkout1_buf/O
                         net (fo=353, routed)         0.926    -0.517    uart_inst/clk_out1
    SLICE_X34Y90         FDPE                                         r  uart_inst/rx_d0_reg/C





