Copyright 1986-2022 Xilinx, Inc. All Rights Reserved. Copyright 2022-2026 Advanced Micro Devices, Inc. All Rights Reserved.
------------------------------------------------------------------------------------------------------------------------------------------------------------------------------------------------------
| Tool Version : Vivado v.2025.2.1 (win64) Build 6403652 Thu Mar 19 19:48:24 GMT 2026
| Date         : Sun Jun 28 12:11:03 2026
| Host         : KuonjiAlice running 64-bit major release  (build 9200)
| Command      : report_timing_summary -max_paths 10 -report_unconstrained -file top_timing_summary_routed.rpt -pb top_timing_summary_routed.pb -rpx top_timing_summary_routed.rpx -warn_on_violation
| Design       : top
| Device       : 7k325t-ffg900
| Speed File   : -2  PRODUCTION 1.12 2017-02-17
| Design State : Routed
------------------------------------------------------------------------------------------------------------------------------------------------------------------------------------------------------

Timing Summary Report

------------------------------------------------------------------------------------------------
| Timer Settings
| --------------
------------------------------------------------------------------------------------------------

  Enable Multi Corner Analysis               :  Yes
  Enable Pessimism Removal                   :  Yes
  Pessimism Removal Resolution               :  Nearest Common Node
  Enable Input Delay Default Clock           :  No
  Enable Preset / Clear Arcs                 :  No
  Disable Flight Delays                      :  No
  Ignore I/O Paths                           :  No
  Timing Early Launch at Borrowing Latches   :  No
  Borrow Time for Max Delay Exceptions       :  Yes
  Merge Timing Exceptions                    :  Yes
  Inter-SLR Compensation                     :  Conservative

  Corner  Analyze    Analyze    
  Name    Max Paths  Min Paths  
  ------  ---------  ---------  
  Slow    Yes        Yes        
  Fast    Yes        Yes        


------------------------------------------------------------------------------------------------
| Report Methodology
| ------------------
------------------------------------------------------------------------------------------------

Rule       Severity  Description                                                                                            Violations  
---------  --------  -----------------------------------------------------------------------------------------------------  ----------  
SYNTH-10   Warning   Wide multiplier                                                                                        4           
TIMING-9   Warning   Unknown CDC Logic                                                                                      1           
TIMING-10  Warning   Missing property on synchronizer                                                                       1           
TIMING-16  Warning   Large setup violation                                                                                  614         
TIMING-28  Warning   Auto-derived clock referenced by a timing constraint                                                   2           
TIMING-47  Warning   False path, asynchronous clock group or max delay datapath only constraint between synchronous clocks  2           

Note: This report is based on the most recent report_methodology run and may not be up-to-date. Run report_methodology on the current design for the latest report.



check_timing report

Table of Contents
-----------------
1. checking no_clock (0)
2. checking constant_clock (0)
3. checking pulse_width_clock (0)
4. checking unconstrained_internal_endpoints (0)
5. checking no_input_delay (1)
6. checking no_output_delay (69)
7. checking multiple_clock (0)
8. checking generated_clocks (0)
9. checking loops (0)
10. checking partial_input_delay (0)
11. checking partial_output_delay (0)
12. checking latch_loops (0)

1. checking no_clock (0)
------------------------
 There are 0 register/latch pins with no clock.


2. checking constant_clock (0)
------------------------------
 There are 0 register/latch pins with constant_clock.


3. checking pulse_width_clock (0)
---------------------------------
 There are 0 register/latch pins which need pulse_width check


4. checking unconstrained_internal_endpoints (0)
------------------------------------------------
 There are 0 pins that are not constrained for maximum delay.

 There are 0 pins that are not constrained for maximum delay due to constant clock.


5. checking no_input_delay (1)
------------------------------
 There is 1 input port with no input delay specified. (HIGH)

 There are 0 input ports with no input delay but user has a false path constraint.


6. checking no_output_delay (69)
--------------------------------
 There are 69 ports with no output delay specified. (HIGH)

 There are 0 ports with no output delay but user has a false path constraint

 There are 0 ports with no output delay but with a timing clock defined on it or propagating through it


7. checking multiple_clock (0)
------------------------------
 There are 0 register/latch pins with multiple clocks.


8. checking generated_clocks (0)
--------------------------------
 There are 0 generated clocks that are not connected to a clock source.


9. checking loops (0)
---------------------
 There are 0 combinational loops in the design.


10. checking partial_input_delay (0)
------------------------------------
 There are 0 input ports with partial input delay specified.


11. checking partial_output_delay (0)
-------------------------------------
 There are 0 ports with partial output delay specified.


12. checking latch_loops (0)
----------------------------
 There are 0 combinational latch loops in the design through latch input



------------------------------------------------------------------------------------------------
| Design Timing Summary
| ---------------------
------------------------------------------------------------------------------------------------

    WNS(ns)      TNS(ns)  TNS Failing Endpoints  TNS Total Endpoints      WHS(ns)      THS(ns)  THS Failing Endpoints  THS Total Endpoints     WPWS(ns)     TPWS(ns)  TPWS Failing Endpoints  TPWS Total Endpoints  
    -------      -------  ---------------------  -------------------      -------      -------  ---------------------  -------------------     --------     --------  ----------------------  --------------------  
     -1.646    -1246.901                   1702                 6973        0.097        0.000                      0                 6973        1.074        0.000                       0                  3110  


Timing constraints are not met.


------------------------------------------------------------------------------------------------
| Clock Summary
| -------------
------------------------------------------------------------------------------------------------

Clock           Waveform(ns)         Period(ns)      Frequency(MHz)
-----           ------------         ----------      --------------
i_sys_clk_p     {0.000 2.500}        5.000           200.000         
  clk_out1_pll  {0.000 10.000}       20.000          50.000          
  clk_out2_pll  {0.000 1.923}        3.846           260.000         
  clkfbout_pll  {0.000 5.000}        10.000          100.000         


------------------------------------------------------------------------------------------------
| Intra Clock Table
| -----------------
------------------------------------------------------------------------------------------------

Clock               WNS(ns)      TNS(ns)  TNS Failing Endpoints  TNS Total Endpoints      WHS(ns)      THS(ns)  THS Failing Endpoints  THS Total Endpoints     WPWS(ns)     TPWS(ns)  TPWS Failing Endpoints  TPWS Total Endpoints  
-----               -------      -------  ---------------------  -------------------      -------      -------  ---------------------  -------------------     --------     --------  ----------------------  --------------------  
i_sys_clk_p                                                                                                                                                       1.100        0.000                       0                     2  
  clk_out1_pll       16.623        0.000                      0                  699        0.102        0.000                      0                  699        9.600        0.000                       0                   436  
  clk_out2_pll       -1.646    -1246.901                   1702                 6274        0.097        0.000                      0                 6274        1.074        0.000                       0                  2669  
  clkfbout_pll                                                                                                                                                    8.592        0.000                       0                     3  


------------------------------------------------------------------------------------------------
| Inter Clock Table
| -----------------
------------------------------------------------------------------------------------------------

From Clock    To Clock          WNS(ns)      TNS(ns)  TNS Failing Endpoints  TNS Total Endpoints      WHS(ns)      THS(ns)  THS Failing Endpoints  THS Total Endpoints  
----------    --------          -------      -------  ---------------------  -------------------      -------      -------  ---------------------  -------------------  


------------------------------------------------------------------------------------------------
| Other Path Groups Table
| -----------------------
------------------------------------------------------------------------------------------------

Path Group    From Clock    To Clock          WNS(ns)      TNS(ns)  TNS Failing Endpoints  TNS Total Endpoints      WHS(ns)      THS(ns)  THS Failing Endpoints  THS Total Endpoints  
----------    ----------    --------          -------      -------  ---------------------  -------------------      -------      -------  ---------------------  -------------------  


------------------------------------------------------------------------------------------------
| User Ignored Path Table
| -----------------------
------------------------------------------------------------------------------------------------

Path Group    From Clock    To Clock    
----------    ----------    --------    
(none)        clk_out2_pll  clk_out1_pll  
(none)        clk_out1_pll  clk_out2_pll  


------------------------------------------------------------------------------------------------
| Unconstrained Path Table
| ------------------------
------------------------------------------------------------------------------------------------

Path Group    From Clock    To Clock    
----------    ----------    --------    
(none)        clk_out1_pll                
(none)                      clk_out1_pll  


------------------------------------------------------------------------------------------------
| Timing Details
| --------------
------------------------------------------------------------------------------------------------


---------------------------------------------------------------------------------------------------
From Clock:  i_sys_clk_p
  To Clock:  i_sys_clk_p

Setup :           NA  Failing Endpoints,  Worst Slack           NA  ,  Total Violation           NA
Hold  :           NA  Failing Endpoints,  Worst Slack           NA  ,  Total Violation           NA
PW    :            0  Failing Endpoints,  Worst Slack        1.100ns,  Total Violation        0.000ns
---------------------------------------------------------------------------------------------------


Pulse Width Checks
--------------------------------------------------------------------------------------
Clock Name:         i_sys_clk_p
Waveform(ns):       { 0.000 2.500 }
Period(ns):         5.000
Sources:            { i_sys_clk_p }

Check Type        Corner  Lib Pin           Reference Pin  Required(ns)  Actual(ns)  Slack(ns)  Location        Pin
Min Period        n/a     BUFG/I            n/a            1.408         5.000       3.591      BUFGCTRL_X0Y3   pll_inst/inst/clkin1_bufg1/I
Min Period        n/a     PLLE2_ADV/CLKIN1  n/a            1.071         5.000       3.929      PLLE2_ADV_X1Y0  pll_inst/inst/plle2_adv_inst/CLKIN1
Max Period        n/a     PLLE2_ADV/CLKIN1  n/a            52.633        5.000       47.633     PLLE2_ADV_X1Y0  pll_inst/inst/plle2_adv_inst/CLKIN1
Low Pulse Width   Slow    PLLE2_ADV/CLKIN1  n/a            1.400         2.500       1.100      PLLE2_ADV_X1Y0  pll_inst/inst/plle2_adv_inst/CLKIN1
Low Pulse Width   Fast    PLLE2_ADV/CLKIN1  n/a            1.400         2.500       1.100      PLLE2_ADV_X1Y0  pll_inst/inst/plle2_adv_inst/CLKIN1
High Pulse Width  Slow    PLLE2_ADV/CLKIN1  n/a            1.400         2.500       1.100      PLLE2_ADV_X1Y0  pll_inst/inst/plle2_adv_inst/CLKIN1
High Pulse Width  Fast    PLLE2_ADV/CLKIN1  n/a            1.400         2.500       1.100      PLLE2_ADV_X1Y0  pll_inst/inst/plle2_adv_inst/CLKIN1



---------------------------------------------------------------------------------------------------
From Clock:  clk_out1_pll
  To Clock:  clk_out1_pll

Setup :            0  Failing Endpoints,  Worst Slack       16.623ns,  Total Violation        0.000ns
Hold  :            0  Failing Endpoints,  Worst Slack        0.102ns,  Total Violation        0.000ns
PW    :            0  Failing Endpoints,  Worst Slack        9.600ns,  Total Violation        0.000ns
---------------------------------------------------------------------------------------------------


Max Delay Paths
--------------------------------------------------------------------------------------
Slack (MET) :             16.623ns  (required time - arrival time)
  Source:                 student_top_inst/bridge_inst/seg_driver/count_reg[4]/C
                            (rising edge-triggered cell FDCE clocked by clk_out1_pll  {rise@0.000ns fall@10.000ns period=20.000ns})
  Destination:            twin_controller_inst/status_buffer_reg[3][0]/D
                            (rising edge-triggered cell FDCE clocked by clk_out1_pll  {rise@0.000ns fall@10.000ns period=20.000ns})
  Path Group:             clk_out1_pll
  Path Type:              Setup (Max at Slow Process Corner)
  Requirement:            20.000ns  (clk_out1_pll rise@20.000ns - clk_out1_pll rise@0.000ns)
  Data Path Delay:        3.202ns  (logic 0.500ns (15.617%)  route 2.702ns (84.383%))
  Logic Levels:           2  (LUT3=1 LUT6=1)
  Clock Path Skew:        -0.102ns (DCD - SCD + CPR)
    Destination Clock Delay (DCD):    4.392ns = ( 24.392 - 20.000 ) 
    Source Clock Delay      (SCD):    4.821ns
    Clock Pessimism Removal (CPR):    0.326ns
  Clock Uncertainty:      0.071ns  ((TSJ^2 + DJ^2)^1/2) / 2 + PE
    Total System Jitter     (TSJ):    0.071ns
    Discrete Jitter          (DJ):    0.124ns
    Phase Error              (PE):    0.000ns

    Location             Delay type                Incr(ns)  Path(ns)    Netlist Resource(s)
  -------------------------------------------------------------------    -------------------
                         (clock clk_out1_pll rise edge)
                                                      0.000     0.000 r  
    AD12                                              0.000     0.000 r  i_sys_clk_p (IN)
                         net (fo=0)                   0.000     0.000    pll_inst/inst/clk_in1_p
    AD12                 IBUFDS (Prop_ibufds_I_O)     0.906     0.906 r  pll_inst/inst/clkin1_ibufgds/O
                         net (fo=1, routed)           2.299     3.205    pll_inst/inst/clk_in1_pll_buf
    BUFGCTRL_X0Y3        BUFG (Prop_bufg_I_O)         0.093     3.298 r  pll_inst/inst/clkin1_bufg1/O
                         net (fo=1, routed)           1.959     5.257    pll_inst/inst/clk_in1_pll
    PLLE2_ADV_X1Y0       PLLE2_ADV (Prop_plle2_adv_CLKIN1_CLKOUT0)
                                                     -4.519     0.738 r  pll_inst/inst/plle2_adv_inst/CLKOUT0
                         net (fo=1, routed)           2.467     3.205    pll_inst/inst/clk_out1_pll
    BUFGCTRL_X0Y1        BUFG (Prop_bufg_I_O)         0.093     3.298 r  pll_inst/inst/clkout1_buf/O
                         net (fo=434, routed)         1.523     4.821    student_top_inst/bridge_inst/seg_driver/CLK
    SLICE_X2Y136         FDCE                                         r  student_top_inst/bridge_inst/seg_driver/count_reg[4]/C
  -------------------------------------------------------------------    -------------------
    SLICE_X2Y136         FDCE (Prop_fdce_C_Q)         0.236     5.057 r  student_top_inst/bridge_inst/seg_driver/count_reg[4]/Q
                         net (fo=48, routed)          1.556     6.613    student_top_inst/bridge_inst/seg_driver/Q[0]
    SLICE_X20Y139        LUT3 (Prop_lut3_I1_O)        0.130     6.743 r  student_top_inst/bridge_inst/seg_driver/virtual_seg_OBUF[26]_inst_i_4/O
                         net (fo=7, routed)           0.861     7.603    student_top_inst/bridge_inst/seg_driver/virtual_seg_OBUF[26]_inst_i_4_n_0
    SLICE_X10Y137        LUT6 (Prop_lut6_I1_O)        0.134     7.737 r  student_top_inst/bridge_inst/seg_driver/virtual_seg_OBUF[24]_inst_i_1/O
                         net (fo=2, routed)           0.285     8.022    twin_controller_inst/virtual_seg_OBUF[20]
    SLICE_X10Y136        FDCE                                         r  twin_controller_inst/status_buffer_reg[3][0]/D
  -------------------------------------------------------------------    -------------------

                         (clock clk_out1_pll rise edge)
                                                     20.000    20.000 r  
    AD12                                              0.000    20.000 r  i_sys_clk_p (IN)
                         net (fo=0)                   0.000    20.000    pll_inst/inst/clk_in1_p
    AD12                 IBUFDS (Prop_ibufds_I_O)     0.803    20.803 r  pll_inst/inst/clkin1_ibufgds/O
                         net (fo=1, routed)           2.173    22.976    pll_inst/inst/clk_in1_pll_buf
    BUFGCTRL_X0Y3        BUFG (Prop_bufg_I_O)         0.083    23.059 r  pll_inst/inst/clkin1_bufg1/O
                         net (fo=1, routed)           1.796    24.855    pll_inst/inst/clk_in1_pll
    PLLE2_ADV_X1Y0       PLLE2_ADV (Prop_plle2_adv_CLKIN1_CLKOUT0)
                                                     -4.213    20.642 r  pll_inst/inst/plle2_adv_inst/CLKOUT0
                         net (fo=1, routed)           2.334    22.976    pll_inst/inst/clk_out1_pll
    BUFGCTRL_X0Y1        BUFG (Prop_bufg_I_O)         0.083    23.059 r  pll_inst/inst/clkout1_buf/O
                         net (fo=434, routed)         1.333    24.392    twin_controller_inst/CLK
    SLICE_X10Y136        FDCE                                         r  twin_controller_inst/status_buffer_reg[3][0]/C
                         clock pessimism              0.326    24.719    
                         clock uncertainty           -0.071    24.647    
    SLICE_X10Y136        FDCE (Setup_fdce_C_D)       -0.002    24.645    twin_controller_inst/status_buffer_reg[3][0]
  -------------------------------------------------------------------
                         required time                         24.645    
                         arrival time                          -8.022    
  -------------------------------------------------------------------
                         slack                                 16.623    

Slack (MET) :             16.704ns  (required time - arrival time)
  Source:                 student_top_inst/bridge_inst/seg_driver/count_reg[4]/C
                            (rising edge-triggered cell FDCE clocked by clk_out1_pll  {rise@0.000ns fall@10.000ns period=20.000ns})
  Destination:            twin_controller_inst/status_buffer_reg[3][1]/D
                            (rising edge-triggered cell FDCE clocked by clk_out1_pll  {rise@0.000ns fall@10.000ns period=20.000ns})
  Path Group:             clk_out1_pll
  Path Type:              Setup (Max at Slow Process Corner)
  Requirement:            20.000ns  (clk_out1_pll rise@20.000ns - clk_out1_pll rise@0.000ns)
  Data Path Delay:        3.113ns  (logic 0.500ns (16.063%)  route 2.613ns (83.937%))
  Logic Levels:           2  (LUT3=1 LUT6=1)
  Clock Path Skew:        -0.102ns (DCD - SCD + CPR)
    Destination Clock Delay (DCD):    4.392ns = ( 24.392 - 20.000 ) 
    Source Clock Delay      (SCD):    4.821ns
    Clock Pessimism Removal (CPR):    0.326ns
  Clock Uncertainty:      0.071ns  ((TSJ^2 + DJ^2)^1/2) / 2 + PE
    Total System Jitter     (TSJ):    0.071ns
    Discrete Jitter          (DJ):    0.124ns
    Phase Error              (PE):    0.000ns

    Location             Delay type                Incr(ns)  Path(ns)    Netlist Resource(s)
  -------------------------------------------------------------------    -------------------
                         (clock clk_out1_pll rise edge)
                                                      0.000     0.000 r  
    AD12                                              0.000     0.000 r  i_sys_clk_p (IN)
                         net (fo=0)                   0.000     0.000    pll_inst/inst/clk_in1_p
    AD12                 IBUFDS (Prop_ibufds_I_O)     0.906     0.906 r  pll_inst/inst/clkin1_ibufgds/O
                         net (fo=1, routed)           2.299     3.205    pll_inst/inst/clk_in1_pll_buf
    BUFGCTRL_X0Y3        BUFG (Prop_bufg_I_O)         0.093     3.298 r  pll_inst/inst/clkin1_bufg1/O
                         net (fo=1, routed)           1.959     5.257    pll_inst/inst/clk_in1_pll
    PLLE2_ADV_X1Y0       PLLE2_ADV (Prop_plle2_adv_CLKIN1_CLKOUT0)
                                                     -4.519     0.738 r  pll_inst/inst/plle2_adv_inst/CLKOUT0
                         net (fo=1, routed)           2.467     3.205    pll_inst/inst/clk_out1_pll
    BUFGCTRL_X0Y1        BUFG (Prop_bufg_I_O)         0.093     3.298 r  pll_inst/inst/clkout1_buf/O
                         net (fo=434, routed)         1.523     4.821    student_top_inst/bridge_inst/seg_driver/CLK
    SLICE_X2Y136         FDCE                                         r  student_top_inst/bridge_inst/seg_driver/count_reg[4]/C
  -------------------------------------------------------------------    -------------------
    SLICE_X2Y136         FDCE (Prop_fdce_C_Q)         0.236     5.057 r  student_top_inst/bridge_inst/seg_driver/count_reg[4]/Q
                         net (fo=48, routed)          1.556     6.613    student_top_inst/bridge_inst/seg_driver/Q[0]
    SLICE_X20Y139        LUT3 (Prop_lut3_I1_O)        0.130     6.743 r  student_top_inst/bridge_inst/seg_driver/virtual_seg_OBUF[26]_inst_i_4/O
                         net (fo=7, routed)           0.776     7.518    student_top_inst/bridge_inst/seg_driver/virtual_seg_OBUF[26]_inst_i_4_n_0
    SLICE_X10Y137        LUT6 (Prop_lut6_I4_O)        0.134     7.652 r  student_top_inst/bridge_inst/seg_driver/virtual_seg_OBUF[25]_inst_i_1/O
                         net (fo=2, routed)           0.281     7.933    twin_controller_inst/virtual_seg_OBUF[21]
    SLICE_X10Y136        FDCE                                         r  twin_controller_inst/status_buffer_reg[3][1]/D
  -------------------------------------------------------------------    -------------------

                         (clock clk_out1_pll rise edge)
                                                     20.000    20.000 r  
    AD12                                              0.000    20.000 r  i_sys_clk_p (IN)
                         net (fo=0)                   0.000    20.000    pll_inst/inst/clk_in1_p
    AD12                 IBUFDS (Prop_ibufds_I_O)     0.803    20.803 r  pll_inst/inst/clkin1_ibufgds/O
                         net (fo=1, routed)           2.173    22.976    pll_inst/inst/clk_in1_pll_buf
    BUFGCTRL_X0Y3        BUFG (Prop_bufg_I_O)         0.083    23.059 r  pll_inst/inst/clkin1_bufg1/O
                         net (fo=1, routed)           1.796    24.855    pll_inst/inst/clk_in1_pll
    PLLE2_ADV_X1Y0       PLLE2_ADV (Prop_plle2_adv_CLKIN1_CLKOUT0)
                                                     -4.213    20.642 r  pll_inst/inst/plle2_adv_inst/CLKOUT0
                         net (fo=1, routed)           2.334    22.976    pll_inst/inst/clk_out1_pll
    BUFGCTRL_X0Y1        BUFG (Prop_bufg_I_O)         0.083    23.059 r  pll_inst/inst/clkout1_buf/O
                         net (fo=434, routed)         1.333    24.392    twin_controller_inst/CLK
    SLICE_X10Y136        FDCE                                         r  twin_controller_inst/status_buffer_reg[3][1]/C
                         clock pessimism              0.326    24.719    
                         clock uncertainty           -0.071    24.647    
    SLICE_X10Y136        FDCE (Setup_fdce_C_D)       -0.010    24.637    twin_controller_inst/status_buffer_reg[3][1]
  -------------------------------------------------------------------
                         required time                         24.637    
                         arrival time                          -7.933    
  -------------------------------------------------------------------
                         slack                                 16.704    

Slack (MET) :             16.787ns  (required time - arrival time)
  Source:                 student_top_inst/bridge_inst/seg_driver/count_reg[4]/C
                            (rising edge-triggered cell FDCE clocked by clk_out1_pll  {rise@0.000ns fall@10.000ns period=20.000ns})
  Destination:            twin_controller_inst/status_buffer_reg[2][7]/D
                            (rising edge-triggered cell FDCE clocked by clk_out1_pll  {rise@0.000ns fall@10.000ns period=20.000ns})
  Path Group:             clk_out1_pll
  Path Type:              Setup (Max at Slow Process Corner)
  Requirement:            20.000ns  (clk_out1_pll rise@20.000ns - clk_out1_pll rise@0.000ns)
  Data Path Delay:        3.041ns  (logic 0.405ns (13.317%)  route 2.636ns (86.683%))
  Logic Levels:           2  (LUT3=1 LUT6=1)
  Clock Path Skew:        -0.100ns (DCD - SCD + CPR)
    Destination Clock Delay (DCD):    4.394ns = ( 24.394 - 20.000 ) 
    Source Clock Delay      (SCD):    4.821ns
    Clock Pessimism Removal (CPR):    0.326ns
  Clock Uncertainty:      0.071ns  ((TSJ^2 + DJ^2)^1/2) / 2 + PE
    Total System Jitter     (TSJ):    0.071ns
    Discrete Jitter          (DJ):    0.124ns
    Phase Error              (PE):    0.000ns

    Location             Delay type                Incr(ns)  Path(ns)    Netlist Resource(s)
  -------------------------------------------------------------------    -------------------
                         (clock clk_out1_pll rise edge)
                                                      0.000     0.000 r  
    AD12                                              0.000     0.000 r  i_sys_clk_p (IN)
                         net (fo=0)                   0.000     0.000    pll_inst/inst/clk_in1_p
    AD12                 IBUFDS (Prop_ibufds_I_O)     0.906     0.906 r  pll_inst/inst/clkin1_ibufgds/O
                         net (fo=1, routed)           2.299     3.205    pll_inst/inst/clk_in1_pll_buf
    BUFGCTRL_X0Y3        BUFG (Prop_bufg_I_O)         0.093     3.298 r  pll_inst/inst/clkin1_bufg1/O
                         net (fo=1, routed)           1.959     5.257    pll_inst/inst/clk_in1_pll
    PLLE2_ADV_X1Y0       PLLE2_ADV (Prop_plle2_adv_CLKIN1_CLKOUT0)
                                                     -4.519     0.738 r  pll_inst/inst/plle2_adv_inst/CLKOUT0
                         net (fo=1, routed)           2.467     3.205    pll_inst/inst/clk_out1_pll
    BUFGCTRL_X0Y1        BUFG (Prop_bufg_I_O)         0.093     3.298 r  pll_inst/inst/clkout1_buf/O
                         net (fo=434, routed)         1.523     4.821    student_top_inst/bridge_inst/seg_driver/CLK
    SLICE_X2Y136         FDCE                                         r  student_top_inst/bridge_inst/seg_driver/count_reg[4]/C
  -------------------------------------------------------------------    -------------------
    SLICE_X2Y136         FDCE (Prop_fdce_C_Q)         0.236     5.057 r  student_top_inst/bridge_inst/seg_driver/count_reg[4]/Q
                         net (fo=48, routed)          1.556     6.613    student_top_inst/bridge_inst/seg_driver/Q[0]
    SLICE_X20Y139        LUT3 (Prop_lut3_I1_O)        0.126     6.739 r  student_top_inst/bridge_inst/seg_driver/virtual_seg_OBUF[26]_inst_i_3/O
                         net (fo=7, routed)           0.792     7.531    student_top_inst/bridge_inst/seg_driver/virtual_seg_OBUF[26]_inst_i_3_n_0
    SLICE_X10Y139        LUT6 (Prop_lut6_I1_O)        0.043     7.574 r  student_top_inst/bridge_inst/seg_driver/virtual_seg_OBUF[23]_inst_i_1/O
                         net (fo=2, routed)           0.288     7.862    twin_controller_inst/virtual_seg_OBUF[19]
    SLICE_X10Y140        FDCE                                         r  twin_controller_inst/status_buffer_reg[2][7]/D
  -------------------------------------------------------------------    -------------------

                         (clock clk_out1_pll rise edge)
                                                     20.000    20.000 r  
    AD12                                              0.000    20.000 r  i_sys_clk_p (IN)
                         net (fo=0)                   0.000    20.000    pll_inst/inst/clk_in1_p
    AD12                 IBUFDS (Prop_ibufds_I_O)     0.803    20.803 r  pll_inst/inst/clkin1_ibufgds/O
                         net (fo=1, routed)           2.173    22.976    pll_inst/inst/clk_in1_pll_buf
    BUFGCTRL_X0Y3        BUFG (Prop_bufg_I_O)         0.083    23.059 r  pll_inst/inst/clkin1_bufg1/O
                         net (fo=1, routed)           1.796    24.855    pll_inst/inst/clk_in1_pll
    PLLE2_ADV_X1Y0       PLLE2_ADV (Prop_plle2_adv_CLKIN1_CLKOUT0)
                                                     -4.213    20.642 r  pll_inst/inst/plle2_adv_inst/CLKOUT0
                         net (fo=1, routed)           2.334    22.976    pll_inst/inst/clk_out1_pll
    BUFGCTRL_X0Y1        BUFG (Prop_bufg_I_O)         0.083    23.059 r  pll_inst/inst/clkout1_buf/O
                         net (fo=434, routed)         1.335    24.394    twin_controller_inst/CLK
    SLICE_X10Y140        FDCE                                         r  twin_controller_inst/status_buffer_reg[2][7]/C
                         clock pessimism              0.326    24.721    
                         clock uncertainty           -0.071    24.649    
    SLICE_X10Y140        FDCE (Setup_fdce_C_D)        0.000    24.649    twin_controller_inst/status_buffer_reg[2][7]
  -------------------------------------------------------------------
                         required time                         24.649    
                         arrival time                          -7.862    
  -------------------------------------------------------------------
                         slack                                 16.787    

Slack (MET) :             16.839ns  (required time - arrival time)
  Source:                 student_top_inst/bridge_inst/seg_driver/count_reg[4]/C
                            (rising edge-triggered cell FDCE clocked by clk_out1_pll  {rise@0.000ns fall@10.000ns period=20.000ns})
  Destination:            twin_controller_inst/status_buffer_reg[3][2]/D
                            (rising edge-triggered cell FDCE clocked by clk_out1_pll  {rise@0.000ns fall@10.000ns period=20.000ns})
  Path Group:             clk_out1_pll
  Path Type:              Setup (Max at Slow Process Corner)
  Requirement:            20.000ns  (clk_out1_pll rise@20.000ns - clk_out1_pll rise@0.000ns)
  Data Path Delay:        2.988ns  (logic 0.405ns (13.554%)  route 2.583ns (86.446%))
  Logic Levels:           2  (LUT3=1 LUT6=1)
  Clock Path Skew:        -0.101ns (DCD - SCD + CPR)
    Destination Clock Delay (DCD):    4.393ns = ( 24.393 - 20.000 ) 
    Source Clock Delay      (SCD):    4.821ns
    Clock Pessimism Removal (CPR):    0.326ns
  Clock Uncertainty:      0.071ns  ((TSJ^2 + DJ^2)^1/2) / 2 + PE
    Total System Jitter     (TSJ):    0.071ns
    Discrete Jitter          (DJ):    0.124ns
    Phase Error              (PE):    0.000ns

    Location             Delay type                Incr(ns)  Path(ns)    Netlist Resource(s)
  -------------------------------------------------------------------    -------------------
                         (clock clk_out1_pll rise edge)
                                                      0.000     0.000 r  
    AD12                                              0.000     0.000 r  i_sys_clk_p (IN)
                         net (fo=0)                   0.000     0.000    pll_inst/inst/clk_in1_p
    AD12                 IBUFDS (Prop_ibufds_I_O)     0.906     0.906 r  pll_inst/inst/clkin1_ibufgds/O
                         net (fo=1, routed)           2.299     3.205    pll_inst/inst/clk_in1_pll_buf
    BUFGCTRL_X0Y3        BUFG (Prop_bufg_I_O)         0.093     3.298 r  pll_inst/inst/clkin1_bufg1/O
                         net (fo=1, routed)           1.959     5.257    pll_inst/inst/clk_in1_pll
    PLLE2_ADV_X1Y0       PLLE2_ADV (Prop_plle2_adv_CLKIN1_CLKOUT0)
                                                     -4.519     0.738 r  pll_inst/inst/plle2_adv_inst/CLKOUT0
                         net (fo=1, routed)           2.467     3.205    pll_inst/inst/clk_out1_pll
    BUFGCTRL_X0Y1        BUFG (Prop_bufg_I_O)         0.093     3.298 r  pll_inst/inst/clkout1_buf/O
                         net (fo=434, routed)         1.523     4.821    student_top_inst/bridge_inst/seg_driver/CLK
    SLICE_X2Y136         FDCE                                         r  student_top_inst/bridge_inst/seg_driver/count_reg[4]/C
  -------------------------------------------------------------------    -------------------
    SLICE_X2Y136         FDCE (Prop_fdce_C_Q)         0.236     5.057 r  student_top_inst/bridge_inst/seg_driver/count_reg[4]/Q
                         net (fo=48, routed)          1.556     6.613    student_top_inst/bridge_inst/seg_driver/Q[0]
    SLICE_X20Y139        LUT3 (Prop_lut3_I1_O)        0.126     6.739 r  student_top_inst/bridge_inst/seg_driver/virtual_seg_OBUF[26]_inst_i_3/O
                         net (fo=7, routed)           0.800     7.539    student_top_inst/bridge_inst/seg_driver/virtual_seg_OBUF[26]_inst_i_3_n_0
    SLICE_X10Y139        LUT6 (Prop_lut6_I1_O)        0.043     7.582 r  student_top_inst/bridge_inst/seg_driver/virtual_seg_OBUF[26]_inst_i_1/O
                         net (fo=2, routed)           0.227     7.809    twin_controller_inst/virtual_seg_OBUF[22]
    SLICE_X10Y139        FDCE                                         r  twin_controller_inst/status_buffer_reg[3][2]/D
  -------------------------------------------------------------------    -------------------

                         (clock clk_out1_pll rise edge)
                                                     20.000    20.000 r  
    AD12                                              0.000    20.000 r  i_sys_clk_p (IN)
                         net (fo=0)                   0.000    20.000    pll_inst/inst/clk_in1_p
    AD12                 IBUFDS (Prop_ibufds_I_O)     0.803    20.803 r  pll_inst/inst/clkin1_ibufgds/O
                         net (fo=1, routed)           2.173    22.976    pll_inst/inst/clk_in1_pll_buf
    BUFGCTRL_X0Y3        BUFG (Prop_bufg_I_O)         0.083    23.059 r  pll_inst/inst/clkin1_bufg1/O
                         net (fo=1, routed)           1.796    24.855    pll_inst/inst/clk_in1_pll
    PLLE2_ADV_X1Y0       PLLE2_ADV (Prop_plle2_adv_CLKIN1_CLKOUT0)
                                                     -4.213    20.642 r  pll_inst/inst/plle2_adv_inst/CLKOUT0
                         net (fo=1, routed)           2.334    22.976    pll_inst/inst/clk_out1_pll
    BUFGCTRL_X0Y1        BUFG (Prop_bufg_I_O)         0.083    23.059 r  pll_inst/inst/clkout1_buf/O
                         net (fo=434, routed)         1.334    24.393    twin_controller_inst/CLK
    SLICE_X10Y139        FDCE                                         r  twin_controller_inst/status_buffer_reg[3][2]/C
                         clock pessimism              0.326    24.720    
                         clock uncertainty           -0.071    24.648    
    SLICE_X10Y139        FDCE (Setup_fdce_C_D)        0.000    24.648    twin_controller_inst/status_buffer_reg[3][2]
  -------------------------------------------------------------------
                         required time                         24.648    
                         arrival time                          -7.809    
  -------------------------------------------------------------------
                         slack                                 16.839    

Slack (MET) :             16.864ns  (required time - arrival time)
  Source:                 student_top_inst/bridge_inst/seg_driver/count_reg[4]/C
                            (rising edge-triggered cell FDCE clocked by clk_out1_pll  {rise@0.000ns fall@10.000ns period=20.000ns})
  Destination:            twin_controller_inst/status_buffer_reg[0][6]/D
                            (rising edge-triggered cell FDCE clocked by clk_out1_pll  {rise@0.000ns fall@10.000ns period=20.000ns})
  Path Group:             clk_out1_pll
  Path Type:              Setup (Max at Slow Process Corner)
  Requirement:            20.000ns  (clk_out1_pll rise@20.000ns - clk_out1_pll rise@0.000ns)
  Data Path Delay:        2.961ns  (logic 0.507ns (17.125%)  route 2.454ns (82.875%))
  Logic Levels:           2  (LUT3=1 LUT6=1)
  Clock Path Skew:        -0.104ns (DCD - SCD + CPR)
    Destination Clock Delay (DCD):    4.390ns = ( 24.390 - 20.000 ) 
    Source Clock Delay      (SCD):    4.821ns
    Clock Pessimism Removal (CPR):    0.326ns
  Clock Uncertainty:      0.071ns  ((TSJ^2 + DJ^2)^1/2) / 2 + PE
    Total System Jitter     (TSJ):    0.071ns
    Discrete Jitter          (DJ):    0.124ns
    Phase Error              (PE):    0.000ns

    Location             Delay type                Incr(ns)  Path(ns)    Netlist Resource(s)
  -------------------------------------------------------------------    -------------------
                         (clock clk_out1_pll rise edge)
                                                      0.000     0.000 r  
    AD12                                              0.000     0.000 r  i_sys_clk_p (IN)
                         net (fo=0)                   0.000     0.000    pll_inst/inst/clk_in1_p
    AD12                 IBUFDS (Prop_ibufds_I_O)     0.906     0.906 r  pll_inst/inst/clkin1_ibufgds/O
                         net (fo=1, routed)           2.299     3.205    pll_inst/inst/clk_in1_pll_buf
    BUFGCTRL_X0Y3        BUFG (Prop_bufg_I_O)         0.093     3.298 r  pll_inst/inst/clkin1_bufg1/O
                         net (fo=1, routed)           1.959     5.257    pll_inst/inst/clk_in1_pll
    PLLE2_ADV_X1Y0       PLLE2_ADV (Prop_plle2_adv_CLKIN1_CLKOUT0)
                                                     -4.519     0.738 r  pll_inst/inst/plle2_adv_inst/CLKOUT0
                         net (fo=1, routed)           2.467     3.205    pll_inst/inst/clk_out1_pll
    BUFGCTRL_X0Y1        BUFG (Prop_bufg_I_O)         0.093     3.298 r  pll_inst/inst/clkout1_buf/O
                         net (fo=434, routed)         1.523     4.821    student_top_inst/bridge_inst/seg_driver/CLK
    SLICE_X2Y136         FDCE                                         r  student_top_inst/bridge_inst/seg_driver/count_reg[4]/C
  -------------------------------------------------------------------    -------------------
    SLICE_X2Y136         FDCE (Prop_fdce_C_Q)         0.236     5.057 r  student_top_inst/bridge_inst/seg_driver/count_reg[4]/Q
                         net (fo=48, routed)          1.333     6.389    student_top_inst/bridge_inst/seg_driver/Q[0]
    SLICE_X21Y136        LUT3 (Prop_lut3_I1_O)        0.135     6.524 r  student_top_inst/bridge_inst/seg_driver/virtual_seg_OBUF[6]_inst_i_2/O
                         net (fo=7, routed)           0.728     7.252    student_top_inst/bridge_inst/seg_driver/virtual_seg_OBUF[6]_inst_i_2_n_0
    SLICE_X13Y135        LUT6 (Prop_lut6_I0_O)        0.136     7.388 r  student_top_inst/bridge_inst/seg_driver/virtual_seg_OBUF[6]_inst_i_1/O
                         net (fo=2, routed)           0.393     7.781    twin_controller_inst/virtual_seg_OBUF[6]
    SLICE_X12Y135        FDCE                                         r  twin_controller_inst/status_buffer_reg[0][6]/D
  -------------------------------------------------------------------    -------------------

                         (clock clk_out1_pll rise edge)
                                                     20.000    20.000 r  
    AD12                                              0.000    20.000 r  i_sys_clk_p (IN)
                         net (fo=0)                   0.000    20.000    pll_inst/inst/clk_in1_p
    AD12                 IBUFDS (Prop_ibufds_I_O)     0.803    20.803 r  pll_inst/inst/clkin1_ibufgds/O
                         net (fo=1, routed)           2.173    22.976    pll_inst/inst/clk_in1_pll_buf
    BUFGCTRL_X0Y3        BUFG (Prop_bufg_I_O)         0.083    23.059 r  pll_inst/inst/clkin1_bufg1/O
                         net (fo=1, routed)           1.796    24.855    pll_inst/inst/clk_in1_pll
    PLLE2_ADV_X1Y0       PLLE2_ADV (Prop_plle2_adv_CLKIN1_CLKOUT0)
                                                     -4.213    20.642 r  pll_inst/inst/plle2_adv_inst/CLKOUT0
                         net (fo=1, routed)           2.334    22.976    pll_inst/inst/clk_out1_pll
    BUFGCTRL_X0Y1        BUFG (Prop_bufg_I_O)         0.083    23.059 r  pll_inst/inst/clkout1_buf/O
                         net (fo=434, routed)         1.331    24.390    twin_controller_inst/CLK
    SLICE_X12Y135        FDCE                                         r  twin_controller_inst/status_buffer_reg[0][6]/C
                         clock pessimism              0.326    24.717    
                         clock uncertainty           -0.071    24.645    
    SLICE_X12Y135        FDCE (Setup_fdce_C_D)        0.000    24.645    twin_controller_inst/status_buffer_reg[0][6]
  -------------------------------------------------------------------
                         required time                         24.645    
                         arrival time                          -7.781    
  -------------------------------------------------------------------
                         slack                                 16.864    

Slack (MET) :             16.875ns  (required time - arrival time)
  Source:                 uart_inst/rx_data_reg[7]/C
                            (rising edge-triggered cell FDCE clocked by clk_out1_pll  {rise@0.000ns fall@10.000ns period=20.000ns})
  Destination:            twin_controller_inst/status_buffer_reg[10][6]/CE
                            (rising edge-triggered cell FDCE clocked by clk_out1_pll  {rise@0.000ns fall@10.000ns period=20.000ns})
  Path Group:             clk_out1_pll
  Path Type:              Setup (Max at Slow Process Corner)
  Requirement:            20.000ns  (clk_out1_pll rise@20.000ns - clk_out1_pll rise@0.000ns)
  Data Path Delay:        2.737ns  (logic 0.335ns (12.240%)  route 2.402ns (87.760%))
  Logic Levels:           1  (LUT5=1)
  Clock Path Skew:        -0.046ns (DCD - SCD + CPR)
    Destination Clock Delay (DCD):    4.392ns = ( 24.392 - 20.000 ) 
    Source Clock Delay      (SCD):    4.765ns
    Clock Pessimism Removal (CPR):    0.326ns
  Clock Uncertainty:      0.071ns  ((TSJ^2 + DJ^2)^1/2) / 2 + PE
    Total System Jitter     (TSJ):    0.071ns
    Discrete Jitter          (DJ):    0.124ns
    Phase Error              (PE):    0.000ns

    Location             Delay type                Incr(ns)  Path(ns)    Netlist Resource(s)
  -------------------------------------------------------------------    -------------------
                         (clock clk_out1_pll rise edge)
                                                      0.000     0.000 r  
    AD12                                              0.000     0.000 r  i_sys_clk_p (IN)
                         net (fo=0)                   0.000     0.000    pll_inst/inst/clk_in1_p
    AD12                 IBUFDS (Prop_ibufds_I_O)     0.906     0.906 r  pll_inst/inst/clkin1_ibufgds/O
                         net (fo=1, routed)           2.299     3.205    pll_inst/inst/clk_in1_pll_buf
    BUFGCTRL_X0Y3        BUFG (Prop_bufg_I_O)         0.093     3.298 r  pll_inst/inst/clkin1_bufg1/O
                         net (fo=1, routed)           1.959     5.257    pll_inst/inst/clk_in1_pll
    PLLE2_ADV_X1Y0       PLLE2_ADV (Prop_plle2_adv_CLKIN1_CLKOUT0)
                                                     -4.519     0.738 r  pll_inst/inst/plle2_adv_inst/CLKOUT0
                         net (fo=1, routed)           2.467     3.205    pll_inst/inst/clk_out1_pll
    BUFGCTRL_X0Y1        BUFG (Prop_bufg_I_O)         0.093     3.298 r  pll_inst/inst/clkout1_buf/O
                         net (fo=434, routed)         1.467     4.765    uart_inst/clk_out1
    SLICE_X9Y136         FDCE                                         r  uart_inst/rx_data_reg[7]/C
  -------------------------------------------------------------------    -------------------
    SLICE_X9Y136         FDCE (Prop_fdce_C_Q)         0.204     4.969 r  uart_inst/rx_data_reg[7]/Q
                         net (fo=74, routed)          1.324     6.292    uart_inst/Q[3]
    SLICE_X11Y138        LUT5 (Prop_lut5_I4_O)        0.131     6.423 r  uart_inst/status_buffer[0][6]_i_1/O
                         net (fo=134, routed)         1.078     7.501    twin_controller_inst/E[0]
    SLICE_X12Y139        FDCE                                         r  twin_controller_inst/status_buffer_reg[10][6]/CE
  -------------------------------------------------------------------    -------------------

                         (clock clk_out1_pll rise edge)
                                                     20.000    20.000 r  
    AD12                                              0.000    20.000 r  i_sys_clk_p (IN)
                         net (fo=0)                   0.000    20.000    pll_inst/inst/clk_in1_p
    AD12                 IBUFDS (Prop_ibufds_I_O)     0.803    20.803 r  pll_inst/inst/clkin1_ibufgds/O
                         net (fo=1, routed)           2.173    22.976    pll_inst/inst/clk_in1_pll_buf
    BUFGCTRL_X0Y3        BUFG (Prop_bufg_I_O)         0.083    23.059 r  pll_inst/inst/clkin1_bufg1/O
                         net (fo=1, routed)           1.796    24.855    pll_inst/inst/clk_in1_pll
    PLLE2_ADV_X1Y0       PLLE2_ADV (Prop_plle2_adv_CLKIN1_CLKOUT0)
                                                     -4.213    20.642 r  pll_inst/inst/plle2_adv_inst/CLKOUT0
                         net (fo=1, routed)           2.334    22.976    pll_inst/inst/clk_out1_pll
    BUFGCTRL_X0Y1        BUFG (Prop_bufg_I_O)         0.083    23.059 r  pll_inst/inst/clkout1_buf/O
                         net (fo=434, routed)         1.333    24.392    twin_controller_inst/CLK
    SLICE_X12Y139        FDCE                                         r  twin_controller_inst/status_buffer_reg[10][6]/C
                         clock pessimism              0.326    24.719    
                         clock uncertainty           -0.071    24.647    
    SLICE_X12Y139        FDCE (Setup_fdce_C_CE)      -0.271    24.376    twin_controller_inst/status_buffer_reg[10][6]
  -------------------------------------------------------------------
                         required time                         24.376    
                         arrival time                          -7.501    
  -------------------------------------------------------------------
                         slack                                 16.875    

Slack (MET) :             16.965ns  (required time - arrival time)
  Source:                 uart_inst/rx_data_reg[7]/C
                            (rising edge-triggered cell FDCE clocked by clk_out1_pll  {rise@0.000ns fall@10.000ns period=20.000ns})
  Destination:            twin_controller_inst/status_buffer_reg[10][4]/CE
                            (rising edge-triggered cell FDCE clocked by clk_out1_pll  {rise@0.000ns fall@10.000ns period=20.000ns})
  Path Group:             clk_out1_pll
  Path Type:              Setup (Max at Slow Process Corner)
  Requirement:            20.000ns  (clk_out1_pll rise@20.000ns - clk_out1_pll rise@0.000ns)
  Data Path Delay:        2.648ns  (logic 0.335ns (12.652%)  route 2.313ns (87.348%))
  Logic Levels:           1  (LUT5=1)
  Clock Path Skew:        -0.045ns (DCD - SCD + CPR)
    Destination Clock Delay (DCD):    4.393ns = ( 24.393 - 20.000 ) 
    Source Clock Delay      (SCD):    4.765ns
    Clock Pessimism Removal (CPR):    0.326ns
  Clock Uncertainty:      0.071ns  ((TSJ^2 + DJ^2)^1/2) / 2 + PE
    Total System Jitter     (TSJ):    0.071ns
    Discrete Jitter          (DJ):    0.124ns
    Phase Error              (PE):    0.000ns

    Location             Delay type                Incr(ns)  Path(ns)    Netlist Resource(s)
  -------------------------------------------------------------------    -------------------
                         (clock clk_out1_pll rise edge)
                                                      0.000     0.000 r  
    AD12                                              0.000     0.000 r  i_sys_clk_p (IN)
                         net (fo=0)                   0.000     0.000    pll_inst/inst/clk_in1_p
    AD12                 IBUFDS (Prop_ibufds_I_O)     0.906     0.906 r  pll_inst/inst/clkin1_ibufgds/O
                         net (fo=1, routed)           2.299     3.205    pll_inst/inst/clk_in1_pll_buf
    BUFGCTRL_X0Y3        BUFG (Prop_bufg_I_O)         0.093     3.298 r  pll_inst/inst/clkin1_bufg1/O
                         net (fo=1, routed)           1.959     5.257    pll_inst/inst/clk_in1_pll
    PLLE2_ADV_X1Y0       PLLE2_ADV (Prop_plle2_adv_CLKIN1_CLKOUT0)
                                                     -4.519     0.738 r  pll_inst/inst/plle2_adv_inst/CLKOUT0
                         net (fo=1, routed)           2.467     3.205    pll_inst/inst/clk_out1_pll
    BUFGCTRL_X0Y1        BUFG (Prop_bufg_I_O)         0.093     3.298 r  pll_inst/inst/clkout1_buf/O
                         net (fo=434, routed)         1.467     4.765    uart_inst/clk_out1
    SLICE_X9Y136         FDCE                                         r  uart_inst/rx_data_reg[7]/C
  -------------------------------------------------------------------    -------------------
    SLICE_X9Y136         FDCE (Prop_fdce_C_Q)         0.204     4.969 r  uart_inst/rx_data_reg[7]/Q
                         net (fo=74, routed)          1.324     6.292    uart_inst/Q[3]
    SLICE_X11Y138        LUT5 (Prop_lut5_I4_O)        0.131     6.423 r  uart_inst/status_buffer[0][6]_i_1/O
                         net (fo=134, routed)         0.989     7.412    twin_controller_inst/E[0]
    SLICE_X14Y140        FDCE                                         r  twin_controller_inst/status_buffer_reg[10][4]/CE
  -------------------------------------------------------------------    -------------------

                         (clock clk_out1_pll rise edge)
                                                     20.000    20.000 r  
    AD12                                              0.000    20.000 r  i_sys_clk_p (IN)
                         net (fo=0)                   0.000    20.000    pll_inst/inst/clk_in1_p
    AD12                 IBUFDS (Prop_ibufds_I_O)     0.803    20.803 r  pll_inst/inst/clkin1_ibufgds/O
                         net (fo=1, routed)           2.173    22.976    pll_inst/inst/clk_in1_pll_buf
    BUFGCTRL_X0Y3        BUFG (Prop_bufg_I_O)         0.083    23.059 r  pll_inst/inst/clkin1_bufg1/O
                         net (fo=1, routed)           1.796    24.855    pll_inst/inst/clk_in1_pll
    PLLE2_ADV_X1Y0       PLLE2_ADV (Prop_plle2_adv_CLKIN1_CLKOUT0)
                                                     -4.213    20.642 r  pll_inst/inst/plle2_adv_inst/CLKOUT0
                         net (fo=1, routed)           2.334    22.976    pll_inst/inst/clk_out1_pll
    BUFGCTRL_X0Y1        BUFG (Prop_bufg_I_O)         0.083    23.059 r  pll_inst/inst/clkout1_buf/O
                         net (fo=434, routed)         1.334    24.393    twin_controller_inst/CLK
    SLICE_X14Y140        FDCE                                         r  twin_controller_inst/status_buffer_reg[10][4]/C
                         clock pessimism              0.326    24.720    
                         clock uncertainty           -0.071    24.648    
    SLICE_X14Y140        FDCE (Setup_fdce_C_CE)      -0.271    24.377    twin_controller_inst/status_buffer_reg[10][4]
  -------------------------------------------------------------------
                         required time                         24.377    
                         arrival time                          -7.412    
  -------------------------------------------------------------------
                         slack                                 16.965    

Slack (MET) :             16.965ns  (required time - arrival time)
  Source:                 uart_inst/rx_data_reg[7]/C
                            (rising edge-triggered cell FDCE clocked by clk_out1_pll  {rise@0.000ns fall@10.000ns period=20.000ns})
  Destination:            twin_controller_inst/status_buffer_reg[10][7]/CE
                            (rising edge-triggered cell FDCE clocked by clk_out1_pll  {rise@0.000ns fall@10.000ns period=20.000ns})
  Path Group:             clk_out1_pll
  Path Type:              Setup (Max at Slow Process Corner)
  Requirement:            20.000ns  (clk_out1_pll rise@20.000ns - clk_out1_pll rise@0.000ns)
  Data Path Delay:        2.648ns  (logic 0.335ns (12.652%)  route 2.313ns (87.348%))
  Logic Levels:           1  (LUT5=1)
  Clock Path Skew:        -0.045ns (DCD - SCD + CPR)
    Destination Clock Delay (DCD):    4.393ns = ( 24.393 - 20.000 ) 
    Source Clock Delay      (SCD):    4.765ns
    Clock Pessimism Removal (CPR):    0.326ns
  Clock Uncertainty:      0.071ns  ((TSJ^2 + DJ^2)^1/2) / 2 + PE
    Total System Jitter     (TSJ):    0.071ns
    Discrete Jitter          (DJ):    0.124ns
    Phase Error              (PE):    0.000ns

    Location             Delay type                Incr(ns)  Path(ns)    Netlist Resource(s)
  -------------------------------------------------------------------    -------------------
                         (clock clk_out1_pll rise edge)
                                                      0.000     0.000 r  
    AD12                                              0.000     0.000 r  i_sys_clk_p (IN)
                         net (fo=0)                   0.000     0.000    pll_inst/inst/clk_in1_p
    AD12                 IBUFDS (Prop_ibufds_I_O)     0.906     0.906 r  pll_inst/inst/clkin1_ibufgds/O
                         net (fo=1, routed)           2.299     3.205    pll_inst/inst/clk_in1_pll_buf
    BUFGCTRL_X0Y3        BUFG (Prop_bufg_I_O)         0.093     3.298 r  pll_inst/inst/clkin1_bufg1/O
                         net (fo=1, routed)           1.959     5.257    pll_inst/inst/clk_in1_pll
    PLLE2_ADV_X1Y0       PLLE2_ADV (Prop_plle2_adv_CLKIN1_CLKOUT0)
                                                     -4.519     0.738 r  pll_inst/inst/plle2_adv_inst/CLKOUT0
                         net (fo=1, routed)           2.467     3.205    pll_inst/inst/clk_out1_pll
    BUFGCTRL_X0Y1        BUFG (Prop_bufg_I_O)         0.093     3.298 r  pll_inst/inst/clkout1_buf/O
                         net (fo=434, routed)         1.467     4.765    uart_inst/clk_out1
    SLICE_X9Y136         FDCE                                         r  uart_inst/rx_data_reg[7]/C
  -------------------------------------------------------------------    -------------------
    SLICE_X9Y136         FDCE (Prop_fdce_C_Q)         0.204     4.969 r  uart_inst/rx_data_reg[7]/Q
                         net (fo=74, routed)          1.324     6.292    uart_inst/Q[3]
    SLICE_X11Y138        LUT5 (Prop_lut5_I4_O)        0.131     6.423 r  uart_inst/status_buffer[0][6]_i_1/O
                         net (fo=134, routed)         0.989     7.412    twin_controller_inst/E[0]
    SLICE_X14Y140        FDCE                                         r  twin_controller_inst/status_buffer_reg[10][7]/CE
  -------------------------------------------------------------------    -------------------

                         (clock clk_out1_pll rise edge)
                                                     20.000    20.000 r  
    AD12                                              0.000    20.000 r  i_sys_clk_p (IN)
                         net (fo=0)                   0.000    20.000    pll_inst/inst/clk_in1_p
    AD12                 IBUFDS (Prop_ibufds_I_O)     0.803    20.803 r  pll_inst/inst/clkin1_ibufgds/O
                         net (fo=1, routed)           2.173    22.976    pll_inst/inst/clk_in1_pll_buf
    BUFGCTRL_X0Y3        BUFG (Prop_bufg_I_O)         0.083    23.059 r  pll_inst/inst/clkin1_bufg1/O
                         net (fo=1, routed)           1.796    24.855    pll_inst/inst/clk_in1_pll
    PLLE2_ADV_X1Y0       PLLE2_ADV (Prop_plle2_adv_CLKIN1_CLKOUT0)
                                                     -4.213    20.642 r  pll_inst/inst/plle2_adv_inst/CLKOUT0
                         net (fo=1, routed)           2.334    22.976    pll_inst/inst/clk_out1_pll
    BUFGCTRL_X0Y1        BUFG (Prop_bufg_I_O)         0.083    23.059 r  pll_inst/inst/clkout1_buf/O
                         net (fo=434, routed)         1.334    24.393    twin_controller_inst/CLK
    SLICE_X14Y140        FDCE                                         r  twin_controller_inst/status_buffer_reg[10][7]/C
                         clock pessimism              0.326    24.720    
                         clock uncertainty           -0.071    24.648    
    SLICE_X14Y140        FDCE (Setup_fdce_C_CE)      -0.271    24.377    twin_controller_inst/status_buffer_reg[10][7]
  -------------------------------------------------------------------
                         required time                         24.377    
                         arrival time                          -7.412    
  -------------------------------------------------------------------
                         slack                                 16.965    

Slack (MET) :             16.965ns  (required time - arrival time)
  Source:                 uart_inst/rx_data_reg[7]/C
                            (rising edge-triggered cell FDCE clocked by clk_out1_pll  {rise@0.000ns fall@10.000ns period=20.000ns})
  Destination:            twin_controller_inst/status_buffer_reg[13][4]/CE
                            (rising edge-triggered cell FDCE clocked by clk_out1_pll  {rise@0.000ns fall@10.000ns period=20.000ns})
  Path Group:             clk_out1_pll
  Path Type:              Setup (Max at Slow Process Corner)
  Requirement:            20.000ns  (clk_out1_pll rise@20.000ns - clk_out1_pll rise@0.000ns)
  Data Path Delay:        2.648ns  (logic 0.335ns (12.652%)  route 2.313ns (87.348%))
  Logic Levels:           1  (LUT5=1)
  Clock Path Skew:        -0.045ns (DCD - SCD + CPR)
    Destination Clock Delay (DCD):    4.393ns = ( 24.393 - 20.000 ) 
    Source Clock Delay      (SCD):    4.765ns
    Clock Pessimism Removal (CPR):    0.326ns
  Clock Uncertainty:      0.071ns  ((TSJ^2 + DJ^2)^1/2) / 2 + PE
    Total System Jitter     (TSJ):    0.071ns
    Discrete Jitter          (DJ):    0.124ns
    Phase Error              (PE):    0.000ns

    Location             Delay type                Incr(ns)  Path(ns)    Netlist Resource(s)
  -------------------------------------------------------------------    -------------------
                         (clock clk_out1_pll rise edge)
                                                      0.000     0.000 r  
    AD12                                              0.000     0.000 r  i_sys_clk_p (IN)
                         net (fo=0)                   0.000     0.000    pll_inst/inst/clk_in1_p
    AD12                 IBUFDS (Prop_ibufds_I_O)     0.906     0.906 r  pll_inst/inst/clkin1_ibufgds/O
                         net (fo=1, routed)           2.299     3.205    pll_inst/inst/clk_in1_pll_buf
    BUFGCTRL_X0Y3        BUFG (Prop_bufg_I_O)         0.093     3.298 r  pll_inst/inst/clkin1_bufg1/O
                         net (fo=1, routed)           1.959     5.257    pll_inst/inst/clk_in1_pll
    PLLE2_ADV_X1Y0       PLLE2_ADV (Prop_plle2_adv_CLKIN1_CLKOUT0)
                                                     -4.519     0.738 r  pll_inst/inst/plle2_adv_inst/CLKOUT0
                         net (fo=1, routed)           2.467     3.205    pll_inst/inst/clk_out1_pll
    BUFGCTRL_X0Y1        BUFG (Prop_bufg_I_O)         0.093     3.298 r  pll_inst/inst/clkout1_buf/O
                         net (fo=434, routed)         1.467     4.765    uart_inst/clk_out1
    SLICE_X9Y136         FDCE                                         r  uart_inst/rx_data_reg[7]/C
  -------------------------------------------------------------------    -------------------
    SLICE_X9Y136         FDCE (Prop_fdce_C_Q)         0.204     4.969 r  uart_inst/rx_data_reg[7]/Q
                         net (fo=74, routed)          1.324     6.292    uart_inst/Q[3]
    SLICE_X11Y138        LUT5 (Prop_lut5_I4_O)        0.131     6.423 r  uart_inst/status_buffer[0][6]_i_1/O
                         net (fo=134, routed)         0.989     7.412    twin_controller_inst/E[0]
    SLICE_X14Y140        FDCE                                         r  twin_controller_inst/status_buffer_reg[13][4]/CE
  -------------------------------------------------------------------    -------------------

                         (clock clk_out1_pll rise edge)
                                                     20.000    20.000 r  
    AD12                                              0.000    20.000 r  i_sys_clk_p (IN)
                         net (fo=0)                   0.000    20.000    pll_inst/inst/clk_in1_p
    AD12                 IBUFDS (Prop_ibufds_I_O)     0.803    20.803 r  pll_inst/inst/clkin1_ibufgds/O
                         net (fo=1, routed)           2.173    22.976    pll_inst/inst/clk_in1_pll_buf
    BUFGCTRL_X0Y3        BUFG (Prop_bufg_I_O)         0.083    23.059 r  pll_inst/inst/clkin1_bufg1/O
                         net (fo=1, routed)           1.796    24.855    pll_inst/inst/clk_in1_pll
    PLLE2_ADV_X1Y0       PLLE2_ADV (Prop_plle2_adv_CLKIN1_CLKOUT0)
                                                     -4.213    20.642 r  pll_inst/inst/plle2_adv_inst/CLKOUT0
                         net (fo=1, routed)           2.334    22.976    pll_inst/inst/clk_out1_pll
    BUFGCTRL_X0Y1        BUFG (Prop_bufg_I_O)         0.083    23.059 r  pll_inst/inst/clkout1_buf/O
                         net (fo=434, routed)         1.334    24.393    twin_controller_inst/CLK
    SLICE_X14Y140        FDCE                                         r  twin_controller_inst/status_buffer_reg[13][4]/C
                         clock pessimism              0.326    24.720    
                         clock uncertainty           -0.071    24.648    
    SLICE_X14Y140        FDCE (Setup_fdce_C_CE)      -0.271    24.377    twin_controller_inst/status_buffer_reg[13][4]
  -------------------------------------------------------------------
                         required time                         24.377    
                         arrival time                          -7.412    
  -------------------------------------------------------------------
                         slack                                 16.965    

Slack (MET) :             16.965ns  (required time - arrival time)
  Source:                 uart_inst/rx_data_reg[7]/C
                            (rising edge-triggered cell FDCE clocked by clk_out1_pll  {rise@0.000ns fall@10.000ns period=20.000ns})
  Destination:            twin_controller_inst/status_buffer_reg[13][7]/CE
                            (rising edge-triggered cell FDCE clocked by clk_out1_pll  {rise@0.000ns fall@10.000ns period=20.000ns})
  Path Group:             clk_out1_pll
  Path Type:              Setup (Max at Slow Process Corner)
  Requirement:            20.000ns  (clk_out1_pll rise@20.000ns - clk_out1_pll rise@0.000ns)
  Data Path Delay:        2.648ns  (logic 0.335ns (12.652%)  route 2.313ns (87.348%))
  Logic Levels:           1  (LUT5=1)
  Clock Path Skew:        -0.045ns (DCD - SCD + CPR)
    Destination Clock Delay (DCD):    4.393ns = ( 24.393 - 20.000 ) 
    Source Clock Delay      (SCD):    4.765ns
    Clock Pessimism Removal (CPR):    0.326ns
  Clock Uncertainty:      0.071ns  ((TSJ^2 + DJ^2)^1/2) / 2 + PE
    Total System Jitter     (TSJ):    0.071ns
    Discrete Jitter          (DJ):    0.124ns
    Phase Error              (PE):    0.000ns

    Location             Delay type                Incr(ns)  Path(ns)    Netlist Resource(s)
  -------------------------------------------------------------------    -------------------
                         (clock clk_out1_pll rise edge)
                                                      0.000     0.000 r  
    AD12                                              0.000     0.000 r  i_sys_clk_p (IN)
                         net (fo=0)                   0.000     0.000    pll_inst/inst/clk_in1_p
    AD12                 IBUFDS (Prop_ibufds_I_O)     0.906     0.906 r  pll_inst/inst/clkin1_ibufgds/O
                         net (fo=1, routed)           2.299     3.205    pll_inst/inst/clk_in1_pll_buf
    BUFGCTRL_X0Y3        BUFG (Prop_bufg_I_O)         0.093     3.298 r  pll_inst/inst/clkin1_bufg1/O
                         net (fo=1, routed)           1.959     5.257    pll_inst/inst/clk_in1_pll
    PLLE2_ADV_X1Y0       PLLE2_ADV (Prop_plle2_adv_CLKIN1_CLKOUT0)
                                                     -4.519     0.738 r  pll_inst/inst/plle2_adv_inst/CLKOUT0
                         net (fo=1, routed)           2.467     3.205    pll_inst/inst/clk_out1_pll
    BUFGCTRL_X0Y1        BUFG (Prop_bufg_I_O)         0.093     3.298 r  pll_inst/inst/clkout1_buf/O
                         net (fo=434, routed)         1.467     4.765    uart_inst/clk_out1
    SLICE_X9Y136         FDCE                                         r  uart_inst/rx_data_reg[7]/C
  -------------------------------------------------------------------    -------------------
    SLICE_X9Y136         FDCE (Prop_fdce_C_Q)         0.204     4.969 r  uart_inst/rx_data_reg[7]/Q
                         net (fo=74, routed)          1.324     6.292    uart_inst/Q[3]
    SLICE_X11Y138        LUT5 (Prop_lut5_I4_O)        0.131     6.423 r  uart_inst/status_buffer[0][6]_i_1/O
                         net (fo=134, routed)         0.989     7.412    twin_controller_inst/E[0]
    SLICE_X14Y140        FDCE                                         r  twin_controller_inst/status_buffer_reg[13][7]/CE
  -------------------------------------------------------------------    -------------------

                         (clock clk_out1_pll rise edge)
                                                     20.000    20.000 r  
    AD12                                              0.000    20.000 r  i_sys_clk_p (IN)
                         net (fo=0)                   0.000    20.000    pll_inst/inst/clk_in1_p
    AD12                 IBUFDS (Prop_ibufds_I_O)     0.803    20.803 r  pll_inst/inst/clkin1_ibufgds/O
                         net (fo=1, routed)           2.173    22.976    pll_inst/inst/clk_in1_pll_buf
    BUFGCTRL_X0Y3        BUFG (Prop_bufg_I_O)         0.083    23.059 r  pll_inst/inst/clkin1_bufg1/O
                         net (fo=1, routed)           1.796    24.855    pll_inst/inst/clk_in1_pll
    PLLE2_ADV_X1Y0       PLLE2_ADV (Prop_plle2_adv_CLKIN1_CLKOUT0)
                                                     -4.213    20.642 r  pll_inst/inst/plle2_adv_inst/CLKOUT0
                         net (fo=1, routed)           2.334    22.976    pll_inst/inst/clk_out1_pll
    BUFGCTRL_X0Y1        BUFG (Prop_bufg_I_O)         0.083    23.059 r  pll_inst/inst/clkout1_buf/O
                         net (fo=434, routed)         1.334    24.393    twin_controller_inst/CLK
    SLICE_X14Y140        FDCE                                         r  twin_controller_inst/status_buffer_reg[13][7]/C
                         clock pessimism              0.326    24.720    
                         clock uncertainty           -0.071    24.648    
    SLICE_X14Y140        FDCE (Setup_fdce_C_CE)      -0.271    24.377    twin_controller_inst/status_buffer_reg[13][7]
  -------------------------------------------------------------------
                         required time                         24.377    
                         arrival time                          -7.412    
  -------------------------------------------------------------------
                         slack                                 16.965    





Min Delay Paths
--------------------------------------------------------------------------------------
Slack (MET) :             0.102ns  (arrival time - required time)
  Source:                 twin_controller_inst/sw_reg[53]/C
                            (rising edge-triggered cell FDCE clocked by clk_out1_pll  {rise@0.000ns fall@10.000ns period=20.000ns})
  Destination:            twin_controller_inst/status_buffer_reg[12][5]/D
                            (rising edge-triggered cell FDCE clocked by clk_out1_pll  {rise@0.000ns fall@10.000ns period=20.000ns})
  Path Group:             clk_out1_pll
  Path Type:              Hold (Min at Fast Process Corner)
  Requirement:            0.000ns  (clk_out1_pll rise@0.000ns - clk_out1_pll rise@0.000ns)
  Data Path Delay:        0.172ns  (logic 0.100ns (58.284%)  route 0.072ns (41.716%))
  Logic Levels:           0  
  Clock Path Skew:        0.011ns (DCD - SCD - CPR)
    Destination Clock Delay (DCD):    2.513ns
    Source Clock Delay      (SCD):    2.136ns
    Clock Pessimism Removal (CPR):    0.365ns

    Location             Delay type                Incr(ns)  Path(ns)    Netlist Resource(s)
  -------------------------------------------------------------------    -------------------
                         (clock clk_out1_pll rise edge)
                                                      0.000     0.000 r  
    AD12                                              0.000     0.000 r  i_sys_clk_p (IN)
                         net (fo=0)                   0.000     0.000    pll_inst/inst/clk_in1_p
    AD12                 IBUFDS (Prop_ibufds_I_O)     0.388     0.388 r  pll_inst/inst/clkin1_ibufgds/O
                         net (fo=1, routed)           1.083     1.471    pll_inst/inst/clk_in1_pll_buf
    BUFGCTRL_X0Y3        BUFG (Prop_bufg_I_O)         0.026     1.497 r  pll_inst/inst/clkin1_bufg1/O
                         net (fo=1, routed)           0.767     2.264    pll_inst/inst/clk_in1_pll
    PLLE2_ADV_X1Y0       PLLE2_ADV (Prop_plle2_adv_CLKIN1_CLKOUT0)
                                                     -1.938     0.326 r  pll_inst/inst/plle2_adv_inst/CLKOUT0
                         net (fo=1, routed)           1.145     1.471    pll_inst/inst/clk_out1_pll
    BUFGCTRL_X0Y1        BUFG (Prop_bufg_I_O)         0.026     1.497 r  pll_inst/inst/clkout1_buf/O
                         net (fo=434, routed)         0.639     2.136    twin_controller_inst/CLK
    SLICE_X17Y137        FDCE                                         r  twin_controller_inst/sw_reg[53]/C
  -------------------------------------------------------------------    -------------------
    SLICE_X17Y137        FDCE (Prop_fdce_C_Q)         0.100     2.236 r  twin_controller_inst/sw_reg[53]/Q
                         net (fo=3, routed)           0.072     2.308    twin_controller_inst/sw_reg[63]_0[53]
    SLICE_X16Y137        FDCE                                         r  twin_controller_inst/status_buffer_reg[12][5]/D
  -------------------------------------------------------------------    -------------------

                         (clock clk_out1_pll rise edge)
                                                      0.000     0.000 r  
    AD12                                              0.000     0.000 r  i_sys_clk_p (IN)
                         net (fo=0)                   0.000     0.000    pll_inst/inst/clk_in1_p
    AD12                 IBUFDS (Prop_ibufds_I_O)     0.470     0.470 r  pll_inst/inst/clkin1_ibufgds/O
                         net (fo=1, routed)           1.154     1.624    pll_inst/inst/clk_in1_pll_buf
    BUFGCTRL_X0Y3        BUFG (Prop_bufg_I_O)         0.030     1.654 r  pll_inst/inst/clkin1_bufg1/O
                         net (fo=1, routed)           1.037     2.691    pll_inst/inst/clk_in1_pll
    PLLE2_ADV_X1Y0       PLLE2_ADV (Prop_plle2_adv_CLKIN1_CLKOUT0)
                                                     -2.283     0.408 r  pll_inst/inst/plle2_adv_inst/CLKOUT0
                         net (fo=1, routed)           1.216     1.624    pll_inst/inst/clk_out1_pll
    BUFGCTRL_X0Y1        BUFG (Prop_bufg_I_O)         0.030     1.654 r  pll_inst/inst/clkout1_buf/O
                         net (fo=434, routed)         0.859     2.513    twin_controller_inst/CLK
    SLICE_X16Y137        FDCE                                         r  twin_controller_inst/status_buffer_reg[12][5]/C
                         clock pessimism             -0.365     2.147    
    SLICE_X16Y137        FDCE (Hold_fdce_C_D)         0.059     2.206    twin_controller_inst/status_buffer_reg[12][5]
  -------------------------------------------------------------------
                         required time                         -2.206    
                         arrival time                           2.308    
  -------------------------------------------------------------------
                         slack                                  0.102    

Slack (MET) :             0.103ns  (arrival time - required time)
  Source:                 twin_controller_inst/sw_reg[36]/C
                            (rising edge-triggered cell FDCE clocked by clk_out1_pll  {rise@0.000ns fall@10.000ns period=20.000ns})
  Destination:            twin_controller_inst/status_buffer_reg[10][4]/D
                            (rising edge-triggered cell FDCE clocked by clk_out1_pll  {rise@0.000ns fall@10.000ns period=20.000ns})
  Path Group:             clk_out1_pll
  Path Type:              Hold (Min at Fast Process Corner)
  Requirement:            0.000ns  (clk_out1_pll rise@0.000ns - clk_out1_pll rise@0.000ns)
  Data Path Delay:        0.173ns  (logic 0.100ns (57.828%)  route 0.073ns (42.172%))
  Logic Levels:           0  
  Clock Path Skew:        0.011ns (DCD - SCD - CPR)
    Destination Clock Delay (DCD):    2.516ns
    Source Clock Delay      (SCD):    2.139ns
    Clock Pessimism Removal (CPR):    0.365ns

    Location             Delay type                Incr(ns)  Path(ns)    Netlist Resource(s)
  -------------------------------------------------------------------    -------------------
                         (clock clk_out1_pll rise edge)
                                                      0.000     0.000 r  
    AD12                                              0.000     0.000 r  i_sys_clk_p (IN)
                         net (fo=0)                   0.000     0.000    pll_inst/inst/clk_in1_p
    AD12                 IBUFDS (Prop_ibufds_I_O)     0.388     0.388 r  pll_inst/inst/clkin1_ibufgds/O
                         net (fo=1, routed)           1.083     1.471    pll_inst/inst/clk_in1_pll_buf
    BUFGCTRL_X0Y3        BUFG (Prop_bufg_I_O)         0.026     1.497 r  pll_inst/inst/clkin1_bufg1/O
                         net (fo=1, routed)           0.767     2.264    pll_inst/inst/clk_in1_pll
    PLLE2_ADV_X1Y0       PLLE2_ADV (Prop_plle2_adv_CLKIN1_CLKOUT0)
                                                     -1.938     0.326 r  pll_inst/inst/plle2_adv_inst/CLKOUT0
                         net (fo=1, routed)           1.145     1.471    pll_inst/inst/clk_out1_pll
    BUFGCTRL_X0Y1        BUFG (Prop_bufg_I_O)         0.026     1.497 r  pll_inst/inst/clkout1_buf/O
                         net (fo=434, routed)         0.642     2.139    twin_controller_inst/CLK
    SLICE_X15Y140        FDCE                                         r  twin_controller_inst/sw_reg[36]/C
  -------------------------------------------------------------------    -------------------
    SLICE_X15Y140        FDCE (Prop_fdce_C_Q)         0.100     2.239 r  twin_controller_inst/sw_reg[36]/Q
                         net (fo=3, routed)           0.073     2.312    twin_controller_inst/sw_reg[63]_0[36]
    SLICE_X14Y140        FDCE                                         r  twin_controller_inst/status_buffer_reg[10][4]/D
  -------------------------------------------------------------------    -------------------

                         (clock clk_out1_pll rise edge)
                                                      0.000     0.000 r  
    AD12                                              0.000     0.000 r  i_sys_clk_p (IN)
                         net (fo=0)                   0.000     0.000    pll_inst/inst/clk_in1_p
    AD12                 IBUFDS (Prop_ibufds_I_O)     0.470     0.470 r  pll_inst/inst/clkin1_ibufgds/O
                         net (fo=1, routed)           1.154     1.624    pll_inst/inst/clk_in1_pll_buf
    BUFGCTRL_X0Y3        BUFG (Prop_bufg_I_O)         0.030     1.654 r  pll_inst/inst/clkin1_bufg1/O
                         net (fo=1, routed)           1.037     2.691    pll_inst/inst/clk_in1_pll
    PLLE2_ADV_X1Y0       PLLE2_ADV (Prop_plle2_adv_CLKIN1_CLKOUT0)
                                                     -2.283     0.408 r  pll_inst/inst/plle2_adv_inst/CLKOUT0
                         net (fo=1, routed)           1.216     1.624    pll_inst/inst/clk_out1_pll
    BUFGCTRL_X0Y1        BUFG (Prop_bufg_I_O)         0.030     1.654 r  pll_inst/inst/clkout1_buf/O
                         net (fo=434, routed)         0.862     2.516    twin_controller_inst/CLK
    SLICE_X14Y140        FDCE                                         r  twin_controller_inst/status_buffer_reg[10][4]/C
                         clock pessimism             -0.365     2.150    
    SLICE_X14Y140        FDCE (Hold_fdce_C_D)         0.059     2.209    twin_controller_inst/status_buffer_reg[10][4]
  -------------------------------------------------------------------
                         required time                         -2.209    
                         arrival time                           2.312    
  -------------------------------------------------------------------
                         slack                                  0.103    

Slack (MET) :             0.111ns  (arrival time - required time)
  Source:                 uart_inst/tx_shift_reg[1]/C
                            (rising edge-triggered cell FDPE clocked by clk_out1_pll  {rise@0.000ns fall@10.000ns period=20.000ns})
  Destination:            uart_inst/tx_shift_reg[0]/D
                            (rising edge-triggered cell FDPE clocked by clk_out1_pll  {rise@0.000ns fall@10.000ns period=20.000ns})
  Path Group:             clk_out1_pll
  Path Type:              Hold (Min at Fast Process Corner)
  Requirement:            0.000ns  (clk_out1_pll rise@0.000ns - clk_out1_pll rise@0.000ns)
  Data Path Delay:        0.209ns  (logic 0.128ns (61.382%)  route 0.081ns (38.618%))
  Logic Levels:           1  (LUT2=1)
  Clock Path Skew:        0.011ns (DCD - SCD - CPR)
    Destination Clock Delay (DCD):    2.517ns
    Source Clock Delay      (SCD):    2.139ns
    Clock Pessimism Removal (CPR):    0.366ns

    Location             Delay type                Incr(ns)  Path(ns)    Netlist Resource(s)
  -------------------------------------------------------------------    -------------------
                         (clock clk_out1_pll rise edge)
                                                      0.000     0.000 r  
    AD12                                              0.000     0.000 r  i_sys_clk_p (IN)
                         net (fo=0)                   0.000     0.000    pll_inst/inst/clk_in1_p
    AD12                 IBUFDS (Prop_ibufds_I_O)     0.388     0.388 r  pll_inst/inst/clkin1_ibufgds/O
                         net (fo=1, routed)           1.083     1.471    pll_inst/inst/clk_in1_pll_buf
    BUFGCTRL_X0Y3        BUFG (Prop_bufg_I_O)         0.026     1.497 r  pll_inst/inst/clkin1_bufg1/O
                         net (fo=1, routed)           0.767     2.264    pll_inst/inst/clk_in1_pll
    PLLE2_ADV_X1Y0       PLLE2_ADV (Prop_plle2_adv_CLKIN1_CLKOUT0)
                                                     -1.938     0.326 r  pll_inst/inst/plle2_adv_inst/CLKOUT0
                         net (fo=1, routed)           1.145     1.471    pll_inst/inst/clk_out1_pll
    BUFGCTRL_X0Y1        BUFG (Prop_bufg_I_O)         0.026     1.497 r  pll_inst/inst/clkout1_buf/O
                         net (fo=434, routed)         0.642     2.139    uart_inst/clk_out1
    SLICE_X9Y141         FDPE                                         r  uart_inst/tx_shift_reg[1]/C
  -------------------------------------------------------------------    -------------------
    SLICE_X9Y141         FDPE (Prop_fdpe_C_Q)         0.100     2.239 r  uart_inst/tx_shift_reg[1]/Q
                         net (fo=1, routed)           0.081     2.320    uart_inst/tx_shift_reg_n_0_[1]
    SLICE_X8Y141         LUT2 (Prop_lut2_I1_O)        0.028     2.348 r  uart_inst/tx_shift[0]_i_1/O
                         net (fo=1, routed)           0.000     2.348    uart_inst/tx_shift0_in[0]
    SLICE_X8Y141         FDPE                                         r  uart_inst/tx_shift_reg[0]/D
  -------------------------------------------------------------------    -------------------

                         (clock clk_out1_pll rise edge)
                                                      0.000     0.000 r  
    AD12                                              0.000     0.000 r  i_sys_clk_p (IN)
                         net (fo=0)                   0.000     0.000    pll_inst/inst/clk_in1_p
    AD12                 IBUFDS (Prop_ibufds_I_O)     0.470     0.470 r  pll_inst/inst/clkin1_ibufgds/O
                         net (fo=1, routed)           1.154     1.624    pll_inst/inst/clk_in1_pll_buf
    BUFGCTRL_X0Y3        BUFG (Prop_bufg_I_O)         0.030     1.654 r  pll_inst/inst/clkin1_bufg1/O
                         net (fo=1, routed)           1.037     2.691    pll_inst/inst/clk_in1_pll
    PLLE2_ADV_X1Y0       PLLE2_ADV (Prop_plle2_adv_CLKIN1_CLKOUT0)
                                                     -2.283     0.408 r  pll_inst/inst/plle2_adv_inst/CLKOUT0
                         net (fo=1, routed)           1.216     1.624    pll_inst/inst/clk_out1_pll
    BUFGCTRL_X0Y1        BUFG (Prop_bufg_I_O)         0.030     1.654 r  pll_inst/inst/clkout1_buf/O
                         net (fo=434, routed)         0.863     2.517    uart_inst/clk_out1
    SLICE_X8Y141         FDPE                                         r  uart_inst/tx_shift_reg[0]/C
                         clock pessimism             -0.366     2.150    
    SLICE_X8Y141         FDPE (Hold_fdpe_C_D)         0.087     2.237    uart_inst/tx_shift_reg[0]
  -------------------------------------------------------------------
                         required time                         -2.237    
                         arrival time                           2.348    
  -------------------------------------------------------------------
                         slack                                  0.111    

Slack (MET) :             0.127ns  (arrival time - required time)
  Source:                 twin_controller_inst/status_buffer_reg[16][0]/C
                            (rising edge-triggered cell FDCE clocked by clk_out1_pll  {rise@0.000ns fall@10.000ns period=20.000ns})
  Destination:            twin_controller_inst/tx_data_reg[0]/D
                            (rising edge-triggered cell FDCE clocked by clk_out1_pll  {rise@0.000ns fall@10.000ns period=20.000ns})
  Path Group:             clk_out1_pll
  Path Type:              Hold (Min at Fast Process Corner)
  Requirement:            0.000ns  (clk_out1_pll rise@0.000ns - clk_out1_pll rise@0.000ns)
  Data Path Delay:        0.199ns  (logic 0.146ns (73.540%)  route 0.053ns (26.459%))
  Logic Levels:           1  (LUT5=1)
  Clock Path Skew:        0.011ns (DCD - SCD - CPR)
    Destination Clock Delay (DCD):    2.517ns
    Source Clock Delay      (SCD):    2.139ns
    Clock Pessimism Removal (CPR):    0.366ns

    Location             Delay type                Incr(ns)  Path(ns)    Netlist Resource(s)
  -------------------------------------------------------------------    -------------------
                         (clock clk_out1_pll rise edge)
                                                      0.000     0.000 r  
    AD12                                              0.000     0.000 r  i_sys_clk_p (IN)
                         net (fo=0)                   0.000     0.000    pll_inst/inst/clk_in1_p
    AD12                 IBUFDS (Prop_ibufds_I_O)     0.388     0.388 r  pll_inst/inst/clkin1_ibufgds/O
                         net (fo=1, routed)           1.083     1.471    pll_inst/inst/clk_in1_pll_buf
    BUFGCTRL_X0Y3        BUFG (Prop_bufg_I_O)         0.026     1.497 r  pll_inst/inst/clkin1_bufg1/O
                         net (fo=1, routed)           0.767     2.264    pll_inst/inst/clk_in1_pll
    PLLE2_ADV_X1Y0       PLLE2_ADV (Prop_plle2_adv_CLKIN1_CLKOUT0)
                                                     -1.938     0.326 r  pll_inst/inst/plle2_adv_inst/CLKOUT0
                         net (fo=1, routed)           1.145     1.471    pll_inst/inst/clk_out1_pll
    BUFGCTRL_X0Y1        BUFG (Prop_bufg_I_O)         0.026     1.497 r  pll_inst/inst/clkout1_buf/O
                         net (fo=434, routed)         0.642     2.139    twin_controller_inst/CLK
    SLICE_X10Y142        FDCE                                         r  twin_controller_inst/status_buffer_reg[16][0]/C
  -------------------------------------------------------------------    -------------------
    SLICE_X10Y142        FDCE (Prop_fdce_C_Q)         0.118     2.257 r  twin_controller_inst/status_buffer_reg[16][0]/Q
                         net (fo=1, routed)           0.053     2.310    twin_controller_inst/status_buffer_reg[16][0]
    SLICE_X11Y142        LUT5 (Prop_lut5_I2_O)        0.028     2.338 r  twin_controller_inst/tx_data[0]_i_1/O
                         net (fo=1, routed)           0.000     2.338    twin_controller_inst/status_buffer[0]
    SLICE_X11Y142        FDCE                                         r  twin_controller_inst/tx_data_reg[0]/D
  -------------------------------------------------------------------    -------------------

                         (clock clk_out1_pll rise edge)
                                                      0.000     0.000 r  
    AD12                                              0.000     0.000 r  i_sys_clk_p (IN)
                         net (fo=0)                   0.000     0.000    pll_inst/inst/clk_in1_p
    AD12                 IBUFDS (Prop_ibufds_I_O)     0.470     0.470 r  pll_inst/inst/clkin1_ibufgds/O
                         net (fo=1, routed)           1.154     1.624    pll_inst/inst/clk_in1_pll_buf
    BUFGCTRL_X0Y3        BUFG (Prop_bufg_I_O)         0.030     1.654 r  pll_inst/inst/clkin1_bufg1/O
                         net (fo=1, routed)           1.037     2.691    pll_inst/inst/clk_in1_pll
    PLLE2_ADV_X1Y0       PLLE2_ADV (Prop_plle2_adv_CLKIN1_CLKOUT0)
                                                     -2.283     0.408 r  pll_inst/inst/plle2_adv_inst/CLKOUT0
                         net (fo=1, routed)           1.216     1.624    pll_inst/inst/clk_out1_pll
    BUFGCTRL_X0Y1        BUFG (Prop_bufg_I_O)         0.030     1.654 r  pll_inst/inst/clkout1_buf/O
                         net (fo=434, routed)         0.863     2.517    twin_controller_inst/CLK
    SLICE_X11Y142        FDCE                                         r  twin_controller_inst/tx_data_reg[0]/C
                         clock pessimism             -0.366     2.150    
    SLICE_X11Y142        FDCE (Hold_fdce_C_D)         0.061     2.211    twin_controller_inst/tx_data_reg[0]
  -------------------------------------------------------------------
                         required time                         -2.211    
                         arrival time                           2.338    
  -------------------------------------------------------------------
                         slack                                  0.127    

Slack (MET) :             0.137ns  (arrival time - required time)
  Source:                 twin_controller_inst/current_state_reg[0]/C
                            (rising edge-triggered cell FDCE clocked by clk_out1_pll  {rise@0.000ns fall@10.000ns period=20.000ns})
  Destination:            twin_controller_inst/tx_start_reg/D
                            (rising edge-triggered cell FDCE clocked by clk_out1_pll  {rise@0.000ns fall@10.000ns period=20.000ns})
  Path Group:             clk_out1_pll
  Path Type:              Hold (Min at Fast Process Corner)
  Requirement:            0.000ns  (clk_out1_pll rise@0.000ns - clk_out1_pll rise@0.000ns)
  Data Path Delay:        0.232ns  (logic 0.132ns (56.980%)  route 0.100ns (43.020%))
  Logic Levels:           1  (LUT2=1)
  Clock Path Skew:        0.011ns (DCD - SCD - CPR)
    Destination Clock Delay (DCD):    2.516ns
    Source Clock Delay      (SCD):    2.138ns
    Clock Pessimism Removal (CPR):    0.366ns

    Location             Delay type                Incr(ns)  Path(ns)    Netlist Resource(s)
  -------------------------------------------------------------------    -------------------
                         (clock clk_out1_pll rise edge)
                                                      0.000     0.000 r  
    AD12                                              0.000     0.000 r  i_sys_clk_p (IN)
                         net (fo=0)                   0.000     0.000    pll_inst/inst/clk_in1_p
    AD12                 IBUFDS (Prop_ibufds_I_O)     0.388     0.388 r  pll_inst/inst/clkin1_ibufgds/O
                         net (fo=1, routed)           1.083     1.471    pll_inst/inst/clk_in1_pll_buf
    BUFGCTRL_X0Y3        BUFG (Prop_bufg_I_O)         0.026     1.497 r  pll_inst/inst/clkin1_bufg1/O
                         net (fo=1, routed)           0.767     2.264    pll_inst/inst/clk_in1_pll
    PLLE2_ADV_X1Y0       PLLE2_ADV (Prop_plle2_adv_CLKIN1_CLKOUT0)
                                                     -1.938     0.326 r  pll_inst/inst/plle2_adv_inst/CLKOUT0
                         net (fo=1, routed)           1.145     1.471    pll_inst/inst/clk_out1_pll
    BUFGCTRL_X0Y1        BUFG (Prop_bufg_I_O)         0.026     1.497 r  pll_inst/inst/clkout1_buf/O
                         net (fo=434, routed)         0.641     2.138    twin_controller_inst/CLK
    SLICE_X9Y138         FDCE                                         r  twin_controller_inst/current_state_reg[0]/C
  -------------------------------------------------------------------    -------------------
    SLICE_X9Y138         FDCE (Prop_fdce_C_Q)         0.100     2.238 r  twin_controller_inst/current_state_reg[0]/Q
                         net (fo=9, routed)           0.100     2.338    twin_controller_inst/current_state[0]
    SLICE_X8Y138         LUT2 (Prop_lut2_I0_O)        0.032     2.370 r  twin_controller_inst/tx_start_i_1/O
                         net (fo=10, routed)          0.000     2.370    twin_controller_inst/tx_start_next
    SLICE_X8Y138         FDCE                                         r  twin_controller_inst/tx_start_reg/D
  -------------------------------------------------------------------    -------------------

                         (clock clk_out1_pll rise edge)
                                                      0.000     0.000 r  
    AD12                                              0.000     0.000 r  i_sys_clk_p (IN)
                         net (fo=0)                   0.000     0.000    pll_inst/inst/clk_in1_p
    AD12                 IBUFDS (Prop_ibufds_I_O)     0.470     0.470 r  pll_inst/inst/clkin1_ibufgds/O
                         net (fo=1, routed)           1.154     1.624    pll_inst/inst/clk_in1_pll_buf
    BUFGCTRL_X0Y3        BUFG (Prop_bufg_I_O)         0.030     1.654 r  pll_inst/inst/clkin1_bufg1/O
                         net (fo=1, routed)           1.037     2.691    pll_inst/inst/clk_in1_pll
    PLLE2_ADV_X1Y0       PLLE2_ADV (Prop_plle2_adv_CLKIN1_CLKOUT0)
                                                     -2.283     0.408 r  pll_inst/inst/plle2_adv_inst/CLKOUT0
                         net (fo=1, routed)           1.216     1.624    pll_inst/inst/clk_out1_pll
    BUFGCTRL_X0Y1        BUFG (Prop_bufg_I_O)         0.030     1.654 r  pll_inst/inst/clkout1_buf/O
                         net (fo=434, routed)         0.862     2.516    twin_controller_inst/CLK
    SLICE_X8Y138         FDCE                                         r  twin_controller_inst/tx_start_reg/C
                         clock pessimism             -0.366     2.149    
    SLICE_X8Y138         FDCE (Hold_fdce_C_D)         0.084     2.233    twin_controller_inst/tx_start_reg
  -------------------------------------------------------------------
                         required time                         -2.233    
                         arrival time                           2.370    
  -------------------------------------------------------------------
                         slack                                  0.137    

Slack (MET) :             0.140ns  (arrival time - required time)
  Source:                 twin_controller_inst/sw_reg[18]/C
                            (rising edge-triggered cell FDCE clocked by clk_out1_pll  {rise@0.000ns fall@10.000ns period=20.000ns})
  Destination:            twin_controller_inst/status_buffer_reg[8][2]/D
                            (rising edge-triggered cell FDCE clocked by clk_out1_pll  {rise@0.000ns fall@10.000ns period=20.000ns})
  Path Group:             clk_out1_pll
  Path Type:              Hold (Min at Fast Process Corner)
  Requirement:            0.000ns  (clk_out1_pll rise@0.000ns - clk_out1_pll rise@0.000ns)
  Data Path Delay:        0.222ns  (logic 0.100ns (45.056%)  route 0.122ns (54.944%))
  Logic Levels:           0  
  Clock Path Skew:        0.033ns (DCD - SCD - CPR)
    Destination Clock Delay (DCD):    2.515ns
    Source Clock Delay      (SCD):    2.137ns
    Clock Pessimism Removal (CPR):    0.344ns

    Location             Delay type                Incr(ns)  Path(ns)    Netlist Resource(s)
  -------------------------------------------------------------------    -------------------
                         (clock clk_out1_pll rise edge)
                                                      0.000     0.000 r  
    AD12                                              0.000     0.000 r  i_sys_clk_p (IN)
                         net (fo=0)                   0.000     0.000    pll_inst/inst/clk_in1_p
    AD12                 IBUFDS (Prop_ibufds_I_O)     0.388     0.388 r  pll_inst/inst/clkin1_ibufgds/O
                         net (fo=1, routed)           1.083     1.471    pll_inst/inst/clk_in1_pll_buf
    BUFGCTRL_X0Y3        BUFG (Prop_bufg_I_O)         0.026     1.497 r  pll_inst/inst/clkin1_bufg1/O
                         net (fo=1, routed)           0.767     2.264    pll_inst/inst/clk_in1_pll
    PLLE2_ADV_X1Y0       PLLE2_ADV (Prop_plle2_adv_CLKIN1_CLKOUT0)
                                                     -1.938     0.326 r  pll_inst/inst/plle2_adv_inst/CLKOUT0
                         net (fo=1, routed)           1.145     1.471    pll_inst/inst/clk_out1_pll
    BUFGCTRL_X0Y1        BUFG (Prop_bufg_I_O)         0.026     1.497 r  pll_inst/inst/clkout1_buf/O
                         net (fo=434, routed)         0.640     2.137    twin_controller_inst/CLK
    SLICE_X17Y138        FDCE                                         r  twin_controller_inst/sw_reg[18]/C
  -------------------------------------------------------------------    -------------------
    SLICE_X17Y138        FDCE (Prop_fdce_C_Q)         0.100     2.237 r  twin_controller_inst/sw_reg[18]/Q
                         net (fo=3, routed)           0.122     2.359    twin_controller_inst/sw_reg[63]_0[18]
    SLICE_X15Y138        FDCE                                         r  twin_controller_inst/status_buffer_reg[8][2]/D
  -------------------------------------------------------------------    -------------------

                         (clock clk_out1_pll rise edge)
                                                      0.000     0.000 r  
    AD12                                              0.000     0.000 r  i_sys_clk_p (IN)
                         net (fo=0)                   0.000     0.000    pll_inst/inst/clk_in1_p
    AD12                 IBUFDS (Prop_ibufds_I_O)     0.470     0.470 r  pll_inst/inst/clkin1_ibufgds/O
                         net (fo=1, routed)           1.154     1.624    pll_inst/inst/clk_in1_pll_buf
    BUFGCTRL_X0Y3        BUFG (Prop_bufg_I_O)         0.030     1.654 r  pll_inst/inst/clkin1_bufg1/O
                         net (fo=1, routed)           1.037     2.691    pll_inst/inst/clk_in1_pll
    PLLE2_ADV_X1Y0       PLLE2_ADV (Prop_plle2_adv_CLKIN1_CLKOUT0)
                                                     -2.283     0.408 r  pll_inst/inst/plle2_adv_inst/CLKOUT0
                         net (fo=1, routed)           1.216     1.624    pll_inst/inst/clk_out1_pll
    BUFGCTRL_X0Y1        BUFG (Prop_bufg_I_O)         0.030     1.654 r  pll_inst/inst/clkout1_buf/O
                         net (fo=434, routed)         0.861     2.515    twin_controller_inst/CLK
    SLICE_X15Y138        FDCE                                         r  twin_controller_inst/status_buffer_reg[8][2]/C
                         clock pessimism             -0.344     2.170    
    SLICE_X15Y138        FDCE (Hold_fdce_C_D)         0.049     2.219    twin_controller_inst/status_buffer_reg[8][2]
  -------------------------------------------------------------------
                         required time                         -2.219    
                         arrival time                           2.359    
  -------------------------------------------------------------------
                         slack                                  0.140    

Slack (MET) :             0.141ns  (arrival time - required time)
  Source:                 twin_controller_inst/key_reg[4]/C
                            (rising edge-triggered cell FDCE clocked by clk_out1_pll  {rise@0.000ns fall@10.000ns period=20.000ns})
  Destination:            twin_controller_inst/status_buffer_reg[5][4]/D
                            (rising edge-triggered cell FDCE clocked by clk_out1_pll  {rise@0.000ns fall@10.000ns period=20.000ns})
  Path Group:             clk_out1_pll
  Path Type:              Hold (Min at Fast Process Corner)
  Requirement:            0.000ns  (clk_out1_pll rise@0.000ns - clk_out1_pll rise@0.000ns)
  Data Path Delay:        0.215ns  (logic 0.100ns (46.486%)  route 0.115ns (53.514%))
  Logic Levels:           0  
  Clock Path Skew:        0.015ns (DCD - SCD - CPR)
    Destination Clock Delay (DCD):    2.515ns
    Source Clock Delay      (SCD):    2.137ns
    Clock Pessimism Removal (CPR):    0.362ns

    Location             Delay type                Incr(ns)  Path(ns)    Netlist Resource(s)
  -------------------------------------------------------------------    -------------------
                         (clock clk_out1_pll rise edge)
                                                      0.000     0.000 r  
    AD12                                              0.000     0.000 r  i_sys_clk_p (IN)
                         net (fo=0)                   0.000     0.000    pll_inst/inst/clk_in1_p
    AD12                 IBUFDS (Prop_ibufds_I_O)     0.388     0.388 r  pll_inst/inst/clkin1_ibufgds/O
                         net (fo=1, routed)           1.083     1.471    pll_inst/inst/clk_in1_pll_buf
    BUFGCTRL_X0Y3        BUFG (Prop_bufg_I_O)         0.026     1.497 r  pll_inst/inst/clkin1_bufg1/O
                         net (fo=1, routed)           0.767     2.264    pll_inst/inst/clk_in1_pll
    PLLE2_ADV_X1Y0       PLLE2_ADV (Prop_plle2_adv_CLKIN1_CLKOUT0)
                                                     -1.938     0.326 r  pll_inst/inst/plle2_adv_inst/CLKOUT0
                         net (fo=1, routed)           1.145     1.471    pll_inst/inst/clk_out1_pll
    BUFGCTRL_X0Y1        BUFG (Prop_bufg_I_O)         0.026     1.497 r  pll_inst/inst/clkout1_buf/O
                         net (fo=434, routed)         0.640     2.137    twin_controller_inst/CLK
    SLICE_X15Y137        FDCE                                         r  twin_controller_inst/key_reg[4]/C
  -------------------------------------------------------------------    -------------------
    SLICE_X15Y137        FDCE (Prop_fdce_C_Q)         0.100     2.237 r  twin_controller_inst/key_reg[4]/Q
                         net (fo=3, routed)           0.115     2.353    twin_controller_inst/D[4]
    SLICE_X14Y139        FDCE                                         r  twin_controller_inst/status_buffer_reg[5][4]/D
  -------------------------------------------------------------------    -------------------

                         (clock clk_out1_pll rise edge)
                                                      0.000     0.000 r  
    AD12                                              0.000     0.000 r  i_sys_clk_p (IN)
                         net (fo=0)                   0.000     0.000    pll_inst/inst/clk_in1_p
    AD12                 IBUFDS (Prop_ibufds_I_O)     0.470     0.470 r  pll_inst/inst/clkin1_ibufgds/O
                         net (fo=1, routed)           1.154     1.624    pll_inst/inst/clk_in1_pll_buf
    BUFGCTRL_X0Y3        BUFG (Prop_bufg_I_O)         0.030     1.654 r  pll_inst/inst/clkin1_bufg1/O
                         net (fo=1, routed)           1.037     2.691    pll_inst/inst/clk_in1_pll
    PLLE2_ADV_X1Y0       PLLE2_ADV (Prop_plle2_adv_CLKIN1_CLKOUT0)
                                                     -2.283     0.408 r  pll_inst/inst/plle2_adv_inst/CLKOUT0
                         net (fo=1, routed)           1.216     1.624    pll_inst/inst/clk_out1_pll
    BUFGCTRL_X0Y1        BUFG (Prop_bufg_I_O)         0.030     1.654 r  pll_inst/inst/clkout1_buf/O
                         net (fo=434, routed)         0.861     2.515    twin_controller_inst/CLK
    SLICE_X14Y139        FDCE                                         r  twin_controller_inst/status_buffer_reg[5][4]/C
                         clock pessimism             -0.362     2.152    
    SLICE_X14Y139        FDCE (Hold_fdce_C_D)         0.059     2.211    twin_controller_inst/status_buffer_reg[5][4]
  -------------------------------------------------------------------
                         required time                         -2.211    
                         arrival time                           2.353    
  -------------------------------------------------------------------
                         slack                                  0.141    

Slack (MET) :             0.143ns  (arrival time - required time)
  Source:                 twin_controller_inst/sw_reg[60]/C
                            (rising edge-triggered cell FDCE clocked by clk_out1_pll  {rise@0.000ns fall@10.000ns period=20.000ns})
  Destination:            twin_controller_inst/status_buffer_reg[13][4]/D
                            (rising edge-triggered cell FDCE clocked by clk_out1_pll  {rise@0.000ns fall@10.000ns period=20.000ns})
  Path Group:             clk_out1_pll
  Path Type:              Hold (Min at Fast Process Corner)
  Requirement:            0.000ns  (clk_out1_pll rise@0.000ns - clk_out1_pll rise@0.000ns)
  Data Path Delay:        0.235ns  (logic 0.118ns (50.193%)  route 0.117ns (49.807%))
  Logic Levels:           0  
  Clock Path Skew:        0.033ns (DCD - SCD - CPR)
    Destination Clock Delay (DCD):    2.516ns
    Source Clock Delay      (SCD):    2.138ns
    Clock Pessimism Removal (CPR):    0.344ns

    Location             Delay type                Incr(ns)  Path(ns)    Netlist Resource(s)
  -------------------------------------------------------------------    -------------------
                         (clock clk_out1_pll rise edge)
                                                      0.000     0.000 r  
    AD12                                              0.000     0.000 r  i_sys_clk_p (IN)
                         net (fo=0)                   0.000     0.000    pll_inst/inst/clk_in1_p
    AD12                 IBUFDS (Prop_ibufds_I_O)     0.388     0.388 r  pll_inst/inst/clkin1_ibufgds/O
                         net (fo=1, routed)           1.083     1.471    pll_inst/inst/clk_in1_pll_buf
    BUFGCTRL_X0Y3        BUFG (Prop_bufg_I_O)         0.026     1.497 r  pll_inst/inst/clkin1_bufg1/O
                         net (fo=1, routed)           0.767     2.264    pll_inst/inst/clk_in1_pll
    PLLE2_ADV_X1Y0       PLLE2_ADV (Prop_plle2_adv_CLKIN1_CLKOUT0)
                                                     -1.938     0.326 r  pll_inst/inst/plle2_adv_inst/CLKOUT0
                         net (fo=1, routed)           1.145     1.471    pll_inst/inst/clk_out1_pll
    BUFGCTRL_X0Y1        BUFG (Prop_bufg_I_O)         0.026     1.497 r  pll_inst/inst/clkout1_buf/O
                         net (fo=434, routed)         0.641     2.138    twin_controller_inst/CLK
    SLICE_X16Y140        FDCE                                         r  twin_controller_inst/sw_reg[60]/C
  -------------------------------------------------------------------    -------------------
    SLICE_X16Y140        FDCE (Prop_fdce_C_Q)         0.118     2.256 r  twin_controller_inst/sw_reg[60]/Q
                         net (fo=3, routed)           0.117     2.374    twin_controller_inst/sw_reg[63]_0[60]
    SLICE_X14Y140        FDCE                                         r  twin_controller_inst/status_buffer_reg[13][4]/D
  -------------------------------------------------------------------    -------------------

                         (clock clk_out1_pll rise edge)
                                                      0.000     0.000 r  
    AD12                                              0.000     0.000 r  i_sys_clk_p (IN)
                         net (fo=0)                   0.000     0.000    pll_inst/inst/clk_in1_p
    AD12                 IBUFDS (Prop_ibufds_I_O)     0.470     0.470 r  pll_inst/inst/clkin1_ibufgds/O
                         net (fo=1, routed)           1.154     1.624    pll_inst/inst/clk_in1_pll_buf
    BUFGCTRL_X0Y3        BUFG (Prop_bufg_I_O)         0.030     1.654 r  pll_inst/inst/clkin1_bufg1/O
                         net (fo=1, routed)           1.037     2.691    pll_inst/inst/clk_in1_pll
    PLLE2_ADV_X1Y0       PLLE2_ADV (Prop_plle2_adv_CLKIN1_CLKOUT0)
                                                     -2.283     0.408 r  pll_inst/inst/plle2_adv_inst/CLKOUT0
                         net (fo=1, routed)           1.216     1.624    pll_inst/inst/clk_out1_pll
    BUFGCTRL_X0Y1        BUFG (Prop_bufg_I_O)         0.030     1.654 r  pll_inst/inst/clkout1_buf/O
                         net (fo=434, routed)         0.862     2.516    twin_controller_inst/CLK
    SLICE_X14Y140        FDCE                                         r  twin_controller_inst/status_buffer_reg[13][4]/C
                         clock pessimism             -0.344     2.171    
    SLICE_X14Y140        FDCE (Hold_fdce_C_D)         0.059     2.230    twin_controller_inst/status_buffer_reg[13][4]
  -------------------------------------------------------------------
                         required time                         -2.230    
                         arrival time                           2.374    
  -------------------------------------------------------------------
                         slack                                  0.143    

Slack (MET) :             0.143ns  (arrival time - required time)
  Source:                 twin_controller_inst/sw_reg[37]/C
                            (rising edge-triggered cell FDCE clocked by clk_out1_pll  {rise@0.000ns fall@10.000ns period=20.000ns})
  Destination:            twin_controller_inst/status_buffer_reg[10][5]/D
                            (rising edge-triggered cell FDCE clocked by clk_out1_pll  {rise@0.000ns fall@10.000ns period=20.000ns})
  Path Group:             clk_out1_pll
  Path Type:              Hold (Min at Fast Process Corner)
  Requirement:            0.000ns  (clk_out1_pll rise@0.000ns - clk_out1_pll rise@0.000ns)
  Data Path Delay:        0.235ns  (logic 0.118ns (50.193%)  route 0.117ns (49.807%))
  Logic Levels:           0  
  Clock Path Skew:        0.033ns (DCD - SCD - CPR)
    Destination Clock Delay (DCD):    2.515ns
    Source Clock Delay      (SCD):    2.137ns
    Clock Pessimism Removal (CPR):    0.344ns

    Location             Delay type                Incr(ns)  Path(ns)    Netlist Resource(s)
  -------------------------------------------------------------------    -------------------
                         (clock clk_out1_pll rise edge)
                                                      0.000     0.000 r  
    AD12                                              0.000     0.000 r  i_sys_clk_p (IN)
                         net (fo=0)                   0.000     0.000    pll_inst/inst/clk_in1_p
    AD12                 IBUFDS (Prop_ibufds_I_O)     0.388     0.388 r  pll_inst/inst/clkin1_ibufgds/O
                         net (fo=1, routed)           1.083     1.471    pll_inst/inst/clk_in1_pll_buf
    BUFGCTRL_X0Y3        BUFG (Prop_bufg_I_O)         0.026     1.497 r  pll_inst/inst/clkin1_bufg1/O
                         net (fo=1, routed)           0.767     2.264    pll_inst/inst/clk_in1_pll
    PLLE2_ADV_X1Y0       PLLE2_ADV (Prop_plle2_adv_CLKIN1_CLKOUT0)
                                                     -1.938     0.326 r  pll_inst/inst/plle2_adv_inst/CLKOUT0
                         net (fo=1, routed)           1.145     1.471    pll_inst/inst/clk_out1_pll
    BUFGCTRL_X0Y1        BUFG (Prop_bufg_I_O)         0.026     1.497 r  pll_inst/inst/clkout1_buf/O
                         net (fo=434, routed)         0.640     2.137    twin_controller_inst/CLK
    SLICE_X16Y138        FDCE                                         r  twin_controller_inst/sw_reg[37]/C
  -------------------------------------------------------------------    -------------------
    SLICE_X16Y138        FDCE (Prop_fdce_C_Q)         0.118     2.255 r  twin_controller_inst/sw_reg[37]/Q
                         net (fo=3, routed)           0.117     2.373    twin_controller_inst/sw_reg[63]_0[37]
    SLICE_X14Y138        FDCE                                         r  twin_controller_inst/status_buffer_reg[10][5]/D
  -------------------------------------------------------------------    -------------------

                         (clock clk_out1_pll rise edge)
                                                      0.000     0.000 r  
    AD12                                              0.000     0.000 r  i_sys_clk_p (IN)
                         net (fo=0)                   0.000     0.000    pll_inst/inst/clk_in1_p
    AD12                 IBUFDS (Prop_ibufds_I_O)     0.470     0.470 r  pll_inst/inst/clkin1_ibufgds/O
                         net (fo=1, routed)           1.154     1.624    pll_inst/inst/clk_in1_pll_buf
    BUFGCTRL_X0Y3        BUFG (Prop_bufg_I_O)         0.030     1.654 r  pll_inst/inst/clkin1_bufg1/O
                         net (fo=1, routed)           1.037     2.691    pll_inst/inst/clk_in1_pll
    PLLE2_ADV_X1Y0       PLLE2_ADV (Prop_plle2_adv_CLKIN1_CLKOUT0)
                                                     -2.283     0.408 r  pll_inst/inst/plle2_adv_inst/CLKOUT0
                         net (fo=1, routed)           1.216     1.624    pll_inst/inst/clk_out1_pll
    BUFGCTRL_X0Y1        BUFG (Prop_bufg_I_O)         0.030     1.654 r  pll_inst/inst/clkout1_buf/O
                         net (fo=434, routed)         0.861     2.515    twin_controller_inst/CLK
    SLICE_X14Y138        FDCE                                         r  twin_controller_inst/status_buffer_reg[10][5]/C
                         clock pessimism             -0.344     2.170    
    SLICE_X14Y138        FDCE (Hold_fdce_C_D)         0.059     2.229    twin_controller_inst/status_buffer_reg[10][5]
  -------------------------------------------------------------------
                         required time                         -2.229    
                         arrival time                           2.373    
  -------------------------------------------------------------------
                         slack                                  0.143    

Slack (MET) :             0.146ns  (arrival time - required time)
  Source:                 twin_controller_inst/sw_reg[39]/C
                            (rising edge-triggered cell FDCE clocked by clk_out1_pll  {rise@0.000ns fall@10.000ns period=20.000ns})
  Destination:            twin_controller_inst/status_buffer_reg[10][7]/D
                            (rising edge-triggered cell FDCE clocked by clk_out1_pll  {rise@0.000ns fall@10.000ns period=20.000ns})
  Path Group:             clk_out1_pll
  Path Type:              Hold (Min at Fast Process Corner)
  Requirement:            0.000ns  (clk_out1_pll rise@0.000ns - clk_out1_pll rise@0.000ns)
  Data Path Delay:        0.238ns  (logic 0.118ns (49.620%)  route 0.120ns (50.380%))
  Logic Levels:           0  
  Clock Path Skew:        0.033ns (DCD - SCD - CPR)
    Destination Clock Delay (DCD):    2.516ns
    Source Clock Delay      (SCD):    2.138ns
    Clock Pessimism Removal (CPR):    0.344ns

    Location             Delay type                Incr(ns)  Path(ns)    Netlist Resource(s)
  -------------------------------------------------------------------    -------------------
                         (clock clk_out1_pll rise edge)
                                                      0.000     0.000 r  
    AD12                                              0.000     0.000 r  i_sys_clk_p (IN)
                         net (fo=0)                   0.000     0.000    pll_inst/inst/clk_in1_p
    AD12                 IBUFDS (Prop_ibufds_I_O)     0.388     0.388 r  pll_inst/inst/clkin1_ibufgds/O
                         net (fo=1, routed)           1.083     1.471    pll_inst/inst/clk_in1_pll_buf
    BUFGCTRL_X0Y3        BUFG (Prop_bufg_I_O)         0.026     1.497 r  pll_inst/inst/clkin1_bufg1/O
                         net (fo=1, routed)           0.767     2.264    pll_inst/inst/clk_in1_pll
    PLLE2_ADV_X1Y0       PLLE2_ADV (Prop_plle2_adv_CLKIN1_CLKOUT0)
                                                     -1.938     0.326 r  pll_inst/inst/plle2_adv_inst/CLKOUT0
                         net (fo=1, routed)           1.145     1.471    pll_inst/inst/clk_out1_pll
    BUFGCTRL_X0Y1        BUFG (Prop_bufg_I_O)         0.026     1.497 r  pll_inst/inst/clkout1_buf/O
                         net (fo=434, routed)         0.641     2.138    twin_controller_inst/CLK
    SLICE_X16Y140        FDCE                                         r  twin_controller_inst/sw_reg[39]/C
  -------------------------------------------------------------------    -------------------
    SLICE_X16Y140        FDCE (Prop_fdce_C_Q)         0.118     2.256 r  twin_controller_inst/sw_reg[39]/Q
                         net (fo=3, routed)           0.120     2.376    twin_controller_inst/sw_reg[63]_0[39]
    SLICE_X14Y140        FDCE                                         r  twin_controller_inst/status_buffer_reg[10][7]/D
  -------------------------------------------------------------------    -------------------

                         (clock clk_out1_pll rise edge)
                                                      0.000     0.000 r  
    AD12                                              0.000     0.000 r  i_sys_clk_p (IN)
                         net (fo=0)                   0.000     0.000    pll_inst/inst/clk_in1_p
    AD12                 IBUFDS (Prop_ibufds_I_O)     0.470     0.470 r  pll_inst/inst/clkin1_ibufgds/O
                         net (fo=1, routed)           1.154     1.624    pll_inst/inst/clk_in1_pll_buf
    BUFGCTRL_X0Y3        BUFG (Prop_bufg_I_O)         0.030     1.654 r  pll_inst/inst/clkin1_bufg1/O
                         net (fo=1, routed)           1.037     2.691    pll_inst/inst/clk_in1_pll
    PLLE2_ADV_X1Y0       PLLE2_ADV (Prop_plle2_adv_CLKIN1_CLKOUT0)
                                                     -2.283     0.408 r  pll_inst/inst/plle2_adv_inst/CLKOUT0
                         net (fo=1, routed)           1.216     1.624    pll_inst/inst/clk_out1_pll
    BUFGCTRL_X0Y1        BUFG (Prop_bufg_I_O)         0.030     1.654 r  pll_inst/inst/clkout1_buf/O
                         net (fo=434, routed)         0.862     2.516    twin_controller_inst/CLK
    SLICE_X14Y140        FDCE                                         r  twin_controller_inst/status_buffer_reg[10][7]/C
                         clock pessimism             -0.344     2.171    
    SLICE_X14Y140        FDCE (Hold_fdce_C_D)         0.059     2.230    twin_controller_inst/status_buffer_reg[10][7]
  -------------------------------------------------------------------
                         required time                         -2.230    
                         arrival time                           2.376    
  -------------------------------------------------------------------
                         slack                                  0.146    





Pulse Width Checks
--------------------------------------------------------------------------------------
Clock Name:         clk_out1_pll
Waveform(ns):       { 0.000 10.000 }
Period(ns):         20.000
Sources:            { pll_inst/inst/plle2_adv_inst/CLKOUT0 }

Check Type        Corner  Lib Pin            Reference Pin  Required(ns)  Actual(ns)  Slack(ns)  Location        Pin
Min Period        n/a     BUFG/I             n/a            1.408         20.000      18.591     BUFGCTRL_X0Y1   pll_inst/inst/clkout1_buf/I
Min Period        n/a     PLLE2_ADV/CLKOUT0  n/a            1.071         20.000      18.929     PLLE2_ADV_X1Y0  pll_inst/inst/plle2_adv_inst/CLKOUT0
Min Period        n/a     FDCE/C             n/a            0.750         20.000      19.250     SLICE_X15Y142   student_top_inst/bridge_inst/seg_req_sync_cnt_reg/C
Min Period        n/a     FDCE/C             n/a            0.750         20.000      19.250     SLICE_X15Y142   student_top_inst/bridge_inst/seg_req_sync_d_cnt_reg/C
Min Period        n/a     FDCE/C             n/a            0.750         20.000      19.250     SLICE_X18Y142   student_top_inst/bridge_inst/seg_wdata_cnt_reg[30]/C
Min Period        n/a     FDCE/C             n/a            0.750         20.000      19.250     SLICE_X19Y142   student_top_inst/bridge_inst/seg_wdata_cnt_reg[31]/C
Min Period        n/a     FDCE/C             n/a            0.750         20.000      19.250     SLICE_X20Y136   student_top_inst/bridge_inst/seg_wdata_cnt_reg[5]/C
Min Period        n/a     FDCE/C             n/a            0.750         20.000      19.250     SLICE_X20Y136   student_top_inst/bridge_inst/seg_wdata_cnt_reg[6]/C
Min Period        n/a     FDCE/C             n/a            0.750         20.000      19.250     SLICE_X21Y136   student_top_inst/bridge_inst/seg_wdata_cnt_reg[7]/C
Min Period        n/a     FDCE/C             n/a            0.750         20.000      19.250     SLICE_X20Y136   student_top_inst/bridge_inst/seg_wdata_cnt_reg[9]/C
Max Period        n/a     PLLE2_ADV/CLKOUT0  n/a            160.000       20.000      140.000    PLLE2_ADV_X1Y0  pll_inst/inst/plle2_adv_inst/CLKOUT0
Low Pulse Width   Slow    FDCE/C             n/a            0.400         10.000      9.600      SLICE_X15Y142   student_top_inst/bridge_inst/seg_req_sync_cnt_reg/C
Low Pulse Width   Fast    FDCE/C             n/a            0.400         10.000      9.600      SLICE_X15Y142   student_top_inst/bridge_inst/seg_req_sync_cnt_reg/C
Low Pulse Width   Slow    FDCE/C             n/a            0.400         10.000      9.600      SLICE_X15Y142   student_top_inst/bridge_inst/seg_req_sync_d_cnt_reg/C
Low Pulse Width   Fast    FDCE/C             n/a            0.400         10.000      9.600      SLICE_X15Y142   student_top_inst/bridge_inst/seg_req_sync_d_cnt_reg/C
Low Pulse Width   Slow    FDCE/C             n/a            0.400         10.000      9.600      SLICE_X18Y142   student_top_inst/bridge_inst/seg_wdata_cnt_reg[30]/C
Low Pulse Width   Fast    FDCE/C             n/a            0.400         10.000      9.600      SLICE_X18Y142   student_top_inst/bridge_inst/seg_wdata_cnt_reg[30]/C
Low Pulse Width   Slow    FDCE/C             n/a            0.400         10.000      9.600      SLICE_X19Y142   student_top_inst/bridge_inst/seg_wdata_cnt_reg[31]/C
Low Pulse Width   Fast    FDCE/C             n/a            0.400         10.000      9.600      SLICE_X19Y142   student_top_inst/bridge_inst/seg_wdata_cnt_reg[31]/C
Low Pulse Width   Slow    FDCE/C             n/a            0.400         10.000      9.600      SLICE_X20Y136   student_top_inst/bridge_inst/seg_wdata_cnt_reg[5]/C
Low Pulse Width   Fast    FDCE/C             n/a            0.400         10.000      9.600      SLICE_X20Y136   student_top_inst/bridge_inst/seg_wdata_cnt_reg[5]/C
High Pulse Width  Slow    FDCE/C             n/a            0.350         10.000      9.650      SLICE_X15Y144   student_top_inst/bridge_inst/LED_cnt_reg[0]/C
High Pulse Width  Fast    FDCE/C             n/a            0.350         10.000      9.650      SLICE_X15Y144   student_top_inst/bridge_inst/LED_cnt_reg[0]/C
High Pulse Width  Slow    FDCE/C             n/a            0.350         10.000      9.650      SLICE_X13Y147   student_top_inst/bridge_inst/LED_cnt_reg[10]/C
High Pulse Width  Fast    FDCE/C             n/a            0.350         10.000      9.650      SLICE_X13Y147   student_top_inst/bridge_inst/LED_cnt_reg[10]/C
High Pulse Width  Slow    FDCE/C             n/a            0.350         10.000      9.650      SLICE_X12Y147   student_top_inst/bridge_inst/LED_cnt_reg[11]/C
High Pulse Width  Fast    FDCE/C             n/a            0.350         10.000      9.650      SLICE_X12Y147   student_top_inst/bridge_inst/LED_cnt_reg[11]/C
High Pulse Width  Slow    FDCE/C             n/a            0.350         10.000      9.650      SLICE_X14Y148   student_top_inst/bridge_inst/LED_cnt_reg[12]/C
High Pulse Width  Fast    FDCE/C             n/a            0.350         10.000      9.650      SLICE_X14Y148   student_top_inst/bridge_inst/LED_cnt_reg[12]/C
High Pulse Width  Slow    FDCE/C             n/a            0.350         10.000      9.650      SLICE_X13Y148   student_top_inst/bridge_inst/LED_cnt_reg[13]/C
High Pulse Width  Fast    FDCE/C             n/a            0.350         10.000      9.650      SLICE_X13Y148   student_top_inst/bridge_inst/LED_cnt_reg[13]/C



---------------------------------------------------------------------------------------------------
From Clock:  clk_out2_pll
  To Clock:  clk_out2_pll

Setup :         1702  Failing Endpoints,  Worst Slack       -1.646ns,  Total Violation    -1246.901ns
Hold  :            0  Failing Endpoints,  Worst Slack        0.097ns,  Total Violation        0.000ns
PW    :            0  Failing Endpoints,  Worst Slack        1.074ns,  Total Violation        0.000ns
---------------------------------------------------------------------------------------------------


Max Delay Paths
--------------------------------------------------------------------------------------
Slack (VIOLATED) :        -1.646ns  (required time - arrival time)
  Source:                 student_top_inst/Core_cpu/SegReg_LS2_WB_inst/inst_wb_reg[8]/C
                            (rising edge-triggered cell FDRE clocked by clk_out2_pll  {rise@0.000ns fall@1.923ns period=3.846ns})
  Destination:            student_top_inst/Core_cpu/SegReg_ID_EX_inst/br_type_ex_reg[1]/CE
                            (rising edge-triggered cell FDRE clocked by clk_out2_pll  {rise@0.000ns fall@1.923ns period=3.846ns})
  Path Group:             clk_out2_pll
  Path Type:              Setup (Max at Slow Process Corner)
  Requirement:            3.846ns  (clk_out2_pll rise@3.846ns - clk_out2_pll rise@0.000ns)
  Data Path Delay:        5.218ns  (logic 1.071ns (20.526%)  route 4.147ns (79.474%))
  Logic Levels:           14  (CARRY4=4 LUT4=2 LUT5=1 LUT6=7)
  Clock Path Skew:        -0.039ns (DCD - SCD + CPR)
    Destination Clock Delay (DCD):    4.207ns = ( 8.054 - 3.846 ) 
    Source Clock Delay      (SCD):    4.571ns
    Clock Pessimism Removal (CPR):    0.324ns
  Clock Uncertainty:      0.058ns  ((TSJ^2 + DJ^2)^1/2) / 2 + PE
    Total System Jitter     (TSJ):    0.071ns
    Discrete Jitter          (DJ):    0.091ns
    Phase Error              (PE):    0.000ns

    Location             Delay type                Incr(ns)  Path(ns)    Netlist Resource(s)
  -------------------------------------------------------------------    -------------------
                         (clock clk_out2_pll rise edge)
                                                      0.000     0.000 r  
    AD12                                              0.000     0.000 r  i_sys_clk_p (IN)
                         net (fo=0)                   0.000     0.000    pll_inst/inst/clk_in1_p
    AD12                 IBUFDS (Prop_ibufds_I_O)     0.906     0.906 r  pll_inst/inst/clkin1_ibufgds/O
                         net (fo=1, routed)           2.299     3.205    pll_inst/inst/clk_in1_pll_buf
    BUFGCTRL_X0Y3        BUFG (Prop_bufg_I_O)         0.093     3.298 r  pll_inst/inst/clkin1_bufg1/O
                         net (fo=1, routed)           1.959     5.257    pll_inst/inst/clk_in1_pll
    PLLE2_ADV_X1Y0       PLLE2_ADV (Prop_plle2_adv_CLKIN1_CLKOUT1)
                                                     -4.519     0.738 r  pll_inst/inst/plle2_adv_inst/CLKOUT1
                         net (fo=1, routed)           2.467     3.205    pll_inst/inst/clk_out2_pll
    BUFGCTRL_X0Y0        BUFG (Prop_bufg_I_O)         0.093     3.298 r  pll_inst/inst/clkout2_buf/O
                         net (fo=2669, routed)        1.273     4.571    student_top_inst/Core_cpu/SegReg_LS2_WB_inst/clk_out2
    SLICE_X36Y178        FDRE                                         r  student_top_inst/Core_cpu/SegReg_LS2_WB_inst/inst_wb_reg[8]/C
  -------------------------------------------------------------------    -------------------
    SLICE_X36Y178        FDRE (Prop_fdre_C_Q)         0.223     4.794 r  student_top_inst/Core_cpu/SegReg_LS2_WB_inst/inst_wb_reg[8]/Q
                         net (fo=38, routed)          0.565     5.358    student_top_inst/Core_cpu/SegReg_LS2_WB_inst/inst_wb_reg_n_0_[8]
    SLICE_X36Y177        LUT5 (Prop_lut5_I1_O)        0.043     5.401 r  student_top_inst/Core_cpu/SegReg_LS2_WB_inst/mem_wdata_ls1[31]_i_11/O
                         net (fo=2, routed)           0.361     5.762    student_top_inst/Core_cpu/SegReg_LS2_WB_inst/Hazard_inst/forward1_en2__0
    SLICE_X36Y177        LUT6 (Prop_lut6_I0_O)        0.043     5.805 r  student_top_inst/Core_cpu/SegReg_LS2_WB_inst/mul_prod_r0_i_59/O
                         net (fo=97, routed)          0.544     6.349    student_top_inst/Core_cpu/SegReg_LS2_WB_inst/forward1_en0
    SLICE_X40Y173        LUT6 (Prop_lut6_I2_O)        0.043     6.392 r  student_top_inst/Core_cpu/SegReg_LS2_WB_inst/csr_wdata_ls1[2]_i_3/O
                         net (fo=2, routed)           0.341     6.733    student_top_inst/Core_cpu/SegReg_EX_LS1_inst/csr_wdata_ls1_reg[2]_0
    SLICE_X40Y173        LUT6 (Prop_lut6_I4_O)        0.043     6.776 r  student_top_inst/Core_cpu/SegReg_EX_LS1_inst/csr_wdata_ls1[2]_i_2/O
                         net (fo=10, routed)          0.402     7.177    student_top_inst/Core_cpu/SegReg_EX_LS1_inst/alu_rf_data1[2]
    SLICE_X42Y174        LUT4 (Prop_lut4_I1_O)        0.043     7.220 r  student_top_inst/Core_cpu/SegReg_EX_LS1_inst/pc[31]_i_141/O
                         net (fo=1, routed)           0.000     7.220    student_top_inst/Core_cpu/SegReg_EX_LS1_inst/pc[31]_i_141_n_0
    SLICE_X42Y174        CARRY4 (Prop_carry4_S[1]_CO[3])
                                                      0.256     7.476 r  student_top_inst/Core_cpu/SegReg_EX_LS1_inst/pc_reg[31]_i_108/CO[3]
                         net (fo=1, routed)           0.007     7.484    student_top_inst/Core_cpu/SegReg_EX_LS1_inst/pc_reg[31]_i_108_n_0
    SLICE_X42Y175        CARRY4 (Prop_carry4_CI_CO[3])
                                                      0.054     7.538 r  student_top_inst/Core_cpu/SegReg_EX_LS1_inst/pc_reg[31]_i_73/CO[3]
                         net (fo=1, routed)           0.000     7.538    student_top_inst/Core_cpu/SegReg_EX_LS1_inst/pc_reg[31]_i_73_n_0
    SLICE_X42Y176        CARRY4 (Prop_carry4_CI_CO[3])
                                                      0.054     7.592 r  student_top_inst/Core_cpu/SegReg_EX_LS1_inst/pc_reg[31]_i_36/CO[3]
                         net (fo=1, routed)           0.000     7.592    student_top_inst/Core_cpu/SegReg_EX_LS1_inst/pc_reg[31]_i_36_n_0
    SLICE_X42Y177        CARRY4 (Prop_carry4_CI_CO[3])
                                                      0.054     7.646 f  student_top_inst/Core_cpu/SegReg_EX_LS1_inst/pc_reg[31]_i_17/CO[3]
                         net (fo=1, routed)           0.572     8.217    student_top_inst/Core_cpu/SegReg_ID_EX_inst/pc[31]_i_3_0[0]
    SLICE_X43Y180        LUT6 (Prop_lut6_I1_O)        0.043     8.260 f  student_top_inst/Core_cpu/SegReg_ID_EX_inst/pc[31]_i_10/O
                         net (fo=1, routed)           0.281     8.541    student_top_inst/Core_cpu/SegReg_ID_EX_inst/pc[31]_i_10_n_0
    SLICE_X40Y180        LUT6 (Prop_lut6_I0_O)        0.043     8.584 f  student_top_inst/Core_cpu/SegReg_ID_EX_inst/pc[31]_i_3/O
                         net (fo=2, routed)           0.203     8.787    student_top_inst/Core_cpu/SegReg_ID_EX_inst/pc[31]_i_3_n_0
    SLICE_X41Y182        LUT4 (Prop_lut4_I2_O)        0.043     8.830 f  student_top_inst/Core_cpu/SegReg_ID_EX_inst/pc[31]_i_16/O
                         net (fo=1, routed)           0.150     8.980    student_top_inst/Core_cpu/SegReg_ID_EX_inst/jump_valid[0]
    SLICE_X41Y182        LUT6 (Prop_lut6_I0_O)        0.043     9.023 f  student_top_inst/Core_cpu/SegReg_ID_EX_inst/pc[31]_i_8/O
                         net (fo=37, routed)          0.138     9.161    student_top_inst/Core_cpu/SegReg_ID_EX_inst/IF2_ID_flush[0]
    SLICE_X41Y182        LUT6 (Prop_lut6_I0_O)        0.043     9.204 r  student_top_inst/Core_cpu/SegReg_ID_EX_inst/is_muldiv_ex[0]_i_1/O
                         net (fo=211, routed)         0.584     9.788    student_top_inst/Core_cpu/SegReg_ID_EX_inst/is_muldiv_ex[0]_i_1_n_0
    SLICE_X42Y187        FDRE                                         r  student_top_inst/Core_cpu/SegReg_ID_EX_inst/br_type_ex_reg[1]/CE
  -------------------------------------------------------------------    -------------------

                         (clock clk_out2_pll rise edge)
                                                      3.846     3.846 r  
    AD12                                              0.000     3.846 r  i_sys_clk_p (IN)
                         net (fo=0)                   0.000     3.846    pll_inst/inst/clk_in1_p
    AD12                 IBUFDS (Prop_ibufds_I_O)     0.803     4.650 r  pll_inst/inst/clkin1_ibufgds/O
                         net (fo=1, routed)           2.173     6.823    pll_inst/inst/clk_in1_pll_buf
    BUFGCTRL_X0Y3        BUFG (Prop_bufg_I_O)         0.083     6.906 r  pll_inst/inst/clkin1_bufg1/O
                         net (fo=1, routed)           1.796     8.702    pll_inst/inst/clk_in1_pll
    PLLE2_ADV_X1Y0       PLLE2_ADV (Prop_plle2_adv_CLKIN1_CLKOUT1)
                                                     -4.213     4.489 r  pll_inst/inst/plle2_adv_inst/CLKOUT1
                         net (fo=1, routed)           2.334     6.823    pll_inst/inst/clk_out2_pll
    BUFGCTRL_X0Y0        BUFG (Prop_bufg_I_O)         0.083     6.906 r  pll_inst/inst/clkout2_buf/O
                         net (fo=2669, routed)        1.148     8.054    student_top_inst/Core_cpu/SegReg_ID_EX_inst/clk_out2
    SLICE_X42Y187        FDRE                                         r  student_top_inst/Core_cpu/SegReg_ID_EX_inst/br_type_ex_reg[1]/C
                         clock pessimism              0.324     8.378    
                         clock uncertainty           -0.058     8.320    
    SLICE_X42Y187        FDRE (Setup_fdre_C_CE)      -0.178     8.142    student_top_inst/Core_cpu/SegReg_ID_EX_inst/br_type_ex_reg[1]
  -------------------------------------------------------------------
                         required time                          8.142    
                         arrival time                          -9.788    
  -------------------------------------------------------------------
                         slack                                 -1.646    

Slack (VIOLATED) :        -1.646ns  (required time - arrival time)
  Source:                 student_top_inst/Core_cpu/SegReg_LS2_WB_inst/inst_wb_reg[8]/C
                            (rising edge-triggered cell FDRE clocked by clk_out2_pll  {rise@0.000ns fall@1.923ns period=3.846ns})
  Destination:            student_top_inst/Core_cpu/SegReg_ID_EX_inst/csr_rdata_ex_reg[21]/CE
                            (rising edge-triggered cell FDRE clocked by clk_out2_pll  {rise@0.000ns fall@1.923ns period=3.846ns})
  Path Group:             clk_out2_pll
  Path Type:              Setup (Max at Slow Process Corner)
  Requirement:            3.846ns  (clk_out2_pll rise@3.846ns - clk_out2_pll rise@0.000ns)
  Data Path Delay:        5.218ns  (logic 1.071ns (20.526%)  route 4.147ns (79.474%))
  Logic Levels:           14  (CARRY4=4 LUT4=2 LUT5=1 LUT6=7)
  Clock Path Skew:        -0.039ns (DCD - SCD + CPR)
    Destination Clock Delay (DCD):    4.207ns = ( 8.054 - 3.846 ) 
    Source Clock Delay      (SCD):    4.571ns
    Clock Pessimism Removal (CPR):    0.324ns
  Clock Uncertainty:      0.058ns  ((TSJ^2 + DJ^2)^1/2) / 2 + PE
    Total System Jitter     (TSJ):    0.071ns
    Discrete Jitter          (DJ):    0.091ns
    Phase Error              (PE):    0.000ns

    Location             Delay type                Incr(ns)  Path(ns)    Netlist Resource(s)
  -------------------------------------------------------------------    -------------------
                         (clock clk_out2_pll rise edge)
                                                      0.000     0.000 r  
    AD12                                              0.000     0.000 r  i_sys_clk_p (IN)
                         net (fo=0)                   0.000     0.000    pll_inst/inst/clk_in1_p
    AD12                 IBUFDS (Prop_ibufds_I_O)     0.906     0.906 r  pll_inst/inst/clkin1_ibufgds/O
                         net (fo=1, routed)           2.299     3.205    pll_inst/inst/clk_in1_pll_buf
    BUFGCTRL_X0Y3        BUFG (Prop_bufg_I_O)         0.093     3.298 r  pll_inst/inst/clkin1_bufg1/O
                         net (fo=1, routed)           1.959     5.257    pll_inst/inst/clk_in1_pll
    PLLE2_ADV_X1Y0       PLLE2_ADV (Prop_plle2_adv_CLKIN1_CLKOUT1)
                                                     -4.519     0.738 r  pll_inst/inst/plle2_adv_inst/CLKOUT1
                         net (fo=1, routed)           2.467     3.205    pll_inst/inst/clk_out2_pll
    BUFGCTRL_X0Y0        BUFG (Prop_bufg_I_O)         0.093     3.298 r  pll_inst/inst/clkout2_buf/O
                         net (fo=2669, routed)        1.273     4.571    student_top_inst/Core_cpu/SegReg_LS2_WB_inst/clk_out2
    SLICE_X36Y178        FDRE                                         r  student_top_inst/Core_cpu/SegReg_LS2_WB_inst/inst_wb_reg[8]/C
  -------------------------------------------------------------------    -------------------
    SLICE_X36Y178        FDRE (Prop_fdre_C_Q)         0.223     4.794 r  student_top_inst/Core_cpu/SegReg_LS2_WB_inst/inst_wb_reg[8]/Q
                         net (fo=38, routed)          0.565     5.358    student_top_inst/Core_cpu/SegReg_LS2_WB_inst/inst_wb_reg_n_0_[8]
    SLICE_X36Y177        LUT5 (Prop_lut5_I1_O)        0.043     5.401 r  student_top_inst/Core_cpu/SegReg_LS2_WB_inst/mem_wdata_ls1[31]_i_11/O
                         net (fo=2, routed)           0.361     5.762    student_top_inst/Core_cpu/SegReg_LS2_WB_inst/Hazard_inst/forward1_en2__0
    SLICE_X36Y177        LUT6 (Prop_lut6_I0_O)        0.043     5.805 r  student_top_inst/Core_cpu/SegReg_LS2_WB_inst/mul_prod_r0_i_59/O
                         net (fo=97, routed)          0.544     6.349    student_top_inst/Core_cpu/SegReg_LS2_WB_inst/forward1_en0
    SLICE_X40Y173        LUT6 (Prop_lut6_I2_O)        0.043     6.392 r  student_top_inst/Core_cpu/SegReg_LS2_WB_inst/csr_wdata_ls1[2]_i_3/O
                         net (fo=2, routed)           0.341     6.733    student_top_inst/Core_cpu/SegReg_EX_LS1_inst/csr_wdata_ls1_reg[2]_0
    SLICE_X40Y173        LUT6 (Prop_lut6_I4_O)        0.043     6.776 r  student_top_inst/Core_cpu/SegReg_EX_LS1_inst/csr_wdata_ls1[2]_i_2/O
                         net (fo=10, routed)          0.402     7.177    student_top_inst/Core_cpu/SegReg_EX_LS1_inst/alu_rf_data1[2]
    SLICE_X42Y174        LUT4 (Prop_lut4_I1_O)        0.043     7.220 r  student_top_inst/Core_cpu/SegReg_EX_LS1_inst/pc[31]_i_141/O
                         net (fo=1, routed)           0.000     7.220    student_top_inst/Core_cpu/SegReg_EX_LS1_inst/pc[31]_i_141_n_0
    SLICE_X42Y174        CARRY4 (Prop_carry4_S[1]_CO[3])
                                                      0.256     7.476 r  student_top_inst/Core_cpu/SegReg_EX_LS1_inst/pc_reg[31]_i_108/CO[3]
                         net (fo=1, routed)           0.007     7.484    student_top_inst/Core_cpu/SegReg_EX_LS1_inst/pc_reg[31]_i_108_n_0
    SLICE_X42Y175        CARRY4 (Prop_carry4_CI_CO[3])
                                                      0.054     7.538 r  student_top_inst/Core_cpu/SegReg_EX_LS1_inst/pc_reg[31]_i_73/CO[3]
                         net (fo=1, routed)           0.000     7.538    student_top_inst/Core_cpu/SegReg_EX_LS1_inst/pc_reg[31]_i_73_n_0
    SLICE_X42Y176        CARRY4 (Prop_carry4_CI_CO[3])
                                                      0.054     7.592 r  student_top_inst/Core_cpu/SegReg_EX_LS1_inst/pc_reg[31]_i_36/CO[3]
                         net (fo=1, routed)           0.000     7.592    student_top_inst/Core_cpu/SegReg_EX_LS1_inst/pc_reg[31]_i_36_n_0
    SLICE_X42Y177        CARRY4 (Prop_carry4_CI_CO[3])
                                                      0.054     7.646 f  student_top_inst/Core_cpu/SegReg_EX_LS1_inst/pc_reg[31]_i_17/CO[3]
                         net (fo=1, routed)           0.572     8.217    student_top_inst/Core_cpu/SegReg_ID_EX_inst/pc[31]_i_3_0[0]
    SLICE_X43Y180        LUT6 (Prop_lut6_I1_O)        0.043     8.260 f  student_top_inst/Core_cpu/SegReg_ID_EX_inst/pc[31]_i_10/O
                         net (fo=1, routed)           0.281     8.541    student_top_inst/Core_cpu/SegReg_ID_EX_inst/pc[31]_i_10_n_0
    SLICE_X40Y180        LUT6 (Prop_lut6_I0_O)        0.043     8.584 f  student_top_inst/Core_cpu/SegReg_ID_EX_inst/pc[31]_i_3/O
                         net (fo=2, routed)           0.203     8.787    student_top_inst/Core_cpu/SegReg_ID_EX_inst/pc[31]_i_3_n_0
    SLICE_X41Y182        LUT4 (Prop_lut4_I2_O)        0.043     8.830 f  student_top_inst/Core_cpu/SegReg_ID_EX_inst/pc[31]_i_16/O
                         net (fo=1, routed)           0.150     8.980    student_top_inst/Core_cpu/SegReg_ID_EX_inst/jump_valid[0]
    SLICE_X41Y182        LUT6 (Prop_lut6_I0_O)        0.043     9.023 f  student_top_inst/Core_cpu/SegReg_ID_EX_inst/pc[31]_i_8/O
                         net (fo=37, routed)          0.138     9.161    student_top_inst/Core_cpu/SegReg_ID_EX_inst/IF2_ID_flush[0]
    SLICE_X41Y182        LUT6 (Prop_lut6_I0_O)        0.043     9.204 r  student_top_inst/Core_cpu/SegReg_ID_EX_inst/is_muldiv_ex[0]_i_1/O
                         net (fo=211, routed)         0.584     9.788    student_top_inst/Core_cpu/SegReg_ID_EX_inst/is_muldiv_ex[0]_i_1_n_0
    SLICE_X42Y187        FDRE                                         r  student_top_inst/Core_cpu/SegReg_ID_EX_inst/csr_rdata_ex_reg[21]/CE
  -------------------------------------------------------------------    -------------------

                         (clock clk_out2_pll rise edge)
                                                      3.846     3.846 r  
    AD12                                              0.000     3.846 r  i_sys_clk_p (IN)
                         net (fo=0)                   0.000     3.846    pll_inst/inst/clk_in1_p
    AD12                 IBUFDS (Prop_ibufds_I_O)     0.803     4.650 r  pll_inst/inst/clkin1_ibufgds/O
                         net (fo=1, routed)           2.173     6.823    pll_inst/inst/clk_in1_pll_buf
    BUFGCTRL_X0Y3        BUFG (Prop_bufg_I_O)         0.083     6.906 r  pll_inst/inst/clkin1_bufg1/O
                         net (fo=1, routed)           1.796     8.702    pll_inst/inst/clk_in1_pll
    PLLE2_ADV_X1Y0       PLLE2_ADV (Prop_plle2_adv_CLKIN1_CLKOUT1)
                                                     -4.213     4.489 r  pll_inst/inst/plle2_adv_inst/CLKOUT1
                         net (fo=1, routed)           2.334     6.823    pll_inst/inst/clk_out2_pll
    BUFGCTRL_X0Y0        BUFG (Prop_bufg_I_O)         0.083     6.906 r  pll_inst/inst/clkout2_buf/O
                         net (fo=2669, routed)        1.148     8.054    student_top_inst/Core_cpu/SegReg_ID_EX_inst/clk_out2
    SLICE_X42Y187        FDRE                                         r  student_top_inst/Core_cpu/SegReg_ID_EX_inst/csr_rdata_ex_reg[21]/C
                         clock pessimism              0.324     8.378    
                         clock uncertainty           -0.058     8.320    
    SLICE_X42Y187        FDRE (Setup_fdre_C_CE)      -0.178     8.142    student_top_inst/Core_cpu/SegReg_ID_EX_inst/csr_rdata_ex_reg[21]
  -------------------------------------------------------------------
                         required time                          8.142    
                         arrival time                          -9.788    
  -------------------------------------------------------------------
                         slack                                 -1.646    

Slack (VIOLATED) :        -1.646ns  (required time - arrival time)
  Source:                 student_top_inst/Core_cpu/SegReg_LS2_WB_inst/inst_wb_reg[8]/C
                            (rising edge-triggered cell FDRE clocked by clk_out2_pll  {rise@0.000ns fall@1.923ns period=3.846ns})
  Destination:            student_top_inst/Core_cpu/SegReg_ID_EX_inst/rdata2_ex_reg[1]/CE
                            (rising edge-triggered cell FDRE clocked by clk_out2_pll  {rise@0.000ns fall@1.923ns period=3.846ns})
  Path Group:             clk_out2_pll
  Path Type:              Setup (Max at Slow Process Corner)
  Requirement:            3.846ns  (clk_out2_pll rise@3.846ns - clk_out2_pll rise@0.000ns)
  Data Path Delay:        5.218ns  (logic 1.071ns (20.526%)  route 4.147ns (79.474%))
  Logic Levels:           14  (CARRY4=4 LUT4=2 LUT5=1 LUT6=7)
  Clock Path Skew:        -0.039ns (DCD - SCD + CPR)
    Destination Clock Delay (DCD):    4.207ns = ( 8.054 - 3.846 ) 
    Source Clock Delay      (SCD):    4.571ns
    Clock Pessimism Removal (CPR):    0.324ns
  Clock Uncertainty:      0.058ns  ((TSJ^2 + DJ^2)^1/2) / 2 + PE
    Total System Jitter     (TSJ):    0.071ns
    Discrete Jitter          (DJ):    0.091ns
    Phase Error              (PE):    0.000ns

    Location             Delay type                Incr(ns)  Path(ns)    Netlist Resource(s)
  -------------------------------------------------------------------    -------------------
                         (clock clk_out2_pll rise edge)
                                                      0.000     0.000 r  
    AD12                                              0.000     0.000 r  i_sys_clk_p (IN)
                         net (fo=0)                   0.000     0.000    pll_inst/inst/clk_in1_p
    AD12                 IBUFDS (Prop_ibufds_I_O)     0.906     0.906 r  pll_inst/inst/clkin1_ibufgds/O
                         net (fo=1, routed)           2.299     3.205    pll_inst/inst/clk_in1_pll_buf
    BUFGCTRL_X0Y3        BUFG (Prop_bufg_I_O)         0.093     3.298 r  pll_inst/inst/clkin1_bufg1/O
                         net (fo=1, routed)           1.959     5.257    pll_inst/inst/clk_in1_pll
    PLLE2_ADV_X1Y0       PLLE2_ADV (Prop_plle2_adv_CLKIN1_CLKOUT1)
                                                     -4.519     0.738 r  pll_inst/inst/plle2_adv_inst/CLKOUT1
                         net (fo=1, routed)           2.467     3.205    pll_inst/inst/clk_out2_pll
    BUFGCTRL_X0Y0        BUFG (Prop_bufg_I_O)         0.093     3.298 r  pll_inst/inst/clkout2_buf/O
                         net (fo=2669, routed)        1.273     4.571    student_top_inst/Core_cpu/SegReg_LS2_WB_inst/clk_out2
    SLICE_X36Y178        FDRE                                         r  student_top_inst/Core_cpu/SegReg_LS2_WB_inst/inst_wb_reg[8]/C
  -------------------------------------------------------------------    -------------------
    SLICE_X36Y178        FDRE (Prop_fdre_C_Q)         0.223     4.794 r  student_top_inst/Core_cpu/SegReg_LS2_WB_inst/inst_wb_reg[8]/Q
                         net (fo=38, routed)          0.565     5.358    student_top_inst/Core_cpu/SegReg_LS2_WB_inst/inst_wb_reg_n_0_[8]
    SLICE_X36Y177        LUT5 (Prop_lut5_I1_O)        0.043     5.401 r  student_top_inst/Core_cpu/SegReg_LS2_WB_inst/mem_wdata_ls1[31]_i_11/O
                         net (fo=2, routed)           0.361     5.762    student_top_inst/Core_cpu/SegReg_LS2_WB_inst/Hazard_inst/forward1_en2__0
    SLICE_X36Y177        LUT6 (Prop_lut6_I0_O)        0.043     5.805 r  student_top_inst/Core_cpu/SegReg_LS2_WB_inst/mul_prod_r0_i_59/O
                         net (fo=97, routed)          0.544     6.349    student_top_inst/Core_cpu/SegReg_LS2_WB_inst/forward1_en0
    SLICE_X40Y173        LUT6 (Prop_lut6_I2_O)        0.043     6.392 r  student_top_inst/Core_cpu/SegReg_LS2_WB_inst/csr_wdata_ls1[2]_i_3/O
                         net (fo=2, routed)           0.341     6.733    student_top_inst/Core_cpu/SegReg_EX_LS1_inst/csr_wdata_ls1_reg[2]_0
    SLICE_X40Y173        LUT6 (Prop_lut6_I4_O)        0.043     6.776 r  student_top_inst/Core_cpu/SegReg_EX_LS1_inst/csr_wdata_ls1[2]_i_2/O
                         net (fo=10, routed)          0.402     7.177    student_top_inst/Core_cpu/SegReg_EX_LS1_inst/alu_rf_data1[2]
    SLICE_X42Y174        LUT4 (Prop_lut4_I1_O)        0.043     7.220 r  student_top_inst/Core_cpu/SegReg_EX_LS1_inst/pc[31]_i_141/O
                         net (fo=1, routed)           0.000     7.220    student_top_inst/Core_cpu/SegReg_EX_LS1_inst/pc[31]_i_141_n_0
    SLICE_X42Y174        CARRY4 (Prop_carry4_S[1]_CO[3])
                                                      0.256     7.476 r  student_top_inst/Core_cpu/SegReg_EX_LS1_inst/pc_reg[31]_i_108/CO[3]
                         net (fo=1, routed)           0.007     7.484    student_top_inst/Core_cpu/SegReg_EX_LS1_inst/pc_reg[31]_i_108_n_0
    SLICE_X42Y175        CARRY4 (Prop_carry4_CI_CO[3])
                                                      0.054     7.538 r  student_top_inst/Core_cpu/SegReg_EX_LS1_inst/pc_reg[31]_i_73/CO[3]
                         net (fo=1, routed)           0.000     7.538    student_top_inst/Core_cpu/SegReg_EX_LS1_inst/pc_reg[31]_i_73_n_0
    SLICE_X42Y176        CARRY4 (Prop_carry4_CI_CO[3])
                                                      0.054     7.592 r  student_top_inst/Core_cpu/SegReg_EX_LS1_inst/pc_reg[31]_i_36/CO[3]
                         net (fo=1, routed)           0.000     7.592    student_top_inst/Core_cpu/SegReg_EX_LS1_inst/pc_reg[31]_i_36_n_0
    SLICE_X42Y177        CARRY4 (Prop_carry4_CI_CO[3])
                                                      0.054     7.646 f  student_top_inst/Core_cpu/SegReg_EX_LS1_inst/pc_reg[31]_i_17/CO[3]
                         net (fo=1, routed)           0.572     8.217    student_top_inst/Core_cpu/SegReg_ID_EX_inst/pc[31]_i_3_0[0]
    SLICE_X43Y180        LUT6 (Prop_lut6_I1_O)        0.043     8.260 f  student_top_inst/Core_cpu/SegReg_ID_EX_inst/pc[31]_i_10/O
                         net (fo=1, routed)           0.281     8.541    student_top_inst/Core_cpu/SegReg_ID_EX_inst/pc[31]_i_10_n_0
    SLICE_X40Y180        LUT6 (Prop_lut6_I0_O)        0.043     8.584 f  student_top_inst/Core_cpu/SegReg_ID_EX_inst/pc[31]_i_3/O
                         net (fo=2, routed)           0.203     8.787    student_top_inst/Core_cpu/SegReg_ID_EX_inst/pc[31]_i_3_n_0
    SLICE_X41Y182        LUT4 (Prop_lut4_I2_O)        0.043     8.830 f  student_top_inst/Core_cpu/SegReg_ID_EX_inst/pc[31]_i_16/O
                         net (fo=1, routed)           0.150     8.980    student_top_inst/Core_cpu/SegReg_ID_EX_inst/jump_valid[0]
    SLICE_X41Y182        LUT6 (Prop_lut6_I0_O)        0.043     9.023 f  student_top_inst/Core_cpu/SegReg_ID_EX_inst/pc[31]_i_8/O
                         net (fo=37, routed)          0.138     9.161    student_top_inst/Core_cpu/SegReg_ID_EX_inst/IF2_ID_flush[0]
    SLICE_X41Y182        LUT6 (Prop_lut6_I0_O)        0.043     9.204 r  student_top_inst/Core_cpu/SegReg_ID_EX_inst/is_muldiv_ex[0]_i_1/O
                         net (fo=211, routed)         0.584     9.788    student_top_inst/Core_cpu/SegReg_ID_EX_inst/is_muldiv_ex[0]_i_1_n_0
    SLICE_X42Y187        FDRE                                         r  student_top_inst/Core_cpu/SegReg_ID_EX_inst/rdata2_ex_reg[1]/CE
  -------------------------------------------------------------------    -------------------

                         (clock clk_out2_pll rise edge)
                                                      3.846     3.846 r  
    AD12                                              0.000     3.846 r  i_sys_clk_p (IN)
                         net (fo=0)                   0.000     3.846    pll_inst/inst/clk_in1_p
    AD12                 IBUFDS (Prop_ibufds_I_O)     0.803     4.650 r  pll_inst/inst/clkin1_ibufgds/O
                         net (fo=1, routed)           2.173     6.823    pll_inst/inst/clk_in1_pll_buf
    BUFGCTRL_X0Y3        BUFG (Prop_bufg_I_O)         0.083     6.906 r  pll_inst/inst/clkin1_bufg1/O
                         net (fo=1, routed)           1.796     8.702    pll_inst/inst/clk_in1_pll
    PLLE2_ADV_X1Y0       PLLE2_ADV (Prop_plle2_adv_CLKIN1_CLKOUT1)
                                                     -4.213     4.489 r  pll_inst/inst/plle2_adv_inst/CLKOUT1
                         net (fo=1, routed)           2.334     6.823    pll_inst/inst/clk_out2_pll
    BUFGCTRL_X0Y0        BUFG (Prop_bufg_I_O)         0.083     6.906 r  pll_inst/inst/clkout2_buf/O
                         net (fo=2669, routed)        1.148     8.054    student_top_inst/Core_cpu/SegReg_ID_EX_inst/clk_out2
    SLICE_X42Y187        FDRE                                         r  student_top_inst/Core_cpu/SegReg_ID_EX_inst/rdata2_ex_reg[1]/C
                         clock pessimism              0.324     8.378    
                         clock uncertainty           -0.058     8.320    
    SLICE_X42Y187        FDRE (Setup_fdre_C_CE)      -0.178     8.142    student_top_inst/Core_cpu/SegReg_ID_EX_inst/rdata2_ex_reg[1]
  -------------------------------------------------------------------
                         required time                          8.142    
                         arrival time                          -9.788    
  -------------------------------------------------------------------
                         slack                                 -1.646    

Slack (VIOLATED) :        -1.641ns  (required time - arrival time)
  Source:                 student_top_inst/Core_cpu/SegReg_LS2_WB_inst/inst_wb_reg[8]/C
                            (rising edge-triggered cell FDRE clocked by clk_out2_pll  {rise@0.000ns fall@1.923ns period=3.846ns})
  Destination:            student_top_inst/Core_cpu/SegReg_IF1_IF2_inst/pc_if2_reg[11]/CE
                            (rising edge-triggered cell FDRE clocked by clk_out2_pll  {rise@0.000ns fall@1.923ns period=3.846ns})
  Path Group:             clk_out2_pll
  Path Type:              Setup (Max at Slow Process Corner)
  Requirement:            3.846ns  (clk_out2_pll rise@3.846ns - clk_out2_pll rise@0.000ns)
  Data Path Delay:        5.190ns  (logic 1.071ns (20.637%)  route 4.119ns (79.363%))
  Logic Levels:           14  (CARRY4=4 LUT2=1 LUT4=2 LUT5=1 LUT6=6)
  Clock Path Skew:        -0.039ns (DCD - SCD + CPR)
    Destination Clock Delay (DCD):    4.207ns = ( 8.054 - 3.846 ) 
    Source Clock Delay      (SCD):    4.571ns
    Clock Pessimism Removal (CPR):    0.324ns
  Clock Uncertainty:      0.058ns  ((TSJ^2 + DJ^2)^1/2) / 2 + PE
    Total System Jitter     (TSJ):    0.071ns
    Discrete Jitter          (DJ):    0.091ns
    Phase Error              (PE):    0.000ns

    Location             Delay type                Incr(ns)  Path(ns)    Netlist Resource(s)
  -------------------------------------------------------------------    -------------------
                         (clock clk_out2_pll rise edge)
                                                      0.000     0.000 r  
    AD12                                              0.000     0.000 r  i_sys_clk_p (IN)
                         net (fo=0)                   0.000     0.000    pll_inst/inst/clk_in1_p
    AD12                 IBUFDS (Prop_ibufds_I_O)     0.906     0.906 r  pll_inst/inst/clkin1_ibufgds/O
                         net (fo=1, routed)           2.299     3.205    pll_inst/inst/clk_in1_pll_buf
    BUFGCTRL_X0Y3        BUFG (Prop_bufg_I_O)         0.093     3.298 r  pll_inst/inst/clkin1_bufg1/O
                         net (fo=1, routed)           1.959     5.257    pll_inst/inst/clk_in1_pll
    PLLE2_ADV_X1Y0       PLLE2_ADV (Prop_plle2_adv_CLKIN1_CLKOUT1)
                                                     -4.519     0.738 r  pll_inst/inst/plle2_adv_inst/CLKOUT1
                         net (fo=1, routed)           2.467     3.205    pll_inst/inst/clk_out2_pll
    BUFGCTRL_X0Y0        BUFG (Prop_bufg_I_O)         0.093     3.298 r  pll_inst/inst/clkout2_buf/O
                         net (fo=2669, routed)        1.273     4.571    student_top_inst/Core_cpu/SegReg_LS2_WB_inst/clk_out2
    SLICE_X36Y178        FDRE                                         r  student_top_inst/Core_cpu/SegReg_LS2_WB_inst/inst_wb_reg[8]/C
  -------------------------------------------------------------------    -------------------
    SLICE_X36Y178        FDRE (Prop_fdre_C_Q)         0.223     4.794 r  student_top_inst/Core_cpu/SegReg_LS2_WB_inst/inst_wb_reg[8]/Q
                         net (fo=38, routed)          0.565     5.358    student_top_inst/Core_cpu/SegReg_LS2_WB_inst/inst_wb_reg_n_0_[8]
    SLICE_X36Y177        LUT5 (Prop_lut5_I1_O)        0.043     5.401 r  student_top_inst/Core_cpu/SegReg_LS2_WB_inst/mem_wdata_ls1[31]_i_11/O
                         net (fo=2, routed)           0.361     5.762    student_top_inst/Core_cpu/SegReg_LS2_WB_inst/Hazard_inst/forward1_en2__0
    SLICE_X36Y177        LUT6 (Prop_lut6_I0_O)        0.043     5.805 r  student_top_inst/Core_cpu/SegReg_LS2_WB_inst/mul_prod_r0_i_59/O
                         net (fo=97, routed)          0.544     6.349    student_top_inst/Core_cpu/SegReg_LS2_WB_inst/forward1_en0
    SLICE_X40Y173        LUT6 (Prop_lut6_I2_O)        0.043     6.392 r  student_top_inst/Core_cpu/SegReg_LS2_WB_inst/csr_wdata_ls1[2]_i_3/O
                         net (fo=2, routed)           0.341     6.733    student_top_inst/Core_cpu/SegReg_EX_LS1_inst/csr_wdata_ls1_reg[2]_0
    SLICE_X40Y173        LUT6 (Prop_lut6_I4_O)        0.043     6.776 r  student_top_inst/Core_cpu/SegReg_EX_LS1_inst/csr_wdata_ls1[2]_i_2/O
                         net (fo=10, routed)          0.402     7.177    student_top_inst/Core_cpu/SegReg_EX_LS1_inst/alu_rf_data1[2]
    SLICE_X42Y174        LUT4 (Prop_lut4_I1_O)        0.043     7.220 r  student_top_inst/Core_cpu/SegReg_EX_LS1_inst/pc[31]_i_141/O
                         net (fo=1, routed)           0.000     7.220    student_top_inst/Core_cpu/SegReg_EX_LS1_inst/pc[31]_i_141_n_0
    SLICE_X42Y174        CARRY4 (Prop_carry4_S[1]_CO[3])
                                                      0.256     7.476 r  student_top_inst/Core_cpu/SegReg_EX_LS1_inst/pc_reg[31]_i_108/CO[3]
                         net (fo=1, routed)           0.007     7.484    student_top_inst/Core_cpu/SegReg_EX_LS1_inst/pc_reg[31]_i_108_n_0
    SLICE_X42Y175        CARRY4 (Prop_carry4_CI_CO[3])
                                                      0.054     7.538 r  student_top_inst/Core_cpu/SegReg_EX_LS1_inst/pc_reg[31]_i_73/CO[3]
                         net (fo=1, routed)           0.000     7.538    student_top_inst/Core_cpu/SegReg_EX_LS1_inst/pc_reg[31]_i_73_n_0
    SLICE_X42Y176        CARRY4 (Prop_carry4_CI_CO[3])
                                                      0.054     7.592 r  student_top_inst/Core_cpu/SegReg_EX_LS1_inst/pc_reg[31]_i_36/CO[3]
                         net (fo=1, routed)           0.000     7.592    student_top_inst/Core_cpu/SegReg_EX_LS1_inst/pc_reg[31]_i_36_n_0
    SLICE_X42Y177        CARRY4 (Prop_carry4_CI_CO[3])
                                                      0.054     7.646 f  student_top_inst/Core_cpu/SegReg_EX_LS1_inst/pc_reg[31]_i_17/CO[3]
                         net (fo=1, routed)           0.572     8.217    student_top_inst/Core_cpu/SegReg_ID_EX_inst/pc[31]_i_3_0[0]
    SLICE_X43Y180        LUT6 (Prop_lut6_I1_O)        0.043     8.260 f  student_top_inst/Core_cpu/SegReg_ID_EX_inst/pc[31]_i_10/O
                         net (fo=1, routed)           0.281     8.541    student_top_inst/Core_cpu/SegReg_ID_EX_inst/pc[31]_i_10_n_0
    SLICE_X40Y180        LUT6 (Prop_lut6_I0_O)        0.043     8.584 f  student_top_inst/Core_cpu/SegReg_ID_EX_inst/pc[31]_i_3/O
                         net (fo=2, routed)           0.203     8.787    student_top_inst/Core_cpu/SegReg_ID_EX_inst/pc[31]_i_3_n_0
    SLICE_X41Y182        LUT4 (Prop_lut4_I2_O)        0.043     8.830 f  student_top_inst/Core_cpu/SegReg_ID_EX_inst/pc[31]_i_16/O
                         net (fo=1, routed)           0.150     8.980    student_top_inst/Core_cpu/SegReg_ID_EX_inst/jump_valid[0]
    SLICE_X41Y182        LUT6 (Prop_lut6_I0_O)        0.043     9.023 f  student_top_inst/Core_cpu/SegReg_ID_EX_inst/pc[31]_i_8/O
                         net (fo=37, routed)          0.361     9.384    student_top_inst/Core_cpu/SegReg_ID_EX_inst/IF2_ID_flush[0]
    SLICE_X40Y185        LUT2 (Prop_lut2_I0_O)        0.043     9.427 r  student_top_inst/Core_cpu/SegReg_ID_EX_inst/inst_id[31]_i_1/O
                         net (fo=105, routed)         0.334     9.760    student_top_inst/Core_cpu/SegReg_IF1_IF2_inst/pc_if2_reg[0]_0
    SLICE_X43Y186        FDRE                                         r  student_top_inst/Core_cpu/SegReg_IF1_IF2_inst/pc_if2_reg[11]/CE
  -------------------------------------------------------------------    -------------------

                         (clock clk_out2_pll rise edge)
                                                      3.846     3.846 r  
    AD12                                              0.000     3.846 r  i_sys_clk_p (IN)
                         net (fo=0)                   0.000     3.846    pll_inst/inst/clk_in1_p
    AD12                 IBUFDS (Prop_ibufds_I_O)     0.803     4.650 r  pll_inst/inst/clkin1_ibufgds/O
                         net (fo=1, routed)           2.173     6.823    pll_inst/inst/clk_in1_pll_buf
    BUFGCTRL_X0Y3        BUFG (Prop_bufg_I_O)         0.083     6.906 r  pll_inst/inst/clkin1_bufg1/O
                         net (fo=1, routed)           1.796     8.702    pll_inst/inst/clk_in1_pll
    PLLE2_ADV_X1Y0       PLLE2_ADV (Prop_plle2_adv_CLKIN1_CLKOUT1)
                                                     -4.213     4.489 r  pll_inst/inst/plle2_adv_inst/CLKOUT1
                         net (fo=1, routed)           2.334     6.823    pll_inst/inst/clk_out2_pll
    BUFGCTRL_X0Y0        BUFG (Prop_bufg_I_O)         0.083     6.906 r  pll_inst/inst/clkout2_buf/O
                         net (fo=2669, routed)        1.148     8.054    student_top_inst/Core_cpu/SegReg_IF1_IF2_inst/clk_out2
    SLICE_X43Y186        FDRE                                         r  student_top_inst/Core_cpu/SegReg_IF1_IF2_inst/pc_if2_reg[11]/C
                         clock pessimism              0.324     8.378    
                         clock uncertainty           -0.058     8.320    
    SLICE_X43Y186        FDRE (Setup_fdre_C_CE)      -0.201     8.119    student_top_inst/Core_cpu/SegReg_IF1_IF2_inst/pc_if2_reg[11]
  -------------------------------------------------------------------
                         required time                          8.119    
                         arrival time                          -9.760    
  -------------------------------------------------------------------
                         slack                                 -1.641    

Slack (VIOLATED) :        -1.641ns  (required time - arrival time)
  Source:                 student_top_inst/Core_cpu/SegReg_LS2_WB_inst/inst_wb_reg[8]/C
                            (rising edge-triggered cell FDRE clocked by clk_out2_pll  {rise@0.000ns fall@1.923ns period=3.846ns})
  Destination:            student_top_inst/Core_cpu/SegReg_IF1_IF2_inst/pc_if2_reg[25]/CE
                            (rising edge-triggered cell FDRE clocked by clk_out2_pll  {rise@0.000ns fall@1.923ns period=3.846ns})
  Path Group:             clk_out2_pll
  Path Type:              Setup (Max at Slow Process Corner)
  Requirement:            3.846ns  (clk_out2_pll rise@3.846ns - clk_out2_pll rise@0.000ns)
  Data Path Delay:        5.190ns  (logic 1.071ns (20.637%)  route 4.119ns (79.363%))
  Logic Levels:           14  (CARRY4=4 LUT2=1 LUT4=2 LUT5=1 LUT6=6)
  Clock Path Skew:        -0.039ns (DCD - SCD + CPR)
    Destination Clock Delay (DCD):    4.207ns = ( 8.054 - 3.846 ) 
    Source Clock Delay      (SCD):    4.571ns
    Clock Pessimism Removal (CPR):    0.324ns
  Clock Uncertainty:      0.058ns  ((TSJ^2 + DJ^2)^1/2) / 2 + PE
    Total System Jitter     (TSJ):    0.071ns
    Discrete Jitter          (DJ):    0.091ns
    Phase Error              (PE):    0.000ns

    Location             Delay type                Incr(ns)  Path(ns)    Netlist Resource(s)
  -------------------------------------------------------------------    -------------------
                         (clock clk_out2_pll rise edge)
                                                      0.000     0.000 r  
    AD12                                              0.000     0.000 r  i_sys_clk_p (IN)
                         net (fo=0)                   0.000     0.000    pll_inst/inst/clk_in1_p
    AD12                 IBUFDS (Prop_ibufds_I_O)     0.906     0.906 r  pll_inst/inst/clkin1_ibufgds/O
                         net (fo=1, routed)           2.299     3.205    pll_inst/inst/clk_in1_pll_buf
    BUFGCTRL_X0Y3        BUFG (Prop_bufg_I_O)         0.093     3.298 r  pll_inst/inst/clkin1_bufg1/O
                         net (fo=1, routed)           1.959     5.257    pll_inst/inst/clk_in1_pll
    PLLE2_ADV_X1Y0       PLLE2_ADV (Prop_plle2_adv_CLKIN1_CLKOUT1)
                                                     -4.519     0.738 r  pll_inst/inst/plle2_adv_inst/CLKOUT1
                         net (fo=1, routed)           2.467     3.205    pll_inst/inst/clk_out2_pll
    BUFGCTRL_X0Y0        BUFG (Prop_bufg_I_O)         0.093     3.298 r  pll_inst/inst/clkout2_buf/O
                         net (fo=2669, routed)        1.273     4.571    student_top_inst/Core_cpu/SegReg_LS2_WB_inst/clk_out2
    SLICE_X36Y178        FDRE                                         r  student_top_inst/Core_cpu/SegReg_LS2_WB_inst/inst_wb_reg[8]/C
  -------------------------------------------------------------------    -------------------
    SLICE_X36Y178        FDRE (Prop_fdre_C_Q)         0.223     4.794 r  student_top_inst/Core_cpu/SegReg_LS2_WB_inst/inst_wb_reg[8]/Q
                         net (fo=38, routed)          0.565     5.358    student_top_inst/Core_cpu/SegReg_LS2_WB_inst/inst_wb_reg_n_0_[8]
    SLICE_X36Y177        LUT5 (Prop_lut5_I1_O)        0.043     5.401 r  student_top_inst/Core_cpu/SegReg_LS2_WB_inst/mem_wdata_ls1[31]_i_11/O
                         net (fo=2, routed)           0.361     5.762    student_top_inst/Core_cpu/SegReg_LS2_WB_inst/Hazard_inst/forward1_en2__0
    SLICE_X36Y177        LUT6 (Prop_lut6_I0_O)        0.043     5.805 r  student_top_inst/Core_cpu/SegReg_LS2_WB_inst/mul_prod_r0_i_59/O
                         net (fo=97, routed)          0.544     6.349    student_top_inst/Core_cpu/SegReg_LS2_WB_inst/forward1_en0
    SLICE_X40Y173        LUT6 (Prop_lut6_I2_O)        0.043     6.392 r  student_top_inst/Core_cpu/SegReg_LS2_WB_inst/csr_wdata_ls1[2]_i_3/O
                         net (fo=2, routed)           0.341     6.733    student_top_inst/Core_cpu/SegReg_EX_LS1_inst/csr_wdata_ls1_reg[2]_0
    SLICE_X40Y173        LUT6 (Prop_lut6_I4_O)        0.043     6.776 r  student_top_inst/Core_cpu/SegReg_EX_LS1_inst/csr_wdata_ls1[2]_i_2/O
                         net (fo=10, routed)          0.402     7.177    student_top_inst/Core_cpu/SegReg_EX_LS1_inst/alu_rf_data1[2]
    SLICE_X42Y174        LUT4 (Prop_lut4_I1_O)        0.043     7.220 r  student_top_inst/Core_cpu/SegReg_EX_LS1_inst/pc[31]_i_141/O
                         net (fo=1, routed)           0.000     7.220    student_top_inst/Core_cpu/SegReg_EX_LS1_inst/pc[31]_i_141_n_0
    SLICE_X42Y174        CARRY4 (Prop_carry4_S[1]_CO[3])
                                                      0.256     7.476 r  student_top_inst/Core_cpu/SegReg_EX_LS1_inst/pc_reg[31]_i_108/CO[3]
                         net (fo=1, routed)           0.007     7.484    student_top_inst/Core_cpu/SegReg_EX_LS1_inst/pc_reg[31]_i_108_n_0
    SLICE_X42Y175        CARRY4 (Prop_carry4_CI_CO[3])
                                                      0.054     7.538 r  student_top_inst/Core_cpu/SegReg_EX_LS1_inst/pc_reg[31]_i_73/CO[3]
                         net (fo=1, routed)           0.000     7.538    student_top_inst/Core_cpu/SegReg_EX_LS1_inst/pc_reg[31]_i_73_n_0
    SLICE_X42Y176        CARRY4 (Prop_carry4_CI_CO[3])
                                                      0.054     7.592 r  student_top_inst/Core_cpu/SegReg_EX_LS1_inst/pc_reg[31]_i_36/CO[3]
                         net (fo=1, routed)           0.000     7.592    student_top_inst/Core_cpu/SegReg_EX_LS1_inst/pc_reg[31]_i_36_n_0
    SLICE_X42Y177        CARRY4 (Prop_carry4_CI_CO[3])
                                                      0.054     7.646 f  student_top_inst/Core_cpu/SegReg_EX_LS1_inst/pc_reg[31]_i_17/CO[3]
                         net (fo=1, routed)           0.572     8.217    student_top_inst/Core_cpu/SegReg_ID_EX_inst/pc[31]_i_3_0[0]
    SLICE_X43Y180        LUT6 (Prop_lut6_I1_O)        0.043     8.260 f  student_top_inst/Core_cpu/SegReg_ID_EX_inst/pc[31]_i_10/O
                         net (fo=1, routed)           0.281     8.541    student_top_inst/Core_cpu/SegReg_ID_EX_inst/pc[31]_i_10_n_0
    SLICE_X40Y180        LUT6 (Prop_lut6_I0_O)        0.043     8.584 f  student_top_inst/Core_cpu/SegReg_ID_EX_inst/pc[31]_i_3/O
                         net (fo=2, routed)           0.203     8.787    student_top_inst/Core_cpu/SegReg_ID_EX_inst/pc[31]_i_3_n_0
    SLICE_X41Y182        LUT4 (Prop_lut4_I2_O)        0.043     8.830 f  student_top_inst/Core_cpu/SegReg_ID_EX_inst/pc[31]_i_16/O
                         net (fo=1, routed)           0.150     8.980    student_top_inst/Core_cpu/SegReg_ID_EX_inst/jump_valid[0]
    SLICE_X41Y182        LUT6 (Prop_lut6_I0_O)        0.043     9.023 f  student_top_inst/Core_cpu/SegReg_ID_EX_inst/pc[31]_i_8/O
                         net (fo=37, routed)          0.361     9.384    student_top_inst/Core_cpu/SegReg_ID_EX_inst/IF2_ID_flush[0]
    SLICE_X40Y185        LUT2 (Prop_lut2_I0_O)        0.043     9.427 r  student_top_inst/Core_cpu/SegReg_ID_EX_inst/inst_id[31]_i_1/O
                         net (fo=105, routed)         0.334     9.760    student_top_inst/Core_cpu/SegReg_IF1_IF2_inst/pc_if2_reg[0]_0
    SLICE_X43Y186        FDRE                                         r  student_top_inst/Core_cpu/SegReg_IF1_IF2_inst/pc_if2_reg[25]/CE
  -------------------------------------------------------------------    -------------------

                         (clock clk_out2_pll rise edge)
                                                      3.846     3.846 r  
    AD12                                              0.000     3.846 r  i_sys_clk_p (IN)
                         net (fo=0)                   0.000     3.846    pll_inst/inst/clk_in1_p
    AD12                 IBUFDS (Prop_ibufds_I_O)     0.803     4.650 r  pll_inst/inst/clkin1_ibufgds/O
                         net (fo=1, routed)           2.173     6.823    pll_inst/inst/clk_in1_pll_buf
    BUFGCTRL_X0Y3        BUFG (Prop_bufg_I_O)         0.083     6.906 r  pll_inst/inst/clkin1_bufg1/O
                         net (fo=1, routed)           1.796     8.702    pll_inst/inst/clk_in1_pll
    PLLE2_ADV_X1Y0       PLLE2_ADV (Prop_plle2_adv_CLKIN1_CLKOUT1)
                                                     -4.213     4.489 r  pll_inst/inst/plle2_adv_inst/CLKOUT1
                         net (fo=1, routed)           2.334     6.823    pll_inst/inst/clk_out2_pll
    BUFGCTRL_X0Y0        BUFG (Prop_bufg_I_O)         0.083     6.906 r  pll_inst/inst/clkout2_buf/O
                         net (fo=2669, routed)        1.148     8.054    student_top_inst/Core_cpu/SegReg_IF1_IF2_inst/clk_out2
    SLICE_X43Y186        FDRE                                         r  student_top_inst/Core_cpu/SegReg_IF1_IF2_inst/pc_if2_reg[25]/C
                         clock pessimism              0.324     8.378    
                         clock uncertainty           -0.058     8.320    
    SLICE_X43Y186        FDRE (Setup_fdre_C_CE)      -0.201     8.119    student_top_inst/Core_cpu/SegReg_IF1_IF2_inst/pc_if2_reg[25]
  -------------------------------------------------------------------
                         required time                          8.119    
                         arrival time                          -9.760    
  -------------------------------------------------------------------
                         slack                                 -1.641    

Slack (VIOLATED) :        -1.641ns  (required time - arrival time)
  Source:                 student_top_inst/Core_cpu/SegReg_LS2_WB_inst/inst_wb_reg[8]/C
                            (rising edge-triggered cell FDRE clocked by clk_out2_pll  {rise@0.000ns fall@1.923ns period=3.846ns})
  Destination:            student_top_inst/Core_cpu/SegReg_IF1_IF2_inst/pc_if2_reg[27]/CE
                            (rising edge-triggered cell FDRE clocked by clk_out2_pll  {rise@0.000ns fall@1.923ns period=3.846ns})
  Path Group:             clk_out2_pll
  Path Type:              Setup (Max at Slow Process Corner)
  Requirement:            3.846ns  (clk_out2_pll rise@3.846ns - clk_out2_pll rise@0.000ns)
  Data Path Delay:        5.190ns  (logic 1.071ns (20.637%)  route 4.119ns (79.363%))
  Logic Levels:           14  (CARRY4=4 LUT2=1 LUT4=2 LUT5=1 LUT6=6)
  Clock Path Skew:        -0.039ns (DCD - SCD + CPR)
    Destination Clock Delay (DCD):    4.207ns = ( 8.054 - 3.846 ) 
    Source Clock Delay      (SCD):    4.571ns
    Clock Pessimism Removal (CPR):    0.324ns
  Clock Uncertainty:      0.058ns  ((TSJ^2 + DJ^2)^1/2) / 2 + PE
    Total System Jitter     (TSJ):    0.071ns
    Discrete Jitter          (DJ):    0.091ns
    Phase Error              (PE):    0.000ns

    Location             Delay type                Incr(ns)  Path(ns)    Netlist Resource(s)
  -------------------------------------------------------------------    -------------------
                         (clock clk_out2_pll rise edge)
                                                      0.000     0.000 r  
    AD12                                              0.000     0.000 r  i_sys_clk_p (IN)
                         net (fo=0)                   0.000     0.000    pll_inst/inst/clk_in1_p
    AD12                 IBUFDS (Prop_ibufds_I_O)     0.906     0.906 r  pll_inst/inst/clkin1_ibufgds/O
                         net (fo=1, routed)           2.299     3.205    pll_inst/inst/clk_in1_pll_buf
    BUFGCTRL_X0Y3        BUFG (Prop_bufg_I_O)         0.093     3.298 r  pll_inst/inst/clkin1_bufg1/O
                         net (fo=1, routed)           1.959     5.257    pll_inst/inst/clk_in1_pll
    PLLE2_ADV_X1Y0       PLLE2_ADV (Prop_plle2_adv_CLKIN1_CLKOUT1)
                                                     -4.519     0.738 r  pll_inst/inst/plle2_adv_inst/CLKOUT1
                         net (fo=1, routed)           2.467     3.205    pll_inst/inst/clk_out2_pll
    BUFGCTRL_X0Y0        BUFG (Prop_bufg_I_O)         0.093     3.298 r  pll_inst/inst/clkout2_buf/O
                         net (fo=2669, routed)        1.273     4.571    student_top_inst/Core_cpu/SegReg_LS2_WB_inst/clk_out2
    SLICE_X36Y178        FDRE                                         r  student_top_inst/Core_cpu/SegReg_LS2_WB_inst/inst_wb_reg[8]/C
  -------------------------------------------------------------------    -------------------
    SLICE_X36Y178        FDRE (Prop_fdre_C_Q)         0.223     4.794 r  student_top_inst/Core_cpu/SegReg_LS2_WB_inst/inst_wb_reg[8]/Q
                         net (fo=38, routed)          0.565     5.358    student_top_inst/Core_cpu/SegReg_LS2_WB_inst/inst_wb_reg_n_0_[8]
    SLICE_X36Y177        LUT5 (Prop_lut5_I1_O)        0.043     5.401 r  student_top_inst/Core_cpu/SegReg_LS2_WB_inst/mem_wdata_ls1[31]_i_11/O
                         net (fo=2, routed)           0.361     5.762    student_top_inst/Core_cpu/SegReg_LS2_WB_inst/Hazard_inst/forward1_en2__0
    SLICE_X36Y177        LUT6 (Prop_lut6_I0_O)        0.043     5.805 r  student_top_inst/Core_cpu/SegReg_LS2_WB_inst/mul_prod_r0_i_59/O
                         net (fo=97, routed)          0.544     6.349    student_top_inst/Core_cpu/SegReg_LS2_WB_inst/forward1_en0
    SLICE_X40Y173        LUT6 (Prop_lut6_I2_O)        0.043     6.392 r  student_top_inst/Core_cpu/SegReg_LS2_WB_inst/csr_wdata_ls1[2]_i_3/O
                         net (fo=2, routed)           0.341     6.733    student_top_inst/Core_cpu/SegReg_EX_LS1_inst/csr_wdata_ls1_reg[2]_0
    SLICE_X40Y173        LUT6 (Prop_lut6_I4_O)        0.043     6.776 r  student_top_inst/Core_cpu/SegReg_EX_LS1_inst/csr_wdata_ls1[2]_i_2/O
                         net (fo=10, routed)          0.402     7.177    student_top_inst/Core_cpu/SegReg_EX_LS1_inst/alu_rf_data1[2]
    SLICE_X42Y174        LUT4 (Prop_lut4_I1_O)        0.043     7.220 r  student_top_inst/Core_cpu/SegReg_EX_LS1_inst/pc[31]_i_141/O
                         net (fo=1, routed)           0.000     7.220    student_top_inst/Core_cpu/SegReg_EX_LS1_inst/pc[31]_i_141_n_0
    SLICE_X42Y174        CARRY4 (Prop_carry4_S[1]_CO[3])
                                                      0.256     7.476 r  student_top_inst/Core_cpu/SegReg_EX_LS1_inst/pc_reg[31]_i_108/CO[3]
                         net (fo=1, routed)           0.007     7.484    student_top_inst/Core_cpu/SegReg_EX_LS1_inst/pc_reg[31]_i_108_n_0
    SLICE_X42Y175        CARRY4 (Prop_carry4_CI_CO[3])
                                                      0.054     7.538 r  student_top_inst/Core_cpu/SegReg_EX_LS1_inst/pc_reg[31]_i_73/CO[3]
                         net (fo=1, routed)           0.000     7.538    student_top_inst/Core_cpu/SegReg_EX_LS1_inst/pc_reg[31]_i_73_n_0
    SLICE_X42Y176        CARRY4 (Prop_carry4_CI_CO[3])
                                                      0.054     7.592 r  student_top_inst/Core_cpu/SegReg_EX_LS1_inst/pc_reg[31]_i_36/CO[3]
                         net (fo=1, routed)           0.000     7.592    student_top_inst/Core_cpu/SegReg_EX_LS1_inst/pc_reg[31]_i_36_n_0
    SLICE_X42Y177        CARRY4 (Prop_carry4_CI_CO[3])
                                                      0.054     7.646 f  student_top_inst/Core_cpu/SegReg_EX_LS1_inst/pc_reg[31]_i_17/CO[3]
                         net (fo=1, routed)           0.572     8.217    student_top_inst/Core_cpu/SegReg_ID_EX_inst/pc[31]_i_3_0[0]
    SLICE_X43Y180        LUT6 (Prop_lut6_I1_O)        0.043     8.260 f  student_top_inst/Core_cpu/SegReg_ID_EX_inst/pc[31]_i_10/O
                         net (fo=1, routed)           0.281     8.541    student_top_inst/Core_cpu/SegReg_ID_EX_inst/pc[31]_i_10_n_0
    SLICE_X40Y180        LUT6 (Prop_lut6_I0_O)        0.043     8.584 f  student_top_inst/Core_cpu/SegReg_ID_EX_inst/pc[31]_i_3/O
                         net (fo=2, routed)           0.203     8.787    student_top_inst/Core_cpu/SegReg_ID_EX_inst/pc[31]_i_3_n_0
    SLICE_X41Y182        LUT4 (Prop_lut4_I2_O)        0.043     8.830 f  student_top_inst/Core_cpu/SegReg_ID_EX_inst/pc[31]_i_16/O
                         net (fo=1, routed)           0.150     8.980    student_top_inst/Core_cpu/SegReg_ID_EX_inst/jump_valid[0]
    SLICE_X41Y182        LUT6 (Prop_lut6_I0_O)        0.043     9.023 f  student_top_inst/Core_cpu/SegReg_ID_EX_inst/pc[31]_i_8/O
                         net (fo=37, routed)          0.361     9.384    student_top_inst/Core_cpu/SegReg_ID_EX_inst/IF2_ID_flush[0]
    SLICE_X40Y185        LUT2 (Prop_lut2_I0_O)        0.043     9.427 r  student_top_inst/Core_cpu/SegReg_ID_EX_inst/inst_id[31]_i_1/O
                         net (fo=105, routed)         0.334     9.760    student_top_inst/Core_cpu/SegReg_IF1_IF2_inst/pc_if2_reg[0]_0
    SLICE_X43Y186        FDRE                                         r  student_top_inst/Core_cpu/SegReg_IF1_IF2_inst/pc_if2_reg[27]/CE
  -------------------------------------------------------------------    -------------------

                         (clock clk_out2_pll rise edge)
                                                      3.846     3.846 r  
    AD12                                              0.000     3.846 r  i_sys_clk_p (IN)
                         net (fo=0)                   0.000     3.846    pll_inst/inst/clk_in1_p
    AD12                 IBUFDS (Prop_ibufds_I_O)     0.803     4.650 r  pll_inst/inst/clkin1_ibufgds/O
                         net (fo=1, routed)           2.173     6.823    pll_inst/inst/clk_in1_pll_buf
    BUFGCTRL_X0Y3        BUFG (Prop_bufg_I_O)         0.083     6.906 r  pll_inst/inst/clkin1_bufg1/O
                         net (fo=1, routed)           1.796     8.702    pll_inst/inst/clk_in1_pll
    PLLE2_ADV_X1Y0       PLLE2_ADV (Prop_plle2_adv_CLKIN1_CLKOUT1)
                                                     -4.213     4.489 r  pll_inst/inst/plle2_adv_inst/CLKOUT1
                         net (fo=1, routed)           2.334     6.823    pll_inst/inst/clk_out2_pll
    BUFGCTRL_X0Y0        BUFG (Prop_bufg_I_O)         0.083     6.906 r  pll_inst/inst/clkout2_buf/O
                         net (fo=2669, routed)        1.148     8.054    student_top_inst/Core_cpu/SegReg_IF1_IF2_inst/clk_out2
    SLICE_X43Y186        FDRE                                         r  student_top_inst/Core_cpu/SegReg_IF1_IF2_inst/pc_if2_reg[27]/C
                         clock pessimism              0.324     8.378    
                         clock uncertainty           -0.058     8.320    
    SLICE_X43Y186        FDRE (Setup_fdre_C_CE)      -0.201     8.119    student_top_inst/Core_cpu/SegReg_IF1_IF2_inst/pc_if2_reg[27]
  -------------------------------------------------------------------
                         required time                          8.119    
                         arrival time                          -9.760    
  -------------------------------------------------------------------
                         slack                                 -1.641    

Slack (VIOLATED) :        -1.641ns  (required time - arrival time)
  Source:                 student_top_inst/Core_cpu/SegReg_LS2_WB_inst/inst_wb_reg[8]/C
                            (rising edge-triggered cell FDRE clocked by clk_out2_pll  {rise@0.000ns fall@1.923ns period=3.846ns})
  Destination:            student_top_inst/Core_cpu/SegReg_IF1_IF2_inst/pc_if2_reg[28]/CE
                            (rising edge-triggered cell FDRE clocked by clk_out2_pll  {rise@0.000ns fall@1.923ns period=3.846ns})
  Path Group:             clk_out2_pll
  Path Type:              Setup (Max at Slow Process Corner)
  Requirement:            3.846ns  (clk_out2_pll rise@3.846ns - clk_out2_pll rise@0.000ns)
  Data Path Delay:        5.190ns  (logic 1.071ns (20.637%)  route 4.119ns (79.363%))
  Logic Levels:           14  (CARRY4=4 LUT2=1 LUT4=2 LUT5=1 LUT6=6)
  Clock Path Skew:        -0.039ns (DCD - SCD + CPR)
    Destination Clock Delay (DCD):    4.207ns = ( 8.054 - 3.846 ) 
    Source Clock Delay      (SCD):    4.571ns
    Clock Pessimism Removal (CPR):    0.324ns
  Clock Uncertainty:      0.058ns  ((TSJ^2 + DJ^2)^1/2) / 2 + PE
    Total System Jitter     (TSJ):    0.071ns
    Discrete Jitter          (DJ):    0.091ns
    Phase Error              (PE):    0.000ns

    Location             Delay type                Incr(ns)  Path(ns)    Netlist Resource(s)
  -------------------------------------------------------------------    -------------------
                         (clock clk_out2_pll rise edge)
                                                      0.000     0.000 r  
    AD12                                              0.000     0.000 r  i_sys_clk_p (IN)
                         net (fo=0)                   0.000     0.000    pll_inst/inst/clk_in1_p
    AD12                 IBUFDS (Prop_ibufds_I_O)     0.906     0.906 r  pll_inst/inst/clkin1_ibufgds/O
                         net (fo=1, routed)           2.299     3.205    pll_inst/inst/clk_in1_pll_buf
    BUFGCTRL_X0Y3        BUFG (Prop_bufg_I_O)         0.093     3.298 r  pll_inst/inst/clkin1_bufg1/O
                         net (fo=1, routed)           1.959     5.257    pll_inst/inst/clk_in1_pll
    PLLE2_ADV_X1Y0       PLLE2_ADV (Prop_plle2_adv_CLKIN1_CLKOUT1)
                                                     -4.519     0.738 r  pll_inst/inst/plle2_adv_inst/CLKOUT1
                         net (fo=1, routed)           2.467     3.205    pll_inst/inst/clk_out2_pll
    BUFGCTRL_X0Y0        BUFG (Prop_bufg_I_O)         0.093     3.298 r  pll_inst/inst/clkout2_buf/O
                         net (fo=2669, routed)        1.273     4.571    student_top_inst/Core_cpu/SegReg_LS2_WB_inst/clk_out2
    SLICE_X36Y178        FDRE                                         r  student_top_inst/Core_cpu/SegReg_LS2_WB_inst/inst_wb_reg[8]/C
  -------------------------------------------------------------------    -------------------
    SLICE_X36Y178        FDRE (Prop_fdre_C_Q)         0.223     4.794 r  student_top_inst/Core_cpu/SegReg_LS2_WB_inst/inst_wb_reg[8]/Q
                         net (fo=38, routed)          0.565     5.358    student_top_inst/Core_cpu/SegReg_LS2_WB_inst/inst_wb_reg_n_0_[8]
    SLICE_X36Y177        LUT5 (Prop_lut5_I1_O)        0.043     5.401 r  student_top_inst/Core_cpu/SegReg_LS2_WB_inst/mem_wdata_ls1[31]_i_11/O
                         net (fo=2, routed)           0.361     5.762    student_top_inst/Core_cpu/SegReg_LS2_WB_inst/Hazard_inst/forward1_en2__0
    SLICE_X36Y177        LUT6 (Prop_lut6_I0_O)        0.043     5.805 r  student_top_inst/Core_cpu/SegReg_LS2_WB_inst/mul_prod_r0_i_59/O
                         net (fo=97, routed)          0.544     6.349    student_top_inst/Core_cpu/SegReg_LS2_WB_inst/forward1_en0
    SLICE_X40Y173        LUT6 (Prop_lut6_I2_O)        0.043     6.392 r  student_top_inst/Core_cpu/SegReg_LS2_WB_inst/csr_wdata_ls1[2]_i_3/O
                         net (fo=2, routed)           0.341     6.733    student_top_inst/Core_cpu/SegReg_EX_LS1_inst/csr_wdata_ls1_reg[2]_0
    SLICE_X40Y173        LUT6 (Prop_lut6_I4_O)        0.043     6.776 r  student_top_inst/Core_cpu/SegReg_EX_LS1_inst/csr_wdata_ls1[2]_i_2/O
                         net (fo=10, routed)          0.402     7.177    student_top_inst/Core_cpu/SegReg_EX_LS1_inst/alu_rf_data1[2]
    SLICE_X42Y174        LUT4 (Prop_lut4_I1_O)        0.043     7.220 r  student_top_inst/Core_cpu/SegReg_EX_LS1_inst/pc[31]_i_141/O
                         net (fo=1, routed)           0.000     7.220    student_top_inst/Core_cpu/SegReg_EX_LS1_inst/pc[31]_i_141_n_0
    SLICE_X42Y174        CARRY4 (Prop_carry4_S[1]_CO[3])
                                                      0.256     7.476 r  student_top_inst/Core_cpu/SegReg_EX_LS1_inst/pc_reg[31]_i_108/CO[3]
                         net (fo=1, routed)           0.007     7.484    student_top_inst/Core_cpu/SegReg_EX_LS1_inst/pc_reg[31]_i_108_n_0
    SLICE_X42Y175        CARRY4 (Prop_carry4_CI_CO[3])
                                                      0.054     7.538 r  student_top_inst/Core_cpu/SegReg_EX_LS1_inst/pc_reg[31]_i_73/CO[3]
                         net (fo=1, routed)           0.000     7.538    student_top_inst/Core_cpu/SegReg_EX_LS1_inst/pc_reg[31]_i_73_n_0
    SLICE_X42Y176        CARRY4 (Prop_carry4_CI_CO[3])
                                                      0.054     7.592 r  student_top_inst/Core_cpu/SegReg_EX_LS1_inst/pc_reg[31]_i_36/CO[3]
                         net (fo=1, routed)           0.000     7.592    student_top_inst/Core_cpu/SegReg_EX_LS1_inst/pc_reg[31]_i_36_n_0
    SLICE_X42Y177        CARRY4 (Prop_carry4_CI_CO[3])
                                                      0.054     7.646 f  student_top_inst/Core_cpu/SegReg_EX_LS1_inst/pc_reg[31]_i_17/CO[3]
                         net (fo=1, routed)           0.572     8.217    student_top_inst/Core_cpu/SegReg_ID_EX_inst/pc[31]_i_3_0[0]
    SLICE_X43Y180        LUT6 (Prop_lut6_I1_O)        0.043     8.260 f  student_top_inst/Core_cpu/SegReg_ID_EX_inst/pc[31]_i_10/O
                         net (fo=1, routed)           0.281     8.541    student_top_inst/Core_cpu/SegReg_ID_EX_inst/pc[31]_i_10_n_0
    SLICE_X40Y180        LUT6 (Prop_lut6_I0_O)        0.043     8.584 f  student_top_inst/Core_cpu/SegReg_ID_EX_inst/pc[31]_i_3/O
                         net (fo=2, routed)           0.203     8.787    student_top_inst/Core_cpu/SegReg_ID_EX_inst/pc[31]_i_3_n_0
    SLICE_X41Y182        LUT4 (Prop_lut4_I2_O)        0.043     8.830 f  student_top_inst/Core_cpu/SegReg_ID_EX_inst/pc[31]_i_16/O
                         net (fo=1, routed)           0.150     8.980    student_top_inst/Core_cpu/SegReg_ID_EX_inst/jump_valid[0]
    SLICE_X41Y182        LUT6 (Prop_lut6_I0_O)        0.043     9.023 f  student_top_inst/Core_cpu/SegReg_ID_EX_inst/pc[31]_i_8/O
                         net (fo=37, routed)          0.361     9.384    student_top_inst/Core_cpu/SegReg_ID_EX_inst/IF2_ID_flush[0]
    SLICE_X40Y185        LUT2 (Prop_lut2_I0_O)        0.043     9.427 r  student_top_inst/Core_cpu/SegReg_ID_EX_inst/inst_id[31]_i_1/O
                         net (fo=105, routed)         0.334     9.760    student_top_inst/Core_cpu/SegReg_IF1_IF2_inst/pc_if2_reg[0]_0
    SLICE_X43Y186        FDRE                                         r  student_top_inst/Core_cpu/SegReg_IF1_IF2_inst/pc_if2_reg[28]/CE
  -------------------------------------------------------------------    -------------------

                         (clock clk_out2_pll rise edge)
                                                      3.846     3.846 r  
    AD12                                              0.000     3.846 r  i_sys_clk_p (IN)
                         net (fo=0)                   0.000     3.846    pll_inst/inst/clk_in1_p
    AD12                 IBUFDS (Prop_ibufds_I_O)     0.803     4.650 r  pll_inst/inst/clkin1_ibufgds/O
                         net (fo=1, routed)           2.173     6.823    pll_inst/inst/clk_in1_pll_buf
    BUFGCTRL_X0Y3        BUFG (Prop_bufg_I_O)         0.083     6.906 r  pll_inst/inst/clkin1_bufg1/O
                         net (fo=1, routed)           1.796     8.702    pll_inst/inst/clk_in1_pll
    PLLE2_ADV_X1Y0       PLLE2_ADV (Prop_plle2_adv_CLKIN1_CLKOUT1)
                                                     -4.213     4.489 r  pll_inst/inst/plle2_adv_inst/CLKOUT1
                         net (fo=1, routed)           2.334     6.823    pll_inst/inst/clk_out2_pll
    BUFGCTRL_X0Y0        BUFG (Prop_bufg_I_O)         0.083     6.906 r  pll_inst/inst/clkout2_buf/O
                         net (fo=2669, routed)        1.148     8.054    student_top_inst/Core_cpu/SegReg_IF1_IF2_inst/clk_out2
    SLICE_X43Y186        FDRE                                         r  student_top_inst/Core_cpu/SegReg_IF1_IF2_inst/pc_if2_reg[28]/C
                         clock pessimism              0.324     8.378    
                         clock uncertainty           -0.058     8.320    
    SLICE_X43Y186        FDRE (Setup_fdre_C_CE)      -0.201     8.119    student_top_inst/Core_cpu/SegReg_IF1_IF2_inst/pc_if2_reg[28]
  -------------------------------------------------------------------
                         required time                          8.119    
                         arrival time                          -9.760    
  -------------------------------------------------------------------
                         slack                                 -1.641    

Slack (VIOLATED) :        -1.641ns  (required time - arrival time)
  Source:                 student_top_inst/Core_cpu/SegReg_LS2_WB_inst/inst_wb_reg[8]/C
                            (rising edge-triggered cell FDRE clocked by clk_out2_pll  {rise@0.000ns fall@1.923ns period=3.846ns})
  Destination:            student_top_inst/Core_cpu/SegReg_IF1_IF2_inst/pc_if2_reg[4]/CE
                            (rising edge-triggered cell FDRE clocked by clk_out2_pll  {rise@0.000ns fall@1.923ns period=3.846ns})
  Path Group:             clk_out2_pll
  Path Type:              Setup (Max at Slow Process Corner)
  Requirement:            3.846ns  (clk_out2_pll rise@3.846ns - clk_out2_pll rise@0.000ns)
  Data Path Delay:        5.190ns  (logic 1.071ns (20.637%)  route 4.119ns (79.363%))
  Logic Levels:           14  (CARRY4=4 LUT2=1 LUT4=2 LUT5=1 LUT6=6)
  Clock Path Skew:        -0.039ns (DCD - SCD + CPR)
    Destination Clock Delay (DCD):    4.207ns = ( 8.054 - 3.846 ) 
    Source Clock Delay      (SCD):    4.571ns
    Clock Pessimism Removal (CPR):    0.324ns
  Clock Uncertainty:      0.058ns  ((TSJ^2 + DJ^2)^1/2) / 2 + PE
    Total System Jitter     (TSJ):    0.071ns
    Discrete Jitter          (DJ):    0.091ns
    Phase Error              (PE):    0.000ns

    Location             Delay type                Incr(ns)  Path(ns)    Netlist Resource(s)
  -------------------------------------------------------------------    -------------------
                         (clock clk_out2_pll rise edge)
                                                      0.000     0.000 r  
    AD12                                              0.000     0.000 r  i_sys_clk_p (IN)
                         net (fo=0)                   0.000     0.000    pll_inst/inst/clk_in1_p
    AD12                 IBUFDS (Prop_ibufds_I_O)     0.906     0.906 r  pll_inst/inst/clkin1_ibufgds/O
                         net (fo=1, routed)           2.299     3.205    pll_inst/inst/clk_in1_pll_buf
    BUFGCTRL_X0Y3        BUFG (Prop_bufg_I_O)         0.093     3.298 r  pll_inst/inst/clkin1_bufg1/O
                         net (fo=1, routed)           1.959     5.257    pll_inst/inst/clk_in1_pll
    PLLE2_ADV_X1Y0       PLLE2_ADV (Prop_plle2_adv_CLKIN1_CLKOUT1)
                                                     -4.519     0.738 r  pll_inst/inst/plle2_adv_inst/CLKOUT1
                         net (fo=1, routed)           2.467     3.205    pll_inst/inst/clk_out2_pll
    BUFGCTRL_X0Y0        BUFG (Prop_bufg_I_O)         0.093     3.298 r  pll_inst/inst/clkout2_buf/O
                         net (fo=2669, routed)        1.273     4.571    student_top_inst/Core_cpu/SegReg_LS2_WB_inst/clk_out2
    SLICE_X36Y178        FDRE                                         r  student_top_inst/Core_cpu/SegReg_LS2_WB_inst/inst_wb_reg[8]/C
  -------------------------------------------------------------------    -------------------
    SLICE_X36Y178        FDRE (Prop_fdre_C_Q)         0.223     4.794 r  student_top_inst/Core_cpu/SegReg_LS2_WB_inst/inst_wb_reg[8]/Q
                         net (fo=38, routed)          0.565     5.358    student_top_inst/Core_cpu/SegReg_LS2_WB_inst/inst_wb_reg_n_0_[8]
    SLICE_X36Y177        LUT5 (Prop_lut5_I1_O)        0.043     5.401 r  student_top_inst/Core_cpu/SegReg_LS2_WB_inst/mem_wdata_ls1[31]_i_11/O
                         net (fo=2, routed)           0.361     5.762    student_top_inst/Core_cpu/SegReg_LS2_WB_inst/Hazard_inst/forward1_en2__0
    SLICE_X36Y177        LUT6 (Prop_lut6_I0_O)        0.043     5.805 r  student_top_inst/Core_cpu/SegReg_LS2_WB_inst/mul_prod_r0_i_59/O
                         net (fo=97, routed)          0.544     6.349    student_top_inst/Core_cpu/SegReg_LS2_WB_inst/forward1_en0
    SLICE_X40Y173        LUT6 (Prop_lut6_I2_O)        0.043     6.392 r  student_top_inst/Core_cpu/SegReg_LS2_WB_inst/csr_wdata_ls1[2]_i_3/O
                         net (fo=2, routed)           0.341     6.733    student_top_inst/Core_cpu/SegReg_EX_LS1_inst/csr_wdata_ls1_reg[2]_0
    SLICE_X40Y173        LUT6 (Prop_lut6_I4_O)        0.043     6.776 r  student_top_inst/Core_cpu/SegReg_EX_LS1_inst/csr_wdata_ls1[2]_i_2/O
                         net (fo=10, routed)          0.402     7.177    student_top_inst/Core_cpu/SegReg_EX_LS1_inst/alu_rf_data1[2]
    SLICE_X42Y174        LUT4 (Prop_lut4_I1_O)        0.043     7.220 r  student_top_inst/Core_cpu/SegReg_EX_LS1_inst/pc[31]_i_141/O
                         net (fo=1, routed)           0.000     7.220    student_top_inst/Core_cpu/SegReg_EX_LS1_inst/pc[31]_i_141_n_0
    SLICE_X42Y174        CARRY4 (Prop_carry4_S[1]_CO[3])
                                                      0.256     7.476 r  student_top_inst/Core_cpu/SegReg_EX_LS1_inst/pc_reg[31]_i_108/CO[3]
                         net (fo=1, routed)           0.007     7.484    student_top_inst/Core_cpu/SegReg_EX_LS1_inst/pc_reg[31]_i_108_n_0
    SLICE_X42Y175        CARRY4 (Prop_carry4_CI_CO[3])
                                                      0.054     7.538 r  student_top_inst/Core_cpu/SegReg_EX_LS1_inst/pc_reg[31]_i_73/CO[3]
                         net (fo=1, routed)           0.000     7.538    student_top_inst/Core_cpu/SegReg_EX_LS1_inst/pc_reg[31]_i_73_n_0
    SLICE_X42Y176        CARRY4 (Prop_carry4_CI_CO[3])
                                                      0.054     7.592 r  student_top_inst/Core_cpu/SegReg_EX_LS1_inst/pc_reg[31]_i_36/CO[3]
                         net (fo=1, routed)           0.000     7.592    student_top_inst/Core_cpu/SegReg_EX_LS1_inst/pc_reg[31]_i_36_n_0
    SLICE_X42Y177        CARRY4 (Prop_carry4_CI_CO[3])
                                                      0.054     7.646 f  student_top_inst/Core_cpu/SegReg_EX_LS1_inst/pc_reg[31]_i_17/CO[3]
                         net (fo=1, routed)           0.572     8.217    student_top_inst/Core_cpu/SegReg_ID_EX_inst/pc[31]_i_3_0[0]
    SLICE_X43Y180        LUT6 (Prop_lut6_I1_O)        0.043     8.260 f  student_top_inst/Core_cpu/SegReg_ID_EX_inst/pc[31]_i_10/O
                         net (fo=1, routed)           0.281     8.541    student_top_inst/Core_cpu/SegReg_ID_EX_inst/pc[31]_i_10_n_0
    SLICE_X40Y180        LUT6 (Prop_lut6_I0_O)        0.043     8.584 f  student_top_inst/Core_cpu/SegReg_ID_EX_inst/pc[31]_i_3/O
                         net (fo=2, routed)           0.203     8.787    student_top_inst/Core_cpu/SegReg_ID_EX_inst/pc[31]_i_3_n_0
    SLICE_X41Y182        LUT4 (Prop_lut4_I2_O)        0.043     8.830 f  student_top_inst/Core_cpu/SegReg_ID_EX_inst/pc[31]_i_16/O
                         net (fo=1, routed)           0.150     8.980    student_top_inst/Core_cpu/SegReg_ID_EX_inst/jump_valid[0]
    SLICE_X41Y182        LUT6 (Prop_lut6_I0_O)        0.043     9.023 f  student_top_inst/Core_cpu/SegReg_ID_EX_inst/pc[31]_i_8/O
                         net (fo=37, routed)          0.361     9.384    student_top_inst/Core_cpu/SegReg_ID_EX_inst/IF2_ID_flush[0]
    SLICE_X40Y185        LUT2 (Prop_lut2_I0_O)        0.043     9.427 r  student_top_inst/Core_cpu/SegReg_ID_EX_inst/inst_id[31]_i_1/O
                         net (fo=105, routed)         0.334     9.760    student_top_inst/Core_cpu/SegReg_IF1_IF2_inst/pc_if2_reg[0]_0
    SLICE_X43Y186        FDRE                                         r  student_top_inst/Core_cpu/SegReg_IF1_IF2_inst/pc_if2_reg[4]/CE
  -------------------------------------------------------------------    -------------------

                         (clock clk_out2_pll rise edge)
                                                      3.846     3.846 r  
    AD12                                              0.000     3.846 r  i_sys_clk_p (IN)
                         net (fo=0)                   0.000     3.846    pll_inst/inst/clk_in1_p
    AD12                 IBUFDS (Prop_ibufds_I_O)     0.803     4.650 r  pll_inst/inst/clkin1_ibufgds/O
                         net (fo=1, routed)           2.173     6.823    pll_inst/inst/clk_in1_pll_buf
    BUFGCTRL_X0Y3        BUFG (Prop_bufg_I_O)         0.083     6.906 r  pll_inst/inst/clkin1_bufg1/O
                         net (fo=1, routed)           1.796     8.702    pll_inst/inst/clk_in1_pll
    PLLE2_ADV_X1Y0       PLLE2_ADV (Prop_plle2_adv_CLKIN1_CLKOUT1)
                                                     -4.213     4.489 r  pll_inst/inst/plle2_adv_inst/CLKOUT1
                         net (fo=1, routed)           2.334     6.823    pll_inst/inst/clk_out2_pll
    BUFGCTRL_X0Y0        BUFG (Prop_bufg_I_O)         0.083     6.906 r  pll_inst/inst/clkout2_buf/O
                         net (fo=2669, routed)        1.148     8.054    student_top_inst/Core_cpu/SegReg_IF1_IF2_inst/clk_out2
    SLICE_X43Y186        FDRE                                         r  student_top_inst/Core_cpu/SegReg_IF1_IF2_inst/pc_if2_reg[4]/C
                         clock pessimism              0.324     8.378    
                         clock uncertainty           -0.058     8.320    
    SLICE_X43Y186        FDRE (Setup_fdre_C_CE)      -0.201     8.119    student_top_inst/Core_cpu/SegReg_IF1_IF2_inst/pc_if2_reg[4]
  -------------------------------------------------------------------
                         required time                          8.119    
                         arrival time                          -9.760    
  -------------------------------------------------------------------
                         slack                                 -1.641    

Slack (VIOLATED) :        -1.641ns  (required time - arrival time)
  Source:                 student_top_inst/Core_cpu/SegReg_LS2_WB_inst/inst_wb_reg[8]/C
                            (rising edge-triggered cell FDRE clocked by clk_out2_pll  {rise@0.000ns fall@1.923ns period=3.846ns})
  Destination:            student_top_inst/Core_cpu/SegReg_IF2_ID_inst/inst_id_reg[16]_rep__1/CE
                            (rising edge-triggered cell FDRE clocked by clk_out2_pll  {rise@0.000ns fall@1.923ns period=3.846ns})
  Path Group:             clk_out2_pll
  Path Type:              Setup (Max at Slow Process Corner)
  Requirement:            3.846ns  (clk_out2_pll rise@3.846ns - clk_out2_pll rise@0.000ns)
  Data Path Delay:        5.190ns  (logic 1.071ns (20.637%)  route 4.119ns (79.363%))
  Logic Levels:           14  (CARRY4=4 LUT2=1 LUT4=2 LUT5=1 LUT6=6)
  Clock Path Skew:        -0.039ns (DCD - SCD + CPR)
    Destination Clock Delay (DCD):    4.207ns = ( 8.054 - 3.846 ) 
    Source Clock Delay      (SCD):    4.571ns
    Clock Pessimism Removal (CPR):    0.324ns
  Clock Uncertainty:      0.058ns  ((TSJ^2 + DJ^2)^1/2) / 2 + PE
    Total System Jitter     (TSJ):    0.071ns
    Discrete Jitter          (DJ):    0.091ns
    Phase Error              (PE):    0.000ns

    Location             Delay type                Incr(ns)  Path(ns)    Netlist Resource(s)
  -------------------------------------------------------------------    -------------------
                         (clock clk_out2_pll rise edge)
                                                      0.000     0.000 r  
    AD12                                              0.000     0.000 r  i_sys_clk_p (IN)
                         net (fo=0)                   0.000     0.000    pll_inst/inst/clk_in1_p
    AD12                 IBUFDS (Prop_ibufds_I_O)     0.906     0.906 r  pll_inst/inst/clkin1_ibufgds/O
                         net (fo=1, routed)           2.299     3.205    pll_inst/inst/clk_in1_pll_buf
    BUFGCTRL_X0Y3        BUFG (Prop_bufg_I_O)         0.093     3.298 r  pll_inst/inst/clkin1_bufg1/O
                         net (fo=1, routed)           1.959     5.257    pll_inst/inst/clk_in1_pll
    PLLE2_ADV_X1Y0       PLLE2_ADV (Prop_plle2_adv_CLKIN1_CLKOUT1)
                                                     -4.519     0.738 r  pll_inst/inst/plle2_adv_inst/CLKOUT1
                         net (fo=1, routed)           2.467     3.205    pll_inst/inst/clk_out2_pll
    BUFGCTRL_X0Y0        BUFG (Prop_bufg_I_O)         0.093     3.298 r  pll_inst/inst/clkout2_buf/O
                         net (fo=2669, routed)        1.273     4.571    student_top_inst/Core_cpu/SegReg_LS2_WB_inst/clk_out2
    SLICE_X36Y178        FDRE                                         r  student_top_inst/Core_cpu/SegReg_LS2_WB_inst/inst_wb_reg[8]/C
  -------------------------------------------------------------------    -------------------
    SLICE_X36Y178        FDRE (Prop_fdre_C_Q)         0.223     4.794 r  student_top_inst/Core_cpu/SegReg_LS2_WB_inst/inst_wb_reg[8]/Q
                         net (fo=38, routed)          0.565     5.358    student_top_inst/Core_cpu/SegReg_LS2_WB_inst/inst_wb_reg_n_0_[8]
    SLICE_X36Y177        LUT5 (Prop_lut5_I1_O)        0.043     5.401 r  student_top_inst/Core_cpu/SegReg_LS2_WB_inst/mem_wdata_ls1[31]_i_11/O
                         net (fo=2, routed)           0.361     5.762    student_top_inst/Core_cpu/SegReg_LS2_WB_inst/Hazard_inst/forward1_en2__0
    SLICE_X36Y177        LUT6 (Prop_lut6_I0_O)        0.043     5.805 r  student_top_inst/Core_cpu/SegReg_LS2_WB_inst/mul_prod_r0_i_59/O
                         net (fo=97, routed)          0.544     6.349    student_top_inst/Core_cpu/SegReg_LS2_WB_inst/forward1_en0
    SLICE_X40Y173        LUT6 (Prop_lut6_I2_O)        0.043     6.392 r  student_top_inst/Core_cpu/SegReg_LS2_WB_inst/csr_wdata_ls1[2]_i_3/O
                         net (fo=2, routed)           0.341     6.733    student_top_inst/Core_cpu/SegReg_EX_LS1_inst/csr_wdata_ls1_reg[2]_0
    SLICE_X40Y173        LUT6 (Prop_lut6_I4_O)        0.043     6.776 r  student_top_inst/Core_cpu/SegReg_EX_LS1_inst/csr_wdata_ls1[2]_i_2/O
                         net (fo=10, routed)          0.402     7.177    student_top_inst/Core_cpu/SegReg_EX_LS1_inst/alu_rf_data1[2]
    SLICE_X42Y174        LUT4 (Prop_lut4_I1_O)        0.043     7.220 r  student_top_inst/Core_cpu/SegReg_EX_LS1_inst/pc[31]_i_141/O
                         net (fo=1, routed)           0.000     7.220    student_top_inst/Core_cpu/SegReg_EX_LS1_inst/pc[31]_i_141_n_0
    SLICE_X42Y174        CARRY4 (Prop_carry4_S[1]_CO[3])
                                                      0.256     7.476 r  student_top_inst/Core_cpu/SegReg_EX_LS1_inst/pc_reg[31]_i_108/CO[3]
                         net (fo=1, routed)           0.007     7.484    student_top_inst/Core_cpu/SegReg_EX_LS1_inst/pc_reg[31]_i_108_n_0
    SLICE_X42Y175        CARRY4 (Prop_carry4_CI_CO[3])
                                                      0.054     7.538 r  student_top_inst/Core_cpu/SegReg_EX_LS1_inst/pc_reg[31]_i_73/CO[3]
                         net (fo=1, routed)           0.000     7.538    student_top_inst/Core_cpu/SegReg_EX_LS1_inst/pc_reg[31]_i_73_n_0
    SLICE_X42Y176        CARRY4 (Prop_carry4_CI_CO[3])
                                                      0.054     7.592 r  student_top_inst/Core_cpu/SegReg_EX_LS1_inst/pc_reg[31]_i_36/CO[3]
                         net (fo=1, routed)           0.000     7.592    student_top_inst/Core_cpu/SegReg_EX_LS1_inst/pc_reg[31]_i_36_n_0
    SLICE_X42Y177        CARRY4 (Prop_carry4_CI_CO[3])
                                                      0.054     7.646 f  student_top_inst/Core_cpu/SegReg_EX_LS1_inst/pc_reg[31]_i_17/CO[3]
                         net (fo=1, routed)           0.572     8.217    student_top_inst/Core_cpu/SegReg_ID_EX_inst/pc[31]_i_3_0[0]
    SLICE_X43Y180        LUT6 (Prop_lut6_I1_O)        0.043     8.260 f  student_top_inst/Core_cpu/SegReg_ID_EX_inst/pc[31]_i_10/O
                         net (fo=1, routed)           0.281     8.541    student_top_inst/Core_cpu/SegReg_ID_EX_inst/pc[31]_i_10_n_0
    SLICE_X40Y180        LUT6 (Prop_lut6_I0_O)        0.043     8.584 f  student_top_inst/Core_cpu/SegReg_ID_EX_inst/pc[31]_i_3/O
                         net (fo=2, routed)           0.203     8.787    student_top_inst/Core_cpu/SegReg_ID_EX_inst/pc[31]_i_3_n_0
    SLICE_X41Y182        LUT4 (Prop_lut4_I2_O)        0.043     8.830 f  student_top_inst/Core_cpu/SegReg_ID_EX_inst/pc[31]_i_16/O
                         net (fo=1, routed)           0.150     8.980    student_top_inst/Core_cpu/SegReg_ID_EX_inst/jump_valid[0]
    SLICE_X41Y182        LUT6 (Prop_lut6_I0_O)        0.043     9.023 f  student_top_inst/Core_cpu/SegReg_ID_EX_inst/pc[31]_i_8/O
                         net (fo=37, routed)          0.361     9.384    student_top_inst/Core_cpu/SegReg_ID_EX_inst/IF2_ID_flush[0]
    SLICE_X40Y185        LUT2 (Prop_lut2_I0_O)        0.043     9.427 r  student_top_inst/Core_cpu/SegReg_ID_EX_inst/inst_id[31]_i_1/O
                         net (fo=105, routed)         0.334     9.760    student_top_inst/Core_cpu/SegReg_IF2_ID_inst/inst_id_reg[31]_1
    SLICE_X43Y186        FDRE                                         r  student_top_inst/Core_cpu/SegReg_IF2_ID_inst/inst_id_reg[16]_rep__1/CE
  -------------------------------------------------------------------    -------------------

                         (clock clk_out2_pll rise edge)
                                                      3.846     3.846 r  
    AD12                                              0.000     3.846 r  i_sys_clk_p (IN)
                         net (fo=0)                   0.000     3.846    pll_inst/inst/clk_in1_p
    AD12                 IBUFDS (Prop_ibufds_I_O)     0.803     4.650 r  pll_inst/inst/clkin1_ibufgds/O
                         net (fo=1, routed)           2.173     6.823    pll_inst/inst/clk_in1_pll_buf
    BUFGCTRL_X0Y3        BUFG (Prop_bufg_I_O)         0.083     6.906 r  pll_inst/inst/clkin1_bufg1/O
                         net (fo=1, routed)           1.796     8.702    pll_inst/inst/clk_in1_pll
    PLLE2_ADV_X1Y0       PLLE2_ADV (Prop_plle2_adv_CLKIN1_CLKOUT1)
                                                     -4.213     4.489 r  pll_inst/inst/plle2_adv_inst/CLKOUT1
                         net (fo=1, routed)           2.334     6.823    pll_inst/inst/clk_out2_pll
    BUFGCTRL_X0Y0        BUFG (Prop_bufg_I_O)         0.083     6.906 r  pll_inst/inst/clkout2_buf/O
                         net (fo=2669, routed)        1.148     8.054    student_top_inst/Core_cpu/SegReg_IF2_ID_inst/clk_out2
    SLICE_X43Y186        FDRE                                         r  student_top_inst/Core_cpu/SegReg_IF2_ID_inst/inst_id_reg[16]_rep__1/C
                         clock pessimism              0.324     8.378    
                         clock uncertainty           -0.058     8.320    
    SLICE_X43Y186        FDRE (Setup_fdre_C_CE)      -0.201     8.119    student_top_inst/Core_cpu/SegReg_IF2_ID_inst/inst_id_reg[16]_rep__1
  -------------------------------------------------------------------
                         required time                          8.119    
                         arrival time                          -9.760    
  -------------------------------------------------------------------
                         slack                                 -1.641    

Slack (VIOLATED) :        -1.641ns  (required time - arrival time)
  Source:                 student_top_inst/Core_cpu/SegReg_LS2_WB_inst/inst_wb_reg[8]/C
                            (rising edge-triggered cell FDRE clocked by clk_out2_pll  {rise@0.000ns fall@1.923ns period=3.846ns})
  Destination:            student_top_inst/Core_cpu/SegReg_IF2_ID_inst/inst_id_reg[17]/CE
                            (rising edge-triggered cell FDRE clocked by clk_out2_pll  {rise@0.000ns fall@1.923ns period=3.846ns})
  Path Group:             clk_out2_pll
  Path Type:              Setup (Max at Slow Process Corner)
  Requirement:            3.846ns  (clk_out2_pll rise@3.846ns - clk_out2_pll rise@0.000ns)
  Data Path Delay:        5.190ns  (logic 1.071ns (20.637%)  route 4.119ns (79.363%))
  Logic Levels:           14  (CARRY4=4 LUT2=1 LUT4=2 LUT5=1 LUT6=6)
  Clock Path Skew:        -0.039ns (DCD - SCD + CPR)
    Destination Clock Delay (DCD):    4.207ns = ( 8.054 - 3.846 ) 
    Source Clock Delay      (SCD):    4.571ns
    Clock Pessimism Removal (CPR):    0.324ns
  Clock Uncertainty:      0.058ns  ((TSJ^2 + DJ^2)^1/2) / 2 + PE
    Total System Jitter     (TSJ):    0.071ns
    Discrete Jitter          (DJ):    0.091ns
    Phase Error              (PE):    0.000ns

    Location             Delay type                Incr(ns)  Path(ns)    Netlist Resource(s)
  -------------------------------------------------------------------    -------------------
                         (clock clk_out2_pll rise edge)
                                                      0.000     0.000 r  
    AD12                                              0.000     0.000 r  i_sys_clk_p (IN)
                         net (fo=0)                   0.000     0.000    pll_inst/inst/clk_in1_p
    AD12                 IBUFDS (Prop_ibufds_I_O)     0.906     0.906 r  pll_inst/inst/clkin1_ibufgds/O
                         net (fo=1, routed)           2.299     3.205    pll_inst/inst/clk_in1_pll_buf
    BUFGCTRL_X0Y3        BUFG (Prop_bufg_I_O)         0.093     3.298 r  pll_inst/inst/clkin1_bufg1/O
                         net (fo=1, routed)           1.959     5.257    pll_inst/inst/clk_in1_pll
    PLLE2_ADV_X1Y0       PLLE2_ADV (Prop_plle2_adv_CLKIN1_CLKOUT1)
                                                     -4.519     0.738 r  pll_inst/inst/plle2_adv_inst/CLKOUT1
                         net (fo=1, routed)           2.467     3.205    pll_inst/inst/clk_out2_pll
    BUFGCTRL_X0Y0        BUFG (Prop_bufg_I_O)         0.093     3.298 r  pll_inst/inst/clkout2_buf/O
                         net (fo=2669, routed)        1.273     4.571    student_top_inst/Core_cpu/SegReg_LS2_WB_inst/clk_out2
    SLICE_X36Y178        FDRE                                         r  student_top_inst/Core_cpu/SegReg_LS2_WB_inst/inst_wb_reg[8]/C
  -------------------------------------------------------------------    -------------------
    SLICE_X36Y178        FDRE (Prop_fdre_C_Q)         0.223     4.794 r  student_top_inst/Core_cpu/SegReg_LS2_WB_inst/inst_wb_reg[8]/Q
                         net (fo=38, routed)          0.565     5.358    student_top_inst/Core_cpu/SegReg_LS2_WB_inst/inst_wb_reg_n_0_[8]
    SLICE_X36Y177        LUT5 (Prop_lut5_I1_O)        0.043     5.401 r  student_top_inst/Core_cpu/SegReg_LS2_WB_inst/mem_wdata_ls1[31]_i_11/O
                         net (fo=2, routed)           0.361     5.762    student_top_inst/Core_cpu/SegReg_LS2_WB_inst/Hazard_inst/forward1_en2__0
    SLICE_X36Y177        LUT6 (Prop_lut6_I0_O)        0.043     5.805 r  student_top_inst/Core_cpu/SegReg_LS2_WB_inst/mul_prod_r0_i_59/O
                         net (fo=97, routed)          0.544     6.349    student_top_inst/Core_cpu/SegReg_LS2_WB_inst/forward1_en0
    SLICE_X40Y173        LUT6 (Prop_lut6_I2_O)        0.043     6.392 r  student_top_inst/Core_cpu/SegReg_LS2_WB_inst/csr_wdata_ls1[2]_i_3/O
                         net (fo=2, routed)           0.341     6.733    student_top_inst/Core_cpu/SegReg_EX_LS1_inst/csr_wdata_ls1_reg[2]_0
    SLICE_X40Y173        LUT6 (Prop_lut6_I4_O)        0.043     6.776 r  student_top_inst/Core_cpu/SegReg_EX_LS1_inst/csr_wdata_ls1[2]_i_2/O
                         net (fo=10, routed)          0.402     7.177    student_top_inst/Core_cpu/SegReg_EX_LS1_inst/alu_rf_data1[2]
    SLICE_X42Y174        LUT4 (Prop_lut4_I1_O)        0.043     7.220 r  student_top_inst/Core_cpu/SegReg_EX_LS1_inst/pc[31]_i_141/O
                         net (fo=1, routed)           0.000     7.220    student_top_inst/Core_cpu/SegReg_EX_LS1_inst/pc[31]_i_141_n_0
    SLICE_X42Y174        CARRY4 (Prop_carry4_S[1]_CO[3])
                                                      0.256     7.476 r  student_top_inst/Core_cpu/SegReg_EX_LS1_inst/pc_reg[31]_i_108/CO[3]
                         net (fo=1, routed)           0.007     7.484    student_top_inst/Core_cpu/SegReg_EX_LS1_inst/pc_reg[31]_i_108_n_0
    SLICE_X42Y175        CARRY4 (Prop_carry4_CI_CO[3])
                                                      0.054     7.538 r  student_top_inst/Core_cpu/SegReg_EX_LS1_inst/pc_reg[31]_i_73/CO[3]
                         net (fo=1, routed)           0.000     7.538    student_top_inst/Core_cpu/SegReg_EX_LS1_inst/pc_reg[31]_i_73_n_0
    SLICE_X42Y176        CARRY4 (Prop_carry4_CI_CO[3])
                                                      0.054     7.592 r  student_top_inst/Core_cpu/SegReg_EX_LS1_inst/pc_reg[31]_i_36/CO[3]
                         net (fo=1, routed)           0.000     7.592    student_top_inst/Core_cpu/SegReg_EX_LS1_inst/pc_reg[31]_i_36_n_0
    SLICE_X42Y177        CARRY4 (Prop_carry4_CI_CO[3])
                                                      0.054     7.646 f  student_top_inst/Core_cpu/SegReg_EX_LS1_inst/pc_reg[31]_i_17/CO[3]
                         net (fo=1, routed)           0.572     8.217    student_top_inst/Core_cpu/SegReg_ID_EX_inst/pc[31]_i_3_0[0]
    SLICE_X43Y180        LUT6 (Prop_lut6_I1_O)        0.043     8.260 f  student_top_inst/Core_cpu/SegReg_ID_EX_inst/pc[31]_i_10/O
                         net (fo=1, routed)           0.281     8.541    student_top_inst/Core_cpu/SegReg_ID_EX_inst/pc[31]_i_10_n_0
    SLICE_X40Y180        LUT6 (Prop_lut6_I0_O)        0.043     8.584 f  student_top_inst/Core_cpu/SegReg_ID_EX_inst/pc[31]_i_3/O
                         net (fo=2, routed)           0.203     8.787    student_top_inst/Core_cpu/SegReg_ID_EX_inst/pc[31]_i_3_n_0
    SLICE_X41Y182        LUT4 (Prop_lut4_I2_O)        0.043     8.830 f  student_top_inst/Core_cpu/SegReg_ID_EX_inst/pc[31]_i_16/O
                         net (fo=1, routed)           0.150     8.980    student_top_inst/Core_cpu/SegReg_ID_EX_inst/jump_valid[0]
    SLICE_X41Y182        LUT6 (Prop_lut6_I0_O)        0.043     9.023 f  student_top_inst/Core_cpu/SegReg_ID_EX_inst/pc[31]_i_8/O
                         net (fo=37, routed)          0.361     9.384    student_top_inst/Core_cpu/SegReg_ID_EX_inst/IF2_ID_flush[0]
    SLICE_X40Y185        LUT2 (Prop_lut2_I0_O)        0.043     9.427 r  student_top_inst/Core_cpu/SegReg_ID_EX_inst/inst_id[31]_i_1/O
                         net (fo=105, routed)         0.334     9.760    student_top_inst/Core_cpu/SegReg_IF2_ID_inst/inst_id_reg[31]_1
    SLICE_X43Y186        FDRE                                         r  student_top_inst/Core_cpu/SegReg_IF2_ID_inst/inst_id_reg[17]/CE
  -------------------------------------------------------------------    -------------------

                         (clock clk_out2_pll rise edge)
                                                      3.846     3.846 r  
    AD12                                              0.000     3.846 r  i_sys_clk_p (IN)
                         net (fo=0)                   0.000     3.846    pll_inst/inst/clk_in1_p
    AD12                 IBUFDS (Prop_ibufds_I_O)     0.803     4.650 r  pll_inst/inst/clkin1_ibufgds/O
                         net (fo=1, routed)           2.173     6.823    pll_inst/inst/clk_in1_pll_buf
    BUFGCTRL_X0Y3        BUFG (Prop_bufg_I_O)         0.083     6.906 r  pll_inst/inst/clkin1_bufg1/O
                         net (fo=1, routed)           1.796     8.702    pll_inst/inst/clk_in1_pll
    PLLE2_ADV_X1Y0       PLLE2_ADV (Prop_plle2_adv_CLKIN1_CLKOUT1)
                                                     -4.213     4.489 r  pll_inst/inst/plle2_adv_inst/CLKOUT1
                         net (fo=1, routed)           2.334     6.823    pll_inst/inst/clk_out2_pll
    BUFGCTRL_X0Y0        BUFG (Prop_bufg_I_O)         0.083     6.906 r  pll_inst/inst/clkout2_buf/O
                         net (fo=2669, routed)        1.148     8.054    student_top_inst/Core_cpu/SegReg_IF2_ID_inst/clk_out2
    SLICE_X43Y186        FDRE                                         r  student_top_inst/Core_cpu/SegReg_IF2_ID_inst/inst_id_reg[17]/C
                         clock pessimism              0.324     8.378    
                         clock uncertainty           -0.058     8.320    
    SLICE_X43Y186        FDRE (Setup_fdre_C_CE)      -0.201     8.119    student_top_inst/Core_cpu/SegReg_IF2_ID_inst/inst_id_reg[17]
  -------------------------------------------------------------------
                         required time                          8.119    
                         arrival time                          -9.760    
  -------------------------------------------------------------------
                         slack                                 -1.641    





Min Delay Paths
--------------------------------------------------------------------------------------
Slack (MET) :             0.097ns  (arrival time - required time)
  Source:                 student_top_inst/bridge_inst/LED_cpu_reg[19]/C
                            (rising edge-triggered cell FDCE clocked by clk_out2_pll  {rise@0.000ns fall@1.923ns period=3.846ns})
  Destination:            student_top_inst/bridge_inst/led_tx_data_cpu_reg[19]/D
                            (rising edge-triggered cell FDCE clocked by clk_out2_pll  {rise@0.000ns fall@1.923ns period=3.846ns})
  Path Group:             clk_out2_pll
  Path Type:              Hold (Min at Fast Process Corner)
  Requirement:            0.000ns  (clk_out2_pll rise@0.000ns - clk_out2_pll rise@0.000ns)
  Data Path Delay:        0.458ns  (logic 0.128ns (27.974%)  route 0.330ns (72.026%))
  Logic Levels:           1  (LUT3=1)
  Clock Path Skew:        0.274ns (DCD - SCD - CPR)
    Destination Clock Delay (DCD):    2.517ns
    Source Clock Delay      (SCD):    2.078ns
    Clock Pessimism Removal (CPR):    0.164ns

    Location             Delay type                Incr(ns)  Path(ns)    Netlist Resource(s)
  -------------------------------------------------------------------    -------------------
                         (clock clk_out2_pll rise edge)
                                                      0.000     0.000 r  
    AD12                                              0.000     0.000 r  i_sys_clk_p (IN)
                         net (fo=0)                   0.000     0.000    pll_inst/inst/clk_in1_p
    AD12                 IBUFDS (Prop_ibufds_I_O)     0.388     0.388 r  pll_inst/inst/clkin1_ibufgds/O
                         net (fo=1, routed)           1.083     1.471    pll_inst/inst/clk_in1_pll_buf
    BUFGCTRL_X0Y3        BUFG (Prop_bufg_I_O)         0.026     1.497 r  pll_inst/inst/clkin1_bufg1/O
                         net (fo=1, routed)           0.767     2.264    pll_inst/inst/clk_in1_pll
    PLLE2_ADV_X1Y0       PLLE2_ADV (Prop_plle2_adv_CLKIN1_CLKOUT1)
                                                     -1.938     0.326 r  pll_inst/inst/plle2_adv_inst/CLKOUT1
                         net (fo=1, routed)           1.145     1.471    pll_inst/inst/clk_out2_pll
    BUFGCTRL_X0Y0        BUFG (Prop_bufg_I_O)         0.026     1.497 r  pll_inst/inst/clkout2_buf/O
                         net (fo=2669, routed)        0.581     2.078    student_top_inst/bridge_inst/clk_out2
    SLICE_X37Y150        FDCE                                         r  student_top_inst/bridge_inst/LED_cpu_reg[19]/C
  -------------------------------------------------------------------    -------------------
    SLICE_X37Y150        FDCE (Prop_fdce_C_Q)         0.100     2.178 r  student_top_inst/bridge_inst/LED_cpu_reg[19]/Q
                         net (fo=3, routed)           0.330     2.508    student_top_inst/Core_cpu/SegReg_EX_LS1_inst/led_tx_data_cpu_reg[31][19]
    SLICE_X20Y148        LUT3 (Prop_lut3_I2_O)        0.028     2.536 r  student_top_inst/Core_cpu/SegReg_EX_LS1_inst/led_tx_data_cpu[19]_i_1/O
                         net (fo=1, routed)           0.000     2.536    student_top_inst/bridge_inst/led_tx_data_cpu_reg[31]_0[19]
    SLICE_X20Y148        FDCE                                         r  student_top_inst/bridge_inst/led_tx_data_cpu_reg[19]/D
  -------------------------------------------------------------------    -------------------

                         (clock clk_out2_pll rise edge)
                                                      0.000     0.000 r  
    AD12                                              0.000     0.000 r  i_sys_clk_p (IN)
                         net (fo=0)                   0.000     0.000    pll_inst/inst/clk_in1_p
    AD12                 IBUFDS (Prop_ibufds_I_O)     0.470     0.470 r  pll_inst/inst/clkin1_ibufgds/O
                         net (fo=1, routed)           1.154     1.624    pll_inst/inst/clk_in1_pll_buf
    BUFGCTRL_X0Y3        BUFG (Prop_bufg_I_O)         0.030     1.654 r  pll_inst/inst/clkin1_bufg1/O
                         net (fo=1, routed)           1.037     2.691    pll_inst/inst/clk_in1_pll
    PLLE2_ADV_X1Y0       PLLE2_ADV (Prop_plle2_adv_CLKIN1_CLKOUT1)
                                                     -2.283     0.408 r  pll_inst/inst/plle2_adv_inst/CLKOUT1
                         net (fo=1, routed)           1.216     1.624    pll_inst/inst/clk_out2_pll
    BUFGCTRL_X0Y0        BUFG (Prop_bufg_I_O)         0.030     1.654 r  pll_inst/inst/clkout2_buf/O
                         net (fo=2669, routed)        0.863     2.517    student_top_inst/bridge_inst/clk_out2
    SLICE_X20Y148        FDCE                                         r  student_top_inst/bridge_inst/led_tx_data_cpu_reg[19]/C
                         clock pessimism             -0.164     2.352    
    SLICE_X20Y148        FDCE (Hold_fdce_C_D)         0.087     2.439    student_top_inst/bridge_inst/led_tx_data_cpu_reg[19]
  -------------------------------------------------------------------
                         required time                         -2.439    
                         arrival time                           2.536    
  -------------------------------------------------------------------
                         slack                                  0.097    

Slack (MET) :             0.103ns  (arrival time - required time)
  Source:                 student_top_inst/bridge_inst/counter_inst/cnt_ms_gray_cpu_sync1_reg[15]/C
                            (rising edge-triggered cell FDRE clocked by clk_out2_pll  {rise@0.000ns fall@1.923ns period=3.846ns})
  Destination:            student_top_inst/bridge_inst/counter_inst/cnt_ms_gray_cpu_sync2_reg[15]/D
                            (rising edge-triggered cell FDRE clocked by clk_out2_pll  {rise@0.000ns fall@1.923ns period=3.846ns})
  Path Group:             clk_out2_pll
  Path Type:              Hold (Min at Fast Process Corner)
  Requirement:            0.000ns  (clk_out2_pll rise@0.000ns - clk_out2_pll rise@0.000ns)
  Data Path Delay:        0.284ns  (logic 0.118ns (41.522%)  route 0.166ns (58.478%))
  Logic Levels:           0  
  Clock Path Skew:        0.140ns (DCD - SCD - CPR)
    Destination Clock Delay (DCD):    2.430ns
    Source Clock Delay      (SCD):    2.125ns
    Clock Pessimism Removal (CPR):    0.164ns

    Location             Delay type                Incr(ns)  Path(ns)    Netlist Resource(s)
  -------------------------------------------------------------------    -------------------
                         (clock clk_out2_pll rise edge)
                                                      0.000     0.000 r  
    AD12                                              0.000     0.000 r  i_sys_clk_p (IN)
                         net (fo=0)                   0.000     0.000    pll_inst/inst/clk_in1_p
    AD12                 IBUFDS (Prop_ibufds_I_O)     0.388     0.388 r  pll_inst/inst/clkin1_ibufgds/O
                         net (fo=1, routed)           1.083     1.471    pll_inst/inst/clk_in1_pll_buf
    BUFGCTRL_X0Y3        BUFG (Prop_bufg_I_O)         0.026     1.497 r  pll_inst/inst/clkin1_bufg1/O
                         net (fo=1, routed)           0.767     2.264    pll_inst/inst/clk_in1_pll
    PLLE2_ADV_X1Y0       PLLE2_ADV (Prop_plle2_adv_CLKIN1_CLKOUT1)
                                                     -1.938     0.326 r  pll_inst/inst/plle2_adv_inst/CLKOUT1
                         net (fo=1, routed)           1.145     1.471    pll_inst/inst/clk_out2_pll
    BUFGCTRL_X0Y0        BUFG (Prop_bufg_I_O)         0.026     1.497 r  pll_inst/inst/clkout2_buf/O
                         net (fo=2669, routed)        0.628     2.125    student_top_inst/bridge_inst/counter_inst/clk_out2
    SLICE_X46Y146        FDRE                                         r  student_top_inst/bridge_inst/counter_inst/cnt_ms_gray_cpu_sync1_reg[15]/C
  -------------------------------------------------------------------    -------------------
    SLICE_X46Y146        FDRE (Prop_fdre_C_Q)         0.118     2.243 r  student_top_inst/bridge_inst/counter_inst/cnt_ms_gray_cpu_sync1_reg[15]/Q
                         net (fo=1, routed)           0.166     2.410    student_top_inst/bridge_inst/counter_inst/cnt_ms_gray_cpu_sync1[15]
    SLICE_X48Y151        FDRE                                         r  student_top_inst/bridge_inst/counter_inst/cnt_ms_gray_cpu_sync2_reg[15]/D
  -------------------------------------------------------------------    -------------------

                         (clock clk_out2_pll rise edge)
                                                      0.000     0.000 r  
    AD12                                              0.000     0.000 r  i_sys_clk_p (IN)
                         net (fo=0)                   0.000     0.000    pll_inst/inst/clk_in1_p
    AD12                 IBUFDS (Prop_ibufds_I_O)     0.470     0.470 r  pll_inst/inst/clkin1_ibufgds/O
                         net (fo=1, routed)           1.154     1.624    pll_inst/inst/clk_in1_pll_buf
    BUFGCTRL_X0Y3        BUFG (Prop_bufg_I_O)         0.030     1.654 r  pll_inst/inst/clkin1_bufg1/O
                         net (fo=1, routed)           1.037     2.691    pll_inst/inst/clk_in1_pll
    PLLE2_ADV_X1Y0       PLLE2_ADV (Prop_plle2_adv_CLKIN1_CLKOUT1)
                                                     -2.283     0.408 r  pll_inst/inst/plle2_adv_inst/CLKOUT1
                         net (fo=1, routed)           1.216     1.624    pll_inst/inst/clk_out2_pll
    BUFGCTRL_X0Y0        BUFG (Prop_bufg_I_O)         0.030     1.654 r  pll_inst/inst/clkout2_buf/O
                         net (fo=2669, routed)        0.776     2.430    student_top_inst/bridge_inst/counter_inst/clk_out2
    SLICE_X48Y151        FDRE                                         r  student_top_inst/bridge_inst/counter_inst/cnt_ms_gray_cpu_sync2_reg[15]/C
                         clock pessimism             -0.164     2.265    
    SLICE_X48Y151        FDRE (Hold_fdre_C_D)         0.041     2.306    student_top_inst/bridge_inst/counter_inst/cnt_ms_gray_cpu_sync2_reg[15]
  -------------------------------------------------------------------
                         required time                         -2.306    
                         arrival time                           2.410    
  -------------------------------------------------------------------
                         slack                                  0.103    

Slack (MET) :             0.106ns  (arrival time - required time)
  Source:                 student_top_inst/Core_cpu/SegReg_IF1_IF2_inst/pc_if2_reg[31]/C
                            (rising edge-triggered cell FDSE clocked by clk_out2_pll  {rise@0.000ns fall@1.923ns period=3.846ns})
  Destination:            student_top_inst/Core_cpu/SegReg_IF2_ID_inst/pc_id_reg[31]/D
                            (rising edge-triggered cell FDSE clocked by clk_out2_pll  {rise@0.000ns fall@1.923ns period=3.846ns})
  Path Group:             clk_out2_pll
  Path Type:              Hold (Min at Fast Process Corner)
  Requirement:            0.000ns  (clk_out2_pll rise@0.000ns - clk_out2_pll rise@0.000ns)
  Data Path Delay:        0.155ns  (logic 0.100ns (64.566%)  route 0.055ns (35.434%))
  Logic Levels:           0  
  Clock Path Skew:        0.000ns (DCD - SCD - CPR)
    Destination Clock Delay (DCD):    2.429ns
    Source Clock Delay      (SCD):    2.073ns
    Clock Pessimism Removal (CPR):    0.355ns

    Location             Delay type                Incr(ns)  Path(ns)    Netlist Resource(s)
  -------------------------------------------------------------------    -------------------
                         (clock clk_out2_pll rise edge)
                                                      0.000     0.000 r  
    AD12                                              0.000     0.000 r  i_sys_clk_p (IN)
                         net (fo=0)                   0.000     0.000    pll_inst/inst/clk_in1_p
    AD12                 IBUFDS (Prop_ibufds_I_O)     0.388     0.388 r  pll_inst/inst/clkin1_ibufgds/O
                         net (fo=1, routed)           1.083     1.471    pll_inst/inst/clk_in1_pll_buf
    BUFGCTRL_X0Y3        BUFG (Prop_bufg_I_O)         0.026     1.497 r  pll_inst/inst/clkin1_bufg1/O
                         net (fo=1, routed)           0.767     2.264    pll_inst/inst/clk_in1_pll
    PLLE2_ADV_X1Y0       PLLE2_ADV (Prop_plle2_adv_CLKIN1_CLKOUT1)
                                                     -1.938     0.326 r  pll_inst/inst/plle2_adv_inst/CLKOUT1
                         net (fo=1, routed)           1.145     1.471    pll_inst/inst/clk_out2_pll
    BUFGCTRL_X0Y0        BUFG (Prop_bufg_I_O)         0.026     1.497 r  pll_inst/inst/clkout2_buf/O
                         net (fo=2669, routed)        0.576     2.073    student_top_inst/Core_cpu/SegReg_IF1_IF2_inst/clk_out2
    SLICE_X41Y187        FDSE                                         r  student_top_inst/Core_cpu/SegReg_IF1_IF2_inst/pc_if2_reg[31]/C
  -------------------------------------------------------------------    -------------------
    SLICE_X41Y187        FDSE (Prop_fdse_C_Q)         0.100     2.173 r  student_top_inst/Core_cpu/SegReg_IF1_IF2_inst/pc_if2_reg[31]/Q
                         net (fo=1, routed)           0.055     2.228    student_top_inst/Core_cpu/SegReg_IF2_ID_inst/D[31]
    SLICE_X41Y187        FDSE                                         r  student_top_inst/Core_cpu/SegReg_IF2_ID_inst/pc_id_reg[31]/D
  -------------------------------------------------------------------    -------------------

                         (clock clk_out2_pll rise edge)
                                                      0.000     0.000 r  
    AD12                                              0.000     0.000 r  i_sys_clk_p (IN)
                         net (fo=0)                   0.000     0.000    pll_inst/inst/clk_in1_p
    AD12                 IBUFDS (Prop_ibufds_I_O)     0.470     0.470 r  pll_inst/inst/clkin1_ibufgds/O
                         net (fo=1, routed)           1.154     1.624    pll_inst/inst/clk_in1_pll_buf
    BUFGCTRL_X0Y3        BUFG (Prop_bufg_I_O)         0.030     1.654 r  pll_inst/inst/clkin1_bufg1/O
                         net (fo=1, routed)           1.037     2.691    pll_inst/inst/clk_in1_pll
    PLLE2_ADV_X1Y0       PLLE2_ADV (Prop_plle2_adv_CLKIN1_CLKOUT1)
                                                     -2.283     0.408 r  pll_inst/inst/plle2_adv_inst/CLKOUT1
                         net (fo=1, routed)           1.216     1.624    pll_inst/inst/clk_out2_pll
    BUFGCTRL_X0Y0        BUFG (Prop_bufg_I_O)         0.030     1.654 r  pll_inst/inst/clkout2_buf/O
                         net (fo=2669, routed)        0.775     2.429    student_top_inst/Core_cpu/SegReg_IF2_ID_inst/clk_out2
    SLICE_X41Y187        FDSE                                         r  student_top_inst/Core_cpu/SegReg_IF2_ID_inst/pc_id_reg[31]/C
                         clock pessimism             -0.355     2.073    
    SLICE_X41Y187        FDSE (Hold_fdse_C_D)         0.049     2.122    student_top_inst/Core_cpu/SegReg_IF2_ID_inst/pc_id_reg[31]
  -------------------------------------------------------------------
                         required time                         -2.122    
                         arrival time                           2.228    
  -------------------------------------------------------------------
                         slack                                  0.106    

Slack (MET) :             0.106ns  (arrival time - required time)
  Source:                 student_top_inst/bridge_inst/sw_meta_reg[6]/C
                            (rising edge-triggered cell FDCE clocked by clk_out2_pll  {rise@0.000ns fall@1.923ns period=3.846ns})
  Destination:            student_top_inst/bridge_inst/sw_sync_reg[6]/D
                            (rising edge-triggered cell FDCE clocked by clk_out2_pll  {rise@0.000ns fall@1.923ns period=3.846ns})
  Path Group:             clk_out2_pll
  Path Type:              Hold (Min at Fast Process Corner)
  Requirement:            0.000ns  (clk_out2_pll rise@0.000ns - clk_out2_pll rise@0.000ns)
  Data Path Delay:        0.155ns  (logic 0.100ns (64.566%)  route 0.055ns (35.434%))
  Logic Levels:           0  
  Clock Path Skew:        0.000ns (DCD - SCD - CPR)
    Destination Clock Delay (DCD):    2.508ns
    Source Clock Delay      (SCD):    2.130ns
    Clock Pessimism Removal (CPR):    0.377ns

    Location             Delay type                Incr(ns)  Path(ns)    Netlist Resource(s)
  -------------------------------------------------------------------    -------------------
                         (clock clk_out2_pll rise edge)
                                                      0.000     0.000 r  
    AD12                                              0.000     0.000 r  i_sys_clk_p (IN)
                         net (fo=0)                   0.000     0.000    pll_inst/inst/clk_in1_p
    AD12                 IBUFDS (Prop_ibufds_I_O)     0.388     0.388 r  pll_inst/inst/clkin1_ibufgds/O
                         net (fo=1, routed)           1.083     1.471    pll_inst/inst/clk_in1_pll_buf
    BUFGCTRL_X0Y3        BUFG (Prop_bufg_I_O)         0.026     1.497 r  pll_inst/inst/clkin1_bufg1/O
                         net (fo=1, routed)           0.767     2.264    pll_inst/inst/clk_in1_pll
    PLLE2_ADV_X1Y0       PLLE2_ADV (Prop_plle2_adv_CLKIN1_CLKOUT1)
                                                     -1.938     0.326 r  pll_inst/inst/plle2_adv_inst/CLKOUT1
                         net (fo=1, routed)           1.145     1.471    pll_inst/inst/clk_out2_pll
    BUFGCTRL_X0Y0        BUFG (Prop_bufg_I_O)         0.026     1.497 r  pll_inst/inst/clkout2_buf/O
                         net (fo=2669, routed)        0.633     2.130    student_top_inst/bridge_inst/clk_out2
    SLICE_X37Y147        FDCE                                         r  student_top_inst/bridge_inst/sw_meta_reg[6]/C
  -------------------------------------------------------------------    -------------------
    SLICE_X37Y147        FDCE (Prop_fdce_C_Q)         0.100     2.230 r  student_top_inst/bridge_inst/sw_meta_reg[6]/Q
                         net (fo=1, routed)           0.055     2.285    student_top_inst/bridge_inst/sw_meta[6]
    SLICE_X37Y147        FDCE                                         r  student_top_inst/bridge_inst/sw_sync_reg[6]/D
  -------------------------------------------------------------------    -------------------

                         (clock clk_out2_pll rise edge)
                                                      0.000     0.000 r  
    AD12                                              0.000     0.000 r  i_sys_clk_p (IN)
                         net (fo=0)                   0.000     0.000    pll_inst/inst/clk_in1_p
    AD12                 IBUFDS (Prop_ibufds_I_O)     0.470     0.470 r  pll_inst/inst/clkin1_ibufgds/O
                         net (fo=1, routed)           1.154     1.624    pll_inst/inst/clk_in1_pll_buf
    BUFGCTRL_X0Y3        BUFG (Prop_bufg_I_O)         0.030     1.654 r  pll_inst/inst/clkin1_bufg1/O
                         net (fo=1, routed)           1.037     2.691    pll_inst/inst/clk_in1_pll
    PLLE2_ADV_X1Y0       PLLE2_ADV (Prop_plle2_adv_CLKIN1_CLKOUT1)
                                                     -2.283     0.408 r  pll_inst/inst/plle2_adv_inst/CLKOUT1
                         net (fo=1, routed)           1.216     1.624    pll_inst/inst/clk_out2_pll
    BUFGCTRL_X0Y0        BUFG (Prop_bufg_I_O)         0.030     1.654 r  pll_inst/inst/clkout2_buf/O
                         net (fo=2669, routed)        0.854     2.508    student_top_inst/bridge_inst/clk_out2
    SLICE_X37Y147        FDCE                                         r  student_top_inst/bridge_inst/sw_sync_reg[6]/C
                         clock pessimism             -0.377     2.130    
    SLICE_X37Y147        FDCE (Hold_fdce_C_D)         0.049     2.179    student_top_inst/bridge_inst/sw_sync_reg[6]
  -------------------------------------------------------------------
                         required time                         -2.179    
                         arrival time                           2.285    
  -------------------------------------------------------------------
                         slack                                  0.106    

Slack (MET) :             0.106ns  (arrival time - required time)
  Source:                 student_top_inst/bridge_inst/sw_meta_reg[54]/C
                            (rising edge-triggered cell FDCE clocked by clk_out2_pll  {rise@0.000ns fall@1.923ns period=3.846ns})
  Destination:            student_top_inst/bridge_inst/sw_sync_reg[54]/D
                            (rising edge-triggered cell FDCE clocked by clk_out2_pll  {rise@0.000ns fall@1.923ns period=3.846ns})
  Path Group:             clk_out2_pll
  Path Type:              Hold (Min at Fast Process Corner)
  Requirement:            0.000ns  (clk_out2_pll rise@0.000ns - clk_out2_pll rise@0.000ns)
  Data Path Delay:        0.155ns  (logic 0.100ns (64.566%)  route 0.055ns (35.434%))
  Logic Levels:           0  
  Clock Path Skew:        0.000ns (DCD - SCD - CPR)
    Destination Clock Delay (DCD):    2.444ns
    Source Clock Delay      (SCD):    2.087ns
    Clock Pessimism Removal (CPR):    0.356ns

    Location             Delay type                Incr(ns)  Path(ns)    Netlist Resource(s)
  -------------------------------------------------------------------    -------------------
                         (clock clk_out2_pll rise edge)
                                                      0.000     0.000 r  
    AD12                                              0.000     0.000 r  i_sys_clk_p (IN)
                         net (fo=0)                   0.000     0.000    pll_inst/inst/clk_in1_p
    AD12                 IBUFDS (Prop_ibufds_I_O)     0.388     0.388 r  pll_inst/inst/clkin1_ibufgds/O
                         net (fo=1, routed)           1.083     1.471    pll_inst/inst/clk_in1_pll_buf
    BUFGCTRL_X0Y3        BUFG (Prop_bufg_I_O)         0.026     1.497 r  pll_inst/inst/clkin1_bufg1/O
                         net (fo=1, routed)           0.767     2.264    pll_inst/inst/clk_in1_pll
    PLLE2_ADV_X1Y0       PLLE2_ADV (Prop_plle2_adv_CLKIN1_CLKOUT1)
                                                     -1.938     0.326 r  pll_inst/inst/plle2_adv_inst/CLKOUT1
                         net (fo=1, routed)           1.145     1.471    pll_inst/inst/clk_out2_pll
    BUFGCTRL_X0Y0        BUFG (Prop_bufg_I_O)         0.026     1.497 r  pll_inst/inst/clkout2_buf/O
                         net (fo=2669, routed)        0.590     2.087    student_top_inst/bridge_inst/clk_out2
    SLICE_X23Y151        FDCE                                         r  student_top_inst/bridge_inst/sw_meta_reg[54]/C
  -------------------------------------------------------------------    -------------------
    SLICE_X23Y151        FDCE (Prop_fdce_C_Q)         0.100     2.187 r  student_top_inst/bridge_inst/sw_meta_reg[54]/Q
                         net (fo=1, routed)           0.055     2.242    student_top_inst/bridge_inst/sw_meta[54]
    SLICE_X23Y151        FDCE                                         r  student_top_inst/bridge_inst/sw_sync_reg[54]/D
  -------------------------------------------------------------------    -------------------

                         (clock clk_out2_pll rise edge)
                                                      0.000     0.000 r  
    AD12                                              0.000     0.000 r  i_sys_clk_p (IN)
                         net (fo=0)                   0.000     0.000    pll_inst/inst/clk_in1_p
    AD12                 IBUFDS (Prop_ibufds_I_O)     0.470     0.470 r  pll_inst/inst/clkin1_ibufgds/O
                         net (fo=1, routed)           1.154     1.624    pll_inst/inst/clk_in1_pll_buf
    BUFGCTRL_X0Y3        BUFG (Prop_bufg_I_O)         0.030     1.654 r  pll_inst/inst/clkin1_bufg1/O
                         net (fo=1, routed)           1.037     2.691    pll_inst/inst/clk_in1_pll
    PLLE2_ADV_X1Y0       PLLE2_ADV (Prop_plle2_adv_CLKIN1_CLKOUT1)
                                                     -2.283     0.408 r  pll_inst/inst/plle2_adv_inst/CLKOUT1
                         net (fo=1, routed)           1.216     1.624    pll_inst/inst/clk_out2_pll
    BUFGCTRL_X0Y0        BUFG (Prop_bufg_I_O)         0.030     1.654 r  pll_inst/inst/clkout2_buf/O
                         net (fo=2669, routed)        0.790     2.444    student_top_inst/bridge_inst/clk_out2
    SLICE_X23Y151        FDCE                                         r  student_top_inst/bridge_inst/sw_sync_reg[54]/C
                         clock pessimism             -0.356     2.087    
    SLICE_X23Y151        FDCE (Hold_fdce_C_D)         0.049     2.136    student_top_inst/bridge_inst/sw_sync_reg[54]
  -------------------------------------------------------------------
                         required time                         -2.136    
                         arrival time                           2.242    
  -------------------------------------------------------------------
                         slack                                  0.106    

Slack (MET) :             0.108ns  (arrival time - required time)
  Source:                 student_top_inst/Core_cpu/SegReg_EX_LS1_inst/alu_result_ls1_reg[11]/C
                            (rising edge-triggered cell FDRE clocked by clk_out2_pll  {rise@0.000ns fall@1.923ns period=3.846ns})
  Destination:            student_top_inst/bridge_inst/Mem_DRAM/U0/inst_blk_mem_gen/gnbram.gnativebmg.native_blk_mem_gen/valid.cstr/ramloop[38].ram.r/prim_init.ram/DEVICE_7SERIES.NO_BMM_INFO.SP.SIMPLE_PRIM36.ram/ADDRARDADDR[12]
                            (rising edge-triggered cell RAMB36E1 clocked by clk_out2_pll  {rise@0.000ns fall@1.923ns period=3.846ns})
  Path Group:             clk_out2_pll
  Path Type:              Hold (Min at Fast Process Corner)
  Requirement:            0.000ns  (clk_out2_pll rise@0.000ns - clk_out2_pll rise@0.000ns)
  Data Path Delay:        0.318ns  (logic 0.100ns (31.406%)  route 0.218ns (68.594%))
  Logic Levels:           0  
  Clock Path Skew:        0.028ns (DCD - SCD - CPR)
    Destination Clock Delay (DCD):    2.421ns
    Source Clock Delay      (SCD):    2.069ns
    Clock Pessimism Removal (CPR):    0.324ns

    Location             Delay type                Incr(ns)  Path(ns)    Netlist Resource(s)
  -------------------------------------------------------------------    -------------------
                         (clock clk_out2_pll rise edge)
                                                      0.000     0.000 r  
    AD12                                              0.000     0.000 r  i_sys_clk_p (IN)
                         net (fo=0)                   0.000     0.000    pll_inst/inst/clk_in1_p
    AD12                 IBUFDS (Prop_ibufds_I_O)     0.388     0.388 r  pll_inst/inst/clkin1_ibufgds/O
                         net (fo=1, routed)           1.083     1.471    pll_inst/inst/clk_in1_pll_buf
    BUFGCTRL_X0Y3        BUFG (Prop_bufg_I_O)         0.026     1.497 r  pll_inst/inst/clkin1_bufg1/O
                         net (fo=1, routed)           0.767     2.264    pll_inst/inst/clk_in1_pll
    PLLE2_ADV_X1Y0       PLLE2_ADV (Prop_plle2_adv_CLKIN1_CLKOUT1)
                                                     -1.938     0.326 r  pll_inst/inst/plle2_adv_inst/CLKOUT1
                         net (fo=1, routed)           1.145     1.471    pll_inst/inst/clk_out2_pll
    BUFGCTRL_X0Y0        BUFG (Prop_bufg_I_O)         0.026     1.497 r  pll_inst/inst/clkout2_buf/O
                         net (fo=2669, routed)        0.572     2.069    student_top_inst/Core_cpu/SegReg_EX_LS1_inst/clk_out2
    SLICE_X49Y163        FDRE                                         r  student_top_inst/Core_cpu/SegReg_EX_LS1_inst/alu_result_ls1_reg[11]/C
  -------------------------------------------------------------------    -------------------
    SLICE_X49Y163        FDRE (Prop_fdre_C_Q)         0.100     2.169 r  student_top_inst/Core_cpu/SegReg_EX_LS1_inst/alu_result_ls1_reg[11]/Q
                         net (fo=70, routed)          0.218     2.388    student_top_inst/bridge_inst/Mem_DRAM/U0/inst_blk_mem_gen/gnbram.gnativebmg.native_blk_mem_gen/valid.cstr/ramloop[38].ram.r/prim_init.ram/addra[9]
    RAMB36_X2Y32         RAMB36E1                                     r  student_top_inst/bridge_inst/Mem_DRAM/U0/inst_blk_mem_gen/gnbram.gnativebmg.native_blk_mem_gen/valid.cstr/ramloop[38].ram.r/prim_init.ram/DEVICE_7SERIES.NO_BMM_INFO.SP.SIMPLE_PRIM36.ram/ADDRARDADDR[12]
  -------------------------------------------------------------------    -------------------

                         (clock clk_out2_pll rise edge)
                                                      0.000     0.000 r  
    AD12                                              0.000     0.000 r  i_sys_clk_p (IN)
                         net (fo=0)                   0.000     0.000    pll_inst/inst/clk_in1_p
    AD12                 IBUFDS (Prop_ibufds_I_O)     0.470     0.470 r  pll_inst/inst/clkin1_ibufgds/O
                         net (fo=1, routed)           1.154     1.624    pll_inst/inst/clk_in1_pll_buf
    BUFGCTRL_X0Y3        BUFG (Prop_bufg_I_O)         0.030     1.654 r  pll_inst/inst/clkin1_bufg1/O
                         net (fo=1, routed)           1.037     2.691    pll_inst/inst/clk_in1_pll
    PLLE2_ADV_X1Y0       PLLE2_ADV (Prop_plle2_adv_CLKIN1_CLKOUT1)
                                                     -2.283     0.408 r  pll_inst/inst/plle2_adv_inst/CLKOUT1
                         net (fo=1, routed)           1.216     1.624    pll_inst/inst/clk_out2_pll
    BUFGCTRL_X0Y0        BUFG (Prop_bufg_I_O)         0.030     1.654 r  pll_inst/inst/clkout2_buf/O
                         net (fo=2669, routed)        0.768     2.421    student_top_inst/bridge_inst/Mem_DRAM/U0/inst_blk_mem_gen/gnbram.gnativebmg.native_blk_mem_gen/valid.cstr/ramloop[38].ram.r/prim_init.ram/clka
    RAMB36_X2Y32         RAMB36E1                                     r  student_top_inst/bridge_inst/Mem_DRAM/U0/inst_blk_mem_gen/gnbram.gnativebmg.native_blk_mem_gen/valid.cstr/ramloop[38].ram.r/prim_init.ram/DEVICE_7SERIES.NO_BMM_INFO.SP.SIMPLE_PRIM36.ram/CLKARDCLK
                         clock pessimism             -0.324     2.097    
    RAMB36_X2Y32         RAMB36E1 (Hold_ramb36e1_CLKARDCLK_ADDRARDADDR[12])
                                                      0.183     2.280    student_top_inst/bridge_inst/Mem_DRAM/U0/inst_blk_mem_gen/gnbram.gnativebmg.native_blk_mem_gen/valid.cstr/ramloop[38].ram.r/prim_init.ram/DEVICE_7SERIES.NO_BMM_INFO.SP.SIMPLE_PRIM36.ram
  -------------------------------------------------------------------
                         required time                         -2.280    
                         arrival time                           2.388    
  -------------------------------------------------------------------
                         slack                                  0.108    

Slack (MET) :             0.108ns  (arrival time - required time)
  Source:                 student_top_inst/bridge_inst/sw_meta_reg[14]/C
                            (rising edge-triggered cell FDCE clocked by clk_out2_pll  {rise@0.000ns fall@1.923ns period=3.846ns})
  Destination:            student_top_inst/bridge_inst/sw_sync_reg[14]/D
                            (rising edge-triggered cell FDCE clocked by clk_out2_pll  {rise@0.000ns fall@1.923ns period=3.846ns})
  Path Group:             clk_out2_pll
  Path Type:              Hold (Min at Fast Process Corner)
  Requirement:            0.000ns  (clk_out2_pll rise@0.000ns - clk_out2_pll rise@0.000ns)
  Data Path Delay:        0.155ns  (logic 0.100ns (64.566%)  route 0.055ns (35.434%))
  Logic Levels:           0  
  Clock Path Skew:        0.000ns (DCD - SCD - CPR)
    Destination Clock Delay (DCD):    2.443ns
    Source Clock Delay      (SCD):    2.086ns
    Clock Pessimism Removal (CPR):    0.356ns

    Location             Delay type                Incr(ns)  Path(ns)    Netlist Resource(s)
  -------------------------------------------------------------------    -------------------
                         (clock clk_out2_pll rise edge)
                                                      0.000     0.000 r  
    AD12                                              0.000     0.000 r  i_sys_clk_p (IN)
                         net (fo=0)                   0.000     0.000    pll_inst/inst/clk_in1_p
    AD12                 IBUFDS (Prop_ibufds_I_O)     0.388     0.388 r  pll_inst/inst/clkin1_ibufgds/O
                         net (fo=1, routed)           1.083     1.471    pll_inst/inst/clk_in1_pll_buf
    BUFGCTRL_X0Y3        BUFG (Prop_bufg_I_O)         0.026     1.497 r  pll_inst/inst/clkin1_bufg1/O
                         net (fo=1, routed)           0.767     2.264    pll_inst/inst/clk_in1_pll
    PLLE2_ADV_X1Y0       PLLE2_ADV (Prop_plle2_adv_CLKIN1_CLKOUT1)
                                                     -1.938     0.326 r  pll_inst/inst/plle2_adv_inst/CLKOUT1
                         net (fo=1, routed)           1.145     1.471    pll_inst/inst/clk_out2_pll
    BUFGCTRL_X0Y0        BUFG (Prop_bufg_I_O)         0.026     1.497 r  pll_inst/inst/clkout2_buf/O
                         net (fo=2669, routed)        0.589     2.086    student_top_inst/bridge_inst/clk_out2
    SLICE_X23Y153        FDCE                                         r  student_top_inst/bridge_inst/sw_meta_reg[14]/C
  -------------------------------------------------------------------    -------------------
    SLICE_X23Y153        FDCE (Prop_fdce_C_Q)         0.100     2.186 r  student_top_inst/bridge_inst/sw_meta_reg[14]/Q
                         net (fo=1, routed)           0.055     2.241    student_top_inst/bridge_inst/sw_meta[14]
    SLICE_X23Y153        FDCE                                         r  student_top_inst/bridge_inst/sw_sync_reg[14]/D
  -------------------------------------------------------------------    -------------------

                         (clock clk_out2_pll rise edge)
                                                      0.000     0.000 r  
    AD12                                              0.000     0.000 r  i_sys_clk_p (IN)
                         net (fo=0)                   0.000     0.000    pll_inst/inst/clk_in1_p
    AD12                 IBUFDS (Prop_ibufds_I_O)     0.470     0.470 r  pll_inst/inst/clkin1_ibufgds/O
                         net (fo=1, routed)           1.154     1.624    pll_inst/inst/clk_in1_pll_buf
    BUFGCTRL_X0Y3        BUFG (Prop_bufg_I_O)         0.030     1.654 r  pll_inst/inst/clkin1_bufg1/O
                         net (fo=1, routed)           1.037     2.691    pll_inst/inst/clk_in1_pll
    PLLE2_ADV_X1Y0       PLLE2_ADV (Prop_plle2_adv_CLKIN1_CLKOUT1)
                                                     -2.283     0.408 r  pll_inst/inst/plle2_adv_inst/CLKOUT1
                         net (fo=1, routed)           1.216     1.624    pll_inst/inst/clk_out2_pll
    BUFGCTRL_X0Y0        BUFG (Prop_bufg_I_O)         0.030     1.654 r  pll_inst/inst/clkout2_buf/O
                         net (fo=2669, routed)        0.789     2.443    student_top_inst/bridge_inst/clk_out2
    SLICE_X23Y153        FDCE                                         r  student_top_inst/bridge_inst/sw_sync_reg[14]/C
                         clock pessimism             -0.356     2.086    
    SLICE_X23Y153        FDCE (Hold_fdce_C_D)         0.047     2.133    student_top_inst/bridge_inst/sw_sync_reg[14]
  -------------------------------------------------------------------
                         required time                         -2.133    
                         arrival time                           2.241    
  -------------------------------------------------------------------
                         slack                                  0.108    

Slack (MET) :             0.108ns  (arrival time - required time)
  Source:                 student_top_inst/bridge_inst/sw_meta_reg[20]/C
                            (rising edge-triggered cell FDCE clocked by clk_out2_pll  {rise@0.000ns fall@1.923ns period=3.846ns})
  Destination:            student_top_inst/bridge_inst/sw_sync_reg[20]/D
                            (rising edge-triggered cell FDCE clocked by clk_out2_pll  {rise@0.000ns fall@1.923ns period=3.846ns})
  Path Group:             clk_out2_pll
  Path Type:              Hold (Min at Fast Process Corner)
  Requirement:            0.000ns  (clk_out2_pll rise@0.000ns - clk_out2_pll rise@0.000ns)
  Data Path Delay:        0.155ns  (logic 0.100ns (64.566%)  route 0.055ns (35.434%))
  Logic Levels:           0  
  Clock Path Skew:        0.000ns (DCD - SCD - CPR)
    Destination Clock Delay (DCD):    2.397ns
    Source Clock Delay      (SCD):    2.041ns
    Clock Pessimism Removal (CPR):    0.355ns

    Location             Delay type                Incr(ns)  Path(ns)    Netlist Resource(s)
  -------------------------------------------------------------------    -------------------
                         (clock clk_out2_pll rise edge)
                                                      0.000     0.000 r  
    AD12                                              0.000     0.000 r  i_sys_clk_p (IN)
                         net (fo=0)                   0.000     0.000    pll_inst/inst/clk_in1_p
    AD12                 IBUFDS (Prop_ibufds_I_O)     0.388     0.388 r  pll_inst/inst/clkin1_ibufgds/O
                         net (fo=1, routed)           1.083     1.471    pll_inst/inst/clk_in1_pll_buf
    BUFGCTRL_X0Y3        BUFG (Prop_bufg_I_O)         0.026     1.497 r  pll_inst/inst/clkin1_bufg1/O
                         net (fo=1, routed)           0.767     2.264    pll_inst/inst/clk_in1_pll
    PLLE2_ADV_X1Y0       PLLE2_ADV (Prop_plle2_adv_CLKIN1_CLKOUT1)
                                                     -1.938     0.326 r  pll_inst/inst/plle2_adv_inst/CLKOUT1
                         net (fo=1, routed)           1.145     1.471    pll_inst/inst/clk_out2_pll
    BUFGCTRL_X0Y0        BUFG (Prop_bufg_I_O)         0.026     1.497 r  pll_inst/inst/clkout2_buf/O
                         net (fo=2669, routed)        0.544     2.041    student_top_inst/bridge_inst/clk_out2
    SLICE_X51Y154        FDCE                                         r  student_top_inst/bridge_inst/sw_meta_reg[20]/C
  -------------------------------------------------------------------    -------------------
    SLICE_X51Y154        FDCE (Prop_fdce_C_Q)         0.100     2.141 r  student_top_inst/bridge_inst/sw_meta_reg[20]/Q
                         net (fo=1, routed)           0.055     2.196    student_top_inst/bridge_inst/sw_meta[20]
    SLICE_X51Y154        FDCE                                         r  student_top_inst/bridge_inst/sw_sync_reg[20]/D
  -------------------------------------------------------------------    -------------------

                         (clock clk_out2_pll rise edge)
                                                      0.000     0.000 r  
    AD12                                              0.000     0.000 r  i_sys_clk_p (IN)
                         net (fo=0)                   0.000     0.000    pll_inst/inst/clk_in1_p
    AD12                 IBUFDS (Prop_ibufds_I_O)     0.470     0.470 r  pll_inst/inst/clkin1_ibufgds/O
                         net (fo=1, routed)           1.154     1.624    pll_inst/inst/clk_in1_pll_buf
    BUFGCTRL_X0Y3        BUFG (Prop_bufg_I_O)         0.030     1.654 r  pll_inst/inst/clkin1_bufg1/O
                         net (fo=1, routed)           1.037     2.691    pll_inst/inst/clk_in1_pll
    PLLE2_ADV_X1Y0       PLLE2_ADV (Prop_plle2_adv_CLKIN1_CLKOUT1)
                                                     -2.283     0.408 r  pll_inst/inst/plle2_adv_inst/CLKOUT1
                         net (fo=1, routed)           1.216     1.624    pll_inst/inst/clk_out2_pll
    BUFGCTRL_X0Y0        BUFG (Prop_bufg_I_O)         0.030     1.654 r  pll_inst/inst/clkout2_buf/O
                         net (fo=2669, routed)        0.743     2.397    student_top_inst/bridge_inst/clk_out2
    SLICE_X51Y154        FDCE                                         r  student_top_inst/bridge_inst/sw_sync_reg[20]/C
                         clock pessimism             -0.355     2.041    
    SLICE_X51Y154        FDCE (Hold_fdce_C_D)         0.047     2.088    student_top_inst/bridge_inst/sw_sync_reg[20]
  -------------------------------------------------------------------
                         required time                         -2.088    
                         arrival time                           2.196    
  -------------------------------------------------------------------
                         slack                                  0.108    

Slack (MET) :             0.108ns  (arrival time - required time)
  Source:                 student_top_inst/bridge_inst/sw_meta_reg[21]/C
                            (rising edge-triggered cell FDCE clocked by clk_out2_pll  {rise@0.000ns fall@1.923ns period=3.846ns})
  Destination:            student_top_inst/bridge_inst/sw_sync_reg[21]/D
                            (rising edge-triggered cell FDCE clocked by clk_out2_pll  {rise@0.000ns fall@1.923ns period=3.846ns})
  Path Group:             clk_out2_pll
  Path Type:              Hold (Min at Fast Process Corner)
  Requirement:            0.000ns  (clk_out2_pll rise@0.000ns - clk_out2_pll rise@0.000ns)
  Data Path Delay:        0.155ns  (logic 0.100ns (64.566%)  route 0.055ns (35.434%))
  Logic Levels:           0  
  Clock Path Skew:        0.000ns (DCD - SCD - CPR)
    Destination Clock Delay (DCD):    2.433ns
    Source Clock Delay      (SCD):    2.076ns
    Clock Pessimism Removal (CPR):    0.356ns

    Location             Delay type                Incr(ns)  Path(ns)    Netlist Resource(s)
  -------------------------------------------------------------------    -------------------
                         (clock clk_out2_pll rise edge)
                                                      0.000     0.000 r  
    AD12                                              0.000     0.000 r  i_sys_clk_p (IN)
                         net (fo=0)                   0.000     0.000    pll_inst/inst/clk_in1_p
    AD12                 IBUFDS (Prop_ibufds_I_O)     0.388     0.388 r  pll_inst/inst/clkin1_ibufgds/O
                         net (fo=1, routed)           1.083     1.471    pll_inst/inst/clk_in1_pll_buf
    BUFGCTRL_X0Y3        BUFG (Prop_bufg_I_O)         0.026     1.497 r  pll_inst/inst/clkin1_bufg1/O
                         net (fo=1, routed)           0.767     2.264    pll_inst/inst/clk_in1_pll
    PLLE2_ADV_X1Y0       PLLE2_ADV (Prop_plle2_adv_CLKIN1_CLKOUT1)
                                                     -1.938     0.326 r  pll_inst/inst/plle2_adv_inst/CLKOUT1
                         net (fo=1, routed)           1.145     1.471    pll_inst/inst/clk_out2_pll
    BUFGCTRL_X0Y0        BUFG (Prop_bufg_I_O)         0.026     1.497 r  pll_inst/inst/clkout2_buf/O
                         net (fo=2669, routed)        0.579     2.076    student_top_inst/bridge_inst/clk_out2
    SLICE_X39Y153        FDCE                                         r  student_top_inst/bridge_inst/sw_meta_reg[21]/C
  -------------------------------------------------------------------    -------------------
    SLICE_X39Y153        FDCE (Prop_fdce_C_Q)         0.100     2.176 r  student_top_inst/bridge_inst/sw_meta_reg[21]/Q
                         net (fo=1, routed)           0.055     2.231    student_top_inst/bridge_inst/sw_meta[21]
    SLICE_X39Y153        FDCE                                         r  student_top_inst/bridge_inst/sw_sync_reg[21]/D
  -------------------------------------------------------------------    -------------------

                         (clock clk_out2_pll rise edge)
                                                      0.000     0.000 r  
    AD12                                              0.000     0.000 r  i_sys_clk_p (IN)
                         net (fo=0)                   0.000     0.000    pll_inst/inst/clk_in1_p
    AD12                 IBUFDS (Prop_ibufds_I_O)     0.470     0.470 r  pll_inst/inst/clkin1_ibufgds/O
                         net (fo=1, routed)           1.154     1.624    pll_inst/inst/clk_in1_pll_buf
    BUFGCTRL_X0Y3        BUFG (Prop_bufg_I_O)         0.030     1.654 r  pll_inst/inst/clkin1_bufg1/O
                         net (fo=1, routed)           1.037     2.691    pll_inst/inst/clk_in1_pll
    PLLE2_ADV_X1Y0       PLLE2_ADV (Prop_plle2_adv_CLKIN1_CLKOUT1)
                                                     -2.283     0.408 r  pll_inst/inst/plle2_adv_inst/CLKOUT1
                         net (fo=1, routed)           1.216     1.624    pll_inst/inst/clk_out2_pll
    BUFGCTRL_X0Y0        BUFG (Prop_bufg_I_O)         0.030     1.654 r  pll_inst/inst/clkout2_buf/O
                         net (fo=2669, routed)        0.779     2.433    student_top_inst/bridge_inst/clk_out2
    SLICE_X39Y153        FDCE                                         r  student_top_inst/bridge_inst/sw_sync_reg[21]/C
                         clock pessimism             -0.356     2.076    
    SLICE_X39Y153        FDCE (Hold_fdce_C_D)         0.047     2.123    student_top_inst/bridge_inst/sw_sync_reg[21]
  -------------------------------------------------------------------
                         required time                         -2.123    
                         arrival time                           2.231    
  -------------------------------------------------------------------
                         slack                                  0.108    

Slack (MET) :             0.108ns  (arrival time - required time)
  Source:                 student_top_inst/bridge_inst/sw_meta_reg[55]/C
                            (rising edge-triggered cell FDCE clocked by clk_out2_pll  {rise@0.000ns fall@1.923ns period=3.846ns})
  Destination:            student_top_inst/bridge_inst/sw_sync_reg[55]/D
                            (rising edge-triggered cell FDCE clocked by clk_out2_pll  {rise@0.000ns fall@1.923ns period=3.846ns})
  Path Group:             clk_out2_pll
  Path Type:              Hold (Min at Fast Process Corner)
  Requirement:            0.000ns  (clk_out2_pll rise@0.000ns - clk_out2_pll rise@0.000ns)
  Data Path Delay:        0.155ns  (logic 0.100ns (64.566%)  route 0.055ns (35.434%))
  Logic Levels:           0  
  Clock Path Skew:        0.000ns (DCD - SCD - CPR)
    Destination Clock Delay (DCD):    2.443ns
    Source Clock Delay      (SCD):    2.086ns
    Clock Pessimism Removal (CPR):    0.356ns

    Location             Delay type                Incr(ns)  Path(ns)    Netlist Resource(s)
  -------------------------------------------------------------------    -------------------
                         (clock clk_out2_pll rise edge)
                                                      0.000     0.000 r  
    AD12                                              0.000     0.000 r  i_sys_clk_p (IN)
                         net (fo=0)                   0.000     0.000    pll_inst/inst/clk_in1_p
    AD12                 IBUFDS (Prop_ibufds_I_O)     0.388     0.388 r  pll_inst/inst/clkin1_ibufgds/O
                         net (fo=1, routed)           1.083     1.471    pll_inst/inst/clk_in1_pll_buf
    BUFGCTRL_X0Y3        BUFG (Prop_bufg_I_O)         0.026     1.497 r  pll_inst/inst/clkin1_bufg1/O
                         net (fo=1, routed)           0.767     2.264    pll_inst/inst/clk_in1_pll
    PLLE2_ADV_X1Y0       PLLE2_ADV (Prop_plle2_adv_CLKIN1_CLKOUT1)
                                                     -1.938     0.326 r  pll_inst/inst/plle2_adv_inst/CLKOUT1
                         net (fo=1, routed)           1.145     1.471    pll_inst/inst/clk_out2_pll
    BUFGCTRL_X0Y0        BUFG (Prop_bufg_I_O)         0.026     1.497 r  pll_inst/inst/clkout2_buf/O
                         net (fo=2669, routed)        0.589     2.086    student_top_inst/bridge_inst/clk_out2
    SLICE_X23Y153        FDCE                                         r  student_top_inst/bridge_inst/sw_meta_reg[55]/C
  -------------------------------------------------------------------    -------------------
    SLICE_X23Y153        FDCE (Prop_fdce_C_Q)         0.100     2.186 r  student_top_inst/bridge_inst/sw_meta_reg[55]/Q
                         net (fo=1, routed)           0.055     2.241    student_top_inst/bridge_inst/sw_meta[55]
    SLICE_X23Y153        FDCE                                         r  student_top_inst/bridge_inst/sw_sync_reg[55]/D
  -------------------------------------------------------------------    -------------------

                         (clock clk_out2_pll rise edge)
                                                      0.000     0.000 r  
    AD12                                              0.000     0.000 r  i_sys_clk_p (IN)
                         net (fo=0)                   0.000     0.000    pll_inst/inst/clk_in1_p
    AD12                 IBUFDS (Prop_ibufds_I_O)     0.470     0.470 r  pll_inst/inst/clkin1_ibufgds/O
                         net (fo=1, routed)           1.154     1.624    pll_inst/inst/clk_in1_pll_buf
    BUFGCTRL_X0Y3        BUFG (Prop_bufg_I_O)         0.030     1.654 r  pll_inst/inst/clkin1_bufg1/O
                         net (fo=1, routed)           1.037     2.691    pll_inst/inst/clk_in1_pll
    PLLE2_ADV_X1Y0       PLLE2_ADV (Prop_plle2_adv_CLKIN1_CLKOUT1)
                                                     -2.283     0.408 r  pll_inst/inst/plle2_adv_inst/CLKOUT1
                         net (fo=1, routed)           1.216     1.624    pll_inst/inst/clk_out2_pll
    BUFGCTRL_X0Y0        BUFG (Prop_bufg_I_O)         0.030     1.654 r  pll_inst/inst/clkout2_buf/O
                         net (fo=2669, routed)        0.789     2.443    student_top_inst/bridge_inst/clk_out2
    SLICE_X23Y153        FDCE                                         r  student_top_inst/bridge_inst/sw_sync_reg[55]/C
                         clock pessimism             -0.356     2.086    
    SLICE_X23Y153        FDCE (Hold_fdce_C_D)         0.047     2.133    student_top_inst/bridge_inst/sw_sync_reg[55]
  -------------------------------------------------------------------
                         required time                         -2.133    
                         arrival time                           2.241    
  -------------------------------------------------------------------
                         slack                                  0.108    





Pulse Width Checks
--------------------------------------------------------------------------------------
Clock Name:         clk_out2_pll
Waveform(ns):       { 0.000 1.923 }
Period(ns):         3.846
Sources:            { pll_inst/inst/plle2_adv_inst/CLKOUT1 }

Check Type        Corner  Lib Pin             Reference Pin  Required(ns)  Actual(ns)  Slack(ns)  Location        Pin
Min Period        n/a     DSP48E1/CLK         n/a            2.772         3.846       1.074      DSP48_X2Y75     student_top_inst/Core_cpu/MulDiv_inst/mul_prod_r_reg/CLK
Min Period        n/a     DSP48E1/CLK         n/a            2.772         3.846       1.074      DSP48_X2Y77     student_top_inst/Core_cpu/MulDiv_inst/mul_prod_r_reg__0/CLK
Min Period        n/a     RAMB36E1/CLKARDCLK  n/a            1.839         3.846       2.007      RAMB36_X0Y37    student_top_inst/Mem_IROM/U0/inst_blk_mem_gen/gnbram.gnativebmg.native_blk_mem_gen/valid.cstr/ramloop[0].ram.r/prim_init.ram/DEVICE_7SERIES.NO_BMM_INFO.SP.SIMPLE_PRIM36.ram/CLKARDCLK
Min Period        n/a     RAMB36E1/CLKBWRCLK  n/a            1.839         3.846       2.007      RAMB36_X0Y37    student_top_inst/Mem_IROM/U0/inst_blk_mem_gen/gnbram.gnativebmg.native_blk_mem_gen/valid.cstr/ramloop[0].ram.r/prim_init.ram/DEVICE_7SERIES.NO_BMM_INFO.SP.SIMPLE_PRIM36.ram/CLKBWRCLK
Min Period        n/a     RAMB36E1/CLKARDCLK  n/a            1.839         3.846       2.007      RAMB36_X1Y35    student_top_inst/Mem_IROM/U0/inst_blk_mem_gen/gnbram.gnativebmg.native_blk_mem_gen/valid.cstr/ramloop[1].ram.r/prim_init.ram/DEVICE_7SERIES.NO_BMM_INFO.SP.SIMPLE_PRIM36.ram/CLKARDCLK
Min Period        n/a     RAMB36E1/CLKBWRCLK  n/a            1.839         3.846       2.007      RAMB36_X1Y35    student_top_inst/Mem_IROM/U0/inst_blk_mem_gen/gnbram.gnativebmg.native_blk_mem_gen/valid.cstr/ramloop[1].ram.r/prim_init.ram/DEVICE_7SERIES.NO_BMM_INFO.SP.SIMPLE_PRIM36.ram/CLKBWRCLK
Min Period        n/a     RAMB36E1/CLKARDCLK  n/a            1.839         3.846       2.007      RAMB36_X0Y35    student_top_inst/Mem_IROM/U0/inst_blk_mem_gen/gnbram.gnativebmg.native_blk_mem_gen/valid.cstr/ramloop[2].ram.r/prim_init.ram/DEVICE_7SERIES.NO_BMM_INFO.SP.SIMPLE_PRIM36.ram/CLKARDCLK
Min Period        n/a     RAMB36E1/CLKBWRCLK  n/a            1.839         3.846       2.007      RAMB36_X0Y35    student_top_inst/Mem_IROM/U0/inst_blk_mem_gen/gnbram.gnativebmg.native_blk_mem_gen/valid.cstr/ramloop[2].ram.r/prim_init.ram/DEVICE_7SERIES.NO_BMM_INFO.SP.SIMPLE_PRIM36.ram/CLKBWRCLK
Min Period        n/a     RAMB36E1/CLKARDCLK  n/a            1.839         3.846       2.007      RAMB36_X0Y36    student_top_inst/Mem_IROM/U0/inst_blk_mem_gen/gnbram.gnativebmg.native_blk_mem_gen/valid.cstr/ramloop[3].ram.r/prim_init.ram/DEVICE_7SERIES.NO_BMM_INFO.SP.SIMPLE_PRIM36.ram/CLKARDCLK
Min Period        n/a     RAMB36E1/CLKBWRCLK  n/a            1.839         3.846       2.007      RAMB36_X0Y36    student_top_inst/Mem_IROM/U0/inst_blk_mem_gen/gnbram.gnativebmg.native_blk_mem_gen/valid.cstr/ramloop[3].ram.r/prim_init.ram/DEVICE_7SERIES.NO_BMM_INFO.SP.SIMPLE_PRIM36.ram/CLKBWRCLK
Max Period        n/a     PLLE2_ADV/CLKOUT1   n/a            160.000       3.846       156.154    PLLE2_ADV_X1Y0  pll_inst/inst/plle2_adv_inst/CLKOUT1
Low Pulse Width   Slow    SRL16E/CLK          n/a            0.642         1.923       1.281      SLICE_X2Y171    student_top_inst/Mem_IROM/U0/inst_blk_mem_gen/gnbram.gnativebmg.native_blk_mem_gen/valid.cstr/ramloop[3].ram.r/SAFETY_CKT_GEN.RSTA_SHFT_REG_reg[3]_srl3/CLK
Low Pulse Width   Fast    SRL16E/CLK          n/a            0.642         1.923       1.281      SLICE_X2Y171    student_top_inst/Mem_IROM/U0/inst_blk_mem_gen/gnbram.gnativebmg.native_blk_mem_gen/valid.cstr/ramloop[3].ram.r/SAFETY_CKT_GEN.RSTA_SHFT_REG_reg[3]_srl3/CLK
Low Pulse Width   Slow    FDRE/C              n/a            0.400         1.923       1.523      SLICE_X16Y159   student_top_inst/Core_cpu/CSR_inst/mstatus_reg[3]/C
Low Pulse Width   Fast    FDRE/C              n/a            0.400         1.923       1.523      SLICE_X16Y159   student_top_inst/Core_cpu/CSR_inst/mstatus_reg[3]/C
Low Pulse Width   Slow    FDRE/C              n/a            0.400         1.923       1.523      SLICE_X53Y177   student_top_inst/Core_cpu/MulDiv_inst/div_cnt_reg[1]/C
Low Pulse Width   Fast    FDRE/C              n/a            0.400         1.923       1.523      SLICE_X53Y177   student_top_inst/Core_cpu/MulDiv_inst/div_cnt_reg[1]/C
Low Pulse Width   Slow    FDRE/C              n/a            0.400         1.923       1.523      SLICE_X53Y177   student_top_inst/Core_cpu/MulDiv_inst/div_cnt_reg[3]/C
Low Pulse Width   Fast    FDRE/C              n/a            0.400         1.923       1.523      SLICE_X53Y177   student_top_inst/Core_cpu/MulDiv_inst/div_cnt_reg[3]/C
Low Pulse Width   Slow    FDRE/C              n/a            0.400         1.923       1.523      SLICE_X50Y177   student_top_inst/Core_cpu/MulDiv_inst/divisor_r_reg[28]/C
Low Pulse Width   Fast    FDRE/C              n/a            0.400         1.923       1.523      SLICE_X50Y177   student_top_inst/Core_cpu/MulDiv_inst/divisor_r_reg[28]/C
High Pulse Width  Slow    SRL16E/CLK          n/a            0.642         1.923       1.281      SLICE_X2Y171    student_top_inst/Mem_IROM/U0/inst_blk_mem_gen/gnbram.gnativebmg.native_blk_mem_gen/valid.cstr/ramloop[3].ram.r/SAFETY_CKT_GEN.RSTA_SHFT_REG_reg[3]_srl3/CLK
High Pulse Width  Fast    SRL16E/CLK          n/a            0.642         1.923       1.281      SLICE_X2Y171    student_top_inst/Mem_IROM/U0/inst_blk_mem_gen/gnbram.gnativebmg.native_blk_mem_gen/valid.cstr/ramloop[3].ram.r/SAFETY_CKT_GEN.RSTA_SHFT_REG_reg[3]_srl3/CLK
High Pulse Width  Slow    FDRE/C              n/a            0.350         1.923       1.573      SLICE_X17Y156   student_top_inst/Core_cpu/CSR_inst/mcause_reg[0]/C
High Pulse Width  Fast    FDRE/C              n/a            0.350         1.923       1.573      SLICE_X17Y156   student_top_inst/Core_cpu/CSR_inst/mcause_reg[0]/C
High Pulse Width  Slow    FDRE/C              n/a            0.350         1.923       1.573      SLICE_X22Y155   student_top_inst/Core_cpu/CSR_inst/mcause_reg[10]/C
High Pulse Width  Fast    FDRE/C              n/a            0.350         1.923       1.573      SLICE_X22Y155   student_top_inst/Core_cpu/CSR_inst/mcause_reg[10]/C
High Pulse Width  Slow    FDRE/C              n/a            0.350         1.923       1.573      SLICE_X21Y156   student_top_inst/Core_cpu/CSR_inst/mcause_reg[11]/C
High Pulse Width  Fast    FDRE/C              n/a            0.350         1.923       1.573      SLICE_X21Y156   student_top_inst/Core_cpu/CSR_inst/mcause_reg[11]/C
High Pulse Width  Slow    FDRE/C              n/a            0.350         1.923       1.573      SLICE_X50Y172   student_top_inst/Core_cpu/CSR_inst/mcause_reg[12]/C
High Pulse Width  Fast    FDRE/C              n/a            0.350         1.923       1.573      SLICE_X50Y172   student_top_inst/Core_cpu/CSR_inst/mcause_reg[12]/C



---------------------------------------------------------------------------------------------------
From Clock:  clkfbout_pll
  To Clock:  clkfbout_pll

Setup :           NA  Failing Endpoints,  Worst Slack           NA  ,  Total Violation           NA
Hold  :           NA  Failing Endpoints,  Worst Slack           NA  ,  Total Violation           NA
PW    :            0  Failing Endpoints,  Worst Slack        8.592ns,  Total Violation        0.000ns
---------------------------------------------------------------------------------------------------


Pulse Width Checks
--------------------------------------------------------------------------------------
Clock Name:         clkfbout_pll
Waveform(ns):       { 0.000 5.000 }
Period(ns):         10.000
Sources:            { pll_inst/inst/plle2_adv_inst/CLKFBOUT }

Check Type  Corner  Lib Pin             Reference Pin  Required(ns)  Actual(ns)  Slack(ns)  Location        Pin
Min Period  n/a     BUFG/I              n/a            1.408         10.000      8.591      BUFGCTRL_X0Y2   pll_inst/inst/clkf_buf/I
Min Period  n/a     PLLE2_ADV/CLKFBOUT  n/a            1.071         10.000      8.929      PLLE2_ADV_X1Y0  pll_inst/inst/plle2_adv_inst/CLKFBOUT
Min Period  n/a     PLLE2_ADV/CLKFBIN   n/a            1.071         10.000      8.929      PLLE2_ADV_X1Y0  pll_inst/inst/plle2_adv_inst/CLKFBIN
Max Period  n/a     PLLE2_ADV/CLKFBIN   n/a            52.633        10.000      42.633     PLLE2_ADV_X1Y0  pll_inst/inst/plle2_adv_inst/CLKFBIN
Max Period  n/a     PLLE2_ADV/CLKFBOUT  n/a            160.000       10.000      150.000    PLLE2_ADV_X1Y0  pll_inst/inst/plle2_adv_inst/CLKFBOUT



--------------------------------------------------------------------------------------
Path Group:  (none)
From Clock:  clk_out2_pll
  To Clock:  clk_out1_pll

Max Delay            68 Endpoints
Min Delay            68 Endpoints
--------------------------------------------------------------------------------------


Max Delay Paths
--------------------------------------------------------------------------------------
Slack:                    inf
  Source:                 student_top_inst/bridge_inst/seg_tx_data_cpu_reg[1]/C
                            (rising edge-triggered cell FDCE clocked by clk_out2_pll  {rise@0.000ns fall@1.923ns period=3.846ns})
  Destination:            student_top_inst/bridge_inst/seg_wdata_cnt_reg[1]/D
                            (rising edge-triggered cell FDCE clocked by clk_out1_pll  {rise@0.000ns fall@10.000ns period=20.000ns})
  Path Group:             (none)
  Path Type:              Setup (Max at Slow Process Corner)
  Data Path Delay:        1.045ns  (logic 0.259ns (24.778%)  route 0.786ns (75.222%))
  Logic Levels:           0  
  Clock Path Skew:        -0.377ns (DCD - SCD + CPR)
    Destination Clock Delay (DCD):    4.390ns
    Source Clock Delay      (SCD):    4.768ns
    Clock Pessimism Removal (CPR):    0.000ns
  Clock Uncertainty:      0.191ns  ((TSJ^2 + DJ^2)^1/2) / 2 + PE
    Total System Jitter     (TSJ):    0.071ns
    Discrete Jitter          (DJ):    0.124ns
    Phase Error              (PE):    0.120ns
  Timing Exception:       Asynchronous Clock Groups

    Location             Delay type                Incr(ns)  Path(ns)    Netlist Resource(s)
  -------------------------------------------------------------------    -------------------
                         (clock clk_out2_pll rise edge)
                                                      0.000     0.000 r  
    AD12                                              0.000     0.000 r  i_sys_clk_p (IN)
                         net (fo=0)                   0.000     0.000    pll_inst/inst/clk_in1_p
    AD12                 IBUFDS (Prop_ibufds_I_O)     0.906     0.906 r  pll_inst/inst/clkin1_ibufgds/O
                         net (fo=1, routed)           2.299     3.205    pll_inst/inst/clk_in1_pll_buf
    BUFGCTRL_X0Y3        BUFG (Prop_bufg_I_O)         0.093     3.298 r  pll_inst/inst/clkin1_bufg1/O
                         net (fo=1, routed)           1.959     5.257    pll_inst/inst/clk_in1_pll
    PLLE2_ADV_X1Y0       PLLE2_ADV (Prop_plle2_adv_CLKIN1_CLKOUT1)
                                                     -4.519     0.738 r  pll_inst/inst/plle2_adv_inst/CLKOUT1
                         net (fo=1, routed)           2.467     3.205    pll_inst/inst/clk_out2_pll
    BUFGCTRL_X0Y0        BUFG (Prop_bufg_I_O)         0.093     3.298 r  pll_inst/inst/clkout2_buf/O
                         net (fo=2669, routed)        1.470     4.768    student_top_inst/bridge_inst/clk_out2
    SLICE_X20Y145        FDCE                                         r  student_top_inst/bridge_inst/seg_tx_data_cpu_reg[1]/C
  -------------------------------------------------------------------    -------------------
    SLICE_X20Y145        FDCE (Prop_fdce_C_Q)         0.259     5.027 r  student_top_inst/bridge_inst/seg_tx_data_cpu_reg[1]/Q
                         net (fo=2, routed)           0.786     5.813    student_top_inst/bridge_inst/seg_sent_value_cpu[1]
    SLICE_X15Y135        FDCE                                         r  student_top_inst/bridge_inst/seg_wdata_cnt_reg[1]/D
  -------------------------------------------------------------------    -------------------

                         (clock clk_out1_pll rise edge)
                                                      0.000     0.000 r  
    AD12                                              0.000     0.000 r  i_sys_clk_p (IN)
                         net (fo=0)                   0.000     0.000    pll_inst/inst/clk_in1_p
    AD12                 IBUFDS (Prop_ibufds_I_O)     0.803     0.803 r  pll_inst/inst/clkin1_ibufgds/O
                         net (fo=1, routed)           2.173     2.976    pll_inst/inst/clk_in1_pll_buf
    BUFGCTRL_X0Y3        BUFG (Prop_bufg_I_O)         0.083     3.059 r  pll_inst/inst/clkin1_bufg1/O
                         net (fo=1, routed)           1.796     4.855    pll_inst/inst/clk_in1_pll
    PLLE2_ADV_X1Y0       PLLE2_ADV (Prop_plle2_adv_CLKIN1_CLKOUT0)
                                                     -4.213     0.642 r  pll_inst/inst/plle2_adv_inst/CLKOUT0
                         net (fo=1, routed)           2.334     2.976    pll_inst/inst/clk_out1_pll
    BUFGCTRL_X0Y1        BUFG (Prop_bufg_I_O)         0.083     3.059 r  pll_inst/inst/clkout1_buf/O
                         net (fo=434, routed)         1.331     4.390    student_top_inst/bridge_inst/CLK
    SLICE_X15Y135        FDCE                                         r  student_top_inst/bridge_inst/seg_wdata_cnt_reg[1]/C

Slack:                    inf
  Source:                 student_top_inst/bridge_inst/seg_tx_data_cpu_reg[0]/C
                            (rising edge-triggered cell FDCE clocked by clk_out2_pll  {rise@0.000ns fall@1.923ns period=3.846ns})
  Destination:            student_top_inst/bridge_inst/seg_wdata_cnt_reg[0]/D
                            (rising edge-triggered cell FDCE clocked by clk_out1_pll  {rise@0.000ns fall@10.000ns period=20.000ns})
  Path Group:             (none)
  Path Type:              Setup (Max at Slow Process Corner)
  Data Path Delay:        0.947ns  (logic 0.259ns (27.360%)  route 0.688ns (72.640%))
  Logic Levels:           0  
  Clock Path Skew:        -0.376ns (DCD - SCD + CPR)
    Destination Clock Delay (DCD):    4.390ns
    Source Clock Delay      (SCD):    4.767ns
    Clock Pessimism Removal (CPR):    0.000ns
  Clock Uncertainty:      0.191ns  ((TSJ^2 + DJ^2)^1/2) / 2 + PE
    Total System Jitter     (TSJ):    0.071ns
    Discrete Jitter          (DJ):    0.124ns
    Phase Error              (PE):    0.120ns
  Timing Exception:       Asynchronous Clock Groups

    Location             Delay type                Incr(ns)  Path(ns)    Netlist Resource(s)
  -------------------------------------------------------------------    -------------------
                         (clock clk_out2_pll rise edge)
                                                      0.000     0.000 r  
    AD12                                              0.000     0.000 r  i_sys_clk_p (IN)
                         net (fo=0)                   0.000     0.000    pll_inst/inst/clk_in1_p
    AD12                 IBUFDS (Prop_ibufds_I_O)     0.906     0.906 r  pll_inst/inst/clkin1_ibufgds/O
                         net (fo=1, routed)           2.299     3.205    pll_inst/inst/clk_in1_pll_buf
    BUFGCTRL_X0Y3        BUFG (Prop_bufg_I_O)         0.093     3.298 r  pll_inst/inst/clkin1_bufg1/O
                         net (fo=1, routed)           1.959     5.257    pll_inst/inst/clk_in1_pll
    PLLE2_ADV_X1Y0       PLLE2_ADV (Prop_plle2_adv_CLKIN1_CLKOUT1)
                                                     -4.519     0.738 r  pll_inst/inst/plle2_adv_inst/CLKOUT1
                         net (fo=1, routed)           2.467     3.205    pll_inst/inst/clk_out2_pll
    BUFGCTRL_X0Y0        BUFG (Prop_bufg_I_O)         0.093     3.298 r  pll_inst/inst/clkout2_buf/O
                         net (fo=2669, routed)        1.469     4.767    student_top_inst/bridge_inst/clk_out2
    SLICE_X22Y147        FDCE                                         r  student_top_inst/bridge_inst/seg_tx_data_cpu_reg[0]/C
  -------------------------------------------------------------------    -------------------
    SLICE_X22Y147        FDCE (Prop_fdce_C_Q)         0.259     5.026 r  student_top_inst/bridge_inst/seg_tx_data_cpu_reg[0]/Q
                         net (fo=2, routed)           0.688     5.713    student_top_inst/bridge_inst/seg_sent_value_cpu[0]
    SLICE_X15Y135        FDCE                                         r  student_top_inst/bridge_inst/seg_wdata_cnt_reg[0]/D
  -------------------------------------------------------------------    -------------------

                         (clock clk_out1_pll rise edge)
                                                      0.000     0.000 r  
    AD12                                              0.000     0.000 r  i_sys_clk_p (IN)
                         net (fo=0)                   0.000     0.000    pll_inst/inst/clk_in1_p
    AD12                 IBUFDS (Prop_ibufds_I_O)     0.803     0.803 r  pll_inst/inst/clkin1_ibufgds/O
                         net (fo=1, routed)           2.173     2.976    pll_inst/inst/clk_in1_pll_buf
    BUFGCTRL_X0Y3        BUFG (Prop_bufg_I_O)         0.083     3.059 r  pll_inst/inst/clkin1_bufg1/O
                         net (fo=1, routed)           1.796     4.855    pll_inst/inst/clk_in1_pll
    PLLE2_ADV_X1Y0       PLLE2_ADV (Prop_plle2_adv_CLKIN1_CLKOUT0)
                                                     -4.213     0.642 r  pll_inst/inst/plle2_adv_inst/CLKOUT0
                         net (fo=1, routed)           2.334     2.976    pll_inst/inst/clk_out1_pll
    BUFGCTRL_X0Y1        BUFG (Prop_bufg_I_O)         0.083     3.059 r  pll_inst/inst/clkout1_buf/O
                         net (fo=434, routed)         1.331     4.390    student_top_inst/bridge_inst/CLK
    SLICE_X15Y135        FDCE                                         r  student_top_inst/bridge_inst/seg_wdata_cnt_reg[0]/C

Slack:                    inf
  Source:                 student_top_inst/bridge_inst/seg_tx_data_cpu_reg[8]/C
                            (rising edge-triggered cell FDCE clocked by clk_out2_pll  {rise@0.000ns fall@1.923ns period=3.846ns})
  Destination:            student_top_inst/bridge_inst/seg_wdata_cnt_reg[8]/D
                            (rising edge-triggered cell FDCE clocked by clk_out1_pll  {rise@0.000ns fall@10.000ns period=20.000ns})
  Path Group:             (none)
  Path Type:              Setup (Max at Slow Process Corner)
  Data Path Delay:        0.882ns  (logic 0.259ns (29.365%)  route 0.623ns (70.635%))
  Logic Levels:           0  
  Clock Path Skew:        -0.376ns (DCD - SCD + CPR)
    Destination Clock Delay (DCD):    4.390ns
    Source Clock Delay      (SCD):    4.767ns
    Clock Pessimism Removal (CPR):    0.000ns
  Clock Uncertainty:      0.191ns  ((TSJ^2 + DJ^2)^1/2) / 2 + PE
    Total System Jitter     (TSJ):    0.071ns
    Discrete Jitter          (DJ):    0.124ns
    Phase Error              (PE):    0.120ns
  Timing Exception:       Asynchronous Clock Groups

    Location             Delay type                Incr(ns)  Path(ns)    Netlist Resource(s)
  -------------------------------------------------------------------    -------------------
                         (clock clk_out2_pll rise edge)
                                                      0.000     0.000 r  
    AD12                                              0.000     0.000 r  i_sys_clk_p (IN)
                         net (fo=0)                   0.000     0.000    pll_inst/inst/clk_in1_p
    AD12                 IBUFDS (Prop_ibufds_I_O)     0.906     0.906 r  pll_inst/inst/clkin1_ibufgds/O
                         net (fo=1, routed)           2.299     3.205    pll_inst/inst/clk_in1_pll_buf
    BUFGCTRL_X0Y3        BUFG (Prop_bufg_I_O)         0.093     3.298 r  pll_inst/inst/clkin1_bufg1/O
                         net (fo=1, routed)           1.959     5.257    pll_inst/inst/clk_in1_pll
    PLLE2_ADV_X1Y0       PLLE2_ADV (Prop_plle2_adv_CLKIN1_CLKOUT1)
                                                     -4.519     0.738 r  pll_inst/inst/plle2_adv_inst/CLKOUT1
                         net (fo=1, routed)           2.467     3.205    pll_inst/inst/clk_out2_pll
    BUFGCTRL_X0Y0        BUFG (Prop_bufg_I_O)         0.093     3.298 r  pll_inst/inst/clkout2_buf/O
                         net (fo=2669, routed)        1.469     4.767    student_top_inst/bridge_inst/clk_out2
    SLICE_X20Y143        FDCE                                         r  student_top_inst/bridge_inst/seg_tx_data_cpu_reg[8]/C
  -------------------------------------------------------------------    -------------------
    SLICE_X20Y143        FDCE (Prop_fdce_C_Q)         0.259     5.026 r  student_top_inst/bridge_inst/seg_tx_data_cpu_reg[8]/Q
                         net (fo=2, routed)           0.623     5.649    student_top_inst/bridge_inst/seg_sent_value_cpu[8]
    SLICE_X15Y135        FDCE                                         r  student_top_inst/bridge_inst/seg_wdata_cnt_reg[8]/D
  -------------------------------------------------------------------    -------------------

                         (clock clk_out1_pll rise edge)
                                                      0.000     0.000 r  
    AD12                                              0.000     0.000 r  i_sys_clk_p (IN)
                         net (fo=0)                   0.000     0.000    pll_inst/inst/clk_in1_p
    AD12                 IBUFDS (Prop_ibufds_I_O)     0.803     0.803 r  pll_inst/inst/clkin1_ibufgds/O
                         net (fo=1, routed)           2.173     2.976    pll_inst/inst/clk_in1_pll_buf
    BUFGCTRL_X0Y3        BUFG (Prop_bufg_I_O)         0.083     3.059 r  pll_inst/inst/clkin1_bufg1/O
                         net (fo=1, routed)           1.796     4.855    pll_inst/inst/clk_in1_pll
    PLLE2_ADV_X1Y0       PLLE2_ADV (Prop_plle2_adv_CLKIN1_CLKOUT0)
                                                     -4.213     0.642 r  pll_inst/inst/plle2_adv_inst/CLKOUT0
                         net (fo=1, routed)           2.334     2.976    pll_inst/inst/clk_out1_pll
    BUFGCTRL_X0Y1        BUFG (Prop_bufg_I_O)         0.083     3.059 r  pll_inst/inst/clkout1_buf/O
                         net (fo=434, routed)         1.331     4.390    student_top_inst/bridge_inst/CLK
    SLICE_X15Y135        FDCE                                         r  student_top_inst/bridge_inst/seg_wdata_cnt_reg[8]/C

Slack:                    inf
  Source:                 student_top_inst/bridge_inst/seg_tx_data_cpu_reg[6]/C
                            (rising edge-triggered cell FDCE clocked by clk_out2_pll  {rise@0.000ns fall@1.923ns period=3.846ns})
  Destination:            student_top_inst/bridge_inst/seg_wdata_cnt_reg[6]/D
                            (rising edge-triggered cell FDCE clocked by clk_out1_pll  {rise@0.000ns fall@10.000ns period=20.000ns})
  Path Group:             (none)
  Path Type:              Setup (Max at Slow Process Corner)
  Data Path Delay:        0.878ns  (logic 0.259ns (29.506%)  route 0.619ns (70.494%))
  Logic Levels:           0  
  Clock Path Skew:        -0.376ns (DCD - SCD + CPR)
    Destination Clock Delay (DCD):    4.390ns
    Source Clock Delay      (SCD):    4.767ns
    Clock Pessimism Removal (CPR):    0.000ns
  Clock Uncertainty:      0.191ns  ((TSJ^2 + DJ^2)^1/2) / 2 + PE
    Total System Jitter     (TSJ):    0.071ns
    Discrete Jitter          (DJ):    0.124ns
    Phase Error              (PE):    0.120ns
  Timing Exception:       Asynchronous Clock Groups

    Location             Delay type                Incr(ns)  Path(ns)    Netlist Resource(s)
  -------------------------------------------------------------------    -------------------
                         (clock clk_out2_pll rise edge)
                                                      0.000     0.000 r  
    AD12                                              0.000     0.000 r  i_sys_clk_p (IN)
                         net (fo=0)                   0.000     0.000    pll_inst/inst/clk_in1_p
    AD12                 IBUFDS (Prop_ibufds_I_O)     0.906     0.906 r  pll_inst/inst/clkin1_ibufgds/O
                         net (fo=1, routed)           2.299     3.205    pll_inst/inst/clk_in1_pll_buf
    BUFGCTRL_X0Y3        BUFG (Prop_bufg_I_O)         0.093     3.298 r  pll_inst/inst/clkin1_bufg1/O
                         net (fo=1, routed)           1.959     5.257    pll_inst/inst/clk_in1_pll
    PLLE2_ADV_X1Y0       PLLE2_ADV (Prop_plle2_adv_CLKIN1_CLKOUT1)
                                                     -4.519     0.738 r  pll_inst/inst/plle2_adv_inst/CLKOUT1
                         net (fo=1, routed)           2.467     3.205    pll_inst/inst/clk_out2_pll
    BUFGCTRL_X0Y0        BUFG (Prop_bufg_I_O)         0.093     3.298 r  pll_inst/inst/clkout2_buf/O
                         net (fo=2669, routed)        1.469     4.767    student_top_inst/bridge_inst/clk_out2
    SLICE_X22Y145        FDCE                                         r  student_top_inst/bridge_inst/seg_tx_data_cpu_reg[6]/C
  -------------------------------------------------------------------    -------------------
    SLICE_X22Y145        FDCE (Prop_fdce_C_Q)         0.259     5.026 r  student_top_inst/bridge_inst/seg_tx_data_cpu_reg[6]/Q
                         net (fo=2, routed)           0.619     5.644    student_top_inst/bridge_inst/seg_sent_value_cpu[6]
    SLICE_X20Y136        FDCE                                         r  student_top_inst/bridge_inst/seg_wdata_cnt_reg[6]/D
  -------------------------------------------------------------------    -------------------

                         (clock clk_out1_pll rise edge)
                                                      0.000     0.000 r  
    AD12                                              0.000     0.000 r  i_sys_clk_p (IN)
                         net (fo=0)                   0.000     0.000    pll_inst/inst/clk_in1_p
    AD12                 IBUFDS (Prop_ibufds_I_O)     0.803     0.803 r  pll_inst/inst/clkin1_ibufgds/O
                         net (fo=1, routed)           2.173     2.976    pll_inst/inst/clk_in1_pll_buf
    BUFGCTRL_X0Y3        BUFG (Prop_bufg_I_O)         0.083     3.059 r  pll_inst/inst/clkin1_bufg1/O
                         net (fo=1, routed)           1.796     4.855    pll_inst/inst/clk_in1_pll
    PLLE2_ADV_X1Y0       PLLE2_ADV (Prop_plle2_adv_CLKIN1_CLKOUT0)
                                                     -4.213     0.642 r  pll_inst/inst/plle2_adv_inst/CLKOUT0
                         net (fo=1, routed)           2.334     2.976    pll_inst/inst/clk_out1_pll
    BUFGCTRL_X0Y1        BUFG (Prop_bufg_I_O)         0.083     3.059 r  pll_inst/inst/clkout1_buf/O
                         net (fo=434, routed)         1.331     4.390    student_top_inst/bridge_inst/CLK
    SLICE_X20Y136        FDCE                                         r  student_top_inst/bridge_inst/seg_wdata_cnt_reg[6]/C

Slack:                    inf
  Source:                 student_top_inst/bridge_inst/counter_inst/start_tgl_cpu_reg/C
                            (rising edge-triggered cell FDRE clocked by clk_out2_pll  {rise@0.000ns fall@1.923ns period=3.846ns})
  Destination:            student_top_inst/bridge_inst/counter_inst/start_tgl_cnt_sync_reg[0]/D
                            (rising edge-triggered cell FDRE clocked by clk_out1_pll  {rise@0.000ns fall@10.000ns period=20.000ns})
  Path Group:             (none)
  Path Type:              Setup (Max at Slow Process Corner)
  Data Path Delay:        0.872ns  (logic 0.259ns (29.691%)  route 0.613ns (70.309%))
  Logic Levels:           0  
  Clock Path Skew:        -0.383ns (DCD - SCD + CPR)
    Destination Clock Delay (DCD):    4.383ns
    Source Clock Delay      (SCD):    4.767ns
    Clock Pessimism Removal (CPR):    0.000ns
  Clock Uncertainty:      0.191ns  ((TSJ^2 + DJ^2)^1/2) / 2 + PE
    Total System Jitter     (TSJ):    0.071ns
    Discrete Jitter          (DJ):    0.124ns
    Phase Error              (PE):    0.120ns
  Timing Exception:       Asynchronous Clock Groups

    Location             Delay type                Incr(ns)  Path(ns)    Netlist Resource(s)
  -------------------------------------------------------------------    -------------------
                         (clock clk_out2_pll rise edge)
                                                      0.000     0.000 r  
    AD12                                              0.000     0.000 r  i_sys_clk_p (IN)
                         net (fo=0)                   0.000     0.000    pll_inst/inst/clk_in1_p
    AD12                 IBUFDS (Prop_ibufds_I_O)     0.906     0.906 r  pll_inst/inst/clkin1_ibufgds/O
                         net (fo=1, routed)           2.299     3.205    pll_inst/inst/clk_in1_pll_buf
    BUFGCTRL_X0Y3        BUFG (Prop_bufg_I_O)         0.093     3.298 r  pll_inst/inst/clkin1_bufg1/O
                         net (fo=1, routed)           1.959     5.257    pll_inst/inst/clk_in1_pll
    PLLE2_ADV_X1Y0       PLLE2_ADV (Prop_plle2_adv_CLKIN1_CLKOUT1)
                                                     -4.519     0.738 r  pll_inst/inst/plle2_adv_inst/CLKOUT1
                         net (fo=1, routed)           2.467     3.205    pll_inst/inst/clk_out2_pll
    BUFGCTRL_X0Y0        BUFG (Prop_bufg_I_O)         0.093     3.298 r  pll_inst/inst/clkout2_buf/O
                         net (fo=2669, routed)        1.469     4.767    student_top_inst/bridge_inst/counter_inst/clk_out2
    SLICE_X22Y148        FDRE                                         r  student_top_inst/bridge_inst/counter_inst/start_tgl_cpu_reg/C
  -------------------------------------------------------------------    -------------------
    SLICE_X22Y148        FDRE (Prop_fdre_C_Q)         0.259     5.026 r  student_top_inst/bridge_inst/counter_inst/start_tgl_cpu_reg/Q
                         net (fo=2, routed)           0.613     5.639    student_top_inst/bridge_inst/counter_inst/start_tgl_cpu_reg_0[0]
    SLICE_X37Y141        FDRE                                         r  student_top_inst/bridge_inst/counter_inst/start_tgl_cnt_sync_reg[0]/D
  -------------------------------------------------------------------    -------------------

                         (clock clk_out1_pll rise edge)
                                                      0.000     0.000 r  
    AD12                                              0.000     0.000 r  i_sys_clk_p (IN)
                         net (fo=0)                   0.000     0.000    pll_inst/inst/clk_in1_p
    AD12                 IBUFDS (Prop_ibufds_I_O)     0.803     0.803 r  pll_inst/inst/clkin1_ibufgds/O
                         net (fo=1, routed)           2.173     2.976    pll_inst/inst/clk_in1_pll_buf
    BUFGCTRL_X0Y3        BUFG (Prop_bufg_I_O)         0.083     3.059 r  pll_inst/inst/clkin1_bufg1/O
                         net (fo=1, routed)           1.796     4.855    pll_inst/inst/clk_in1_pll
    PLLE2_ADV_X1Y0       PLLE2_ADV (Prop_plle2_adv_CLKIN1_CLKOUT0)
                                                     -4.213     0.642 r  pll_inst/inst/plle2_adv_inst/CLKOUT0
                         net (fo=1, routed)           2.334     2.976    pll_inst/inst/clk_out1_pll
    BUFGCTRL_X0Y1        BUFG (Prop_bufg_I_O)         0.083     3.059 r  pll_inst/inst/clkout1_buf/O
                         net (fo=434, routed)         1.324     4.383    student_top_inst/bridge_inst/counter_inst/CLK
    SLICE_X37Y141        FDRE                                         r  student_top_inst/bridge_inst/counter_inst/start_tgl_cnt_sync_reg[0]/C

Slack:                    inf
  Source:                 student_top_inst/bridge_inst/seg_tx_data_cpu_reg[5]/C
                            (rising edge-triggered cell FDCE clocked by clk_out2_pll  {rise@0.000ns fall@1.923ns period=3.846ns})
  Destination:            student_top_inst/bridge_inst/seg_wdata_cnt_reg[5]/D
                            (rising edge-triggered cell FDCE clocked by clk_out1_pll  {rise@0.000ns fall@10.000ns period=20.000ns})
  Path Group:             (none)
  Path Type:              Setup (Max at Slow Process Corner)
  Data Path Delay:        0.859ns  (logic 0.259ns (30.134%)  route 0.600ns (69.866%))
  Logic Levels:           0  
  Clock Path Skew:        -0.377ns (DCD - SCD + CPR)
    Destination Clock Delay (DCD):    4.390ns
    Source Clock Delay      (SCD):    4.768ns
    Clock Pessimism Removal (CPR):    0.000ns
  Clock Uncertainty:      0.191ns  ((TSJ^2 + DJ^2)^1/2) / 2 + PE
    Total System Jitter     (TSJ):    0.071ns
    Discrete Jitter          (DJ):    0.124ns
    Phase Error              (PE):    0.120ns
  Timing Exception:       Asynchronous Clock Groups

    Location             Delay type                Incr(ns)  Path(ns)    Netlist Resource(s)
  -------------------------------------------------------------------    -------------------
                         (clock clk_out2_pll rise edge)
                                                      0.000     0.000 r  
    AD12                                              0.000     0.000 r  i_sys_clk_p (IN)
                         net (fo=0)                   0.000     0.000    pll_inst/inst/clk_in1_p
    AD12                 IBUFDS (Prop_ibufds_I_O)     0.906     0.906 r  pll_inst/inst/clkin1_ibufgds/O
                         net (fo=1, routed)           2.299     3.205    pll_inst/inst/clk_in1_pll_buf
    BUFGCTRL_X0Y3        BUFG (Prop_bufg_I_O)         0.093     3.298 r  pll_inst/inst/clkin1_bufg1/O
                         net (fo=1, routed)           1.959     5.257    pll_inst/inst/clk_in1_pll
    PLLE2_ADV_X1Y0       PLLE2_ADV (Prop_plle2_adv_CLKIN1_CLKOUT1)
                                                     -4.519     0.738 r  pll_inst/inst/plle2_adv_inst/CLKOUT1
                         net (fo=1, routed)           2.467     3.205    pll_inst/inst/clk_out2_pll
    BUFGCTRL_X0Y0        BUFG (Prop_bufg_I_O)         0.093     3.298 r  pll_inst/inst/clkout2_buf/O
                         net (fo=2669, routed)        1.470     4.768    student_top_inst/bridge_inst/clk_out2
    SLICE_X20Y145        FDCE                                         r  student_top_inst/bridge_inst/seg_tx_data_cpu_reg[5]/C
  -------------------------------------------------------------------    -------------------
    SLICE_X20Y145        FDCE (Prop_fdce_C_Q)         0.259     5.027 r  student_top_inst/bridge_inst/seg_tx_data_cpu_reg[5]/Q
                         net (fo=2, routed)           0.600     5.627    student_top_inst/bridge_inst/seg_sent_value_cpu[5]
    SLICE_X20Y136        FDCE                                         r  student_top_inst/bridge_inst/seg_wdata_cnt_reg[5]/D
  -------------------------------------------------------------------    -------------------

                         (clock clk_out1_pll rise edge)
                                                      0.000     0.000 r  
    AD12                                              0.000     0.000 r  i_sys_clk_p (IN)
                         net (fo=0)                   0.000     0.000    pll_inst/inst/clk_in1_p
    AD12                 IBUFDS (Prop_ibufds_I_O)     0.803     0.803 r  pll_inst/inst/clkin1_ibufgds/O
                         net (fo=1, routed)           2.173     2.976    pll_inst/inst/clk_in1_pll_buf
    BUFGCTRL_X0Y3        BUFG (Prop_bufg_I_O)         0.083     3.059 r  pll_inst/inst/clkin1_bufg1/O
                         net (fo=1, routed)           1.796     4.855    pll_inst/inst/clk_in1_pll
    PLLE2_ADV_X1Y0       PLLE2_ADV (Prop_plle2_adv_CLKIN1_CLKOUT0)
                                                     -4.213     0.642 r  pll_inst/inst/plle2_adv_inst/CLKOUT0
                         net (fo=1, routed)           2.334     2.976    pll_inst/inst/clk_out1_pll
    BUFGCTRL_X0Y1        BUFG (Prop_bufg_I_O)         0.083     3.059 r  pll_inst/inst/clkout1_buf/O
                         net (fo=434, routed)         1.331     4.390    student_top_inst/bridge_inst/CLK
    SLICE_X20Y136        FDCE                                         r  student_top_inst/bridge_inst/seg_wdata_cnt_reg[5]/C

Slack:                    inf
  Source:                 student_top_inst/bridge_inst/seg_tx_data_cpu_reg[12]/C
                            (rising edge-triggered cell FDCE clocked by clk_out2_pll  {rise@0.000ns fall@1.923ns period=3.846ns})
  Destination:            student_top_inst/bridge_inst/seg_wdata_cnt_reg[12]/D
                            (rising edge-triggered cell FDCE clocked by clk_out1_pll  {rise@0.000ns fall@10.000ns period=20.000ns})
  Path Group:             (none)
  Path Type:              Setup (Max at Slow Process Corner)
  Data Path Delay:        0.845ns  (logic 0.259ns (30.656%)  route 0.586ns (69.344%))
  Logic Levels:           0  
  Clock Path Skew:        -0.376ns (DCD - SCD + CPR)
    Destination Clock Delay (DCD):    4.390ns
    Source Clock Delay      (SCD):    4.767ns
    Clock Pessimism Removal (CPR):    0.000ns
  Clock Uncertainty:      0.191ns  ((TSJ^2 + DJ^2)^1/2) / 2 + PE
    Total System Jitter     (TSJ):    0.071ns
    Discrete Jitter          (DJ):    0.124ns
    Phase Error              (PE):    0.120ns
  Timing Exception:       Asynchronous Clock Groups

    Location             Delay type                Incr(ns)  Path(ns)    Netlist Resource(s)
  -------------------------------------------------------------------    -------------------
                         (clock clk_out2_pll rise edge)
                                                      0.000     0.000 r  
    AD12                                              0.000     0.000 r  i_sys_clk_p (IN)
                         net (fo=0)                   0.000     0.000    pll_inst/inst/clk_in1_p
    AD12                 IBUFDS (Prop_ibufds_I_O)     0.906     0.906 r  pll_inst/inst/clkin1_ibufgds/O
                         net (fo=1, routed)           2.299     3.205    pll_inst/inst/clk_in1_pll_buf
    BUFGCTRL_X0Y3        BUFG (Prop_bufg_I_O)         0.093     3.298 r  pll_inst/inst/clkin1_bufg1/O
                         net (fo=1, routed)           1.959     5.257    pll_inst/inst/clk_in1_pll
    PLLE2_ADV_X1Y0       PLLE2_ADV (Prop_plle2_adv_CLKIN1_CLKOUT1)
                                                     -4.519     0.738 r  pll_inst/inst/plle2_adv_inst/CLKOUT1
                         net (fo=1, routed)           2.467     3.205    pll_inst/inst/clk_out2_pll
    BUFGCTRL_X0Y0        BUFG (Prop_bufg_I_O)         0.093     3.298 r  pll_inst/inst/clkout2_buf/O
                         net (fo=2669, routed)        1.469     4.767    student_top_inst/bridge_inst/clk_out2
    SLICE_X22Y144        FDCE                                         r  student_top_inst/bridge_inst/seg_tx_data_cpu_reg[12]/C
  -------------------------------------------------------------------    -------------------
    SLICE_X22Y144        FDCE (Prop_fdce_C_Q)         0.259     5.026 r  student_top_inst/bridge_inst/seg_tx_data_cpu_reg[12]/Q
                         net (fo=2, routed)           0.586     5.612    student_top_inst/bridge_inst/seg_sent_value_cpu[12]
    SLICE_X15Y135        FDCE                                         r  student_top_inst/bridge_inst/seg_wdata_cnt_reg[12]/D
  -------------------------------------------------------------------    -------------------

                         (clock clk_out1_pll rise edge)
                                                      0.000     0.000 r  
    AD12                                              0.000     0.000 r  i_sys_clk_p (IN)
                         net (fo=0)                   0.000     0.000    pll_inst/inst/clk_in1_p
    AD12                 IBUFDS (Prop_ibufds_I_O)     0.803     0.803 r  pll_inst/inst/clkin1_ibufgds/O
                         net (fo=1, routed)           2.173     2.976    pll_inst/inst/clk_in1_pll_buf
    BUFGCTRL_X0Y3        BUFG (Prop_bufg_I_O)         0.083     3.059 r  pll_inst/inst/clkin1_bufg1/O
                         net (fo=1, routed)           1.796     4.855    pll_inst/inst/clk_in1_pll
    PLLE2_ADV_X1Y0       PLLE2_ADV (Prop_plle2_adv_CLKIN1_CLKOUT0)
                                                     -4.213     0.642 r  pll_inst/inst/plle2_adv_inst/CLKOUT0
                         net (fo=1, routed)           2.334     2.976    pll_inst/inst/clk_out1_pll
    BUFGCTRL_X0Y1        BUFG (Prop_bufg_I_O)         0.083     3.059 r  pll_inst/inst/clkout1_buf/O
                         net (fo=434, routed)         1.331     4.390    student_top_inst/bridge_inst/CLK
    SLICE_X15Y135        FDCE                                         r  student_top_inst/bridge_inst/seg_wdata_cnt_reg[12]/C

Slack:                    inf
  Source:                 student_top_inst/bridge_inst/led_tx_data_cpu_reg[3]/C
                            (rising edge-triggered cell FDCE clocked by clk_out2_pll  {rise@0.000ns fall@1.923ns period=3.846ns})
  Destination:            student_top_inst/bridge_inst/LED_cnt_reg[3]/D
                            (rising edge-triggered cell FDCE clocked by clk_out1_pll  {rise@0.000ns fall@10.000ns period=20.000ns})
  Path Group:             (none)
  Path Type:              Setup (Max at Slow Process Corner)
  Data Path Delay:        0.843ns  (logic 0.259ns (30.739%)  route 0.584ns (69.261%))
  Logic Levels:           0  
  Clock Path Skew:        -0.372ns (DCD - SCD + CPR)
    Destination Clock Delay (DCD):    4.395ns
    Source Clock Delay      (SCD):    4.768ns
    Clock Pessimism Removal (CPR):    0.000ns
  Clock Uncertainty:      0.191ns  ((TSJ^2 + DJ^2)^1/2) / 2 + PE
    Total System Jitter     (TSJ):    0.071ns
    Discrete Jitter          (DJ):    0.124ns
    Phase Error              (PE):    0.120ns
  Timing Exception:       Asynchronous Clock Groups

    Location             Delay type                Incr(ns)  Path(ns)    Netlist Resource(s)
  -------------------------------------------------------------------    -------------------
                         (clock clk_out2_pll rise edge)
                                                      0.000     0.000 r  
    AD12                                              0.000     0.000 r  i_sys_clk_p (IN)
                         net (fo=0)                   0.000     0.000    pll_inst/inst/clk_in1_p
    AD12                 IBUFDS (Prop_ibufds_I_O)     0.906     0.906 r  pll_inst/inst/clkin1_ibufgds/O
                         net (fo=1, routed)           2.299     3.205    pll_inst/inst/clk_in1_pll_buf
    BUFGCTRL_X0Y3        BUFG (Prop_bufg_I_O)         0.093     3.298 r  pll_inst/inst/clkin1_bufg1/O
                         net (fo=1, routed)           1.959     5.257    pll_inst/inst/clk_in1_pll
    PLLE2_ADV_X1Y0       PLLE2_ADV (Prop_plle2_adv_CLKIN1_CLKOUT1)
                                                     -4.519     0.738 r  pll_inst/inst/plle2_adv_inst/CLKOUT1
                         net (fo=1, routed)           2.467     3.205    pll_inst/inst/clk_out2_pll
    BUFGCTRL_X0Y0        BUFG (Prop_bufg_I_O)         0.093     3.298 r  pll_inst/inst/clkout2_buf/O
                         net (fo=2669, routed)        1.470     4.768    student_top_inst/bridge_inst/clk_out2
    SLICE_X20Y147        FDCE                                         r  student_top_inst/bridge_inst/led_tx_data_cpu_reg[3]/C
  -------------------------------------------------------------------    -------------------
    SLICE_X20Y147        FDCE (Prop_fdce_C_Q)         0.259     5.027 r  student_top_inst/bridge_inst/led_tx_data_cpu_reg[3]/Q
                         net (fo=2, routed)           0.584     5.610    student_top_inst/bridge_inst/led_sent_value_cpu[3]
    SLICE_X12Y147        FDCE                                         r  student_top_inst/bridge_inst/LED_cnt_reg[3]/D
  -------------------------------------------------------------------    -------------------

                         (clock clk_out1_pll rise edge)
                                                      0.000     0.000 r  
    AD12                                              0.000     0.000 r  i_sys_clk_p (IN)
                         net (fo=0)                   0.000     0.000    pll_inst/inst/clk_in1_p
    AD12                 IBUFDS (Prop_ibufds_I_O)     0.803     0.803 r  pll_inst/inst/clkin1_ibufgds/O
                         net (fo=1, routed)           2.173     2.976    pll_inst/inst/clk_in1_pll_buf
    BUFGCTRL_X0Y3        BUFG (Prop_bufg_I_O)         0.083     3.059 r  pll_inst/inst/clkin1_bufg1/O
                         net (fo=1, routed)           1.796     4.855    pll_inst/inst/clk_in1_pll
    PLLE2_ADV_X1Y0       PLLE2_ADV (Prop_plle2_adv_CLKIN1_CLKOUT0)
                                                     -4.213     0.642 r  pll_inst/inst/plle2_adv_inst/CLKOUT0
                         net (fo=1, routed)           2.334     2.976    pll_inst/inst/clk_out1_pll
    BUFGCTRL_X0Y1        BUFG (Prop_bufg_I_O)         0.083     3.059 r  pll_inst/inst/clkout1_buf/O
                         net (fo=434, routed)         1.336     4.395    student_top_inst/bridge_inst/CLK
    SLICE_X12Y147        FDCE                                         r  student_top_inst/bridge_inst/LED_cnt_reg[3]/C

Slack:                    inf
  Source:                 student_top_inst/bridge_inst/led_tx_data_cpu_reg[1]/C
                            (rising edge-triggered cell FDCE clocked by clk_out2_pll  {rise@0.000ns fall@1.923ns period=3.846ns})
  Destination:            student_top_inst/bridge_inst/LED_cnt_reg[1]/D
                            (rising edge-triggered cell FDCE clocked by clk_out1_pll  {rise@0.000ns fall@10.000ns period=20.000ns})
  Path Group:             (none)
  Path Type:              Setup (Max at Slow Process Corner)
  Data Path Delay:        0.822ns  (logic 0.259ns (31.523%)  route 0.563ns (68.477%))
  Logic Levels:           0  
  Clock Path Skew:        -0.372ns (DCD - SCD + CPR)
    Destination Clock Delay (DCD):    4.395ns
    Source Clock Delay      (SCD):    4.768ns
    Clock Pessimism Removal (CPR):    0.000ns
  Clock Uncertainty:      0.191ns  ((TSJ^2 + DJ^2)^1/2) / 2 + PE
    Total System Jitter     (TSJ):    0.071ns
    Discrete Jitter          (DJ):    0.124ns
    Phase Error              (PE):    0.120ns
  Timing Exception:       Asynchronous Clock Groups

    Location             Delay type                Incr(ns)  Path(ns)    Netlist Resource(s)
  -------------------------------------------------------------------    -------------------
                         (clock clk_out2_pll rise edge)
                                                      0.000     0.000 r  
    AD12                                              0.000     0.000 r  i_sys_clk_p (IN)
                         net (fo=0)                   0.000     0.000    pll_inst/inst/clk_in1_p
    AD12                 IBUFDS (Prop_ibufds_I_O)     0.906     0.906 r  pll_inst/inst/clkin1_ibufgds/O
                         net (fo=1, routed)           2.299     3.205    pll_inst/inst/clk_in1_pll_buf
    BUFGCTRL_X0Y3        BUFG (Prop_bufg_I_O)         0.093     3.298 r  pll_inst/inst/clkin1_bufg1/O
                         net (fo=1, routed)           1.959     5.257    pll_inst/inst/clk_in1_pll
    PLLE2_ADV_X1Y0       PLLE2_ADV (Prop_plle2_adv_CLKIN1_CLKOUT1)
                                                     -4.519     0.738 r  pll_inst/inst/plle2_adv_inst/CLKOUT1
                         net (fo=1, routed)           2.467     3.205    pll_inst/inst/clk_out2_pll
    BUFGCTRL_X0Y0        BUFG (Prop_bufg_I_O)         0.093     3.298 r  pll_inst/inst/clkout2_buf/O
                         net (fo=2669, routed)        1.470     4.768    student_top_inst/bridge_inst/clk_out2
    SLICE_X20Y147        FDCE                                         r  student_top_inst/bridge_inst/led_tx_data_cpu_reg[1]/C
  -------------------------------------------------------------------    -------------------
    SLICE_X20Y147        FDCE (Prop_fdce_C_Q)         0.259     5.027 r  student_top_inst/bridge_inst/led_tx_data_cpu_reg[1]/Q
                         net (fo=2, routed)           0.563     5.589    student_top_inst/bridge_inst/led_sent_value_cpu[1]
    SLICE_X14Y144        FDCE                                         r  student_top_inst/bridge_inst/LED_cnt_reg[1]/D
  -------------------------------------------------------------------    -------------------

                         (clock clk_out1_pll rise edge)
                                                      0.000     0.000 r  
    AD12                                              0.000     0.000 r  i_sys_clk_p (IN)
                         net (fo=0)                   0.000     0.000    pll_inst/inst/clk_in1_p
    AD12                 IBUFDS (Prop_ibufds_I_O)     0.803     0.803 r  pll_inst/inst/clkin1_ibufgds/O
                         net (fo=1, routed)           2.173     2.976    pll_inst/inst/clk_in1_pll_buf
    BUFGCTRL_X0Y3        BUFG (Prop_bufg_I_O)         0.083     3.059 r  pll_inst/inst/clkin1_bufg1/O
                         net (fo=1, routed)           1.796     4.855    pll_inst/inst/clk_in1_pll
    PLLE2_ADV_X1Y0       PLLE2_ADV (Prop_plle2_adv_CLKIN1_CLKOUT0)
                                                     -4.213     0.642 r  pll_inst/inst/plle2_adv_inst/CLKOUT0
                         net (fo=1, routed)           2.334     2.976    pll_inst/inst/clk_out1_pll
    BUFGCTRL_X0Y1        BUFG (Prop_bufg_I_O)         0.083     3.059 r  pll_inst/inst/clkout1_buf/O
                         net (fo=434, routed)         1.336     4.395    student_top_inst/bridge_inst/CLK
    SLICE_X14Y144        FDCE                                         r  student_top_inst/bridge_inst/LED_cnt_reg[1]/C

Slack:                    inf
  Source:                 student_top_inst/bridge_inst/seg_tx_data_cpu_reg[7]/C
                            (rising edge-triggered cell FDCE clocked by clk_out2_pll  {rise@0.000ns fall@1.923ns period=3.846ns})
  Destination:            student_top_inst/bridge_inst/seg_wdata_cnt_reg[7]/D
                            (rising edge-triggered cell FDCE clocked by clk_out1_pll  {rise@0.000ns fall@10.000ns period=20.000ns})
  Path Group:             (none)
  Path Type:              Setup (Max at Slow Process Corner)
  Data Path Delay:        0.810ns  (logic 0.259ns (31.984%)  route 0.551ns (68.016%))
  Logic Levels:           0  
  Clock Path Skew:        -0.376ns (DCD - SCD + CPR)
    Destination Clock Delay (DCD):    4.390ns
    Source Clock Delay      (SCD):    4.767ns
    Clock Pessimism Removal (CPR):    0.000ns
  Clock Uncertainty:      0.191ns  ((TSJ^2 + DJ^2)^1/2) / 2 + PE
    Total System Jitter     (TSJ):    0.071ns
    Discrete Jitter          (DJ):    0.124ns
    Phase Error              (PE):    0.120ns
  Timing Exception:       Asynchronous Clock Groups

    Location             Delay type                Incr(ns)  Path(ns)    Netlist Resource(s)
  -------------------------------------------------------------------    -------------------
                         (clock clk_out2_pll rise edge)
                                                      0.000     0.000 r  
    AD12                                              0.000     0.000 r  i_sys_clk_p (IN)
                         net (fo=0)                   0.000     0.000    pll_inst/inst/clk_in1_p
    AD12                 IBUFDS (Prop_ibufds_I_O)     0.906     0.906 r  pll_inst/inst/clkin1_ibufgds/O
                         net (fo=1, routed)           2.299     3.205    pll_inst/inst/clk_in1_pll_buf
    BUFGCTRL_X0Y3        BUFG (Prop_bufg_I_O)         0.093     3.298 r  pll_inst/inst/clkin1_bufg1/O
                         net (fo=1, routed)           1.959     5.257    pll_inst/inst/clk_in1_pll
    PLLE2_ADV_X1Y0       PLLE2_ADV (Prop_plle2_adv_CLKIN1_CLKOUT1)
                                                     -4.519     0.738 r  pll_inst/inst/plle2_adv_inst/CLKOUT1
                         net (fo=1, routed)           2.467     3.205    pll_inst/inst/clk_out2_pll
    BUFGCTRL_X0Y0        BUFG (Prop_bufg_I_O)         0.093     3.298 r  pll_inst/inst/clkout2_buf/O
                         net (fo=2669, routed)        1.469     4.767    student_top_inst/bridge_inst/clk_out2
    SLICE_X22Y146        FDCE                                         r  student_top_inst/bridge_inst/seg_tx_data_cpu_reg[7]/C
  -------------------------------------------------------------------    -------------------
    SLICE_X22Y146        FDCE (Prop_fdce_C_Q)         0.259     5.026 r  student_top_inst/bridge_inst/seg_tx_data_cpu_reg[7]/Q
                         net (fo=2, routed)           0.551     5.576    student_top_inst/bridge_inst/seg_sent_value_cpu[7]
    SLICE_X21Y136        FDCE                                         r  student_top_inst/bridge_inst/seg_wdata_cnt_reg[7]/D
  -------------------------------------------------------------------    -------------------

                         (clock clk_out1_pll rise edge)
                                                      0.000     0.000 r  
    AD12                                              0.000     0.000 r  i_sys_clk_p (IN)
                         net (fo=0)                   0.000     0.000    pll_inst/inst/clk_in1_p
    AD12                 IBUFDS (Prop_ibufds_I_O)     0.803     0.803 r  pll_inst/inst/clkin1_ibufgds/O
                         net (fo=1, routed)           2.173     2.976    pll_inst/inst/clk_in1_pll_buf
    BUFGCTRL_X0Y3        BUFG (Prop_bufg_I_O)         0.083     3.059 r  pll_inst/inst/clkin1_bufg1/O
                         net (fo=1, routed)           1.796     4.855    pll_inst/inst/clk_in1_pll
    PLLE2_ADV_X1Y0       PLLE2_ADV (Prop_plle2_adv_CLKIN1_CLKOUT0)
                                                     -4.213     0.642 r  pll_inst/inst/plle2_adv_inst/CLKOUT0
                         net (fo=1, routed)           2.334     2.976    pll_inst/inst/clk_out1_pll
    BUFGCTRL_X0Y1        BUFG (Prop_bufg_I_O)         0.083     3.059 r  pll_inst/inst/clkout1_buf/O
                         net (fo=434, routed)         1.331     4.390    student_top_inst/bridge_inst/CLK
    SLICE_X21Y136        FDCE                                         r  student_top_inst/bridge_inst/seg_wdata_cnt_reg[7]/C





Min Delay Paths
--------------------------------------------------------------------------------------
Slack:                    inf
  Source:                 student_top_inst/bridge_inst/led_tx_data_cpu_reg[12]/C
                            (rising edge-triggered cell FDCE clocked by clk_out2_pll  {rise@0.000ns fall@1.923ns period=3.846ns})
  Destination:            student_top_inst/bridge_inst/LED_cnt_reg[12]/D
                            (rising edge-triggered cell FDCE clocked by clk_out1_pll  {rise@0.000ns fall@10.000ns period=20.000ns})
  Path Group:             (none)
  Path Type:              Hold (Min at Fast Process Corner)
  Data Path Delay:        0.230ns  (logic 0.118ns (51.302%)  route 0.112ns (48.698%))
  Logic Levels:           0  
  Clock Path Skew:        0.377ns (DCD - SCD - CPR)
    Destination Clock Delay (DCD):    2.518ns
    Source Clock Delay      (SCD):    2.140ns
    Clock Pessimism Removal (CPR):    -0.000ns
  Clock Uncertainty:      0.191ns  ((TSJ^2 + DJ^2)^1/2) / 2 + PE
    Total System Jitter     (TSJ):    0.071ns
    Discrete Jitter          (DJ):    0.124ns
    Phase Error              (PE):    0.120ns
  Timing Exception:       Asynchronous Clock Groups

    Location             Delay type                Incr(ns)  Path(ns)    Netlist Resource(s)
  -------------------------------------------------------------------    -------------------
                         (clock clk_out2_pll rise edge)
                                                      0.000     0.000 r  
    AD12                                              0.000     0.000 r  i_sys_clk_p (IN)
                         net (fo=0)                   0.000     0.000    pll_inst/inst/clk_in1_p
    AD12                 IBUFDS (Prop_ibufds_I_O)     0.388     0.388 r  pll_inst/inst/clkin1_ibufgds/O
                         net (fo=1, routed)           1.083     1.471    pll_inst/inst/clk_in1_pll_buf
    BUFGCTRL_X0Y3        BUFG (Prop_bufg_I_O)         0.026     1.497 r  pll_inst/inst/clkin1_bufg1/O
                         net (fo=1, routed)           0.767     2.264    pll_inst/inst/clk_in1_pll
    PLLE2_ADV_X1Y0       PLLE2_ADV (Prop_plle2_adv_CLKIN1_CLKOUT1)
                                                     -1.938     0.326 r  pll_inst/inst/plle2_adv_inst/CLKOUT1
                         net (fo=1, routed)           1.145     1.471    pll_inst/inst/clk_out2_pll
    BUFGCTRL_X0Y0        BUFG (Prop_bufg_I_O)         0.026     1.497 r  pll_inst/inst/clkout2_buf/O
                         net (fo=2669, routed)        0.643     2.140    student_top_inst/bridge_inst/clk_out2
    SLICE_X18Y148        FDCE                                         r  student_top_inst/bridge_inst/led_tx_data_cpu_reg[12]/C
  -------------------------------------------------------------------    -------------------
    SLICE_X18Y148        FDCE (Prop_fdce_C_Q)         0.118     2.258 r  student_top_inst/bridge_inst/led_tx_data_cpu_reg[12]/Q
                         net (fo=2, routed)           0.112     2.370    student_top_inst/bridge_inst/led_sent_value_cpu[12]
    SLICE_X14Y148        FDCE                                         r  student_top_inst/bridge_inst/LED_cnt_reg[12]/D
  -------------------------------------------------------------------    -------------------

                         (clock clk_out1_pll rise edge)
                                                      0.000     0.000 r  
    AD12                                              0.000     0.000 r  i_sys_clk_p (IN)
                         net (fo=0)                   0.000     0.000    pll_inst/inst/clk_in1_p
    AD12                 IBUFDS (Prop_ibufds_I_O)     0.470     0.470 r  pll_inst/inst/clkin1_ibufgds/O
                         net (fo=1, routed)           1.154     1.624    pll_inst/inst/clk_in1_pll_buf
    BUFGCTRL_X0Y3        BUFG (Prop_bufg_I_O)         0.030     1.654 r  pll_inst/inst/clkin1_bufg1/O
                         net (fo=1, routed)           1.037     2.691    pll_inst/inst/clk_in1_pll
    PLLE2_ADV_X1Y0       PLLE2_ADV (Prop_plle2_adv_CLKIN1_CLKOUT0)
                                                     -2.283     0.408 r  pll_inst/inst/plle2_adv_inst/CLKOUT0
                         net (fo=1, routed)           1.216     1.624    pll_inst/inst/clk_out1_pll
    BUFGCTRL_X0Y1        BUFG (Prop_bufg_I_O)         0.030     1.654 r  pll_inst/inst/clkout1_buf/O
                         net (fo=434, routed)         0.864     2.518    student_top_inst/bridge_inst/CLK
    SLICE_X14Y148        FDCE                                         r  student_top_inst/bridge_inst/LED_cnt_reg[12]/C

Slack:                    inf
  Source:                 student_top_inst/bridge_inst/led_tx_data_cpu_reg[14]/C
                            (rising edge-triggered cell FDCE clocked by clk_out2_pll  {rise@0.000ns fall@1.923ns period=3.846ns})
  Destination:            student_top_inst/bridge_inst/LED_cnt_reg[14]/D
                            (rising edge-triggered cell FDCE clocked by clk_out1_pll  {rise@0.000ns fall@10.000ns period=20.000ns})
  Path Group:             (none)
  Path Type:              Hold (Min at Fast Process Corner)
  Data Path Delay:        0.251ns  (logic 0.100ns (39.797%)  route 0.151ns (60.203%))
  Logic Levels:           0  
  Clock Path Skew:        0.377ns (DCD - SCD - CPR)
    Destination Clock Delay (DCD):    2.518ns
    Source Clock Delay      (SCD):    2.140ns
    Clock Pessimism Removal (CPR):    -0.000ns
  Clock Uncertainty:      0.191ns  ((TSJ^2 + DJ^2)^1/2) / 2 + PE
    Total System Jitter     (TSJ):    0.071ns
    Discrete Jitter          (DJ):    0.124ns
    Phase Error              (PE):    0.120ns
  Timing Exception:       Asynchronous Clock Groups

    Location             Delay type                Incr(ns)  Path(ns)    Netlist Resource(s)
  -------------------------------------------------------------------    -------------------
                         (clock clk_out2_pll rise edge)
                                                      0.000     0.000 r  
    AD12                                              0.000     0.000 r  i_sys_clk_p (IN)
                         net (fo=0)                   0.000     0.000    pll_inst/inst/clk_in1_p
    AD12                 IBUFDS (Prop_ibufds_I_O)     0.388     0.388 r  pll_inst/inst/clkin1_ibufgds/O
                         net (fo=1, routed)           1.083     1.471    pll_inst/inst/clk_in1_pll_buf
    BUFGCTRL_X0Y3        BUFG (Prop_bufg_I_O)         0.026     1.497 r  pll_inst/inst/clkin1_bufg1/O
                         net (fo=1, routed)           0.767     2.264    pll_inst/inst/clk_in1_pll
    PLLE2_ADV_X1Y0       PLLE2_ADV (Prop_plle2_adv_CLKIN1_CLKOUT1)
                                                     -1.938     0.326 r  pll_inst/inst/plle2_adv_inst/CLKOUT1
                         net (fo=1, routed)           1.145     1.471    pll_inst/inst/clk_out2_pll
    BUFGCTRL_X0Y0        BUFG (Prop_bufg_I_O)         0.026     1.497 r  pll_inst/inst/clkout2_buf/O
                         net (fo=2669, routed)        0.643     2.140    student_top_inst/bridge_inst/clk_out2
    SLICE_X17Y148        FDCE                                         r  student_top_inst/bridge_inst/led_tx_data_cpu_reg[14]/C
  -------------------------------------------------------------------    -------------------
    SLICE_X17Y148        FDCE (Prop_fdce_C_Q)         0.100     2.240 r  student_top_inst/bridge_inst/led_tx_data_cpu_reg[14]/Q
                         net (fo=2, routed)           0.151     2.392    student_top_inst/bridge_inst/led_sent_value_cpu[14]
    SLICE_X12Y147        FDCE                                         r  student_top_inst/bridge_inst/LED_cnt_reg[14]/D
  -------------------------------------------------------------------    -------------------

                         (clock clk_out1_pll rise edge)
                                                      0.000     0.000 r  
    AD12                                              0.000     0.000 r  i_sys_clk_p (IN)
                         net (fo=0)                   0.000     0.000    pll_inst/inst/clk_in1_p
    AD12                 IBUFDS (Prop_ibufds_I_O)     0.470     0.470 r  pll_inst/inst/clkin1_ibufgds/O
                         net (fo=1, routed)           1.154     1.624    pll_inst/inst/clk_in1_pll_buf
    BUFGCTRL_X0Y3        BUFG (Prop_bufg_I_O)         0.030     1.654 r  pll_inst/inst/clkin1_bufg1/O
                         net (fo=1, routed)           1.037     2.691    pll_inst/inst/clk_in1_pll
    PLLE2_ADV_X1Y0       PLLE2_ADV (Prop_plle2_adv_CLKIN1_CLKOUT0)
                                                     -2.283     0.408 r  pll_inst/inst/plle2_adv_inst/CLKOUT0
                         net (fo=1, routed)           1.216     1.624    pll_inst/inst/clk_out1_pll
    BUFGCTRL_X0Y1        BUFG (Prop_bufg_I_O)         0.030     1.654 r  pll_inst/inst/clkout1_buf/O
                         net (fo=434, routed)         0.864     2.518    student_top_inst/bridge_inst/CLK
    SLICE_X12Y147        FDCE                                         r  student_top_inst/bridge_inst/LED_cnt_reg[14]/C

Slack:                    inf
  Source:                 student_top_inst/bridge_inst/led_tx_data_cpu_reg[15]/C
                            (rising edge-triggered cell FDCE clocked by clk_out2_pll  {rise@0.000ns fall@1.923ns period=3.846ns})
  Destination:            student_top_inst/bridge_inst/LED_cnt_reg[15]/D
                            (rising edge-triggered cell FDCE clocked by clk_out1_pll  {rise@0.000ns fall@10.000ns period=20.000ns})
  Path Group:             (none)
  Path Type:              Hold (Min at Fast Process Corner)
  Data Path Delay:        0.251ns  (logic 0.100ns (39.797%)  route 0.151ns (60.203%))
  Logic Levels:           0  
  Clock Path Skew:        0.377ns (DCD - SCD - CPR)
    Destination Clock Delay (DCD):    2.518ns
    Source Clock Delay      (SCD):    2.140ns
    Clock Pessimism Removal (CPR):    -0.000ns
  Clock Uncertainty:      0.191ns  ((TSJ^2 + DJ^2)^1/2) / 2 + PE
    Total System Jitter     (TSJ):    0.071ns
    Discrete Jitter          (DJ):    0.124ns
    Phase Error              (PE):    0.120ns
  Timing Exception:       Asynchronous Clock Groups

    Location             Delay type                Incr(ns)  Path(ns)    Netlist Resource(s)
  -------------------------------------------------------------------    -------------------
                         (clock clk_out2_pll rise edge)
                                                      0.000     0.000 r  
    AD12                                              0.000     0.000 r  i_sys_clk_p (IN)
                         net (fo=0)                   0.000     0.000    pll_inst/inst/clk_in1_p
    AD12                 IBUFDS (Prop_ibufds_I_O)     0.388     0.388 r  pll_inst/inst/clkin1_ibufgds/O
                         net (fo=1, routed)           1.083     1.471    pll_inst/inst/clk_in1_pll_buf
    BUFGCTRL_X0Y3        BUFG (Prop_bufg_I_O)         0.026     1.497 r  pll_inst/inst/clkin1_bufg1/O
                         net (fo=1, routed)           0.767     2.264    pll_inst/inst/clk_in1_pll
    PLLE2_ADV_X1Y0       PLLE2_ADV (Prop_plle2_adv_CLKIN1_CLKOUT1)
                                                     -1.938     0.326 r  pll_inst/inst/plle2_adv_inst/CLKOUT1
                         net (fo=1, routed)           1.145     1.471    pll_inst/inst/clk_out2_pll
    BUFGCTRL_X0Y0        BUFG (Prop_bufg_I_O)         0.026     1.497 r  pll_inst/inst/clkout2_buf/O
                         net (fo=2669, routed)        0.643     2.140    student_top_inst/bridge_inst/clk_out2
    SLICE_X17Y148        FDCE                                         r  student_top_inst/bridge_inst/led_tx_data_cpu_reg[15]/C
  -------------------------------------------------------------------    -------------------
    SLICE_X17Y148        FDCE (Prop_fdce_C_Q)         0.100     2.240 r  student_top_inst/bridge_inst/led_tx_data_cpu_reg[15]/Q
                         net (fo=2, routed)           0.151     2.392    student_top_inst/bridge_inst/led_sent_value_cpu[15]
    SLICE_X13Y147        FDCE                                         r  student_top_inst/bridge_inst/LED_cnt_reg[15]/D
  -------------------------------------------------------------------    -------------------

                         (clock clk_out1_pll rise edge)
                                                      0.000     0.000 r  
    AD12                                              0.000     0.000 r  i_sys_clk_p (IN)
                         net (fo=0)                   0.000     0.000    pll_inst/inst/clk_in1_p
    AD12                 IBUFDS (Prop_ibufds_I_O)     0.470     0.470 r  pll_inst/inst/clkin1_ibufgds/O
                         net (fo=1, routed)           1.154     1.624    pll_inst/inst/clk_in1_pll_buf
    BUFGCTRL_X0Y3        BUFG (Prop_bufg_I_O)         0.030     1.654 r  pll_inst/inst/clkin1_bufg1/O
                         net (fo=1, routed)           1.037     2.691    pll_inst/inst/clk_in1_pll
    PLLE2_ADV_X1Y0       PLLE2_ADV (Prop_plle2_adv_CLKIN1_CLKOUT0)
                                                     -2.283     0.408 r  pll_inst/inst/plle2_adv_inst/CLKOUT0
                         net (fo=1, routed)           1.216     1.624    pll_inst/inst/clk_out1_pll
    BUFGCTRL_X0Y1        BUFG (Prop_bufg_I_O)         0.030     1.654 r  pll_inst/inst/clkout1_buf/O
                         net (fo=434, routed)         0.864     2.518    student_top_inst/bridge_inst/CLK
    SLICE_X13Y147        FDCE                                         r  student_top_inst/bridge_inst/LED_cnt_reg[15]/C

Slack:                    inf
  Source:                 student_top_inst/bridge_inst/led_tx_data_cpu_reg[31]/C
                            (rising edge-triggered cell FDCE clocked by clk_out2_pll  {rise@0.000ns fall@1.923ns period=3.846ns})
  Destination:            student_top_inst/bridge_inst/LED_cnt_reg[31]/D
                            (rising edge-triggered cell FDCE clocked by clk_out1_pll  {rise@0.000ns fall@10.000ns period=20.000ns})
  Path Group:             (none)
  Path Type:              Hold (Min at Fast Process Corner)
  Data Path Delay:        0.265ns  (logic 0.100ns (37.714%)  route 0.165ns (62.286%))
  Logic Levels:           0  
  Clock Path Skew:        0.378ns (DCD - SCD - CPR)
    Destination Clock Delay (DCD):    2.518ns
    Source Clock Delay      (SCD):    2.139ns
    Clock Pessimism Removal (CPR):    -0.000ns
  Clock Uncertainty:      0.191ns  ((TSJ^2 + DJ^2)^1/2) / 2 + PE
    Total System Jitter     (TSJ):    0.071ns
    Discrete Jitter          (DJ):    0.124ns
    Phase Error              (PE):    0.120ns
  Timing Exception:       Asynchronous Clock Groups

    Location             Delay type                Incr(ns)  Path(ns)    Netlist Resource(s)
  -------------------------------------------------------------------    -------------------
                         (clock clk_out2_pll rise edge)
                                                      0.000     0.000 r  
    AD12                                              0.000     0.000 r  i_sys_clk_p (IN)
                         net (fo=0)                   0.000     0.000    pll_inst/inst/clk_in1_p
    AD12                 IBUFDS (Prop_ibufds_I_O)     0.388     0.388 r  pll_inst/inst/clkin1_ibufgds/O
                         net (fo=1, routed)           1.083     1.471    pll_inst/inst/clk_in1_pll_buf
    BUFGCTRL_X0Y3        BUFG (Prop_bufg_I_O)         0.026     1.497 r  pll_inst/inst/clkin1_bufg1/O
                         net (fo=1, routed)           0.767     2.264    pll_inst/inst/clk_in1_pll
    PLLE2_ADV_X1Y0       PLLE2_ADV (Prop_plle2_adv_CLKIN1_CLKOUT1)
                                                     -1.938     0.326 r  pll_inst/inst/plle2_adv_inst/CLKOUT1
                         net (fo=1, routed)           1.145     1.471    pll_inst/inst/clk_out2_pll
    BUFGCTRL_X0Y0        BUFG (Prop_bufg_I_O)         0.026     1.497 r  pll_inst/inst/clkout2_buf/O
                         net (fo=2669, routed)        0.642     2.139    student_top_inst/bridge_inst/clk_out2
    SLICE_X21Y149        FDCE                                         r  student_top_inst/bridge_inst/led_tx_data_cpu_reg[31]/C
  -------------------------------------------------------------------    -------------------
    SLICE_X21Y149        FDCE (Prop_fdce_C_Q)         0.100     2.239 r  student_top_inst/bridge_inst/led_tx_data_cpu_reg[31]/Q
                         net (fo=2, routed)           0.165     2.405    student_top_inst/bridge_inst/led_sent_value_cpu[31]
    SLICE_X12Y149        FDCE                                         r  student_top_inst/bridge_inst/LED_cnt_reg[31]/D
  -------------------------------------------------------------------    -------------------

                         (clock clk_out1_pll rise edge)
                                                      0.000     0.000 r  
    AD12                                              0.000     0.000 r  i_sys_clk_p (IN)
                         net (fo=0)                   0.000     0.000    pll_inst/inst/clk_in1_p
    AD12                 IBUFDS (Prop_ibufds_I_O)     0.470     0.470 r  pll_inst/inst/clkin1_ibufgds/O
                         net (fo=1, routed)           1.154     1.624    pll_inst/inst/clk_in1_pll_buf
    BUFGCTRL_X0Y3        BUFG (Prop_bufg_I_O)         0.030     1.654 r  pll_inst/inst/clkin1_bufg1/O
                         net (fo=1, routed)           1.037     2.691    pll_inst/inst/clk_in1_pll
    PLLE2_ADV_X1Y0       PLLE2_ADV (Prop_plle2_adv_CLKIN1_CLKOUT0)
                                                     -2.283     0.408 r  pll_inst/inst/plle2_adv_inst/CLKOUT0
                         net (fo=1, routed)           1.216     1.624    pll_inst/inst/clk_out1_pll
    BUFGCTRL_X0Y1        BUFG (Prop_bufg_I_O)         0.030     1.654 r  pll_inst/inst/clkout1_buf/O
                         net (fo=434, routed)         0.864     2.518    student_top_inst/bridge_inst/CLK
    SLICE_X12Y149        FDCE                                         r  student_top_inst/bridge_inst/LED_cnt_reg[31]/C

Slack:                    inf
  Source:                 student_top_inst/bridge_inst/led_tx_data_cpu_reg[20]/C
                            (rising edge-triggered cell FDCE clocked by clk_out2_pll  {rise@0.000ns fall@1.923ns period=3.846ns})
  Destination:            student_top_inst/bridge_inst/LED_cnt_reg[20]/D
                            (rising edge-triggered cell FDCE clocked by clk_out1_pll  {rise@0.000ns fall@10.000ns period=20.000ns})
  Path Group:             (none)
  Path Type:              Hold (Min at Fast Process Corner)
  Data Path Delay:        0.268ns  (logic 0.100ns (37.286%)  route 0.168ns (62.714%))
  Logic Levels:           0  
  Clock Path Skew:        0.378ns (DCD - SCD - CPR)
    Destination Clock Delay (DCD):    2.518ns
    Source Clock Delay      (SCD):    2.139ns
    Clock Pessimism Removal (CPR):    -0.000ns
  Clock Uncertainty:      0.191ns  ((TSJ^2 + DJ^2)^1/2) / 2 + PE
    Total System Jitter     (TSJ):    0.071ns
    Discrete Jitter          (DJ):    0.124ns
    Phase Error              (PE):    0.120ns
  Timing Exception:       Asynchronous Clock Groups

    Location             Delay type                Incr(ns)  Path(ns)    Netlist Resource(s)
  -------------------------------------------------------------------    -------------------
                         (clock clk_out2_pll rise edge)
                                                      0.000     0.000 r  
    AD12                                              0.000     0.000 r  i_sys_clk_p (IN)
                         net (fo=0)                   0.000     0.000    pll_inst/inst/clk_in1_p
    AD12                 IBUFDS (Prop_ibufds_I_O)     0.388     0.388 r  pll_inst/inst/clkin1_ibufgds/O
                         net (fo=1, routed)           1.083     1.471    pll_inst/inst/clk_in1_pll_buf
    BUFGCTRL_X0Y3        BUFG (Prop_bufg_I_O)         0.026     1.497 r  pll_inst/inst/clkin1_bufg1/O
                         net (fo=1, routed)           0.767     2.264    pll_inst/inst/clk_in1_pll
    PLLE2_ADV_X1Y0       PLLE2_ADV (Prop_plle2_adv_CLKIN1_CLKOUT1)
                                                     -1.938     0.326 r  pll_inst/inst/plle2_adv_inst/CLKOUT1
                         net (fo=1, routed)           1.145     1.471    pll_inst/inst/clk_out2_pll
    BUFGCTRL_X0Y0        BUFG (Prop_bufg_I_O)         0.026     1.497 r  pll_inst/inst/clkout2_buf/O
                         net (fo=2669, routed)        0.642     2.139    student_top_inst/bridge_inst/clk_out2
    SLICE_X21Y148        FDCE                                         r  student_top_inst/bridge_inst/led_tx_data_cpu_reg[20]/C
  -------------------------------------------------------------------    -------------------
    SLICE_X21Y148        FDCE (Prop_fdce_C_Q)         0.100     2.239 r  student_top_inst/bridge_inst/led_tx_data_cpu_reg[20]/Q
                         net (fo=2, routed)           0.168     2.408    student_top_inst/bridge_inst/led_sent_value_cpu[20]
    SLICE_X12Y148        FDCE                                         r  student_top_inst/bridge_inst/LED_cnt_reg[20]/D
  -------------------------------------------------------------------    -------------------

                         (clock clk_out1_pll rise edge)
                                                      0.000     0.000 r  
    AD12                                              0.000     0.000 r  i_sys_clk_p (IN)
                         net (fo=0)                   0.000     0.000    pll_inst/inst/clk_in1_p
    AD12                 IBUFDS (Prop_ibufds_I_O)     0.470     0.470 r  pll_inst/inst/clkin1_ibufgds/O
                         net (fo=1, routed)           1.154     1.624    pll_inst/inst/clk_in1_pll_buf
    BUFGCTRL_X0Y3        BUFG (Prop_bufg_I_O)         0.030     1.654 r  pll_inst/inst/clkin1_bufg1/O
                         net (fo=1, routed)           1.037     2.691    pll_inst/inst/clk_in1_pll
    PLLE2_ADV_X1Y0       PLLE2_ADV (Prop_plle2_adv_CLKIN1_CLKOUT0)
                                                     -2.283     0.408 r  pll_inst/inst/plle2_adv_inst/CLKOUT0
                         net (fo=1, routed)           1.216     1.624    pll_inst/inst/clk_out1_pll
    BUFGCTRL_X0Y1        BUFG (Prop_bufg_I_O)         0.030     1.654 r  pll_inst/inst/clkout1_buf/O
                         net (fo=434, routed)         0.864     2.518    student_top_inst/bridge_inst/CLK
    SLICE_X12Y148        FDCE                                         r  student_top_inst/bridge_inst/LED_cnt_reg[20]/C

Slack:                    inf
  Source:                 student_top_inst/bridge_inst/led_tx_data_cpu_reg[13]/C
                            (rising edge-triggered cell FDCE clocked by clk_out2_pll  {rise@0.000ns fall@1.923ns period=3.846ns})
  Destination:            student_top_inst/bridge_inst/LED_cnt_reg[13]/D
                            (rising edge-triggered cell FDCE clocked by clk_out1_pll  {rise@0.000ns fall@10.000ns period=20.000ns})
  Path Group:             (none)
  Path Type:              Hold (Min at Fast Process Corner)
  Data Path Delay:        0.268ns  (logic 0.118ns (44.016%)  route 0.150ns (55.984%))
  Logic Levels:           0  
  Clock Path Skew:        0.377ns (DCD - SCD - CPR)
    Destination Clock Delay (DCD):    2.518ns
    Source Clock Delay      (SCD):    2.140ns
    Clock Pessimism Removal (CPR):    -0.000ns
  Clock Uncertainty:      0.191ns  ((TSJ^2 + DJ^2)^1/2) / 2 + PE
    Total System Jitter     (TSJ):    0.071ns
    Discrete Jitter          (DJ):    0.124ns
    Phase Error              (PE):    0.120ns
  Timing Exception:       Asynchronous Clock Groups

    Location             Delay type                Incr(ns)  Path(ns)    Netlist Resource(s)
  -------------------------------------------------------------------    -------------------
                         (clock clk_out2_pll rise edge)
                                                      0.000     0.000 r  
    AD12                                              0.000     0.000 r  i_sys_clk_p (IN)
                         net (fo=0)                   0.000     0.000    pll_inst/inst/clk_in1_p
    AD12                 IBUFDS (Prop_ibufds_I_O)     0.388     0.388 r  pll_inst/inst/clkin1_ibufgds/O
                         net (fo=1, routed)           1.083     1.471    pll_inst/inst/clk_in1_pll_buf
    BUFGCTRL_X0Y3        BUFG (Prop_bufg_I_O)         0.026     1.497 r  pll_inst/inst/clkin1_bufg1/O
                         net (fo=1, routed)           0.767     2.264    pll_inst/inst/clk_in1_pll
    PLLE2_ADV_X1Y0       PLLE2_ADV (Prop_plle2_adv_CLKIN1_CLKOUT1)
                                                     -1.938     0.326 r  pll_inst/inst/plle2_adv_inst/CLKOUT1
                         net (fo=1, routed)           1.145     1.471    pll_inst/inst/clk_out2_pll
    BUFGCTRL_X0Y0        BUFG (Prop_bufg_I_O)         0.026     1.497 r  pll_inst/inst/clkout2_buf/O
                         net (fo=2669, routed)        0.643     2.140    student_top_inst/bridge_inst/clk_out2
    SLICE_X18Y148        FDCE                                         r  student_top_inst/bridge_inst/led_tx_data_cpu_reg[13]/C
  -------------------------------------------------------------------    -------------------
    SLICE_X18Y148        FDCE (Prop_fdce_C_Q)         0.118     2.258 r  student_top_inst/bridge_inst/led_tx_data_cpu_reg[13]/Q
                         net (fo=2, routed)           0.150     2.409    student_top_inst/bridge_inst/led_sent_value_cpu[13]
    SLICE_X13Y148        FDCE                                         r  student_top_inst/bridge_inst/LED_cnt_reg[13]/D
  -------------------------------------------------------------------    -------------------

                         (clock clk_out1_pll rise edge)
                                                      0.000     0.000 r  
    AD12                                              0.000     0.000 r  i_sys_clk_p (IN)
                         net (fo=0)                   0.000     0.000    pll_inst/inst/clk_in1_p
    AD12                 IBUFDS (Prop_ibufds_I_O)     0.470     0.470 r  pll_inst/inst/clkin1_ibufgds/O
                         net (fo=1, routed)           1.154     1.624    pll_inst/inst/clk_in1_pll_buf
    BUFGCTRL_X0Y3        BUFG (Prop_bufg_I_O)         0.030     1.654 r  pll_inst/inst/clkin1_bufg1/O
                         net (fo=1, routed)           1.037     2.691    pll_inst/inst/clk_in1_pll
    PLLE2_ADV_X1Y0       PLLE2_ADV (Prop_plle2_adv_CLKIN1_CLKOUT0)
                                                     -2.283     0.408 r  pll_inst/inst/plle2_adv_inst/CLKOUT0
                         net (fo=1, routed)           1.216     1.624    pll_inst/inst/clk_out1_pll
    BUFGCTRL_X0Y1        BUFG (Prop_bufg_I_O)         0.030     1.654 r  pll_inst/inst/clkout1_buf/O
                         net (fo=434, routed)         0.864     2.518    student_top_inst/bridge_inst/CLK
    SLICE_X13Y148        FDCE                                         r  student_top_inst/bridge_inst/LED_cnt_reg[13]/C

Slack:                    inf
  Source:                 student_top_inst/bridge_inst/led_tx_data_cpu_reg[21]/C
                            (rising edge-triggered cell FDCE clocked by clk_out2_pll  {rise@0.000ns fall@1.923ns period=3.846ns})
  Destination:            student_top_inst/bridge_inst/LED_cnt_reg[21]/D
                            (rising edge-triggered cell FDCE clocked by clk_out1_pll  {rise@0.000ns fall@10.000ns period=20.000ns})
  Path Group:             (none)
  Path Type:              Hold (Min at Fast Process Corner)
  Data Path Delay:        0.268ns  (logic 0.118ns (44.016%)  route 0.150ns (55.984%))
  Logic Levels:           0  
  Clock Path Skew:        0.377ns (DCD - SCD - CPR)
    Destination Clock Delay (DCD):    2.518ns
    Source Clock Delay      (SCD):    2.140ns
    Clock Pessimism Removal (CPR):    -0.000ns
  Clock Uncertainty:      0.191ns  ((TSJ^2 + DJ^2)^1/2) / 2 + PE
    Total System Jitter     (TSJ):    0.071ns
    Discrete Jitter          (DJ):    0.124ns
    Phase Error              (PE):    0.120ns
  Timing Exception:       Asynchronous Clock Groups

    Location             Delay type                Incr(ns)  Path(ns)    Netlist Resource(s)
  -------------------------------------------------------------------    -------------------
                         (clock clk_out2_pll rise edge)
                                                      0.000     0.000 r  
    AD12                                              0.000     0.000 r  i_sys_clk_p (IN)
                         net (fo=0)                   0.000     0.000    pll_inst/inst/clk_in1_p
    AD12                 IBUFDS (Prop_ibufds_I_O)     0.388     0.388 r  pll_inst/inst/clkin1_ibufgds/O
                         net (fo=1, routed)           1.083     1.471    pll_inst/inst/clk_in1_pll_buf
    BUFGCTRL_X0Y3        BUFG (Prop_bufg_I_O)         0.026     1.497 r  pll_inst/inst/clkin1_bufg1/O
                         net (fo=1, routed)           0.767     2.264    pll_inst/inst/clk_in1_pll
    PLLE2_ADV_X1Y0       PLLE2_ADV (Prop_plle2_adv_CLKIN1_CLKOUT1)
                                                     -1.938     0.326 r  pll_inst/inst/plle2_adv_inst/CLKOUT1
                         net (fo=1, routed)           1.145     1.471    pll_inst/inst/clk_out2_pll
    BUFGCTRL_X0Y0        BUFG (Prop_bufg_I_O)         0.026     1.497 r  pll_inst/inst/clkout2_buf/O
                         net (fo=2669, routed)        0.643     2.140    student_top_inst/bridge_inst/clk_out2
    SLICE_X18Y148        FDCE                                         r  student_top_inst/bridge_inst/led_tx_data_cpu_reg[21]/C
  -------------------------------------------------------------------    -------------------
    SLICE_X18Y148        FDCE (Prop_fdce_C_Q)         0.118     2.258 r  student_top_inst/bridge_inst/led_tx_data_cpu_reg[21]/Q
                         net (fo=2, routed)           0.150     2.409    student_top_inst/bridge_inst/led_sent_value_cpu[21]
    SLICE_X12Y148        FDCE                                         r  student_top_inst/bridge_inst/LED_cnt_reg[21]/D
  -------------------------------------------------------------------    -------------------

                         (clock clk_out1_pll rise edge)
                                                      0.000     0.000 r  
    AD12                                              0.000     0.000 r  i_sys_clk_p (IN)
                         net (fo=0)                   0.000     0.000    pll_inst/inst/clk_in1_p
    AD12                 IBUFDS (Prop_ibufds_I_O)     0.470     0.470 r  pll_inst/inst/clkin1_ibufgds/O
                         net (fo=1, routed)           1.154     1.624    pll_inst/inst/clk_in1_pll_buf
    BUFGCTRL_X0Y3        BUFG (Prop_bufg_I_O)         0.030     1.654 r  pll_inst/inst/clkin1_bufg1/O
                         net (fo=1, routed)           1.037     2.691    pll_inst/inst/clk_in1_pll
    PLLE2_ADV_X1Y0       PLLE2_ADV (Prop_plle2_adv_CLKIN1_CLKOUT0)
                                                     -2.283     0.408 r  pll_inst/inst/plle2_adv_inst/CLKOUT0
                         net (fo=1, routed)           1.216     1.624    pll_inst/inst/clk_out1_pll
    BUFGCTRL_X0Y1        BUFG (Prop_bufg_I_O)         0.030     1.654 r  pll_inst/inst/clkout1_buf/O
                         net (fo=434, routed)         0.864     2.518    student_top_inst/bridge_inst/CLK
    SLICE_X12Y148        FDCE                                         r  student_top_inst/bridge_inst/LED_cnt_reg[21]/C

Slack:                    inf
  Source:                 student_top_inst/bridge_inst/led_tx_data_cpu_reg[27]/C
                            (rising edge-triggered cell FDCE clocked by clk_out2_pll  {rise@0.000ns fall@1.923ns period=3.846ns})
  Destination:            student_top_inst/bridge_inst/LED_cnt_reg[27]/D
                            (rising edge-triggered cell FDCE clocked by clk_out1_pll  {rise@0.000ns fall@10.000ns period=20.000ns})
  Path Group:             (none)
  Path Type:              Hold (Min at Fast Process Corner)
  Data Path Delay:        0.268ns  (logic 0.118ns (43.996%)  route 0.150ns (56.004%))
  Logic Levels:           0  
  Clock Path Skew:        0.377ns (DCD - SCD - CPR)
    Destination Clock Delay (DCD):    2.518ns
    Source Clock Delay      (SCD):    2.140ns
    Clock Pessimism Removal (CPR):    -0.000ns
  Clock Uncertainty:      0.191ns  ((TSJ^2 + DJ^2)^1/2) / 2 + PE
    Total System Jitter     (TSJ):    0.071ns
    Discrete Jitter          (DJ):    0.124ns
    Phase Error              (PE):    0.120ns
  Timing Exception:       Asynchronous Clock Groups

    Location             Delay type                Incr(ns)  Path(ns)    Netlist Resource(s)
  -------------------------------------------------------------------    -------------------
                         (clock clk_out2_pll rise edge)
                                                      0.000     0.000 r  
    AD12                                              0.000     0.000 r  i_sys_clk_p (IN)
                         net (fo=0)                   0.000     0.000    pll_inst/inst/clk_in1_p
    AD12                 IBUFDS (Prop_ibufds_I_O)     0.388     0.388 r  pll_inst/inst/clkin1_ibufgds/O
                         net (fo=1, routed)           1.083     1.471    pll_inst/inst/clk_in1_pll_buf
    BUFGCTRL_X0Y3        BUFG (Prop_bufg_I_O)         0.026     1.497 r  pll_inst/inst/clkin1_bufg1/O
                         net (fo=1, routed)           0.767     2.264    pll_inst/inst/clk_in1_pll
    PLLE2_ADV_X1Y0       PLLE2_ADV (Prop_plle2_adv_CLKIN1_CLKOUT1)
                                                     -1.938     0.326 r  pll_inst/inst/plle2_adv_inst/CLKOUT1
                         net (fo=1, routed)           1.145     1.471    pll_inst/inst/clk_out2_pll
    BUFGCTRL_X0Y0        BUFG (Prop_bufg_I_O)         0.026     1.497 r  pll_inst/inst/clkout2_buf/O
                         net (fo=2669, routed)        0.643     2.140    student_top_inst/bridge_inst/clk_out2
    SLICE_X18Y149        FDCE                                         r  student_top_inst/bridge_inst/led_tx_data_cpu_reg[27]/C
  -------------------------------------------------------------------    -------------------
    SLICE_X18Y149        FDCE (Prop_fdce_C_Q)         0.118     2.258 r  student_top_inst/bridge_inst/led_tx_data_cpu_reg[27]/Q
                         net (fo=2, routed)           0.150     2.409    student_top_inst/bridge_inst/led_sent_value_cpu[27]
    SLICE_X12Y149        FDCE                                         r  student_top_inst/bridge_inst/LED_cnt_reg[27]/D
  -------------------------------------------------------------------    -------------------

                         (clock clk_out1_pll rise edge)
                                                      0.000     0.000 r  
    AD12                                              0.000     0.000 r  i_sys_clk_p (IN)
                         net (fo=0)                   0.000     0.000    pll_inst/inst/clk_in1_p
    AD12                 IBUFDS (Prop_ibufds_I_O)     0.470     0.470 r  pll_inst/inst/clkin1_ibufgds/O
                         net (fo=1, routed)           1.154     1.624    pll_inst/inst/clk_in1_pll_buf
    BUFGCTRL_X0Y3        BUFG (Prop_bufg_I_O)         0.030     1.654 r  pll_inst/inst/clkin1_bufg1/O
                         net (fo=1, routed)           1.037     2.691    pll_inst/inst/clk_in1_pll
    PLLE2_ADV_X1Y0       PLLE2_ADV (Prop_plle2_adv_CLKIN1_CLKOUT0)
                                                     -2.283     0.408 r  pll_inst/inst/plle2_adv_inst/CLKOUT0
                         net (fo=1, routed)           1.216     1.624    pll_inst/inst/clk_out1_pll
    BUFGCTRL_X0Y1        BUFG (Prop_bufg_I_O)         0.030     1.654 r  pll_inst/inst/clkout1_buf/O
                         net (fo=434, routed)         0.864     2.518    student_top_inst/bridge_inst/CLK
    SLICE_X12Y149        FDCE                                         r  student_top_inst/bridge_inst/LED_cnt_reg[27]/C

Slack:                    inf
  Source:                 student_top_inst/bridge_inst/led_tx_data_cpu_reg[22]/C
                            (rising edge-triggered cell FDCE clocked by clk_out2_pll  {rise@0.000ns fall@1.923ns period=3.846ns})
  Destination:            student_top_inst/bridge_inst/LED_cnt_reg[22]/D
                            (rising edge-triggered cell FDCE clocked by clk_out1_pll  {rise@0.000ns fall@10.000ns period=20.000ns})
  Path Group:             (none)
  Path Type:              Hold (Min at Fast Process Corner)
  Data Path Delay:        0.269ns  (logic 0.118ns (43.853%)  route 0.151ns (56.147%))
  Logic Levels:           0  
  Clock Path Skew:        0.377ns (DCD - SCD - CPR)
    Destination Clock Delay (DCD):    2.518ns
    Source Clock Delay      (SCD):    2.140ns
    Clock Pessimism Removal (CPR):    -0.000ns
  Clock Uncertainty:      0.191ns  ((TSJ^2 + DJ^2)^1/2) / 2 + PE
    Total System Jitter     (TSJ):    0.071ns
    Discrete Jitter          (DJ):    0.124ns
    Phase Error              (PE):    0.120ns
  Timing Exception:       Asynchronous Clock Groups

    Location             Delay type                Incr(ns)  Path(ns)    Netlist Resource(s)
  -------------------------------------------------------------------    -------------------
                         (clock clk_out2_pll rise edge)
                                                      0.000     0.000 r  
    AD12                                              0.000     0.000 r  i_sys_clk_p (IN)
                         net (fo=0)                   0.000     0.000    pll_inst/inst/clk_in1_p
    AD12                 IBUFDS (Prop_ibufds_I_O)     0.388     0.388 r  pll_inst/inst/clkin1_ibufgds/O
                         net (fo=1, routed)           1.083     1.471    pll_inst/inst/clk_in1_pll_buf
    BUFGCTRL_X0Y3        BUFG (Prop_bufg_I_O)         0.026     1.497 r  pll_inst/inst/clkin1_bufg1/O
                         net (fo=1, routed)           0.767     2.264    pll_inst/inst/clk_in1_pll
    PLLE2_ADV_X1Y0       PLLE2_ADV (Prop_plle2_adv_CLKIN1_CLKOUT1)
                                                     -1.938     0.326 r  pll_inst/inst/plle2_adv_inst/CLKOUT1
                         net (fo=1, routed)           1.145     1.471    pll_inst/inst/clk_out2_pll
    BUFGCTRL_X0Y0        BUFG (Prop_bufg_I_O)         0.026     1.497 r  pll_inst/inst/clkout2_buf/O
                         net (fo=2669, routed)        0.643     2.140    student_top_inst/bridge_inst/clk_out2
    SLICE_X18Y148        FDCE                                         r  student_top_inst/bridge_inst/led_tx_data_cpu_reg[22]/C
  -------------------------------------------------------------------    -------------------
    SLICE_X18Y148        FDCE (Prop_fdce_C_Q)         0.118     2.258 r  student_top_inst/bridge_inst/led_tx_data_cpu_reg[22]/Q
                         net (fo=2, routed)           0.151     2.410    student_top_inst/bridge_inst/led_sent_value_cpu[22]
    SLICE_X12Y148        FDCE                                         r  student_top_inst/bridge_inst/LED_cnt_reg[22]/D
  -------------------------------------------------------------------    -------------------

                         (clock clk_out1_pll rise edge)
                                                      0.000     0.000 r  
    AD12                                              0.000     0.000 r  i_sys_clk_p (IN)
                         net (fo=0)                   0.000     0.000    pll_inst/inst/clk_in1_p
    AD12                 IBUFDS (Prop_ibufds_I_O)     0.470     0.470 r  pll_inst/inst/clkin1_ibufgds/O
                         net (fo=1, routed)           1.154     1.624    pll_inst/inst/clk_in1_pll_buf
    BUFGCTRL_X0Y3        BUFG (Prop_bufg_I_O)         0.030     1.654 r  pll_inst/inst/clkin1_bufg1/O
                         net (fo=1, routed)           1.037     2.691    pll_inst/inst/clk_in1_pll
    PLLE2_ADV_X1Y0       PLLE2_ADV (Prop_plle2_adv_CLKIN1_CLKOUT0)
                                                     -2.283     0.408 r  pll_inst/inst/plle2_adv_inst/CLKOUT0
                         net (fo=1, routed)           1.216     1.624    pll_inst/inst/clk_out1_pll
    BUFGCTRL_X0Y1        BUFG (Prop_bufg_I_O)         0.030     1.654 r  pll_inst/inst/clkout1_buf/O
                         net (fo=434, routed)         0.864     2.518    student_top_inst/bridge_inst/CLK
    SLICE_X12Y148        FDCE                                         r  student_top_inst/bridge_inst/LED_cnt_reg[22]/C

Slack:                    inf
  Source:                 student_top_inst/bridge_inst/led_tx_data_cpu_reg[8]/C
                            (rising edge-triggered cell FDCE clocked by clk_out2_pll  {rise@0.000ns fall@1.923ns period=3.846ns})
  Destination:            student_top_inst/bridge_inst/LED_cnt_reg[8]/D
                            (rising edge-triggered cell FDCE clocked by clk_out1_pll  {rise@0.000ns fall@10.000ns period=20.000ns})
  Path Group:             (none)
  Path Type:              Hold (Min at Fast Process Corner)
  Data Path Delay:        0.270ns  (logic 0.118ns (43.711%)  route 0.152ns (56.289%))
  Logic Levels:           0  
  Clock Path Skew:        0.376ns (DCD - SCD - CPR)
    Destination Clock Delay (DCD):    2.517ns
    Source Clock Delay      (SCD):    2.140ns
    Clock Pessimism Removal (CPR):    -0.000ns
  Clock Uncertainty:      0.191ns  ((TSJ^2 + DJ^2)^1/2) / 2 + PE
    Total System Jitter     (TSJ):    0.071ns
    Discrete Jitter          (DJ):    0.124ns
    Phase Error              (PE):    0.120ns
  Timing Exception:       Asynchronous Clock Groups

    Location             Delay type                Incr(ns)  Path(ns)    Netlist Resource(s)
  -------------------------------------------------------------------    -------------------
                         (clock clk_out2_pll rise edge)
                                                      0.000     0.000 r  
    AD12                                              0.000     0.000 r  i_sys_clk_p (IN)
                         net (fo=0)                   0.000     0.000    pll_inst/inst/clk_in1_p
    AD12                 IBUFDS (Prop_ibufds_I_O)     0.388     0.388 r  pll_inst/inst/clkin1_ibufgds/O
                         net (fo=1, routed)           1.083     1.471    pll_inst/inst/clk_in1_pll_buf
    BUFGCTRL_X0Y3        BUFG (Prop_bufg_I_O)         0.026     1.497 r  pll_inst/inst/clkin1_bufg1/O
                         net (fo=1, routed)           0.767     2.264    pll_inst/inst/clk_in1_pll
    PLLE2_ADV_X1Y0       PLLE2_ADV (Prop_plle2_adv_CLKIN1_CLKOUT1)
                                                     -1.938     0.326 r  pll_inst/inst/plle2_adv_inst/CLKOUT1
                         net (fo=1, routed)           1.145     1.471    pll_inst/inst/clk_out2_pll
    BUFGCTRL_X0Y0        BUFG (Prop_bufg_I_O)         0.026     1.497 r  pll_inst/inst/clkout2_buf/O
                         net (fo=2669, routed)        0.643     2.140    student_top_inst/bridge_inst/clk_out2
    SLICE_X18Y147        FDCE                                         r  student_top_inst/bridge_inst/led_tx_data_cpu_reg[8]/C
  -------------------------------------------------------------------    -------------------
    SLICE_X18Y147        FDCE (Prop_fdce_C_Q)         0.118     2.258 r  student_top_inst/bridge_inst/led_tx_data_cpu_reg[8]/Q
                         net (fo=2, routed)           0.152     2.410    student_top_inst/bridge_inst/led_sent_value_cpu[8]
    SLICE_X13Y146        FDCE                                         r  student_top_inst/bridge_inst/LED_cnt_reg[8]/D
  -------------------------------------------------------------------    -------------------

                         (clock clk_out1_pll rise edge)
                                                      0.000     0.000 r  
    AD12                                              0.000     0.000 r  i_sys_clk_p (IN)
                         net (fo=0)                   0.000     0.000    pll_inst/inst/clk_in1_p
    AD12                 IBUFDS (Prop_ibufds_I_O)     0.470     0.470 r  pll_inst/inst/clkin1_ibufgds/O
                         net (fo=1, routed)           1.154     1.624    pll_inst/inst/clk_in1_pll_buf
    BUFGCTRL_X0Y3        BUFG (Prop_bufg_I_O)         0.030     1.654 r  pll_inst/inst/clkin1_bufg1/O
                         net (fo=1, routed)           1.037     2.691    pll_inst/inst/clk_in1_pll
    PLLE2_ADV_X1Y0       PLLE2_ADV (Prop_plle2_adv_CLKIN1_CLKOUT0)
                                                     -2.283     0.408 r  pll_inst/inst/plle2_adv_inst/CLKOUT0
                         net (fo=1, routed)           1.216     1.624    pll_inst/inst/clk_out1_pll
    BUFGCTRL_X0Y1        BUFG (Prop_bufg_I_O)         0.030     1.654 r  pll_inst/inst/clkout1_buf/O
                         net (fo=434, routed)         0.863     2.517    student_top_inst/bridge_inst/CLK
    SLICE_X13Y146        FDCE                                         r  student_top_inst/bridge_inst/LED_cnt_reg[8]/C





--------------------------------------------------------------------------------------
Path Group:  (none)
From Clock:  clk_out1_pll
  To Clock:  clk_out2_pll

Max Delay           106 Endpoints
Min Delay           106 Endpoints
--------------------------------------------------------------------------------------


Max Delay Paths
--------------------------------------------------------------------------------------
Slack:                    inf
  Source:                 twin_controller_inst/sw_reg[27]/C
                            (rising edge-triggered cell FDCE clocked by clk_out1_pll  {rise@0.000ns fall@10.000ns period=20.000ns})
  Destination:            student_top_inst/bridge_inst/sw_meta_reg[27]/D
                            (rising edge-triggered cell FDCE clocked by clk_out2_pll  {rise@0.000ns fall@1.923ns period=3.846ns})
  Path Group:             (none)
  Path Type:              Setup (Max at Slow Process Corner)
  Data Path Delay:        1.762ns  (logic 0.223ns (12.659%)  route 1.539ns (87.341%))
  Logic Levels:           0  
  Clock Path Skew:        -0.618ns (DCD - SCD + CPR)
    Destination Clock Delay (DCD):    4.149ns
    Source Clock Delay      (SCD):    4.768ns
    Clock Pessimism Removal (CPR):    0.000ns
  Clock Uncertainty:      0.191ns  ((TSJ^2 + DJ^2)^1/2) / 2 + PE
    Total System Jitter     (TSJ):    0.071ns
    Discrete Jitter          (DJ):    0.124ns
    Phase Error              (PE):    0.120ns
  Timing Exception:       Asynchronous Clock Groups

    Location             Delay type                Incr(ns)  Path(ns)    Netlist Resource(s)
  -------------------------------------------------------------------    -------------------
                         (clock clk_out1_pll rise edge)
                                                      0.000     0.000 r  
    AD12                                              0.000     0.000 r  i_sys_clk_p (IN)
                         net (fo=0)                   0.000     0.000    pll_inst/inst/clk_in1_p
    AD12                 IBUFDS (Prop_ibufds_I_O)     0.906     0.906 r  pll_inst/inst/clkin1_ibufgds/O
                         net (fo=1, routed)           2.299     3.205    pll_inst/inst/clk_in1_pll_buf
    BUFGCTRL_X0Y3        BUFG (Prop_bufg_I_O)         0.093     3.298 r  pll_inst/inst/clkin1_bufg1/O
                         net (fo=1, routed)           1.959     5.257    pll_inst/inst/clk_in1_pll
    PLLE2_ADV_X1Y0       PLLE2_ADV (Prop_plle2_adv_CLKIN1_CLKOUT0)
                                                     -4.519     0.738 r  pll_inst/inst/plle2_adv_inst/CLKOUT0
                         net (fo=1, routed)           2.467     3.205    pll_inst/inst/clk_out1_pll
    BUFGCTRL_X0Y1        BUFG (Prop_bufg_I_O)         0.093     3.298 r  pll_inst/inst/clkout1_buf/O
                         net (fo=434, routed)         1.470     4.768    twin_controller_inst/CLK
    SLICE_X15Y140        FDCE                                         r  twin_controller_inst/sw_reg[27]/C
  -------------------------------------------------------------------    -------------------
    SLICE_X15Y140        FDCE (Prop_fdce_C_Q)         0.223     4.991 r  twin_controller_inst/sw_reg[27]/Q
                         net (fo=3, routed)           1.539     6.529    student_top_inst/bridge_inst/sw_meta_reg[63]_0[27]
    SLICE_X55Y157        FDCE                                         r  student_top_inst/bridge_inst/sw_meta_reg[27]/D
  -------------------------------------------------------------------    -------------------

                         (clock clk_out2_pll rise edge)
                                                      0.000     0.000 r  
    AD12                                              0.000     0.000 r  i_sys_clk_p (IN)
                         net (fo=0)                   0.000     0.000    pll_inst/inst/clk_in1_p
    AD12                 IBUFDS (Prop_ibufds_I_O)     0.803     0.803 r  pll_inst/inst/clkin1_ibufgds/O
                         net (fo=1, routed)           2.173     2.976    pll_inst/inst/clk_in1_pll_buf
    BUFGCTRL_X0Y3        BUFG (Prop_bufg_I_O)         0.083     3.059 r  pll_inst/inst/clkin1_bufg1/O
                         net (fo=1, routed)           1.796     4.855    pll_inst/inst/clk_in1_pll
    PLLE2_ADV_X1Y0       PLLE2_ADV (Prop_plle2_adv_CLKIN1_CLKOUT1)
                                                     -4.213     0.642 r  pll_inst/inst/plle2_adv_inst/CLKOUT1
                         net (fo=1, routed)           2.334     2.976    pll_inst/inst/clk_out2_pll
    BUFGCTRL_X0Y0        BUFG (Prop_bufg_I_O)         0.083     3.059 r  pll_inst/inst/clkout2_buf/O
                         net (fo=2669, routed)        1.090     4.149    student_top_inst/bridge_inst/clk_out2
    SLICE_X55Y157        FDCE                                         r  student_top_inst/bridge_inst/sw_meta_reg[27]/C

Slack:                    inf
  Source:                 twin_controller_inst/sw_reg[22]/C
                            (rising edge-triggered cell FDCE clocked by clk_out1_pll  {rise@0.000ns fall@10.000ns period=20.000ns})
  Destination:            student_top_inst/bridge_inst/sw_meta_reg[22]/D
                            (rising edge-triggered cell FDCE clocked by clk_out2_pll  {rise@0.000ns fall@1.923ns period=3.846ns})
  Path Group:             (none)
  Path Type:              Setup (Max at Slow Process Corner)
  Data Path Delay:        1.664ns  (logic 0.223ns (13.404%)  route 1.441ns (86.596%))
  Logic Levels:           0  
  Clock Path Skew:        -0.616ns (DCD - SCD + CPR)
    Destination Clock Delay (DCD):    4.150ns
    Source Clock Delay      (SCD):    4.767ns
    Clock Pessimism Removal (CPR):    0.000ns
  Clock Uncertainty:      0.191ns  ((TSJ^2 + DJ^2)^1/2) / 2 + PE
    Total System Jitter     (TSJ):    0.071ns
    Discrete Jitter          (DJ):    0.124ns
    Phase Error              (PE):    0.120ns
  Timing Exception:       Asynchronous Clock Groups

    Location             Delay type                Incr(ns)  Path(ns)    Netlist Resource(s)
  -------------------------------------------------------------------    -------------------
                         (clock clk_out1_pll rise edge)
                                                      0.000     0.000 r  
    AD12                                              0.000     0.000 r  i_sys_clk_p (IN)
                         net (fo=0)                   0.000     0.000    pll_inst/inst/clk_in1_p
    AD12                 IBUFDS (Prop_ibufds_I_O)     0.906     0.906 r  pll_inst/inst/clkin1_ibufgds/O
                         net (fo=1, routed)           2.299     3.205    pll_inst/inst/clk_in1_pll_buf
    BUFGCTRL_X0Y3        BUFG (Prop_bufg_I_O)         0.093     3.298 r  pll_inst/inst/clkin1_bufg1/O
                         net (fo=1, routed)           1.959     5.257    pll_inst/inst/clk_in1_pll
    PLLE2_ADV_X1Y0       PLLE2_ADV (Prop_plle2_adv_CLKIN1_CLKOUT0)
                                                     -4.519     0.738 r  pll_inst/inst/plle2_adv_inst/CLKOUT0
                         net (fo=1, routed)           2.467     3.205    pll_inst/inst/clk_out1_pll
    BUFGCTRL_X0Y1        BUFG (Prop_bufg_I_O)         0.093     3.298 r  pll_inst/inst/clkout1_buf/O
                         net (fo=434, routed)         1.469     4.767    twin_controller_inst/CLK
    SLICE_X15Y139        FDCE                                         r  twin_controller_inst/sw_reg[22]/C
  -------------------------------------------------------------------    -------------------
    SLICE_X15Y139        FDCE (Prop_fdce_C_Q)         0.223     4.990 r  twin_controller_inst/sw_reg[22]/Q
                         net (fo=3, routed)           1.441     6.430    student_top_inst/bridge_inst/sw_meta_reg[63]_0[22]
    SLICE_X55Y154        FDCE                                         r  student_top_inst/bridge_inst/sw_meta_reg[22]/D
  -------------------------------------------------------------------    -------------------

                         (clock clk_out2_pll rise edge)
                                                      0.000     0.000 r  
    AD12                                              0.000     0.000 r  i_sys_clk_p (IN)
                         net (fo=0)                   0.000     0.000    pll_inst/inst/clk_in1_p
    AD12                 IBUFDS (Prop_ibufds_I_O)     0.803     0.803 r  pll_inst/inst/clkin1_ibufgds/O
                         net (fo=1, routed)           2.173     2.976    pll_inst/inst/clk_in1_pll_buf
    BUFGCTRL_X0Y3        BUFG (Prop_bufg_I_O)         0.083     3.059 r  pll_inst/inst/clkin1_bufg1/O
                         net (fo=1, routed)           1.796     4.855    pll_inst/inst/clk_in1_pll
    PLLE2_ADV_X1Y0       PLLE2_ADV (Prop_plle2_adv_CLKIN1_CLKOUT1)
                                                     -4.213     0.642 r  pll_inst/inst/plle2_adv_inst/CLKOUT1
                         net (fo=1, routed)           2.334     2.976    pll_inst/inst/clk_out2_pll
    BUFGCTRL_X0Y0        BUFG (Prop_bufg_I_O)         0.083     3.059 r  pll_inst/inst/clkout2_buf/O
                         net (fo=2669, routed)        1.091     4.150    student_top_inst/bridge_inst/clk_out2
    SLICE_X55Y154        FDCE                                         r  student_top_inst/bridge_inst/sw_meta_reg[22]/C

Slack:                    inf
  Source:                 twin_controller_inst/sw_reg[18]/C
                            (rising edge-triggered cell FDCE clocked by clk_out1_pll  {rise@0.000ns fall@10.000ns period=20.000ns})
  Destination:            student_top_inst/bridge_inst/sw_meta_reg[18]/D
                            (rising edge-triggered cell FDCE clocked by clk_out2_pll  {rise@0.000ns fall@1.923ns period=3.846ns})
  Path Group:             (none)
  Path Type:              Setup (Max at Slow Process Corner)
  Data Path Delay:        1.657ns  (logic 0.223ns (13.462%)  route 1.434ns (86.538%))
  Logic Levels:           0  
  Clock Path Skew:        -0.614ns (DCD - SCD + CPR)
    Destination Clock Delay (DCD):    4.150ns
    Source Clock Delay      (SCD):    4.765ns
    Clock Pessimism Removal (CPR):    0.000ns
  Clock Uncertainty:      0.191ns  ((TSJ^2 + DJ^2)^1/2) / 2 + PE
    Total System Jitter     (TSJ):    0.071ns
    Discrete Jitter          (DJ):    0.124ns
    Phase Error              (PE):    0.120ns
  Timing Exception:       Asynchronous Clock Groups

    Location             Delay type                Incr(ns)  Path(ns)    Netlist Resource(s)
  -------------------------------------------------------------------    -------------------
                         (clock clk_out1_pll rise edge)
                                                      0.000     0.000 r  
    AD12                                              0.000     0.000 r  i_sys_clk_p (IN)
                         net (fo=0)                   0.000     0.000    pll_inst/inst/clk_in1_p
    AD12                 IBUFDS (Prop_ibufds_I_O)     0.906     0.906 r  pll_inst/inst/clkin1_ibufgds/O
                         net (fo=1, routed)           2.299     3.205    pll_inst/inst/clk_in1_pll_buf
    BUFGCTRL_X0Y3        BUFG (Prop_bufg_I_O)         0.093     3.298 r  pll_inst/inst/clkin1_bufg1/O
                         net (fo=1, routed)           1.959     5.257    pll_inst/inst/clk_in1_pll
    PLLE2_ADV_X1Y0       PLLE2_ADV (Prop_plle2_adv_CLKIN1_CLKOUT0)
                                                     -4.519     0.738 r  pll_inst/inst/plle2_adv_inst/CLKOUT0
                         net (fo=1, routed)           2.467     3.205    pll_inst/inst/clk_out1_pll
    BUFGCTRL_X0Y1        BUFG (Prop_bufg_I_O)         0.093     3.298 r  pll_inst/inst/clkout1_buf/O
                         net (fo=434, routed)         1.467     4.765    twin_controller_inst/CLK
    SLICE_X17Y138        FDCE                                         r  twin_controller_inst/sw_reg[18]/C
  -------------------------------------------------------------------    -------------------
    SLICE_X17Y138        FDCE (Prop_fdce_C_Q)         0.223     4.988 r  twin_controller_inst/sw_reg[18]/Q
                         net (fo=3, routed)           1.434     6.421    student_top_inst/bridge_inst/sw_meta_reg[63]_0[18]
    SLICE_X50Y153        FDCE                                         r  student_top_inst/bridge_inst/sw_meta_reg[18]/D
  -------------------------------------------------------------------    -------------------

                         (clock clk_out2_pll rise edge)
                                                      0.000     0.000 r  
    AD12                                              0.000     0.000 r  i_sys_clk_p (IN)
                         net (fo=0)                   0.000     0.000    pll_inst/inst/clk_in1_p
    AD12                 IBUFDS (Prop_ibufds_I_O)     0.803     0.803 r  pll_inst/inst/clkin1_ibufgds/O
                         net (fo=1, routed)           2.173     2.976    pll_inst/inst/clk_in1_pll_buf
    BUFGCTRL_X0Y3        BUFG (Prop_bufg_I_O)         0.083     3.059 r  pll_inst/inst/clkin1_bufg1/O
                         net (fo=1, routed)           1.796     4.855    pll_inst/inst/clk_in1_pll
    PLLE2_ADV_X1Y0       PLLE2_ADV (Prop_plle2_adv_CLKIN1_CLKOUT1)
                                                     -4.213     0.642 r  pll_inst/inst/plle2_adv_inst/CLKOUT1
                         net (fo=1, routed)           2.334     2.976    pll_inst/inst/clk_out2_pll
    BUFGCTRL_X0Y0        BUFG (Prop_bufg_I_O)         0.083     3.059 r  pll_inst/inst/clkout2_buf/O
                         net (fo=2669, routed)        1.091     4.150    student_top_inst/bridge_inst/clk_out2
    SLICE_X50Y153        FDCE                                         r  student_top_inst/bridge_inst/sw_meta_reg[18]/C

Slack:                    inf
  Source:                 twin_controller_inst/key_reg[3]/C
                            (rising edge-triggered cell FDCE clocked by clk_out1_pll  {rise@0.000ns fall@10.000ns period=20.000ns})
  Destination:            student_top_inst/bridge_inst/key_meta_reg[3]/D
                            (rising edge-triggered cell FDCE clocked by clk_out2_pll  {rise@0.000ns fall@1.923ns period=3.846ns})
  Path Group:             (none)
  Path Type:              Setup (Max at Slow Process Corner)
  Data Path Delay:        1.601ns  (logic 0.223ns (13.931%)  route 1.378ns (86.069%))
  Logic Levels:           0  
  Clock Path Skew:        -0.616ns (DCD - SCD + CPR)
    Destination Clock Delay (DCD):    4.150ns
    Source Clock Delay      (SCD):    4.767ns
    Clock Pessimism Removal (CPR):    0.000ns
  Clock Uncertainty:      0.191ns  ((TSJ^2 + DJ^2)^1/2) / 2 + PE
    Total System Jitter     (TSJ):    0.071ns
    Discrete Jitter          (DJ):    0.124ns
    Phase Error              (PE):    0.120ns
  Timing Exception:       Asynchronous Clock Groups

    Location             Delay type                Incr(ns)  Path(ns)    Netlist Resource(s)
  -------------------------------------------------------------------    -------------------
                         (clock clk_out1_pll rise edge)
                                                      0.000     0.000 r  
    AD12                                              0.000     0.000 r  i_sys_clk_p (IN)
                         net (fo=0)                   0.000     0.000    pll_inst/inst/clk_in1_p
    AD12                 IBUFDS (Prop_ibufds_I_O)     0.906     0.906 r  pll_inst/inst/clkin1_ibufgds/O
                         net (fo=1, routed)           2.299     3.205    pll_inst/inst/clk_in1_pll_buf
    BUFGCTRL_X0Y3        BUFG (Prop_bufg_I_O)         0.093     3.298 r  pll_inst/inst/clkin1_bufg1/O
                         net (fo=1, routed)           1.959     5.257    pll_inst/inst/clk_in1_pll
    PLLE2_ADV_X1Y0       PLLE2_ADV (Prop_plle2_adv_CLKIN1_CLKOUT0)
                                                     -4.519     0.738 r  pll_inst/inst/plle2_adv_inst/CLKOUT0
                         net (fo=1, routed)           2.467     3.205    pll_inst/inst/clk_out1_pll
    BUFGCTRL_X0Y1        BUFG (Prop_bufg_I_O)         0.093     3.298 r  pll_inst/inst/clkout1_buf/O
                         net (fo=434, routed)         1.469     4.767    twin_controller_inst/CLK
    SLICE_X11Y139        FDCE                                         r  twin_controller_inst/key_reg[3]/C
  -------------------------------------------------------------------    -------------------
    SLICE_X11Y139        FDCE (Prop_fdce_C_Q)         0.223     4.990 r  twin_controller_inst/key_reg[3]/Q
                         net (fo=3, routed)           1.378     6.367    student_top_inst/bridge_inst/key_meta_reg[7]_0[3]
    SLICE_X59Y150        FDCE                                         r  student_top_inst/bridge_inst/key_meta_reg[3]/D
  -------------------------------------------------------------------    -------------------

                         (clock clk_out2_pll rise edge)
                                                      0.000     0.000 r  
    AD12                                              0.000     0.000 r  i_sys_clk_p (IN)
                         net (fo=0)                   0.000     0.000    pll_inst/inst/clk_in1_p
    AD12                 IBUFDS (Prop_ibufds_I_O)     0.803     0.803 r  pll_inst/inst/clkin1_ibufgds/O
                         net (fo=1, routed)           2.173     2.976    pll_inst/inst/clk_in1_pll_buf
    BUFGCTRL_X0Y3        BUFG (Prop_bufg_I_O)         0.083     3.059 r  pll_inst/inst/clkin1_bufg1/O
                         net (fo=1, routed)           1.796     4.855    pll_inst/inst/clk_in1_pll
    PLLE2_ADV_X1Y0       PLLE2_ADV (Prop_plle2_adv_CLKIN1_CLKOUT1)
                                                     -4.213     0.642 r  pll_inst/inst/plle2_adv_inst/CLKOUT1
                         net (fo=1, routed)           2.334     2.976    pll_inst/inst/clk_out2_pll
    BUFGCTRL_X0Y0        BUFG (Prop_bufg_I_O)         0.083     3.059 r  pll_inst/inst/clkout2_buf/O
                         net (fo=2669, routed)        1.091     4.150    student_top_inst/bridge_inst/clk_out2
    SLICE_X59Y150        FDCE                                         r  student_top_inst/bridge_inst/key_meta_reg[3]/C

Slack:                    inf
  Source:                 twin_controller_inst/sw_reg[5]/C
                            (rising edge-triggered cell FDCE clocked by clk_out1_pll  {rise@0.000ns fall@10.000ns period=20.000ns})
  Destination:            student_top_inst/bridge_inst/sw_meta_reg[5]/D
                            (rising edge-triggered cell FDCE clocked by clk_out2_pll  {rise@0.000ns fall@1.923ns period=3.846ns})
  Path Group:             (none)
  Path Type:              Setup (Max at Slow Process Corner)
  Data Path Delay:        1.596ns  (logic 0.223ns (13.969%)  route 1.373ns (86.031%))
  Logic Levels:           0  
  Clock Path Skew:        -0.614ns (DCD - SCD + CPR)
    Destination Clock Delay (DCD):    4.150ns
    Source Clock Delay      (SCD):    4.765ns
    Clock Pessimism Removal (CPR):    0.000ns
  Clock Uncertainty:      0.191ns  ((TSJ^2 + DJ^2)^1/2) / 2 + PE
    Total System Jitter     (TSJ):    0.071ns
    Discrete Jitter          (DJ):    0.124ns
    Phase Error              (PE):    0.120ns
  Timing Exception:       Asynchronous Clock Groups

    Location             Delay type                Incr(ns)  Path(ns)    Netlist Resource(s)
  -------------------------------------------------------------------    -------------------
                         (clock clk_out1_pll rise edge)
                                                      0.000     0.000 r  
    AD12                                              0.000     0.000 r  i_sys_clk_p (IN)
                         net (fo=0)                   0.000     0.000    pll_inst/inst/clk_in1_p
    AD12                 IBUFDS (Prop_ibufds_I_O)     0.906     0.906 r  pll_inst/inst/clkin1_ibufgds/O
                         net (fo=1, routed)           2.299     3.205    pll_inst/inst/clk_in1_pll_buf
    BUFGCTRL_X0Y3        BUFG (Prop_bufg_I_O)         0.093     3.298 r  pll_inst/inst/clkin1_bufg1/O
                         net (fo=1, routed)           1.959     5.257    pll_inst/inst/clk_in1_pll
    PLLE2_ADV_X1Y0       PLLE2_ADV (Prop_plle2_adv_CLKIN1_CLKOUT0)
                                                     -4.519     0.738 r  pll_inst/inst/plle2_adv_inst/CLKOUT0
                         net (fo=1, routed)           2.467     3.205    pll_inst/inst/clk_out1_pll
    BUFGCTRL_X0Y1        BUFG (Prop_bufg_I_O)         0.093     3.298 r  pll_inst/inst/clkout1_buf/O
                         net (fo=434, routed)         1.467     4.765    twin_controller_inst/CLK
    SLICE_X17Y137        FDCE                                         r  twin_controller_inst/sw_reg[5]/C
  -------------------------------------------------------------------    -------------------
    SLICE_X17Y137        FDCE (Prop_fdce_C_Q)         0.223     4.988 r  twin_controller_inst/sw_reg[5]/Q
                         net (fo=3, routed)           1.373     6.361    student_top_inst/bridge_inst/sw_meta_reg[63]_0[5]
    SLICE_X54Y153        FDCE                                         r  student_top_inst/bridge_inst/sw_meta_reg[5]/D
  -------------------------------------------------------------------    -------------------

                         (clock clk_out2_pll rise edge)
                                                      0.000     0.000 r  
    AD12                                              0.000     0.000 r  i_sys_clk_p (IN)
                         net (fo=0)                   0.000     0.000    pll_inst/inst/clk_in1_p
    AD12                 IBUFDS (Prop_ibufds_I_O)     0.803     0.803 r  pll_inst/inst/clkin1_ibufgds/O
                         net (fo=1, routed)           2.173     2.976    pll_inst/inst/clk_in1_pll_buf
    BUFGCTRL_X0Y3        BUFG (Prop_bufg_I_O)         0.083     3.059 r  pll_inst/inst/clkin1_bufg1/O
                         net (fo=1, routed)           1.796     4.855    pll_inst/inst/clk_in1_pll
    PLLE2_ADV_X1Y0       PLLE2_ADV (Prop_plle2_adv_CLKIN1_CLKOUT1)
                                                     -4.213     0.642 r  pll_inst/inst/plle2_adv_inst/CLKOUT1
                         net (fo=1, routed)           2.334     2.976    pll_inst/inst/clk_out2_pll
    BUFGCTRL_X0Y0        BUFG (Prop_bufg_I_O)         0.083     3.059 r  pll_inst/inst/clkout2_buf/O
                         net (fo=2669, routed)        1.091     4.150    student_top_inst/bridge_inst/clk_out2
    SLICE_X54Y153        FDCE                                         r  student_top_inst/bridge_inst/sw_meta_reg[5]/C

Slack:                    inf
  Source:                 twin_controller_inst/sw_reg[17]/C
                            (rising edge-triggered cell FDCE clocked by clk_out1_pll  {rise@0.000ns fall@10.000ns period=20.000ns})
  Destination:            student_top_inst/bridge_inst/sw_meta_reg[17]/D
                            (rising edge-triggered cell FDCE clocked by clk_out2_pll  {rise@0.000ns fall@1.923ns period=3.846ns})
  Path Group:             (none)
  Path Type:              Setup (Max at Slow Process Corner)
  Data Path Delay:        1.595ns  (logic 0.223ns (13.986%)  route 1.372ns (86.014%))
  Logic Levels:           0  
  Clock Path Skew:        -0.612ns (DCD - SCD + CPR)
    Destination Clock Delay (DCD):    4.151ns
    Source Clock Delay      (SCD):    4.764ns
    Clock Pessimism Removal (CPR):    0.000ns
  Clock Uncertainty:      0.191ns  ((TSJ^2 + DJ^2)^1/2) / 2 + PE
    Total System Jitter     (TSJ):    0.071ns
    Discrete Jitter          (DJ):    0.124ns
    Phase Error              (PE):    0.120ns
  Timing Exception:       Asynchronous Clock Groups

    Location             Delay type                Incr(ns)  Path(ns)    Netlist Resource(s)
  -------------------------------------------------------------------    -------------------
                         (clock clk_out1_pll rise edge)
                                                      0.000     0.000 r  
    AD12                                              0.000     0.000 r  i_sys_clk_p (IN)
                         net (fo=0)                   0.000     0.000    pll_inst/inst/clk_in1_p
    AD12                 IBUFDS (Prop_ibufds_I_O)     0.906     0.906 r  pll_inst/inst/clkin1_ibufgds/O
                         net (fo=1, routed)           2.299     3.205    pll_inst/inst/clk_in1_pll_buf
    BUFGCTRL_X0Y3        BUFG (Prop_bufg_I_O)         0.093     3.298 r  pll_inst/inst/clkin1_bufg1/O
                         net (fo=1, routed)           1.959     5.257    pll_inst/inst/clk_in1_pll
    PLLE2_ADV_X1Y0       PLLE2_ADV (Prop_plle2_adv_CLKIN1_CLKOUT0)
                                                     -4.519     0.738 r  pll_inst/inst/plle2_adv_inst/CLKOUT0
                         net (fo=1, routed)           2.467     3.205    pll_inst/inst/clk_out1_pll
    BUFGCTRL_X0Y1        BUFG (Prop_bufg_I_O)         0.093     3.298 r  pll_inst/inst/clkout1_buf/O
                         net (fo=434, routed)         1.466     4.764    twin_controller_inst/CLK
    SLICE_X17Y136        FDCE                                         r  twin_controller_inst/sw_reg[17]/C
  -------------------------------------------------------------------    -------------------
    SLICE_X17Y136        FDCE (Prop_fdce_C_Q)         0.223     4.987 r  twin_controller_inst/sw_reg[17]/Q
                         net (fo=3, routed)           1.372     6.358    student_top_inst/bridge_inst/sw_meta_reg[63]_0[17]
    SLICE_X52Y153        FDCE                                         r  student_top_inst/bridge_inst/sw_meta_reg[17]/D
  -------------------------------------------------------------------    -------------------

                         (clock clk_out2_pll rise edge)
                                                      0.000     0.000 r  
    AD12                                              0.000     0.000 r  i_sys_clk_p (IN)
                         net (fo=0)                   0.000     0.000    pll_inst/inst/clk_in1_p
    AD12                 IBUFDS (Prop_ibufds_I_O)     0.803     0.803 r  pll_inst/inst/clkin1_ibufgds/O
                         net (fo=1, routed)           2.173     2.976    pll_inst/inst/clk_in1_pll_buf
    BUFGCTRL_X0Y3        BUFG (Prop_bufg_I_O)         0.083     3.059 r  pll_inst/inst/clkin1_bufg1/O
                         net (fo=1, routed)           1.796     4.855    pll_inst/inst/clk_in1_pll
    PLLE2_ADV_X1Y0       PLLE2_ADV (Prop_plle2_adv_CLKIN1_CLKOUT1)
                                                     -4.213     0.642 r  pll_inst/inst/plle2_adv_inst/CLKOUT1
                         net (fo=1, routed)           2.334     2.976    pll_inst/inst/clk_out2_pll
    BUFGCTRL_X0Y0        BUFG (Prop_bufg_I_O)         0.083     3.059 r  pll_inst/inst/clkout2_buf/O
                         net (fo=2669, routed)        1.092     4.151    student_top_inst/bridge_inst/clk_out2
    SLICE_X52Y153        FDCE                                         r  student_top_inst/bridge_inst/sw_meta_reg[17]/C

Slack:                    inf
  Source:                 twin_controller_inst/sw_reg[37]/C
                            (rising edge-triggered cell FDCE clocked by clk_out1_pll  {rise@0.000ns fall@10.000ns period=20.000ns})
  Destination:            student_top_inst/bridge_inst/sw_meta_reg[37]/D
                            (rising edge-triggered cell FDCE clocked by clk_out2_pll  {rise@0.000ns fall@1.923ns period=3.846ns})
  Path Group:             (none)
  Path Type:              Setup (Max at Slow Process Corner)
  Data Path Delay:        1.554ns  (logic 0.259ns (16.668%)  route 1.295ns (83.332%))
  Logic Levels:           0  
  Clock Path Skew:        -0.613ns (DCD - SCD + CPR)
    Destination Clock Delay (DCD):    4.151ns
    Source Clock Delay      (SCD):    4.765ns
    Clock Pessimism Removal (CPR):    0.000ns
  Clock Uncertainty:      0.191ns  ((TSJ^2 + DJ^2)^1/2) / 2 + PE
    Total System Jitter     (TSJ):    0.071ns
    Discrete Jitter          (DJ):    0.124ns
    Phase Error              (PE):    0.120ns
  Timing Exception:       Asynchronous Clock Groups

    Location             Delay type                Incr(ns)  Path(ns)    Netlist Resource(s)
  -------------------------------------------------------------------    -------------------
                         (clock clk_out1_pll rise edge)
                                                      0.000     0.000 r  
    AD12                                              0.000     0.000 r  i_sys_clk_p (IN)
                         net (fo=0)                   0.000     0.000    pll_inst/inst/clk_in1_p
    AD12                 IBUFDS (Prop_ibufds_I_O)     0.906     0.906 r  pll_inst/inst/clkin1_ibufgds/O
                         net (fo=1, routed)           2.299     3.205    pll_inst/inst/clk_in1_pll_buf
    BUFGCTRL_X0Y3        BUFG (Prop_bufg_I_O)         0.093     3.298 r  pll_inst/inst/clkin1_bufg1/O
                         net (fo=1, routed)           1.959     5.257    pll_inst/inst/clk_in1_pll
    PLLE2_ADV_X1Y0       PLLE2_ADV (Prop_plle2_adv_CLKIN1_CLKOUT0)
                                                     -4.519     0.738 r  pll_inst/inst/plle2_adv_inst/CLKOUT0
                         net (fo=1, routed)           2.467     3.205    pll_inst/inst/clk_out1_pll
    BUFGCTRL_X0Y1        BUFG (Prop_bufg_I_O)         0.093     3.298 r  pll_inst/inst/clkout1_buf/O
                         net (fo=434, routed)         1.467     4.765    twin_controller_inst/CLK
    SLICE_X16Y138        FDCE                                         r  twin_controller_inst/sw_reg[37]/C
  -------------------------------------------------------------------    -------------------
    SLICE_X16Y138        FDCE (Prop_fdce_C_Q)         0.259     5.024 r  twin_controller_inst/sw_reg[37]/Q
                         net (fo=3, routed)           1.295     6.319    student_top_inst/bridge_inst/sw_meta_reg[63]_0[37]
    SLICE_X52Y153        FDCE                                         r  student_top_inst/bridge_inst/sw_meta_reg[37]/D
  -------------------------------------------------------------------    -------------------

                         (clock clk_out2_pll rise edge)
                                                      0.000     0.000 r  
    AD12                                              0.000     0.000 r  i_sys_clk_p (IN)
                         net (fo=0)                   0.000     0.000    pll_inst/inst/clk_in1_p
    AD12                 IBUFDS (Prop_ibufds_I_O)     0.803     0.803 r  pll_inst/inst/clkin1_ibufgds/O
                         net (fo=1, routed)           2.173     2.976    pll_inst/inst/clk_in1_pll_buf
    BUFGCTRL_X0Y3        BUFG (Prop_bufg_I_O)         0.083     3.059 r  pll_inst/inst/clkin1_bufg1/O
                         net (fo=1, routed)           1.796     4.855    pll_inst/inst/clk_in1_pll
    PLLE2_ADV_X1Y0       PLLE2_ADV (Prop_plle2_adv_CLKIN1_CLKOUT1)
                                                     -4.213     0.642 r  pll_inst/inst/plle2_adv_inst/CLKOUT1
                         net (fo=1, routed)           2.334     2.976    pll_inst/inst/clk_out2_pll
    BUFGCTRL_X0Y0        BUFG (Prop_bufg_I_O)         0.083     3.059 r  pll_inst/inst/clkout2_buf/O
                         net (fo=2669, routed)        1.092     4.151    student_top_inst/bridge_inst/clk_out2
    SLICE_X52Y153        FDCE                                         r  student_top_inst/bridge_inst/sw_meta_reg[37]/C

Slack:                    inf
  Source:                 twin_controller_inst/sw_reg[28]/C
                            (rising edge-triggered cell FDCE clocked by clk_out1_pll  {rise@0.000ns fall@10.000ns period=20.000ns})
  Destination:            student_top_inst/bridge_inst/sw_meta_reg[28]/D
                            (rising edge-triggered cell FDCE clocked by clk_out2_pll  {rise@0.000ns fall@1.923ns period=3.846ns})
  Path Group:             (none)
  Path Type:              Setup (Max at Slow Process Corner)
  Data Path Delay:        1.504ns  (logic 0.259ns (17.218%)  route 1.245ns (82.782%))
  Logic Levels:           0  
  Clock Path Skew:        -0.552ns (DCD - SCD + CPR)
    Destination Clock Delay (DCD):    4.215ns
    Source Clock Delay      (SCD):    4.768ns
    Clock Pessimism Removal (CPR):    0.000ns
  Clock Uncertainty:      0.191ns  ((TSJ^2 + DJ^2)^1/2) / 2 + PE
    Total System Jitter     (TSJ):    0.071ns
    Discrete Jitter          (DJ):    0.124ns
    Phase Error              (PE):    0.120ns
  Timing Exception:       Asynchronous Clock Groups

    Location             Delay type                Incr(ns)  Path(ns)    Netlist Resource(s)
  -------------------------------------------------------------------    -------------------
                         (clock clk_out1_pll rise edge)
                                                      0.000     0.000 r  
    AD12                                              0.000     0.000 r  i_sys_clk_p (IN)
                         net (fo=0)                   0.000     0.000    pll_inst/inst/clk_in1_p
    AD12                 IBUFDS (Prop_ibufds_I_O)     0.906     0.906 r  pll_inst/inst/clkin1_ibufgds/O
                         net (fo=1, routed)           2.299     3.205    pll_inst/inst/clk_in1_pll_buf
    BUFGCTRL_X0Y3        BUFG (Prop_bufg_I_O)         0.093     3.298 r  pll_inst/inst/clkin1_bufg1/O
                         net (fo=1, routed)           1.959     5.257    pll_inst/inst/clk_in1_pll
    PLLE2_ADV_X1Y0       PLLE2_ADV (Prop_plle2_adv_CLKIN1_CLKOUT0)
                                                     -4.519     0.738 r  pll_inst/inst/plle2_adv_inst/CLKOUT0
                         net (fo=1, routed)           2.467     3.205    pll_inst/inst/clk_out1_pll
    BUFGCTRL_X0Y1        BUFG (Prop_bufg_I_O)         0.093     3.298 r  pll_inst/inst/clkout1_buf/O
                         net (fo=434, routed)         1.470     4.768    twin_controller_inst/CLK
    SLICE_X12Y140        FDCE                                         r  twin_controller_inst/sw_reg[28]/C
  -------------------------------------------------------------------    -------------------
    SLICE_X12Y140        FDCE (Prop_fdce_C_Q)         0.259     5.027 r  twin_controller_inst/sw_reg[28]/Q
                         net (fo=3, routed)           1.245     6.272    student_top_inst/bridge_inst/sw_meta_reg[63]_0[28]
    SLICE_X36Y154        FDCE                                         r  student_top_inst/bridge_inst/sw_meta_reg[28]/D
  -------------------------------------------------------------------    -------------------

                         (clock clk_out2_pll rise edge)
                                                      0.000     0.000 r  
    AD12                                              0.000     0.000 r  i_sys_clk_p (IN)
                         net (fo=0)                   0.000     0.000    pll_inst/inst/clk_in1_p
    AD12                 IBUFDS (Prop_ibufds_I_O)     0.803     0.803 r  pll_inst/inst/clkin1_ibufgds/O
                         net (fo=1, routed)           2.173     2.976    pll_inst/inst/clk_in1_pll_buf
    BUFGCTRL_X0Y3        BUFG (Prop_bufg_I_O)         0.083     3.059 r  pll_inst/inst/clkin1_bufg1/O
                         net (fo=1, routed)           1.796     4.855    pll_inst/inst/clk_in1_pll
    PLLE2_ADV_X1Y0       PLLE2_ADV (Prop_plle2_adv_CLKIN1_CLKOUT1)
                                                     -4.213     0.642 r  pll_inst/inst/plle2_adv_inst/CLKOUT1
                         net (fo=1, routed)           2.334     2.976    pll_inst/inst/clk_out2_pll
    BUFGCTRL_X0Y0        BUFG (Prop_bufg_I_O)         0.083     3.059 r  pll_inst/inst/clkout2_buf/O
                         net (fo=2669, routed)        1.156     4.215    student_top_inst/bridge_inst/clk_out2
    SLICE_X36Y154        FDCE                                         r  student_top_inst/bridge_inst/sw_meta_reg[28]/C

Slack:                    inf
  Source:                 twin_controller_inst/key_reg[1]/C
                            (rising edge-triggered cell FDCE clocked by clk_out1_pll  {rise@0.000ns fall@10.000ns period=20.000ns})
  Destination:            student_top_inst/bridge_inst/key_meta_reg[1]/D
                            (rising edge-triggered cell FDCE clocked by clk_out2_pll  {rise@0.000ns fall@1.923ns period=3.846ns})
  Path Group:             (none)
  Path Type:              Setup (Max at Slow Process Corner)
  Data Path Delay:        1.483ns  (logic 0.223ns (15.038%)  route 1.260ns (84.962%))
  Logic Levels:           0  
  Clock Path Skew:        -0.614ns (DCD - SCD + CPR)
    Destination Clock Delay (DCD):    4.151ns
    Source Clock Delay      (SCD):    4.766ns
    Clock Pessimism Removal (CPR):    0.000ns
  Clock Uncertainty:      0.191ns  ((TSJ^2 + DJ^2)^1/2) / 2 + PE
    Total System Jitter     (TSJ):    0.071ns
    Discrete Jitter          (DJ):    0.124ns
    Phase Error              (PE):    0.120ns
  Timing Exception:       Asynchronous Clock Groups

    Location             Delay type                Incr(ns)  Path(ns)    Netlist Resource(s)
  -------------------------------------------------------------------    -------------------
                         (clock clk_out1_pll rise edge)
                                                      0.000     0.000 r  
    AD12                                              0.000     0.000 r  i_sys_clk_p (IN)
                         net (fo=0)                   0.000     0.000    pll_inst/inst/clk_in1_p
    AD12                 IBUFDS (Prop_ibufds_I_O)     0.906     0.906 r  pll_inst/inst/clkin1_ibufgds/O
                         net (fo=1, routed)           2.299     3.205    pll_inst/inst/clk_in1_pll_buf
    BUFGCTRL_X0Y3        BUFG (Prop_bufg_I_O)         0.093     3.298 r  pll_inst/inst/clkin1_bufg1/O
                         net (fo=1, routed)           1.959     5.257    pll_inst/inst/clk_in1_pll
    PLLE2_ADV_X1Y0       PLLE2_ADV (Prop_plle2_adv_CLKIN1_CLKOUT0)
                                                     -4.519     0.738 r  pll_inst/inst/plle2_adv_inst/CLKOUT0
                         net (fo=1, routed)           2.467     3.205    pll_inst/inst/clk_out1_pll
    BUFGCTRL_X0Y1        BUFG (Prop_bufg_I_O)         0.093     3.298 r  pll_inst/inst/clkout1_buf/O
                         net (fo=434, routed)         1.468     4.766    twin_controller_inst/CLK
    SLICE_X15Y137        FDCE                                         r  twin_controller_inst/key_reg[1]/C
  -------------------------------------------------------------------    -------------------
    SLICE_X15Y137        FDCE (Prop_fdce_C_Q)         0.223     4.989 r  twin_controller_inst/key_reg[1]/Q
                         net (fo=3, routed)           1.260     6.249    student_top_inst/bridge_inst/key_meta_reg[7]_0[1]
    SLICE_X52Y151        FDCE                                         r  student_top_inst/bridge_inst/key_meta_reg[1]/D
  -------------------------------------------------------------------    -------------------

                         (clock clk_out2_pll rise edge)
                                                      0.000     0.000 r  
    AD12                                              0.000     0.000 r  i_sys_clk_p (IN)
                         net (fo=0)                   0.000     0.000    pll_inst/inst/clk_in1_p
    AD12                 IBUFDS (Prop_ibufds_I_O)     0.803     0.803 r  pll_inst/inst/clkin1_ibufgds/O
                         net (fo=1, routed)           2.173     2.976    pll_inst/inst/clk_in1_pll_buf
    BUFGCTRL_X0Y3        BUFG (Prop_bufg_I_O)         0.083     3.059 r  pll_inst/inst/clkin1_bufg1/O
                         net (fo=1, routed)           1.796     4.855    pll_inst/inst/clk_in1_pll
    PLLE2_ADV_X1Y0       PLLE2_ADV (Prop_plle2_adv_CLKIN1_CLKOUT1)
                                                     -4.213     0.642 r  pll_inst/inst/plle2_adv_inst/CLKOUT1
                         net (fo=1, routed)           2.334     2.976    pll_inst/inst/clk_out2_pll
    BUFGCTRL_X0Y0        BUFG (Prop_bufg_I_O)         0.083     3.059 r  pll_inst/inst/clkout2_buf/O
                         net (fo=2669, routed)        1.092     4.151    student_top_inst/bridge_inst/clk_out2
    SLICE_X52Y151        FDCE                                         r  student_top_inst/bridge_inst/key_meta_reg[1]/C

Slack:                    inf
  Source:                 twin_controller_inst/sw_reg[20]/C
                            (rising edge-triggered cell FDCE clocked by clk_out1_pll  {rise@0.000ns fall@10.000ns period=20.000ns})
  Destination:            student_top_inst/bridge_inst/sw_meta_reg[20]/D
                            (rising edge-triggered cell FDCE clocked by clk_out2_pll  {rise@0.000ns fall@1.923ns period=3.846ns})
  Path Group:             (none)
  Path Type:              Setup (Max at Slow Process Corner)
  Data Path Delay:        1.480ns  (logic 0.259ns (17.505%)  route 1.221ns (82.495%))
  Logic Levels:           0  
  Clock Path Skew:        -0.616ns (DCD - SCD + CPR)
    Destination Clock Delay (DCD):    4.150ns
    Source Clock Delay      (SCD):    4.767ns
    Clock Pessimism Removal (CPR):    0.000ns
  Clock Uncertainty:      0.191ns  ((TSJ^2 + DJ^2)^1/2) / 2 + PE
    Total System Jitter     (TSJ):    0.071ns
    Discrete Jitter          (DJ):    0.124ns
    Phase Error              (PE):    0.120ns
  Timing Exception:       Asynchronous Clock Groups

    Location             Delay type                Incr(ns)  Path(ns)    Netlist Resource(s)
  -------------------------------------------------------------------    -------------------
                         (clock clk_out1_pll rise edge)
                                                      0.000     0.000 r  
    AD12                                              0.000     0.000 r  i_sys_clk_p (IN)
                         net (fo=0)                   0.000     0.000    pll_inst/inst/clk_in1_p
    AD12                 IBUFDS (Prop_ibufds_I_O)     0.906     0.906 r  pll_inst/inst/clkin1_ibufgds/O
                         net (fo=1, routed)           2.299     3.205    pll_inst/inst/clk_in1_pll_buf
    BUFGCTRL_X0Y3        BUFG (Prop_bufg_I_O)         0.093     3.298 r  pll_inst/inst/clkin1_bufg1/O
                         net (fo=1, routed)           1.959     5.257    pll_inst/inst/clk_in1_pll
    PLLE2_ADV_X1Y0       PLLE2_ADV (Prop_plle2_adv_CLKIN1_CLKOUT0)
                                                     -4.519     0.738 r  pll_inst/inst/plle2_adv_inst/CLKOUT0
                         net (fo=1, routed)           2.467     3.205    pll_inst/inst/clk_out1_pll
    BUFGCTRL_X0Y1        BUFG (Prop_bufg_I_O)         0.093     3.298 r  pll_inst/inst/clkout1_buf/O
                         net (fo=434, routed)         1.469     4.767    twin_controller_inst/CLK
    SLICE_X16Y140        FDCE                                         r  twin_controller_inst/sw_reg[20]/C
  -------------------------------------------------------------------    -------------------
    SLICE_X16Y140        FDCE (Prop_fdce_C_Q)         0.259     5.026 r  twin_controller_inst/sw_reg[20]/Q
                         net (fo=3, routed)           1.221     6.246    student_top_inst/bridge_inst/sw_meta_reg[63]_0[20]
    SLICE_X51Y154        FDCE                                         r  student_top_inst/bridge_inst/sw_meta_reg[20]/D
  -------------------------------------------------------------------    -------------------

                         (clock clk_out2_pll rise edge)
                                                      0.000     0.000 r  
    AD12                                              0.000     0.000 r  i_sys_clk_p (IN)
                         net (fo=0)                   0.000     0.000    pll_inst/inst/clk_in1_p
    AD12                 IBUFDS (Prop_ibufds_I_O)     0.803     0.803 r  pll_inst/inst/clkin1_ibufgds/O
                         net (fo=1, routed)           2.173     2.976    pll_inst/inst/clk_in1_pll_buf
    BUFGCTRL_X0Y3        BUFG (Prop_bufg_I_O)         0.083     3.059 r  pll_inst/inst/clkin1_bufg1/O
                         net (fo=1, routed)           1.796     4.855    pll_inst/inst/clk_in1_pll
    PLLE2_ADV_X1Y0       PLLE2_ADV (Prop_plle2_adv_CLKIN1_CLKOUT1)
                                                     -4.213     0.642 r  pll_inst/inst/plle2_adv_inst/CLKOUT1
                         net (fo=1, routed)           2.334     2.976    pll_inst/inst/clk_out2_pll
    BUFGCTRL_X0Y0        BUFG (Prop_bufg_I_O)         0.083     3.059 r  pll_inst/inst/clkout2_buf/O
                         net (fo=2669, routed)        1.091     4.150    student_top_inst/bridge_inst/clk_out2
    SLICE_X51Y154        FDCE                                         r  student_top_inst/bridge_inst/sw_meta_reg[20]/C





Min Delay Paths
--------------------------------------------------------------------------------------
Slack:                    inf
  Source:                 student_top_inst/bridge_inst/seg_ack_toggle_cnt_reg/C
                            (rising edge-triggered cell FDCE clocked by clk_out1_pll  {rise@0.000ns fall@10.000ns period=20.000ns})
  Destination:            student_top_inst/bridge_inst/seg_ack_meta_cpu_reg/D
                            (rising edge-triggered cell FDCE clocked by clk_out2_pll  {rise@0.000ns fall@1.923ns period=3.846ns})
  Path Group:             (none)
  Path Type:              Hold (Min at Fast Process Corner)
  Data Path Delay:        0.223ns  (logic 0.118ns (52.820%)  route 0.105ns (47.180%))
  Logic Levels:           0  
  Clock Path Skew:        0.377ns (DCD - SCD - CPR)
    Destination Clock Delay (DCD):    2.515ns
    Source Clock Delay      (SCD):    2.137ns
    Clock Pessimism Removal (CPR):    -0.000ns
  Clock Uncertainty:      0.191ns  ((TSJ^2 + DJ^2)^1/2) / 2 + PE
    Total System Jitter     (TSJ):    0.071ns
    Discrete Jitter          (DJ):    0.124ns
    Phase Error              (PE):    0.120ns
  Timing Exception:       Asynchronous Clock Groups

    Location             Delay type                Incr(ns)  Path(ns)    Netlist Resource(s)
  -------------------------------------------------------------------    -------------------
                         (clock clk_out1_pll rise edge)
                                                      0.000     0.000 r  
    AD12                                              0.000     0.000 r  i_sys_clk_p (IN)
                         net (fo=0)                   0.000     0.000    pll_inst/inst/clk_in1_p
    AD12                 IBUFDS (Prop_ibufds_I_O)     0.388     0.388 r  pll_inst/inst/clkin1_ibufgds/O
                         net (fo=1, routed)           1.083     1.471    pll_inst/inst/clk_in1_pll_buf
    BUFGCTRL_X0Y3        BUFG (Prop_bufg_I_O)         0.026     1.497 r  pll_inst/inst/clkin1_bufg1/O
                         net (fo=1, routed)           0.767     2.264    pll_inst/inst/clk_in1_pll
    PLLE2_ADV_X1Y0       PLLE2_ADV (Prop_plle2_adv_CLKIN1_CLKOUT0)
                                                     -1.938     0.326 r  pll_inst/inst/plle2_adv_inst/CLKOUT0
                         net (fo=1, routed)           1.145     1.471    pll_inst/inst/clk_out1_pll
    BUFGCTRL_X0Y1        BUFG (Prop_bufg_I_O)         0.026     1.497 r  pll_inst/inst/clkout1_buf/O
                         net (fo=434, routed)         0.640     2.137    student_top_inst/bridge_inst/CLK
    SLICE_X20Y141        FDCE                                         r  student_top_inst/bridge_inst/seg_ack_toggle_cnt_reg/C
  -------------------------------------------------------------------    -------------------
    SLICE_X20Y141        FDCE (Prop_fdce_C_Q)         0.118     2.255 r  student_top_inst/bridge_inst/seg_ack_toggle_cnt_reg/Q
                         net (fo=2, routed)           0.105     2.361    student_top_inst/bridge_inst/seg_ack_toggle_cnt
    SLICE_X21Y142        FDCE                                         r  student_top_inst/bridge_inst/seg_ack_meta_cpu_reg/D
  -------------------------------------------------------------------    -------------------

                         (clock clk_out2_pll rise edge)
                                                      0.000     0.000 r  
    AD12                                              0.000     0.000 r  i_sys_clk_p (IN)
                         net (fo=0)                   0.000     0.000    pll_inst/inst/clk_in1_p
    AD12                 IBUFDS (Prop_ibufds_I_O)     0.470     0.470 r  pll_inst/inst/clkin1_ibufgds/O
                         net (fo=1, routed)           1.154     1.624    pll_inst/inst/clk_in1_pll_buf
    BUFGCTRL_X0Y3        BUFG (Prop_bufg_I_O)         0.030     1.654 r  pll_inst/inst/clkin1_bufg1/O
                         net (fo=1, routed)           1.037     2.691    pll_inst/inst/clk_in1_pll
    PLLE2_ADV_X1Y0       PLLE2_ADV (Prop_plle2_adv_CLKIN1_CLKOUT1)
                                                     -2.283     0.408 r  pll_inst/inst/plle2_adv_inst/CLKOUT1
                         net (fo=1, routed)           1.216     1.624    pll_inst/inst/clk_out2_pll
    BUFGCTRL_X0Y0        BUFG (Prop_bufg_I_O)         0.030     1.654 r  pll_inst/inst/clkout2_buf/O
                         net (fo=2669, routed)        0.861     2.515    student_top_inst/bridge_inst/clk_out2
    SLICE_X21Y142        FDCE                                         r  student_top_inst/bridge_inst/seg_ack_meta_cpu_reg/C

Slack:                    inf
  Source:                 student_top_inst/bridge_inst/led_ack_toggle_cnt_reg/C
                            (rising edge-triggered cell FDCE clocked by clk_out1_pll  {rise@0.000ns fall@10.000ns period=20.000ns})
  Destination:            student_top_inst/bridge_inst/led_ack_meta_cpu_reg/D
                            (rising edge-triggered cell FDCE clocked by clk_out2_pll  {rise@0.000ns fall@1.923ns period=3.846ns})
  Path Group:             (none)
  Path Type:              Hold (Min at Fast Process Corner)
  Data Path Delay:        0.235ns  (logic 0.118ns (50.263%)  route 0.117ns (49.737%))
  Logic Levels:           0  
  Clock Path Skew:        0.377ns (DCD - SCD - CPR)
    Destination Clock Delay (DCD):    2.517ns
    Source Clock Delay      (SCD):    2.139ns
    Clock Pessimism Removal (CPR):    -0.000ns
  Clock Uncertainty:      0.191ns  ((TSJ^2 + DJ^2)^1/2) / 2 + PE
    Total System Jitter     (TSJ):    0.071ns
    Discrete Jitter          (DJ):    0.124ns
    Phase Error              (PE):    0.120ns
  Timing Exception:       Asynchronous Clock Groups

    Location             Delay type                Incr(ns)  Path(ns)    Netlist Resource(s)
  -------------------------------------------------------------------    -------------------
                         (clock clk_out1_pll rise edge)
                                                      0.000     0.000 r  
    AD12                                              0.000     0.000 r  i_sys_clk_p (IN)
                         net (fo=0)                   0.000     0.000    pll_inst/inst/clk_in1_p
    AD12                 IBUFDS (Prop_ibufds_I_O)     0.388     0.388 r  pll_inst/inst/clkin1_ibufgds/O
                         net (fo=1, routed)           1.083     1.471    pll_inst/inst/clk_in1_pll_buf
    BUFGCTRL_X0Y3        BUFG (Prop_bufg_I_O)         0.026     1.497 r  pll_inst/inst/clkin1_bufg1/O
                         net (fo=1, routed)           0.767     2.264    pll_inst/inst/clk_in1_pll
    PLLE2_ADV_X1Y0       PLLE2_ADV (Prop_plle2_adv_CLKIN1_CLKOUT0)
                                                     -1.938     0.326 r  pll_inst/inst/plle2_adv_inst/CLKOUT0
                         net (fo=1, routed)           1.145     1.471    pll_inst/inst/clk_out1_pll
    BUFGCTRL_X0Y1        BUFG (Prop_bufg_I_O)         0.026     1.497 r  pll_inst/inst/clkout1_buf/O
                         net (fo=434, routed)         0.642     2.139    student_top_inst/bridge_inst/CLK
    SLICE_X18Y146        FDCE                                         r  student_top_inst/bridge_inst/led_ack_toggle_cnt_reg/C
  -------------------------------------------------------------------    -------------------
    SLICE_X18Y146        FDCE (Prop_fdce_C_Q)         0.118     2.257 r  student_top_inst/bridge_inst/led_ack_toggle_cnt_reg/Q
                         net (fo=2, routed)           0.117     2.374    student_top_inst/bridge_inst/led_ack_toggle_cnt
    SLICE_X19Y146        FDCE                                         r  student_top_inst/bridge_inst/led_ack_meta_cpu_reg/D
  -------------------------------------------------------------------    -------------------

                         (clock clk_out2_pll rise edge)
                                                      0.000     0.000 r  
    AD12                                              0.000     0.000 r  i_sys_clk_p (IN)
                         net (fo=0)                   0.000     0.000    pll_inst/inst/clk_in1_p
    AD12                 IBUFDS (Prop_ibufds_I_O)     0.470     0.470 r  pll_inst/inst/clkin1_ibufgds/O
                         net (fo=1, routed)           1.154     1.624    pll_inst/inst/clk_in1_pll_buf
    BUFGCTRL_X0Y3        BUFG (Prop_bufg_I_O)         0.030     1.654 r  pll_inst/inst/clkin1_bufg1/O
                         net (fo=1, routed)           1.037     2.691    pll_inst/inst/clk_in1_pll
    PLLE2_ADV_X1Y0       PLLE2_ADV (Prop_plle2_adv_CLKIN1_CLKOUT1)
                                                     -2.283     0.408 r  pll_inst/inst/plle2_adv_inst/CLKOUT1
                         net (fo=1, routed)           1.216     1.624    pll_inst/inst/clk_out2_pll
    BUFGCTRL_X0Y0        BUFG (Prop_bufg_I_O)         0.030     1.654 r  pll_inst/inst/clkout2_buf/O
                         net (fo=2669, routed)        0.863     2.517    student_top_inst/bridge_inst/clk_out2
    SLICE_X19Y146        FDCE                                         r  student_top_inst/bridge_inst/led_ack_meta_cpu_reg/C

Slack:                    inf
  Source:                 student_top_inst/bridge_inst/counter_inst/cnt_ms_reg[6]/C
                            (rising edge-triggered cell FDRE clocked by clk_out1_pll  {rise@0.000ns fall@10.000ns period=20.000ns})
  Destination:            student_top_inst/bridge_inst/counter_inst/cnt_ms_gray_cpu_sync1_reg[6]/D
                            (rising edge-triggered cell FDRE clocked by clk_out2_pll  {rise@0.000ns fall@1.923ns period=3.846ns})
  Path Group:             (none)
  Path Type:              Hold (Min at Fast Process Corner)
  Data Path Delay:        0.280ns  (logic 0.128ns (45.713%)  route 0.152ns (54.287%))
  Logic Levels:           1  (LUT2=1)
  Clock Path Skew:        0.372ns (DCD - SCD - CPR)
    Destination Clock Delay (DCD):    2.497ns
    Source Clock Delay      (SCD):    2.124ns
    Clock Pessimism Removal (CPR):    -0.000ns
  Clock Uncertainty:      0.191ns  ((TSJ^2 + DJ^2)^1/2) / 2 + PE
    Total System Jitter     (TSJ):    0.071ns
    Discrete Jitter          (DJ):    0.124ns
    Phase Error              (PE):    0.120ns
  Timing Exception:       Asynchronous Clock Groups

    Location             Delay type                Incr(ns)  Path(ns)    Netlist Resource(s)
  -------------------------------------------------------------------    -------------------
                         (clock clk_out1_pll rise edge)
                                                      0.000     0.000 r  
    AD12                                              0.000     0.000 r  i_sys_clk_p (IN)
                         net (fo=0)                   0.000     0.000    pll_inst/inst/clk_in1_p
    AD12                 IBUFDS (Prop_ibufds_I_O)     0.388     0.388 r  pll_inst/inst/clkin1_ibufgds/O
                         net (fo=1, routed)           1.083     1.471    pll_inst/inst/clk_in1_pll_buf
    BUFGCTRL_X0Y3        BUFG (Prop_bufg_I_O)         0.026     1.497 r  pll_inst/inst/clkin1_bufg1/O
                         net (fo=1, routed)           0.767     2.264    pll_inst/inst/clk_in1_pll
    PLLE2_ADV_X1Y0       PLLE2_ADV (Prop_plle2_adv_CLKIN1_CLKOUT0)
                                                     -1.938     0.326 r  pll_inst/inst/plle2_adv_inst/CLKOUT0
                         net (fo=1, routed)           1.145     1.471    pll_inst/inst/clk_out1_pll
    BUFGCTRL_X0Y1        BUFG (Prop_bufg_I_O)         0.026     1.497 r  pll_inst/inst/clkout1_buf/O
                         net (fo=434, routed)         0.627     2.124    student_top_inst/bridge_inst/counter_inst/CLK
    SLICE_X44Y137        FDRE                                         r  student_top_inst/bridge_inst/counter_inst/cnt_ms_reg[6]/C
  -------------------------------------------------------------------    -------------------
    SLICE_X44Y137        FDRE (Prop_fdre_C_Q)         0.100     2.224 r  student_top_inst/bridge_inst/counter_inst/cnt_ms_reg[6]/Q
                         net (fo=3, routed)           0.152     2.376    student_top_inst/bridge_inst/counter_inst/cnt_ms_reg[30]_0[5]
    SLICE_X46Y137        LUT2 (Prop_lut2_I0_O)        0.028     2.404 r  student_top_inst/bridge_inst/counter_inst/cnt_ms_gray_cpu_sync1[6]_i_1/O
                         net (fo=1, routed)           0.000     2.404    student_top_inst/bridge_inst/counter_inst/cnt_ms_gray[6]
    SLICE_X46Y137        FDRE                                         r  student_top_inst/bridge_inst/counter_inst/cnt_ms_gray_cpu_sync1_reg[6]/D
  -------------------------------------------------------------------    -------------------

                         (clock clk_out2_pll rise edge)
                                                      0.000     0.000 r  
    AD12                                              0.000     0.000 r  i_sys_clk_p (IN)
                         net (fo=0)                   0.000     0.000    pll_inst/inst/clk_in1_p
    AD12                 IBUFDS (Prop_ibufds_I_O)     0.470     0.470 r  pll_inst/inst/clkin1_ibufgds/O
                         net (fo=1, routed)           1.154     1.624    pll_inst/inst/clk_in1_pll_buf
    BUFGCTRL_X0Y3        BUFG (Prop_bufg_I_O)         0.030     1.654 r  pll_inst/inst/clkin1_bufg1/O
                         net (fo=1, routed)           1.037     2.691    pll_inst/inst/clk_in1_pll
    PLLE2_ADV_X1Y0       PLLE2_ADV (Prop_plle2_adv_CLKIN1_CLKOUT1)
                                                     -2.283     0.408 r  pll_inst/inst/plle2_adv_inst/CLKOUT1
                         net (fo=1, routed)           1.216     1.624    pll_inst/inst/clk_out2_pll
    BUFGCTRL_X0Y0        BUFG (Prop_bufg_I_O)         0.030     1.654 r  pll_inst/inst/clkout2_buf/O
                         net (fo=2669, routed)        0.843     2.497    student_top_inst/bridge_inst/counter_inst/clk_out2
    SLICE_X46Y137        FDRE                                         r  student_top_inst/bridge_inst/counter_inst/cnt_ms_gray_cpu_sync1_reg[6]/C

Slack:                    inf
  Source:                 student_top_inst/bridge_inst/counter_inst/cnt_ms_reg[7]/C
                            (rising edge-triggered cell FDRE clocked by clk_out1_pll  {rise@0.000ns fall@10.000ns period=20.000ns})
  Destination:            student_top_inst/bridge_inst/counter_inst/cnt_ms_gray_cpu_sync1_reg[7]/D
                            (rising edge-triggered cell FDRE clocked by clk_out2_pll  {rise@0.000ns fall@1.923ns period=3.846ns})
  Path Group:             (none)
  Path Type:              Hold (Min at Fast Process Corner)
  Data Path Delay:        0.287ns  (logic 0.128ns (44.540%)  route 0.159ns (55.460%))
  Logic Levels:           1  (LUT2=1)
  Clock Path Skew:        0.374ns (DCD - SCD - CPR)
    Destination Clock Delay (DCD):    2.499ns
    Source Clock Delay      (SCD):    2.124ns
    Clock Pessimism Removal (CPR):    -0.000ns
  Clock Uncertainty:      0.191ns  ((TSJ^2 + DJ^2)^1/2) / 2 + PE
    Total System Jitter     (TSJ):    0.071ns
    Discrete Jitter          (DJ):    0.124ns
    Phase Error              (PE):    0.120ns
  Timing Exception:       Asynchronous Clock Groups

    Location             Delay type                Incr(ns)  Path(ns)    Netlist Resource(s)
  -------------------------------------------------------------------    -------------------
                         (clock clk_out1_pll rise edge)
                                                      0.000     0.000 r  
    AD12                                              0.000     0.000 r  i_sys_clk_p (IN)
                         net (fo=0)                   0.000     0.000    pll_inst/inst/clk_in1_p
    AD12                 IBUFDS (Prop_ibufds_I_O)     0.388     0.388 r  pll_inst/inst/clkin1_ibufgds/O
                         net (fo=1, routed)           1.083     1.471    pll_inst/inst/clk_in1_pll_buf
    BUFGCTRL_X0Y3        BUFG (Prop_bufg_I_O)         0.026     1.497 r  pll_inst/inst/clkin1_bufg1/O
                         net (fo=1, routed)           0.767     2.264    pll_inst/inst/clk_in1_pll
    PLLE2_ADV_X1Y0       PLLE2_ADV (Prop_plle2_adv_CLKIN1_CLKOUT0)
                                                     -1.938     0.326 r  pll_inst/inst/plle2_adv_inst/CLKOUT0
                         net (fo=1, routed)           1.145     1.471    pll_inst/inst/clk_out1_pll
    BUFGCTRL_X0Y1        BUFG (Prop_bufg_I_O)         0.026     1.497 r  pll_inst/inst/clkout1_buf/O
                         net (fo=434, routed)         0.627     2.124    student_top_inst/bridge_inst/counter_inst/CLK
    SLICE_X44Y137        FDRE                                         r  student_top_inst/bridge_inst/counter_inst/cnt_ms_reg[7]/C
  -------------------------------------------------------------------    -------------------
    SLICE_X44Y137        FDRE (Prop_fdre_C_Q)         0.100     2.224 r  student_top_inst/bridge_inst/counter_inst/cnt_ms_reg[7]/Q
                         net (fo=3, routed)           0.159     2.384    student_top_inst/bridge_inst/counter_inst/cnt_ms_reg[30]_0[6]
    SLICE_X46Y138        LUT2 (Prop_lut2_I0_O)        0.028     2.412 r  student_top_inst/bridge_inst/counter_inst/cnt_ms_gray_cpu_sync1[7]_i_1/O
                         net (fo=1, routed)           0.000     2.412    student_top_inst/bridge_inst/counter_inst/cnt_ms_gray[7]
    SLICE_X46Y138        FDRE                                         r  student_top_inst/bridge_inst/counter_inst/cnt_ms_gray_cpu_sync1_reg[7]/D
  -------------------------------------------------------------------    -------------------

                         (clock clk_out2_pll rise edge)
                                                      0.000     0.000 r  
    AD12                                              0.000     0.000 r  i_sys_clk_p (IN)
                         net (fo=0)                   0.000     0.000    pll_inst/inst/clk_in1_p
    AD12                 IBUFDS (Prop_ibufds_I_O)     0.470     0.470 r  pll_inst/inst/clkin1_ibufgds/O
                         net (fo=1, routed)           1.154     1.624    pll_inst/inst/clk_in1_pll_buf
    BUFGCTRL_X0Y3        BUFG (Prop_bufg_I_O)         0.030     1.654 r  pll_inst/inst/clkin1_bufg1/O
                         net (fo=1, routed)           1.037     2.691    pll_inst/inst/clk_in1_pll
    PLLE2_ADV_X1Y0       PLLE2_ADV (Prop_plle2_adv_CLKIN1_CLKOUT1)
                                                     -2.283     0.408 r  pll_inst/inst/plle2_adv_inst/CLKOUT1
                         net (fo=1, routed)           1.216     1.624    pll_inst/inst/clk_out2_pll
    BUFGCTRL_X0Y0        BUFG (Prop_bufg_I_O)         0.030     1.654 r  pll_inst/inst/clkout2_buf/O
                         net (fo=2669, routed)        0.845     2.499    student_top_inst/bridge_inst/counter_inst/clk_out2
    SLICE_X46Y138        FDRE                                         r  student_top_inst/bridge_inst/counter_inst/cnt_ms_gray_cpu_sync1_reg[7]/C

Slack:                    inf
  Source:                 student_top_inst/bridge_inst/counter_inst/cnt_ms_reg[3]/C
                            (rising edge-triggered cell FDRE clocked by clk_out1_pll  {rise@0.000ns fall@10.000ns period=20.000ns})
  Destination:            student_top_inst/bridge_inst/counter_inst/cnt_ms_gray_cpu_sync1_reg[3]/D
                            (rising edge-triggered cell FDRE clocked by clk_out2_pll  {rise@0.000ns fall@1.923ns period=3.846ns})
  Path Group:             (none)
  Path Type:              Hold (Min at Fast Process Corner)
  Data Path Delay:        0.289ns  (logic 0.128ns (44.311%)  route 0.161ns (55.689%))
  Logic Levels:           1  (LUT2=1)
  Clock Path Skew:        0.373ns (DCD - SCD - CPR)
    Destination Clock Delay (DCD):    2.497ns
    Source Clock Delay      (SCD):    2.123ns
    Clock Pessimism Removal (CPR):    -0.000ns
  Clock Uncertainty:      0.191ns  ((TSJ^2 + DJ^2)^1/2) / 2 + PE
    Total System Jitter     (TSJ):    0.071ns
    Discrete Jitter          (DJ):    0.124ns
    Phase Error              (PE):    0.120ns
  Timing Exception:       Asynchronous Clock Groups

    Location             Delay type                Incr(ns)  Path(ns)    Netlist Resource(s)
  -------------------------------------------------------------------    -------------------
                         (clock clk_out1_pll rise edge)
                                                      0.000     0.000 r  
    AD12                                              0.000     0.000 r  i_sys_clk_p (IN)
                         net (fo=0)                   0.000     0.000    pll_inst/inst/clk_in1_p
    AD12                 IBUFDS (Prop_ibufds_I_O)     0.388     0.388 r  pll_inst/inst/clkin1_ibufgds/O
                         net (fo=1, routed)           1.083     1.471    pll_inst/inst/clk_in1_pll_buf
    BUFGCTRL_X0Y3        BUFG (Prop_bufg_I_O)         0.026     1.497 r  pll_inst/inst/clkin1_bufg1/O
                         net (fo=1, routed)           0.767     2.264    pll_inst/inst/clk_in1_pll
    PLLE2_ADV_X1Y0       PLLE2_ADV (Prop_plle2_adv_CLKIN1_CLKOUT0)
                                                     -1.938     0.326 r  pll_inst/inst/plle2_adv_inst/CLKOUT0
                         net (fo=1, routed)           1.145     1.471    pll_inst/inst/clk_out1_pll
    BUFGCTRL_X0Y1        BUFG (Prop_bufg_I_O)         0.026     1.497 r  pll_inst/inst/clkout1_buf/O
                         net (fo=434, routed)         0.626     2.123    student_top_inst/bridge_inst/counter_inst/CLK
    SLICE_X44Y136        FDRE                                         r  student_top_inst/bridge_inst/counter_inst/cnt_ms_reg[3]/C
  -------------------------------------------------------------------    -------------------
    SLICE_X44Y136        FDRE (Prop_fdre_C_Q)         0.100     2.223 r  student_top_inst/bridge_inst/counter_inst/cnt_ms_reg[3]/Q
                         net (fo=3, routed)           0.161     2.384    student_top_inst/bridge_inst/counter_inst/cnt_ms_reg[30]_0[2]
    SLICE_X48Y137        LUT2 (Prop_lut2_I0_O)        0.028     2.412 r  student_top_inst/bridge_inst/counter_inst/cnt_ms_gray_cpu_sync1[3]_i_1/O
                         net (fo=1, routed)           0.000     2.412    student_top_inst/bridge_inst/counter_inst/cnt_ms_gray[3]
    SLICE_X48Y137        FDRE                                         r  student_top_inst/bridge_inst/counter_inst/cnt_ms_gray_cpu_sync1_reg[3]/D
  -------------------------------------------------------------------    -------------------

                         (clock clk_out2_pll rise edge)
                                                      0.000     0.000 r  
    AD12                                              0.000     0.000 r  i_sys_clk_p (IN)
                         net (fo=0)                   0.000     0.000    pll_inst/inst/clk_in1_p
    AD12                 IBUFDS (Prop_ibufds_I_O)     0.470     0.470 r  pll_inst/inst/clkin1_ibufgds/O
                         net (fo=1, routed)           1.154     1.624    pll_inst/inst/clk_in1_pll_buf
    BUFGCTRL_X0Y3        BUFG (Prop_bufg_I_O)         0.030     1.654 r  pll_inst/inst/clkin1_bufg1/O
                         net (fo=1, routed)           1.037     2.691    pll_inst/inst/clk_in1_pll
    PLLE2_ADV_X1Y0       PLLE2_ADV (Prop_plle2_adv_CLKIN1_CLKOUT1)
                                                     -2.283     0.408 r  pll_inst/inst/plle2_adv_inst/CLKOUT1
                         net (fo=1, routed)           1.216     1.624    pll_inst/inst/clk_out2_pll
    BUFGCTRL_X0Y0        BUFG (Prop_bufg_I_O)         0.030     1.654 r  pll_inst/inst/clkout2_buf/O
                         net (fo=2669, routed)        0.843     2.497    student_top_inst/bridge_inst/counter_inst/clk_out2
    SLICE_X48Y137        FDRE                                         r  student_top_inst/bridge_inst/counter_inst/cnt_ms_gray_cpu_sync1_reg[3]/C

Slack:                    inf
  Source:                 student_top_inst/bridge_inst/counter_inst/cnt_ms_reg[3]/C
                            (rising edge-triggered cell FDRE clocked by clk_out1_pll  {rise@0.000ns fall@10.000ns period=20.000ns})
  Destination:            student_top_inst/bridge_inst/counter_inst/cnt_ms_gray_cpu_sync1_reg[2]/D
                            (rising edge-triggered cell FDRE clocked by clk_out2_pll  {rise@0.000ns fall@1.923ns period=3.846ns})
  Path Group:             (none)
  Path Type:              Hold (Min at Fast Process Corner)
  Data Path Delay:        0.290ns  (logic 0.128ns (44.204%)  route 0.162ns (55.796%))
  Logic Levels:           1  (LUT2=1)
  Clock Path Skew:        0.373ns (DCD - SCD - CPR)
    Destination Clock Delay (DCD):    2.497ns
    Source Clock Delay      (SCD):    2.123ns
    Clock Pessimism Removal (CPR):    -0.000ns
  Clock Uncertainty:      0.191ns  ((TSJ^2 + DJ^2)^1/2) / 2 + PE
    Total System Jitter     (TSJ):    0.071ns
    Discrete Jitter          (DJ):    0.124ns
    Phase Error              (PE):    0.120ns
  Timing Exception:       Asynchronous Clock Groups

    Location             Delay type                Incr(ns)  Path(ns)    Netlist Resource(s)
  -------------------------------------------------------------------    -------------------
                         (clock clk_out1_pll rise edge)
                                                      0.000     0.000 r  
    AD12                                              0.000     0.000 r  i_sys_clk_p (IN)
                         net (fo=0)                   0.000     0.000    pll_inst/inst/clk_in1_p
    AD12                 IBUFDS (Prop_ibufds_I_O)     0.388     0.388 r  pll_inst/inst/clkin1_ibufgds/O
                         net (fo=1, routed)           1.083     1.471    pll_inst/inst/clk_in1_pll_buf
    BUFGCTRL_X0Y3        BUFG (Prop_bufg_I_O)         0.026     1.497 r  pll_inst/inst/clkin1_bufg1/O
                         net (fo=1, routed)           0.767     2.264    pll_inst/inst/clk_in1_pll
    PLLE2_ADV_X1Y0       PLLE2_ADV (Prop_plle2_adv_CLKIN1_CLKOUT0)
                                                     -1.938     0.326 r  pll_inst/inst/plle2_adv_inst/CLKOUT0
                         net (fo=1, routed)           1.145     1.471    pll_inst/inst/clk_out1_pll
    BUFGCTRL_X0Y1        BUFG (Prop_bufg_I_O)         0.026     1.497 r  pll_inst/inst/clkout1_buf/O
                         net (fo=434, routed)         0.626     2.123    student_top_inst/bridge_inst/counter_inst/CLK
    SLICE_X44Y136        FDRE                                         r  student_top_inst/bridge_inst/counter_inst/cnt_ms_reg[3]/C
  -------------------------------------------------------------------    -------------------
    SLICE_X44Y136        FDRE (Prop_fdre_C_Q)         0.100     2.223 r  student_top_inst/bridge_inst/counter_inst/cnt_ms_reg[3]/Q
                         net (fo=3, routed)           0.162     2.385    student_top_inst/bridge_inst/counter_inst/cnt_ms_reg[30]_0[2]
    SLICE_X48Y137        LUT2 (Prop_lut2_I1_O)        0.028     2.413 r  student_top_inst/bridge_inst/counter_inst/cnt_ms_gray_cpu_sync1[2]_i_1/O
                         net (fo=1, routed)           0.000     2.413    student_top_inst/bridge_inst/counter_inst/cnt_ms_gray[2]
    SLICE_X48Y137        FDRE                                         r  student_top_inst/bridge_inst/counter_inst/cnt_ms_gray_cpu_sync1_reg[2]/D
  -------------------------------------------------------------------    -------------------

                         (clock clk_out2_pll rise edge)
                                                      0.000     0.000 r  
    AD12                                              0.000     0.000 r  i_sys_clk_p (IN)
                         net (fo=0)                   0.000     0.000    pll_inst/inst/clk_in1_p
    AD12                 IBUFDS (Prop_ibufds_I_O)     0.470     0.470 r  pll_inst/inst/clkin1_ibufgds/O
                         net (fo=1, routed)           1.154     1.624    pll_inst/inst/clk_in1_pll_buf
    BUFGCTRL_X0Y3        BUFG (Prop_bufg_I_O)         0.030     1.654 r  pll_inst/inst/clkin1_bufg1/O
                         net (fo=1, routed)           1.037     2.691    pll_inst/inst/clk_in1_pll
    PLLE2_ADV_X1Y0       PLLE2_ADV (Prop_plle2_adv_CLKIN1_CLKOUT1)
                                                     -2.283     0.408 r  pll_inst/inst/plle2_adv_inst/CLKOUT1
                         net (fo=1, routed)           1.216     1.624    pll_inst/inst/clk_out2_pll
    BUFGCTRL_X0Y0        BUFG (Prop_bufg_I_O)         0.030     1.654 r  pll_inst/inst/clkout2_buf/O
                         net (fo=2669, routed)        0.843     2.497    student_top_inst/bridge_inst/counter_inst/clk_out2
    SLICE_X48Y137        FDRE                                         r  student_top_inst/bridge_inst/counter_inst/cnt_ms_gray_cpu_sync1_reg[2]/C

Slack:                    inf
  Source:                 twin_controller_inst/sw_reg[43]/C
                            (rising edge-triggered cell FDCE clocked by clk_out1_pll  {rise@0.000ns fall@10.000ns period=20.000ns})
  Destination:            student_top_inst/bridge_inst/sw_meta_reg[43]/D
                            (rising edge-triggered cell FDCE clocked by clk_out2_pll  {rise@0.000ns fall@1.923ns period=3.846ns})
  Path Group:             (none)
  Path Type:              Hold (Min at Fast Process Corner)
  Data Path Delay:        0.293ns  (logic 0.118ns (40.222%)  route 0.175ns (59.778%))
  Logic Levels:           0  
  Clock Path Skew:        0.377ns (DCD - SCD - CPR)
    Destination Clock Delay (DCD):    2.517ns
    Source Clock Delay      (SCD):    2.139ns
    Clock Pessimism Removal (CPR):    -0.000ns
  Clock Uncertainty:      0.191ns  ((TSJ^2 + DJ^2)^1/2) / 2 + PE
    Total System Jitter     (TSJ):    0.071ns
    Discrete Jitter          (DJ):    0.124ns
    Phase Error              (PE):    0.120ns
  Timing Exception:       Asynchronous Clock Groups

    Location             Delay type                Incr(ns)  Path(ns)    Netlist Resource(s)
  -------------------------------------------------------------------    -------------------
                         (clock clk_out1_pll rise edge)
                                                      0.000     0.000 r  
    AD12                                              0.000     0.000 r  i_sys_clk_p (IN)
                         net (fo=0)                   0.000     0.000    pll_inst/inst/clk_in1_p
    AD12                 IBUFDS (Prop_ibufds_I_O)     0.388     0.388 r  pll_inst/inst/clkin1_ibufgds/O
                         net (fo=1, routed)           1.083     1.471    pll_inst/inst/clk_in1_pll_buf
    BUFGCTRL_X0Y3        BUFG (Prop_bufg_I_O)         0.026     1.497 r  pll_inst/inst/clkin1_bufg1/O
                         net (fo=1, routed)           0.767     2.264    pll_inst/inst/clk_in1_pll
    PLLE2_ADV_X1Y0       PLLE2_ADV (Prop_plle2_adv_CLKIN1_CLKOUT0)
                                                     -1.938     0.326 r  pll_inst/inst/plle2_adv_inst/CLKOUT0
                         net (fo=1, routed)           1.145     1.471    pll_inst/inst/clk_out1_pll
    BUFGCTRL_X0Y1        BUFG (Prop_bufg_I_O)         0.026     1.497 r  pll_inst/inst/clkout1_buf/O
                         net (fo=434, routed)         0.642     2.139    twin_controller_inst/CLK
    SLICE_X14Y141        FDCE                                         r  twin_controller_inst/sw_reg[43]/C
  -------------------------------------------------------------------    -------------------
    SLICE_X14Y141        FDCE (Prop_fdce_C_Q)         0.118     2.257 r  twin_controller_inst/sw_reg[43]/Q
                         net (fo=3, routed)           0.175     2.433    student_top_inst/bridge_inst/sw_meta_reg[63]_0[43]
    SLICE_X19Y146        FDCE                                         r  student_top_inst/bridge_inst/sw_meta_reg[43]/D
  -------------------------------------------------------------------    -------------------

                         (clock clk_out2_pll rise edge)
                                                      0.000     0.000 r  
    AD12                                              0.000     0.000 r  i_sys_clk_p (IN)
                         net (fo=0)                   0.000     0.000    pll_inst/inst/clk_in1_p
    AD12                 IBUFDS (Prop_ibufds_I_O)     0.470     0.470 r  pll_inst/inst/clkin1_ibufgds/O
                         net (fo=1, routed)           1.154     1.624    pll_inst/inst/clk_in1_pll_buf
    BUFGCTRL_X0Y3        BUFG (Prop_bufg_I_O)         0.030     1.654 r  pll_inst/inst/clkin1_bufg1/O
                         net (fo=1, routed)           1.037     2.691    pll_inst/inst/clk_in1_pll
    PLLE2_ADV_X1Y0       PLLE2_ADV (Prop_plle2_adv_CLKIN1_CLKOUT1)
                                                     -2.283     0.408 r  pll_inst/inst/plle2_adv_inst/CLKOUT1
                         net (fo=1, routed)           1.216     1.624    pll_inst/inst/clk_out2_pll
    BUFGCTRL_X0Y0        BUFG (Prop_bufg_I_O)         0.030     1.654 r  pll_inst/inst/clkout2_buf/O
                         net (fo=2669, routed)        0.863     2.517    student_top_inst/bridge_inst/clk_out2
    SLICE_X19Y146        FDCE                                         r  student_top_inst/bridge_inst/sw_meta_reg[43]/C

Slack:                    inf
  Source:                 student_top_inst/bridge_inst/counter_inst/cnt_ms_reg[24]/C
                            (rising edge-triggered cell FDRE clocked by clk_out1_pll  {rise@0.000ns fall@10.000ns period=20.000ns})
  Destination:            student_top_inst/bridge_inst/counter_inst/cnt_ms_gray_cpu_sync1_reg[23]/D
                            (rising edge-triggered cell FDRE clocked by clk_out2_pll  {rise@0.000ns fall@1.923ns period=3.846ns})
  Path Group:             (none)
  Path Type:              Hold (Min at Fast Process Corner)
  Data Path Delay:        0.308ns  (logic 0.128ns (41.550%)  route 0.180ns (58.450%))
  Logic Levels:           1  (LUT2=1)
  Clock Path Skew:        0.377ns (DCD - SCD - CPR)
    Destination Clock Delay (DCD):    2.504ns
    Source Clock Delay      (SCD):    2.126ns
    Clock Pessimism Removal (CPR):    -0.000ns
  Clock Uncertainty:      0.191ns  ((TSJ^2 + DJ^2)^1/2) / 2 + PE
    Total System Jitter     (TSJ):    0.071ns
    Discrete Jitter          (DJ):    0.124ns
    Phase Error              (PE):    0.120ns
  Timing Exception:       Asynchronous Clock Groups

    Location             Delay type                Incr(ns)  Path(ns)    Netlist Resource(s)
  -------------------------------------------------------------------    -------------------
                         (clock clk_out1_pll rise edge)
                                                      0.000     0.000 r  
    AD12                                              0.000     0.000 r  i_sys_clk_p (IN)
                         net (fo=0)                   0.000     0.000    pll_inst/inst/clk_in1_p
    AD12                 IBUFDS (Prop_ibufds_I_O)     0.388     0.388 r  pll_inst/inst/clkin1_ibufgds/O
                         net (fo=1, routed)           1.083     1.471    pll_inst/inst/clk_in1_pll_buf
    BUFGCTRL_X0Y3        BUFG (Prop_bufg_I_O)         0.026     1.497 r  pll_inst/inst/clkin1_bufg1/O
                         net (fo=1, routed)           0.767     2.264    pll_inst/inst/clk_in1_pll
    PLLE2_ADV_X1Y0       PLLE2_ADV (Prop_plle2_adv_CLKIN1_CLKOUT0)
                                                     -1.938     0.326 r  pll_inst/inst/plle2_adv_inst/CLKOUT0
                         net (fo=1, routed)           1.145     1.471    pll_inst/inst/clk_out1_pll
    BUFGCTRL_X0Y1        BUFG (Prop_bufg_I_O)         0.026     1.497 r  pll_inst/inst/clkout1_buf/O
                         net (fo=434, routed)         0.629     2.126    student_top_inst/bridge_inst/counter_inst/CLK
    SLICE_X44Y142        FDRE                                         r  student_top_inst/bridge_inst/counter_inst/cnt_ms_reg[24]/C
  -------------------------------------------------------------------    -------------------
    SLICE_X44Y142        FDRE (Prop_fdre_C_Q)         0.100     2.226 r  student_top_inst/bridge_inst/counter_inst/cnt_ms_reg[24]/Q
                         net (fo=3, routed)           0.180     2.406    student_top_inst/bridge_inst/counter_inst/cnt_ms_reg[30]_0[23]
    SLICE_X45Y147        LUT2 (Prop_lut2_I1_O)        0.028     2.434 r  student_top_inst/bridge_inst/counter_inst/cnt_ms_gray_cpu_sync1[23]_i_1/O
                         net (fo=1, routed)           0.000     2.434    student_top_inst/bridge_inst/counter_inst/cnt_ms_gray[23]
    SLICE_X45Y147        FDRE                                         r  student_top_inst/bridge_inst/counter_inst/cnt_ms_gray_cpu_sync1_reg[23]/D
  -------------------------------------------------------------------    -------------------

                         (clock clk_out2_pll rise edge)
                                                      0.000     0.000 r  
    AD12                                              0.000     0.000 r  i_sys_clk_p (IN)
                         net (fo=0)                   0.000     0.000    pll_inst/inst/clk_in1_p
    AD12                 IBUFDS (Prop_ibufds_I_O)     0.470     0.470 r  pll_inst/inst/clkin1_ibufgds/O
                         net (fo=1, routed)           1.154     1.624    pll_inst/inst/clk_in1_pll_buf
    BUFGCTRL_X0Y3        BUFG (Prop_bufg_I_O)         0.030     1.654 r  pll_inst/inst/clkin1_bufg1/O
                         net (fo=1, routed)           1.037     2.691    pll_inst/inst/clk_in1_pll
    PLLE2_ADV_X1Y0       PLLE2_ADV (Prop_plle2_adv_CLKIN1_CLKOUT1)
                                                     -2.283     0.408 r  pll_inst/inst/plle2_adv_inst/CLKOUT1
                         net (fo=1, routed)           1.216     1.624    pll_inst/inst/clk_out2_pll
    BUFGCTRL_X0Y0        BUFG (Prop_bufg_I_O)         0.030     1.654 r  pll_inst/inst/clkout2_buf/O
                         net (fo=2669, routed)        0.850     2.504    student_top_inst/bridge_inst/counter_inst/clk_out2
    SLICE_X45Y147        FDRE                                         r  student_top_inst/bridge_inst/counter_inst/cnt_ms_gray_cpu_sync1_reg[23]/C

Slack:                    inf
  Source:                 student_top_inst/bridge_inst/counter_inst/cnt_ms_reg[4]/C
                            (rising edge-triggered cell FDRE clocked by clk_out1_pll  {rise@0.000ns fall@10.000ns period=20.000ns})
  Destination:            student_top_inst/bridge_inst/counter_inst/cnt_ms_gray_cpu_sync1_reg[4]/D
                            (rising edge-triggered cell FDRE clocked by clk_out2_pll  {rise@0.000ns fall@1.923ns period=3.846ns})
  Path Group:             (none)
  Path Type:              Hold (Min at Fast Process Corner)
  Data Path Delay:        0.313ns  (logic 0.128ns (40.890%)  route 0.185ns (59.110%))
  Logic Levels:           1  (LUT2=1)
  Clock Path Skew:        0.372ns (DCD - SCD - CPR)
    Destination Clock Delay (DCD):    2.497ns
    Source Clock Delay      (SCD):    2.124ns
    Clock Pessimism Removal (CPR):    -0.000ns
  Clock Uncertainty:      0.191ns  ((TSJ^2 + DJ^2)^1/2) / 2 + PE
    Total System Jitter     (TSJ):    0.071ns
    Discrete Jitter          (DJ):    0.124ns
    Phase Error              (PE):    0.120ns
  Timing Exception:       Asynchronous Clock Groups

    Location             Delay type                Incr(ns)  Path(ns)    Netlist Resource(s)
  -------------------------------------------------------------------    -------------------
                         (clock clk_out1_pll rise edge)
                                                      0.000     0.000 r  
    AD12                                              0.000     0.000 r  i_sys_clk_p (IN)
                         net (fo=0)                   0.000     0.000    pll_inst/inst/clk_in1_p
    AD12                 IBUFDS (Prop_ibufds_I_O)     0.388     0.388 r  pll_inst/inst/clkin1_ibufgds/O
                         net (fo=1, routed)           1.083     1.471    pll_inst/inst/clk_in1_pll_buf
    BUFGCTRL_X0Y3        BUFG (Prop_bufg_I_O)         0.026     1.497 r  pll_inst/inst/clkin1_bufg1/O
                         net (fo=1, routed)           0.767     2.264    pll_inst/inst/clk_in1_pll
    PLLE2_ADV_X1Y0       PLLE2_ADV (Prop_plle2_adv_CLKIN1_CLKOUT0)
                                                     -1.938     0.326 r  pll_inst/inst/plle2_adv_inst/CLKOUT0
                         net (fo=1, routed)           1.145     1.471    pll_inst/inst/clk_out1_pll
    BUFGCTRL_X0Y1        BUFG (Prop_bufg_I_O)         0.026     1.497 r  pll_inst/inst/clkout1_buf/O
                         net (fo=434, routed)         0.627     2.124    student_top_inst/bridge_inst/counter_inst/CLK
    SLICE_X44Y137        FDRE                                         r  student_top_inst/bridge_inst/counter_inst/cnt_ms_reg[4]/C
  -------------------------------------------------------------------    -------------------
    SLICE_X44Y137        FDRE (Prop_fdre_C_Q)         0.100     2.224 r  student_top_inst/bridge_inst/counter_inst/cnt_ms_reg[4]/Q
                         net (fo=3, routed)           0.185     2.409    student_top_inst/bridge_inst/counter_inst/cnt_ms_reg[30]_0[3]
    SLICE_X46Y137        LUT2 (Prop_lut2_I0_O)        0.028     2.437 r  student_top_inst/bridge_inst/counter_inst/cnt_ms_gray_cpu_sync1[4]_i_1/O
                         net (fo=1, routed)           0.000     2.437    student_top_inst/bridge_inst/counter_inst/cnt_ms_gray[4]
    SLICE_X46Y137        FDRE                                         r  student_top_inst/bridge_inst/counter_inst/cnt_ms_gray_cpu_sync1_reg[4]/D
  -------------------------------------------------------------------    -------------------

                         (clock clk_out2_pll rise edge)
                                                      0.000     0.000 r  
    AD12                                              0.000     0.000 r  i_sys_clk_p (IN)
                         net (fo=0)                   0.000     0.000    pll_inst/inst/clk_in1_p
    AD12                 IBUFDS (Prop_ibufds_I_O)     0.470     0.470 r  pll_inst/inst/clkin1_ibufgds/O
                         net (fo=1, routed)           1.154     1.624    pll_inst/inst/clk_in1_pll_buf
    BUFGCTRL_X0Y3        BUFG (Prop_bufg_I_O)         0.030     1.654 r  pll_inst/inst/clkin1_bufg1/O
                         net (fo=1, routed)           1.037     2.691    pll_inst/inst/clk_in1_pll
    PLLE2_ADV_X1Y0       PLLE2_ADV (Prop_plle2_adv_CLKIN1_CLKOUT1)
                                                     -2.283     0.408 r  pll_inst/inst/plle2_adv_inst/CLKOUT1
                         net (fo=1, routed)           1.216     1.624    pll_inst/inst/clk_out2_pll
    BUFGCTRL_X0Y0        BUFG (Prop_bufg_I_O)         0.030     1.654 r  pll_inst/inst/clkout2_buf/O
                         net (fo=2669, routed)        0.843     2.497    student_top_inst/bridge_inst/counter_inst/clk_out2
    SLICE_X46Y137        FDRE                                         r  student_top_inst/bridge_inst/counter_inst/cnt_ms_gray_cpu_sync1_reg[4]/C

Slack:                    inf
  Source:                 student_top_inst/bridge_inst/counter_inst/cnt_ms_reg[19]/C
                            (rising edge-triggered cell FDRE clocked by clk_out1_pll  {rise@0.000ns fall@10.000ns period=20.000ns})
  Destination:            student_top_inst/bridge_inst/counter_inst/cnt_ms_gray_cpu_sync1_reg[18]/D
                            (rising edge-triggered cell FDRE clocked by clk_out2_pll  {rise@0.000ns fall@1.923ns period=3.846ns})
  Path Group:             (none)
  Path Type:              Hold (Min at Fast Process Corner)
  Data Path Delay:        0.316ns  (logic 0.128ns (40.550%)  route 0.188ns (59.450%))
  Logic Levels:           1  (LUT2=1)
  Clock Path Skew:        0.374ns (DCD - SCD - CPR)
    Destination Clock Delay (DCD):    2.501ns
    Source Clock Delay      (SCD):    2.126ns
    Clock Pessimism Removal (CPR):    -0.000ns
  Clock Uncertainty:      0.191ns  ((TSJ^2 + DJ^2)^1/2) / 2 + PE
    Total System Jitter     (TSJ):    0.071ns
    Discrete Jitter          (DJ):    0.124ns
    Phase Error              (PE):    0.120ns
  Timing Exception:       Asynchronous Clock Groups

    Location             Delay type                Incr(ns)  Path(ns)    Netlist Resource(s)
  -------------------------------------------------------------------    -------------------
                         (clock clk_out1_pll rise edge)
                                                      0.000     0.000 r  
    AD12                                              0.000     0.000 r  i_sys_clk_p (IN)
                         net (fo=0)                   0.000     0.000    pll_inst/inst/clk_in1_p
    AD12                 IBUFDS (Prop_ibufds_I_O)     0.388     0.388 r  pll_inst/inst/clkin1_ibufgds/O
                         net (fo=1, routed)           1.083     1.471    pll_inst/inst/clk_in1_pll_buf
    BUFGCTRL_X0Y3        BUFG (Prop_bufg_I_O)         0.026     1.497 r  pll_inst/inst/clkin1_bufg1/O
                         net (fo=1, routed)           0.767     2.264    pll_inst/inst/clk_in1_pll
    PLLE2_ADV_X1Y0       PLLE2_ADV (Prop_plle2_adv_CLKIN1_CLKOUT0)
                                                     -1.938     0.326 r  pll_inst/inst/plle2_adv_inst/CLKOUT0
                         net (fo=1, routed)           1.145     1.471    pll_inst/inst/clk_out1_pll
    BUFGCTRL_X0Y1        BUFG (Prop_bufg_I_O)         0.026     1.497 r  pll_inst/inst/clkout1_buf/O
                         net (fo=434, routed)         0.629     2.126    student_top_inst/bridge_inst/counter_inst/CLK
    SLICE_X44Y140        FDRE                                         r  student_top_inst/bridge_inst/counter_inst/cnt_ms_reg[19]/C
  -------------------------------------------------------------------    -------------------
    SLICE_X44Y140        FDRE (Prop_fdre_C_Q)         0.100     2.226 r  student_top_inst/bridge_inst/counter_inst/cnt_ms_reg[19]/Q
                         net (fo=3, routed)           0.188     2.414    student_top_inst/bridge_inst/counter_inst/cnt_ms_reg[30]_0[18]
    SLICE_X46Y146        LUT2 (Prop_lut2_I1_O)        0.028     2.442 r  student_top_inst/bridge_inst/counter_inst/cnt_ms_gray_cpu_sync1[18]_i_1/O
                         net (fo=1, routed)           0.000     2.442    student_top_inst/bridge_inst/counter_inst/cnt_ms_gray[18]
    SLICE_X46Y146        FDRE                                         r  student_top_inst/bridge_inst/counter_inst/cnt_ms_gray_cpu_sync1_reg[18]/D
  -------------------------------------------------------------------    -------------------

                         (clock clk_out2_pll rise edge)
                                                      0.000     0.000 r  
    AD12                                              0.000     0.000 r  i_sys_clk_p (IN)
                         net (fo=0)                   0.000     0.000    pll_inst/inst/clk_in1_p
    AD12                 IBUFDS (Prop_ibufds_I_O)     0.470     0.470 r  pll_inst/inst/clkin1_ibufgds/O
                         net (fo=1, routed)           1.154     1.624    pll_inst/inst/clk_in1_pll_buf
    BUFGCTRL_X0Y3        BUFG (Prop_bufg_I_O)         0.030     1.654 r  pll_inst/inst/clkin1_bufg1/O
                         net (fo=1, routed)           1.037     2.691    pll_inst/inst/clk_in1_pll
    PLLE2_ADV_X1Y0       PLLE2_ADV (Prop_plle2_adv_CLKIN1_CLKOUT1)
                                                     -2.283     0.408 r  pll_inst/inst/plle2_adv_inst/CLKOUT1
                         net (fo=1, routed)           1.216     1.624    pll_inst/inst/clk_out2_pll
    BUFGCTRL_X0Y0        BUFG (Prop_bufg_I_O)         0.030     1.654 r  pll_inst/inst/clkout2_buf/O
                         net (fo=2669, routed)        0.847     2.501    student_top_inst/bridge_inst/counter_inst/clk_out2
    SLICE_X46Y146        FDRE                                         r  student_top_inst/bridge_inst/counter_inst/cnt_ms_gray_cpu_sync1_reg[18]/C





--------------------------------------------------------------------------------------
Path Group:  (none)
From Clock:  clk_out1_pll
  To Clock:  

Max Delay            69 Endpoints
Min Delay            69 Endpoints
--------------------------------------------------------------------------------------


Max Delay Paths
--------------------------------------------------------------------------------------
Slack:                    inf
  Source:                 student_top_inst/bridge_inst/seg_driver/count_reg[4]/C
                            (rising edge-triggered cell FDCE clocked by clk_out1_pll  {rise@0.000ns fall@10.000ns period=20.000ns})
  Destination:            virtual_seg[16]
                            (output port)
  Path Group:             (none)
  Path Type:              Max at Slow Process Corner
  Data Path Delay:        9.118ns  (logic 3.828ns (41.989%)  route 5.289ns (58.011%))
  Logic Levels:           3  (LUT3=1 LUT6=1 OBUF=1)
  Clock Uncertainty:      0.150ns  ((TSJ^2 + DJ^2)^1/2) / 2 + PE
    Total System Jitter     (TSJ):    0.050ns
    Discrete Jitter          (DJ):    0.124ns
    Phase Error              (PE):    0.083ns

    Location             Delay type                Incr(ns)  Path(ns)    Netlist Resource(s)
  -------------------------------------------------------------------    -------------------
                         (clock clk_out1_pll rise edge)
                                                      0.000     0.000 r  
    AD12                                              0.000     0.000 r  i_sys_clk_p (IN)
                         net (fo=0)                   0.000     0.000    pll_inst/inst/clk_in1_p
    AD12                 IBUFDS (Prop_ibufds_I_O)     0.906     0.906 r  pll_inst/inst/clkin1_ibufgds/O
                         net (fo=1, routed)           2.299     3.205    pll_inst/inst/clk_in1_pll_buf
    BUFGCTRL_X0Y3        BUFG (Prop_bufg_I_O)         0.093     3.298 r  pll_inst/inst/clkin1_bufg1/O
                         net (fo=1, routed)           1.959     5.257    pll_inst/inst/clk_in1_pll
    PLLE2_ADV_X1Y0       PLLE2_ADV (Prop_plle2_adv_CLKIN1_CLKOUT0)
                                                     -4.519     0.738 r  pll_inst/inst/plle2_adv_inst/CLKOUT0
                         net (fo=1, routed)           2.467     3.205    pll_inst/inst/clk_out1_pll
    BUFGCTRL_X0Y1        BUFG (Prop_bufg_I_O)         0.093     3.298 r  pll_inst/inst/clkout1_buf/O
                         net (fo=434, routed)         1.523     4.821    student_top_inst/bridge_inst/seg_driver/CLK
    SLICE_X2Y136         FDCE                                         r  student_top_inst/bridge_inst/seg_driver/count_reg[4]/C
  -------------------------------------------------------------------    -------------------
    SLICE_X2Y136         FDCE (Prop_fdce_C_Q)         0.236     5.057 r  student_top_inst/bridge_inst/seg_driver/count_reg[4]/Q
                         net (fo=48, routed)          1.370     6.426    student_top_inst/bridge_inst/seg_driver/Q[0]
    SLICE_X20Y136        LUT3 (Prop_lut3_I1_O)        0.130     6.556 r  student_top_inst/bridge_inst/seg_driver/virtual_seg_OBUF[16]_inst_i_3/O
                         net (fo=7, routed)           0.867     7.424    student_top_inst/bridge_inst/seg_driver/virtual_seg_OBUF[16]_inst_i_3_n_0
    SLICE_X10Y135        LUT6 (Prop_lut6_I4_O)        0.134     7.558 r  student_top_inst/bridge_inst/seg_driver/virtual_seg_OBUF[16]_inst_i_1/O
                         net (fo=2, routed)           3.052    10.610    virtual_seg_OBUF[16]
    AK28                 OBUF (Prop_obuf_I_O)         3.328    13.938 r  virtual_seg_OBUF[16]_inst/O
                         net (fo=0)                   0.000    13.938    virtual_seg[16]
    AK28                                                              r  virtual_seg[16] (OUT)
  -------------------------------------------------------------------    -------------------

Slack:                    inf
  Source:                 student_top_inst/bridge_inst/seg_driver/count_reg[4]/C
                            (rising edge-triggered cell FDCE clocked by clk_out1_pll  {rise@0.000ns fall@10.000ns period=20.000ns})
  Destination:            virtual_seg[15]
                            (output port)
  Path Group:             (none)
  Path Type:              Max at Slow Process Corner
  Data Path Delay:        8.808ns  (logic 3.728ns (42.324%)  route 5.080ns (57.676%))
  Logic Levels:           3  (LUT3=1 LUT6=1 OBUF=1)
  Clock Uncertainty:      0.150ns  ((TSJ^2 + DJ^2)^1/2) / 2 + PE
    Total System Jitter     (TSJ):    0.050ns
    Discrete Jitter          (DJ):    0.124ns
    Phase Error              (PE):    0.083ns

    Location             Delay type                Incr(ns)  Path(ns)    Netlist Resource(s)
  -------------------------------------------------------------------    -------------------
                         (clock clk_out1_pll rise edge)
                                                      0.000     0.000 r  
    AD12                                              0.000     0.000 r  i_sys_clk_p (IN)
                         net (fo=0)                   0.000     0.000    pll_inst/inst/clk_in1_p
    AD12                 IBUFDS (Prop_ibufds_I_O)     0.906     0.906 r  pll_inst/inst/clkin1_ibufgds/O
                         net (fo=1, routed)           2.299     3.205    pll_inst/inst/clk_in1_pll_buf
    BUFGCTRL_X0Y3        BUFG (Prop_bufg_I_O)         0.093     3.298 r  pll_inst/inst/clkin1_bufg1/O
                         net (fo=1, routed)           1.959     5.257    pll_inst/inst/clk_in1_pll
    PLLE2_ADV_X1Y0       PLLE2_ADV (Prop_plle2_adv_CLKIN1_CLKOUT0)
                                                     -4.519     0.738 r  pll_inst/inst/plle2_adv_inst/CLKOUT0
                         net (fo=1, routed)           2.467     3.205    pll_inst/inst/clk_out1_pll
    BUFGCTRL_X0Y1        BUFG (Prop_bufg_I_O)         0.093     3.298 r  pll_inst/inst/clkout1_buf/O
                         net (fo=434, routed)         1.523     4.821    student_top_inst/bridge_inst/seg_driver/CLK
    SLICE_X2Y136         FDCE                                         r  student_top_inst/bridge_inst/seg_driver/count_reg[4]/C
  -------------------------------------------------------------------    -------------------
    SLICE_X2Y136         FDCE (Prop_fdce_C_Q)         0.236     5.057 r  student_top_inst/bridge_inst/seg_driver/count_reg[4]/Q
                         net (fo=48, routed)          1.370     6.426    student_top_inst/bridge_inst/seg_driver/Q[0]
    SLICE_X20Y136        LUT3 (Prop_lut3_I1_O)        0.126     6.552 r  student_top_inst/bridge_inst/seg_driver/virtual_seg_OBUF[16]_inst_i_2/O
                         net (fo=7, routed)           0.703     7.255    student_top_inst/bridge_inst/seg_driver/virtual_seg_OBUF[16]_inst_i_2_n_0
    SLICE_X11Y135        LUT6 (Prop_lut6_I0_O)        0.043     7.298 r  student_top_inst/bridge_inst/seg_driver/virtual_seg_OBUF[15]_inst_i_1/O
                         net (fo=2, routed)           3.008    10.306    virtual_seg_OBUF[15]
    AH30                 OBUF (Prop_obuf_I_O)         3.323    13.629 r  virtual_seg_OBUF[15]_inst/O
                         net (fo=0)                   0.000    13.629    virtual_seg[15]
    AH30                                                              r  virtual_seg[15] (OUT)
  -------------------------------------------------------------------    -------------------

Slack:                    inf
  Source:                 student_top_inst/bridge_inst/seg_driver/count_reg[4]/C
                            (rising edge-triggered cell FDCE clocked by clk_out1_pll  {rise@0.000ns fall@10.000ns period=20.000ns})
  Destination:            virtual_seg[14]
                            (output port)
  Path Group:             (none)
  Path Type:              Max at Slow Process Corner
  Data Path Delay:        8.713ns  (logic 3.743ns (42.959%)  route 4.970ns (57.041%))
  Logic Levels:           3  (LUT3=1 LUT6=1 OBUF=1)
  Clock Uncertainty:      0.150ns  ((TSJ^2 + DJ^2)^1/2) / 2 + PE
    Total System Jitter     (TSJ):    0.050ns
    Discrete Jitter          (DJ):    0.124ns
    Phase Error              (PE):    0.083ns

    Location             Delay type                Incr(ns)  Path(ns)    Netlist Resource(s)
  -------------------------------------------------------------------    -------------------
                         (clock clk_out1_pll rise edge)
                                                      0.000     0.000 r  
    AD12                                              0.000     0.000 r  i_sys_clk_p (IN)
                         net (fo=0)                   0.000     0.000    pll_inst/inst/clk_in1_p
    AD12                 IBUFDS (Prop_ibufds_I_O)     0.906     0.906 r  pll_inst/inst/clkin1_ibufgds/O
                         net (fo=1, routed)           2.299     3.205    pll_inst/inst/clk_in1_pll_buf
    BUFGCTRL_X0Y3        BUFG (Prop_bufg_I_O)         0.093     3.298 r  pll_inst/inst/clkin1_bufg1/O
                         net (fo=1, routed)           1.959     5.257    pll_inst/inst/clk_in1_pll
    PLLE2_ADV_X1Y0       PLLE2_ADV (Prop_plle2_adv_CLKIN1_CLKOUT0)
                                                     -4.519     0.738 r  pll_inst/inst/plle2_adv_inst/CLKOUT0
                         net (fo=1, routed)           2.467     3.205    pll_inst/inst/clk_out1_pll
    BUFGCTRL_X0Y1        BUFG (Prop_bufg_I_O)         0.093     3.298 r  pll_inst/inst/clkout1_buf/O
                         net (fo=434, routed)         1.523     4.821    student_top_inst/bridge_inst/seg_driver/CLK
    SLICE_X2Y136         FDCE                                         r  student_top_inst/bridge_inst/seg_driver/count_reg[4]/C
  -------------------------------------------------------------------    -------------------
    SLICE_X2Y136         FDCE (Prop_fdce_C_Q)         0.236     5.057 r  student_top_inst/bridge_inst/seg_driver/count_reg[4]/Q
                         net (fo=48, routed)          1.333     6.389    student_top_inst/bridge_inst/seg_driver/Q[0]
    SLICE_X21Y136        LUT3 (Prop_lut3_I1_O)        0.126     6.515 r  student_top_inst/bridge_inst/seg_driver/virtual_seg_OBUF[16]_inst_i_4/O
                         net (fo=7, routed)           0.773     7.288    student_top_inst/bridge_inst/seg_driver/virtual_seg_OBUF[16]_inst_i_4_n_0
    SLICE_X11Y135        LUT6 (Prop_lut6_I5_O)        0.043     7.331 r  student_top_inst/bridge_inst/seg_driver/virtual_seg_OBUF[14]_inst_i_1/O
                         net (fo=2, routed)           2.865    10.196    virtual_seg_OBUF[14]
    AK29                 OBUF (Prop_obuf_I_O)         3.338    13.534 r  virtual_seg_OBUF[14]_inst/O
                         net (fo=0)                   0.000    13.534    virtual_seg[14]
    AK29                                                              r  virtual_seg[14] (OUT)
  -------------------------------------------------------------------    -------------------

Slack:                    inf
  Source:                 student_top_inst/bridge_inst/seg_driver/count_reg[4]/C
                            (rising edge-triggered cell FDCE clocked by clk_out1_pll  {rise@0.000ns fall@10.000ns period=20.000ns})
  Destination:            virtual_seg[12]
                            (output port)
  Path Group:             (none)
  Path Type:              Max at Slow Process Corner
  Data Path Delay:        8.683ns  (logic 3.698ns (42.590%)  route 4.985ns (57.410%))
  Logic Levels:           3  (LUT3=1 LUT6=1 OBUF=1)
  Clock Uncertainty:      0.150ns  ((TSJ^2 + DJ^2)^1/2) / 2 + PE
    Total System Jitter     (TSJ):    0.050ns
    Discrete Jitter          (DJ):    0.124ns
    Phase Error              (PE):    0.083ns

    Location             Delay type                Incr(ns)  Path(ns)    Netlist Resource(s)
  -------------------------------------------------------------------    -------------------
                         (clock clk_out1_pll rise edge)
                                                      0.000     0.000 r  
    AD12                                              0.000     0.000 r  i_sys_clk_p (IN)
                         net (fo=0)                   0.000     0.000    pll_inst/inst/clk_in1_p
    AD12                 IBUFDS (Prop_ibufds_I_O)     0.906     0.906 r  pll_inst/inst/clkin1_ibufgds/O
                         net (fo=1, routed)           2.299     3.205    pll_inst/inst/clk_in1_pll_buf
    BUFGCTRL_X0Y3        BUFG (Prop_bufg_I_O)         0.093     3.298 r  pll_inst/inst/clkin1_bufg1/O
                         net (fo=1, routed)           1.959     5.257    pll_inst/inst/clk_in1_pll
    PLLE2_ADV_X1Y0       PLLE2_ADV (Prop_plle2_adv_CLKIN1_CLKOUT0)
                                                     -4.519     0.738 r  pll_inst/inst/plle2_adv_inst/CLKOUT0
                         net (fo=1, routed)           2.467     3.205    pll_inst/inst/clk_out1_pll
    BUFGCTRL_X0Y1        BUFG (Prop_bufg_I_O)         0.093     3.298 r  pll_inst/inst/clkout1_buf/O
                         net (fo=434, routed)         1.523     4.821    student_top_inst/bridge_inst/seg_driver/CLK
    SLICE_X2Y136         FDCE                                         r  student_top_inst/bridge_inst/seg_driver/count_reg[4]/C
  -------------------------------------------------------------------    -------------------
    SLICE_X2Y136         FDCE (Prop_fdce_C_Q)         0.236     5.057 r  student_top_inst/bridge_inst/seg_driver/count_reg[4]/Q
                         net (fo=48, routed)          1.333     6.389    student_top_inst/bridge_inst/seg_driver/Q[0]
    SLICE_X21Y136        LUT3 (Prop_lut3_I1_O)        0.126     6.515 r  student_top_inst/bridge_inst/seg_driver/virtual_seg_OBUF[16]_inst_i_4/O
                         net (fo=7, routed)           0.650     7.165    student_top_inst/bridge_inst/seg_driver/virtual_seg_OBUF[16]_inst_i_4_n_0
    SLICE_X11Y135        LUT6 (Prop_lut6_I4_O)        0.043     7.208 r  student_top_inst/bridge_inst/seg_driver/virtual_seg_OBUF[12]_inst_i_1/O
                         net (fo=2, routed)           3.002    10.210    virtual_seg_OBUF[12]
    AD26                 OBUF (Prop_obuf_I_O)         3.293    13.503 r  virtual_seg_OBUF[12]_inst/O
                         net (fo=0)                   0.000    13.503    virtual_seg[12]
    AD26                                                              r  virtual_seg[12] (OUT)
  -------------------------------------------------------------------    -------------------

Slack:                    inf
  Source:                 student_top_inst/bridge_inst/seg_driver/count_reg[4]/C
                            (rising edge-triggered cell FDCE clocked by clk_out1_pll  {rise@0.000ns fall@10.000ns period=20.000ns})
  Destination:            virtual_seg[13]
                            (output port)
  Path Group:             (none)
  Path Type:              Max at Slow Process Corner
  Data Path Delay:        8.585ns  (logic 3.743ns (43.596%)  route 4.842ns (56.404%))
  Logic Levels:           3  (LUT3=1 LUT6=1 OBUF=1)
  Clock Uncertainty:      0.150ns  ((TSJ^2 + DJ^2)^1/2) / 2 + PE
    Total System Jitter     (TSJ):    0.050ns
    Discrete Jitter          (DJ):    0.124ns
    Phase Error              (PE):    0.083ns

    Location             Delay type                Incr(ns)  Path(ns)    Netlist Resource(s)
  -------------------------------------------------------------------    -------------------
                         (clock clk_out1_pll rise edge)
                                                      0.000     0.000 r  
    AD12                                              0.000     0.000 r  i_sys_clk_p (IN)
                         net (fo=0)                   0.000     0.000    pll_inst/inst/clk_in1_p
    AD12                 IBUFDS (Prop_ibufds_I_O)     0.906     0.906 r  pll_inst/inst/clkin1_ibufgds/O
                         net (fo=1, routed)           2.299     3.205    pll_inst/inst/clk_in1_pll_buf
    BUFGCTRL_X0Y3        BUFG (Prop_bufg_I_O)         0.093     3.298 r  pll_inst/inst/clkin1_bufg1/O
                         net (fo=1, routed)           1.959     5.257    pll_inst/inst/clk_in1_pll
    PLLE2_ADV_X1Y0       PLLE2_ADV (Prop_plle2_adv_CLKIN1_CLKOUT0)
                                                     -4.519     0.738 r  pll_inst/inst/plle2_adv_inst/CLKOUT0
                         net (fo=1, routed)           2.467     3.205    pll_inst/inst/clk_out1_pll
    BUFGCTRL_X0Y1        BUFG (Prop_bufg_I_O)         0.093     3.298 r  pll_inst/inst/clkout1_buf/O
                         net (fo=434, routed)         1.523     4.821    student_top_inst/bridge_inst/seg_driver/CLK
    SLICE_X2Y136         FDCE                                         r  student_top_inst/bridge_inst/seg_driver/count_reg[4]/C
  -------------------------------------------------------------------    -------------------
    SLICE_X2Y136         FDCE (Prop_fdce_C_Q)         0.236     5.057 r  student_top_inst/bridge_inst/seg_driver/count_reg[4]/Q
                         net (fo=48, routed)          1.370     6.426    student_top_inst/bridge_inst/seg_driver/Q[0]
    SLICE_X20Y136        LUT3 (Prop_lut3_I1_O)        0.126     6.552 r  student_top_inst/bridge_inst/seg_driver/virtual_seg_OBUF[16]_inst_i_2/O
                         net (fo=7, routed)           0.695     7.247    student_top_inst/bridge_inst/seg_driver/virtual_seg_OBUF[16]_inst_i_2_n_0
    SLICE_X10Y135        LUT6 (Prop_lut6_I5_O)        0.043     7.290 r  student_top_inst/bridge_inst/seg_driver/virtual_seg_OBUF[13]_inst_i_1/O
                         net (fo=2, routed)           2.778    10.068    virtual_seg_OBUF[13]
    AK30                 OBUF (Prop_obuf_I_O)         3.338    13.405 r  virtual_seg_OBUF[13]_inst/O
                         net (fo=0)                   0.000    13.405    virtual_seg[13]
    AK30                                                              r  virtual_seg[13] (OUT)
  -------------------------------------------------------------------    -------------------

Slack:                    inf
  Source:                 student_top_inst/bridge_inst/seg_driver/count_reg[4]/C
                            (rising edge-triggered cell FDCE clocked by clk_out1_pll  {rise@0.000ns fall@10.000ns period=20.000ns})
  Destination:            virtual_seg[10]
                            (output port)
  Path Group:             (none)
  Path Type:              Max at Slow Process Corner
  Data Path Delay:        8.555ns  (logic 3.791ns (44.320%)  route 4.763ns (55.680%))
  Logic Levels:           3  (LUT3=1 LUT6=1 OBUF=1)
  Clock Uncertainty:      0.150ns  ((TSJ^2 + DJ^2)^1/2) / 2 + PE
    Total System Jitter     (TSJ):    0.050ns
    Discrete Jitter          (DJ):    0.124ns
    Phase Error              (PE):    0.083ns

    Location             Delay type                Incr(ns)  Path(ns)    Netlist Resource(s)
  -------------------------------------------------------------------    -------------------
                         (clock clk_out1_pll rise edge)
                                                      0.000     0.000 r  
    AD12                                              0.000     0.000 r  i_sys_clk_p (IN)
                         net (fo=0)                   0.000     0.000    pll_inst/inst/clk_in1_p
    AD12                 IBUFDS (Prop_ibufds_I_O)     0.906     0.906 r  pll_inst/inst/clkin1_ibufgds/O
                         net (fo=1, routed)           2.299     3.205    pll_inst/inst/clk_in1_pll_buf
    BUFGCTRL_X0Y3        BUFG (Prop_bufg_I_O)         0.093     3.298 r  pll_inst/inst/clkin1_bufg1/O
                         net (fo=1, routed)           1.959     5.257    pll_inst/inst/clk_in1_pll
    PLLE2_ADV_X1Y0       PLLE2_ADV (Prop_plle2_adv_CLKIN1_CLKOUT0)
                                                     -4.519     0.738 r  pll_inst/inst/plle2_adv_inst/CLKOUT0
                         net (fo=1, routed)           2.467     3.205    pll_inst/inst/clk_out1_pll
    BUFGCTRL_X0Y1        BUFG (Prop_bufg_I_O)         0.093     3.298 r  pll_inst/inst/clkout1_buf/O
                         net (fo=434, routed)         1.523     4.821    student_top_inst/bridge_inst/seg_driver/CLK
    SLICE_X2Y136         FDCE                                         r  student_top_inst/bridge_inst/seg_driver/count_reg[4]/C
  -------------------------------------------------------------------    -------------------
    SLICE_X2Y136         FDCE (Prop_fdce_C_Q)         0.236     5.057 r  student_top_inst/bridge_inst/seg_driver/count_reg[4]/Q
                         net (fo=48, routed)          1.370     6.426    student_top_inst/bridge_inst/seg_driver/Q[0]
    SLICE_X20Y136        LUT3 (Prop_lut3_I1_O)        0.130     6.556 r  student_top_inst/bridge_inst/seg_driver/virtual_seg_OBUF[16]_inst_i_3/O
                         net (fo=7, routed)           0.663     7.220    student_top_inst/bridge_inst/seg_driver/virtual_seg_OBUF[16]_inst_i_3_n_0
    SLICE_X10Y135        LUT6 (Prop_lut6_I5_O)        0.134     7.354 r  student_top_inst/bridge_inst/seg_driver/virtual_seg_OBUF[10]_inst_i_1/O
                         net (fo=2, routed)           2.730    10.084    virtual_seg_OBUF[10]
    AC26                 OBUF (Prop_obuf_I_O)         3.291    13.375 r  virtual_seg_OBUF[10]_inst/O
                         net (fo=0)                   0.000    13.375    virtual_seg[10]
    AC26                                                              r  virtual_seg[10] (OUT)
  -------------------------------------------------------------------    -------------------

Slack:                    inf
  Source:                 student_top_inst/bridge_inst/seg_driver/count_reg[4]/C
                            (rising edge-triggered cell FDCE clocked by clk_out1_pll  {rise@0.000ns fall@10.000ns period=20.000ns})
  Destination:            virtual_seg[32]
                            (output port)
  Path Group:             (none)
  Path Type:              Max at Slow Process Corner
  Data Path Delay:        8.303ns  (logic 3.791ns (45.652%)  route 4.513ns (54.348%))
  Logic Levels:           3  (LUT3=1 LUT6=1 OBUF=1)
  Clock Uncertainty:      0.150ns  ((TSJ^2 + DJ^2)^1/2) / 2 + PE
    Total System Jitter     (TSJ):    0.050ns
    Discrete Jitter          (DJ):    0.124ns
    Phase Error              (PE):    0.083ns

    Location             Delay type                Incr(ns)  Path(ns)    Netlist Resource(s)
  -------------------------------------------------------------------    -------------------
                         (clock clk_out1_pll rise edge)
                                                      0.000     0.000 r  
    AD12                                              0.000     0.000 r  i_sys_clk_p (IN)
                         net (fo=0)                   0.000     0.000    pll_inst/inst/clk_in1_p
    AD12                 IBUFDS (Prop_ibufds_I_O)     0.906     0.906 r  pll_inst/inst/clkin1_ibufgds/O
                         net (fo=1, routed)           2.299     3.205    pll_inst/inst/clk_in1_pll_buf
    BUFGCTRL_X0Y3        BUFG (Prop_bufg_I_O)         0.093     3.298 r  pll_inst/inst/clkin1_bufg1/O
                         net (fo=1, routed)           1.959     5.257    pll_inst/inst/clk_in1_pll
    PLLE2_ADV_X1Y0       PLLE2_ADV (Prop_plle2_adv_CLKIN1_CLKOUT0)
                                                     -4.519     0.738 r  pll_inst/inst/plle2_adv_inst/CLKOUT0
                         net (fo=1, routed)           2.467     3.205    pll_inst/inst/clk_out1_pll
    BUFGCTRL_X0Y1        BUFG (Prop_bufg_I_O)         0.093     3.298 r  pll_inst/inst/clkout1_buf/O
                         net (fo=434, routed)         1.523     4.821    student_top_inst/bridge_inst/seg_driver/CLK
    SLICE_X2Y136         FDCE                                         r  student_top_inst/bridge_inst/seg_driver/count_reg[4]/C
  -------------------------------------------------------------------    -------------------
    SLICE_X2Y136         FDCE (Prop_fdce_C_Q)         0.236     5.057 r  student_top_inst/bridge_inst/seg_driver/count_reg[4]/Q
                         net (fo=48, routed)          1.235     6.292    student_top_inst/bridge_inst/seg_driver/Q[0]
    SLICE_X19Y142        LUT3 (Prop_lut3_I1_O)        0.135     6.427 r  student_top_inst/bridge_inst/seg_driver/virtual_seg_OBUF[36]_inst_i_4/O
                         net (fo=7, routed)           0.644     7.071    student_top_inst/bridge_inst/seg_driver/virtual_seg_OBUF[36]_inst_i_4_n_0
    SLICE_X12Y142        LUT6 (Prop_lut6_I4_O)        0.136     7.207 r  student_top_inst/bridge_inst/seg_driver/virtual_seg_OBUF[32]_inst_i_1/O
                         net (fo=2, routed)           2.633     9.840    virtual_seg_OBUF[32]
    J24                  OBUF (Prop_obuf_I_O)         3.284    13.124 r  virtual_seg_OBUF[32]_inst/O
                         net (fo=0)                   0.000    13.124    virtual_seg[32]
    J24                                                               r  virtual_seg[32] (OUT)
  -------------------------------------------------------------------    -------------------

Slack:                    inf
  Source:                 student_top_inst/bridge_inst/seg_driver/count_reg[4]/C
                            (rising edge-triggered cell FDCE clocked by clk_out1_pll  {rise@0.000ns fall@10.000ns period=20.000ns})
  Destination:            virtual_seg[35]
                            (output port)
  Path Group:             (none)
  Path Type:              Max at Slow Process Corner
  Data Path Delay:        8.297ns  (logic 3.762ns (45.347%)  route 4.534ns (54.653%))
  Logic Levels:           3  (LUT3=1 LUT6=1 OBUF=1)
  Clock Uncertainty:      0.150ns  ((TSJ^2 + DJ^2)^1/2) / 2 + PE
    Total System Jitter     (TSJ):    0.050ns
    Discrete Jitter          (DJ):    0.124ns
    Phase Error              (PE):    0.083ns

    Location             Delay type                Incr(ns)  Path(ns)    Netlist Resource(s)
  -------------------------------------------------------------------    -------------------
                         (clock clk_out1_pll rise edge)
                                                      0.000     0.000 r  
    AD12                                              0.000     0.000 r  i_sys_clk_p (IN)
                         net (fo=0)                   0.000     0.000    pll_inst/inst/clk_in1_p
    AD12                 IBUFDS (Prop_ibufds_I_O)     0.906     0.906 r  pll_inst/inst/clkin1_ibufgds/O
                         net (fo=1, routed)           2.299     3.205    pll_inst/inst/clk_in1_pll_buf
    BUFGCTRL_X0Y3        BUFG (Prop_bufg_I_O)         0.093     3.298 r  pll_inst/inst/clkin1_bufg1/O
                         net (fo=1, routed)           1.959     5.257    pll_inst/inst/clk_in1_pll
    PLLE2_ADV_X1Y0       PLLE2_ADV (Prop_plle2_adv_CLKIN1_CLKOUT0)
                                                     -4.519     0.738 r  pll_inst/inst/plle2_adv_inst/CLKOUT0
                         net (fo=1, routed)           2.467     3.205    pll_inst/inst/clk_out1_pll
    BUFGCTRL_X0Y1        BUFG (Prop_bufg_I_O)         0.093     3.298 r  pll_inst/inst/clkout1_buf/O
                         net (fo=434, routed)         1.523     4.821    student_top_inst/bridge_inst/seg_driver/CLK
    SLICE_X2Y136         FDCE                                         r  student_top_inst/bridge_inst/seg_driver/count_reg[4]/C
  -------------------------------------------------------------------    -------------------
    SLICE_X2Y136         FDCE (Prop_fdce_C_Q)         0.236     5.057 r  student_top_inst/bridge_inst/seg_driver/count_reg[4]/Q
                         net (fo=48, routed)          1.235     6.292    student_top_inst/bridge_inst/seg_driver/Q[0]
    SLICE_X19Y142        LUT3 (Prop_lut3_I1_O)        0.135     6.427 r  student_top_inst/bridge_inst/seg_driver/virtual_seg_OBUF[36]_inst_i_4/O
                         net (fo=7, routed)           0.652     7.079    student_top_inst/bridge_inst/seg_driver/virtual_seg_OBUF[36]_inst_i_4_n_0
    SLICE_X12Y142        LUT6 (Prop_lut6_I5_O)        0.136     7.215 r  student_top_inst/bridge_inst/seg_driver/virtual_seg_OBUF[35]_inst_i_1/O
                         net (fo=2, routed)           2.647     9.862    virtual_seg_OBUF[35]
    L22                  OBUF (Prop_obuf_I_O)         3.255    13.117 r  virtual_seg_OBUF[35]_inst/O
                         net (fo=0)                   0.000    13.117    virtual_seg[35]
    L22                                                               r  virtual_seg[35] (OUT)
  -------------------------------------------------------------------    -------------------

Slack:                    inf
  Source:                 student_top_inst/bridge_inst/seg_driver/count_reg[4]/C
                            (rising edge-triggered cell FDCE clocked by clk_out1_pll  {rise@0.000ns fall@10.000ns period=20.000ns})
  Destination:            virtual_seg[1]
                            (output port)
  Path Group:             (none)
  Path Type:              Max at Slow Process Corner
  Data Path Delay:        8.206ns  (logic 3.826ns (46.625%)  route 4.380ns (53.375%))
  Logic Levels:           3  (LUT3=1 LUT6=1 OBUF=1)
  Clock Uncertainty:      0.150ns  ((TSJ^2 + DJ^2)^1/2) / 2 + PE
    Total System Jitter     (TSJ):    0.050ns
    Discrete Jitter          (DJ):    0.124ns
    Phase Error              (PE):    0.083ns

    Location             Delay type                Incr(ns)  Path(ns)    Netlist Resource(s)
  -------------------------------------------------------------------    -------------------
                         (clock clk_out1_pll rise edge)
                                                      0.000     0.000 r  
    AD12                                              0.000     0.000 r  i_sys_clk_p (IN)
                         net (fo=0)                   0.000     0.000    pll_inst/inst/clk_in1_p
    AD12                 IBUFDS (Prop_ibufds_I_O)     0.906     0.906 r  pll_inst/inst/clkin1_ibufgds/O
                         net (fo=1, routed)           2.299     3.205    pll_inst/inst/clk_in1_pll_buf
    BUFGCTRL_X0Y3        BUFG (Prop_bufg_I_O)         0.093     3.298 r  pll_inst/inst/clkin1_bufg1/O
                         net (fo=1, routed)           1.959     5.257    pll_inst/inst/clk_in1_pll
    PLLE2_ADV_X1Y0       PLLE2_ADV (Prop_plle2_adv_CLKIN1_CLKOUT0)
                                                     -4.519     0.738 r  pll_inst/inst/plle2_adv_inst/CLKOUT0
                         net (fo=1, routed)           2.467     3.205    pll_inst/inst/clk_out1_pll
    BUFGCTRL_X0Y1        BUFG (Prop_bufg_I_O)         0.093     3.298 r  pll_inst/inst/clkout1_buf/O
                         net (fo=434, routed)         1.523     4.821    student_top_inst/bridge_inst/seg_driver/CLK
    SLICE_X2Y136         FDCE                                         r  student_top_inst/bridge_inst/seg_driver/count_reg[4]/C
  -------------------------------------------------------------------    -------------------
    SLICE_X2Y136         FDCE (Prop_fdce_C_Q)         0.236     5.057 r  student_top_inst/bridge_inst/seg_driver/count_reg[4]/Q
                         net (fo=48, routed)          1.333     6.389    student_top_inst/bridge_inst/seg_driver/Q[0]
    SLICE_X21Y136        LUT3 (Prop_lut3_I1_O)        0.135     6.524 r  student_top_inst/bridge_inst/seg_driver/virtual_seg_OBUF[6]_inst_i_2/O
                         net (fo=7, routed)           0.473     6.997    student_top_inst/bridge_inst/seg_driver/virtual_seg_OBUF[6]_inst_i_2_n_0
    SLICE_X14Y135        LUT6 (Prop_lut6_I0_O)        0.136     7.133 r  student_top_inst/bridge_inst/seg_driver/virtual_seg_OBUF[1]_inst_i_1/O
                         net (fo=2, routed)           2.575     9.708    virtual_seg_OBUF[1]
    Y30                  OBUF (Prop_obuf_I_O)         3.319    13.027 r  virtual_seg_OBUF[1]_inst/O
                         net (fo=0)                   0.000    13.027    virtual_seg[1]
    Y30                                                               r  virtual_seg[1] (OUT)
  -------------------------------------------------------------------    -------------------

Slack:                    inf
  Source:                 student_top_inst/bridge_inst/seg_driver/count_reg[4]/C
                            (rising edge-triggered cell FDCE clocked by clk_out1_pll  {rise@0.000ns fall@10.000ns period=20.000ns})
  Destination:            virtual_seg[11]
                            (output port)
  Path Group:             (none)
  Path Type:              Max at Slow Process Corner
  Data Path Delay:        8.140ns  (logic 3.728ns (45.796%)  route 4.412ns (54.204%))
  Logic Levels:           3  (LUT3=1 LUT6=1 OBUF=1)
  Clock Uncertainty:      0.150ns  ((TSJ^2 + DJ^2)^1/2) / 2 + PE
    Total System Jitter     (TSJ):    0.050ns
    Discrete Jitter          (DJ):    0.124ns
    Phase Error              (PE):    0.083ns

    Location             Delay type                Incr(ns)  Path(ns)    Netlist Resource(s)
  -------------------------------------------------------------------    -------------------
                         (clock clk_out1_pll rise edge)
                                                      0.000     0.000 r  
    AD12                                              0.000     0.000 r  i_sys_clk_p (IN)
                         net (fo=0)                   0.000     0.000    pll_inst/inst/clk_in1_p
    AD12                 IBUFDS (Prop_ibufds_I_O)     0.906     0.906 r  pll_inst/inst/clkin1_ibufgds/O
                         net (fo=1, routed)           2.299     3.205    pll_inst/inst/clk_in1_pll_buf
    BUFGCTRL_X0Y3        BUFG (Prop_bufg_I_O)         0.093     3.298 r  pll_inst/inst/clkin1_bufg1/O
                         net (fo=1, routed)           1.959     5.257    pll_inst/inst/clk_in1_pll
    PLLE2_ADV_X1Y0       PLLE2_ADV (Prop_plle2_adv_CLKIN1_CLKOUT0)
                                                     -4.519     0.738 r  pll_inst/inst/plle2_adv_inst/CLKOUT0
                         net (fo=1, routed)           2.467     3.205    pll_inst/inst/clk_out1_pll
    BUFGCTRL_X0Y1        BUFG (Prop_bufg_I_O)         0.093     3.298 r  pll_inst/inst/clkout1_buf/O
                         net (fo=434, routed)         1.523     4.821    student_top_inst/bridge_inst/seg_driver/CLK
    SLICE_X2Y136         FDCE                                         r  student_top_inst/bridge_inst/seg_driver/count_reg[4]/C
  -------------------------------------------------------------------    -------------------
    SLICE_X2Y136         FDCE (Prop_fdce_C_Q)         0.236     5.057 r  student_top_inst/bridge_inst/seg_driver/count_reg[4]/Q
                         net (fo=48, routed)          1.333     6.389    student_top_inst/bridge_inst/seg_driver/Q[0]
    SLICE_X21Y136        LUT3 (Prop_lut3_I1_O)        0.126     6.515 r  student_top_inst/bridge_inst/seg_driver/virtual_seg_OBUF[16]_inst_i_4/O
                         net (fo=7, routed)           0.650     7.165    student_top_inst/bridge_inst/seg_driver/virtual_seg_OBUF[16]_inst_i_4_n_0
    SLICE_X11Y135        LUT6 (Prop_lut6_I1_O)        0.043     7.208 r  student_top_inst/bridge_inst/seg_driver/virtual_seg_OBUF[11]_inst_i_1/O
                         net (fo=2, routed)           2.430     9.638    virtual_seg_OBUF[11]
    AJ27                 OBUF (Prop_obuf_I_O)         3.323    12.961 r  virtual_seg_OBUF[11]_inst/O
                         net (fo=0)                   0.000    12.961    virtual_seg[11]
    AJ27                                                              r  virtual_seg[11] (OUT)
  -------------------------------------------------------------------    -------------------





Min Delay Paths
--------------------------------------------------------------------------------------
Slack:                    inf
  Source:                 student_top_inst/bridge_inst/LED_cnt_reg[5]/C
                            (rising edge-triggered cell FDCE clocked by clk_out1_pll  {rise@0.000ns fall@10.000ns period=20.000ns})
  Destination:            virtual_led[5]
                            (output port)
  Path Group:             (none)
  Path Type:              Min at Fast Process Corner
  Data Path Delay:        1.990ns  (logic 1.057ns (53.128%)  route 0.933ns (46.872%))
  Logic Levels:           1  (OBUF=1)
  Clock Uncertainty:      0.150ns  ((TSJ^2 + DJ^2)^1/2) / 2 + PE
    Total System Jitter     (TSJ):    0.050ns
    Discrete Jitter          (DJ):    0.124ns
    Phase Error              (PE):    0.083ns

    Location             Delay type                Incr(ns)  Path(ns)    Netlist Resource(s)
  -------------------------------------------------------------------    -------------------
                         (clock clk_out1_pll rise edge)
                                                      0.000     0.000 r  
    AD12                                              0.000     0.000 r  i_sys_clk_p (IN)
                         net (fo=0)                   0.000     0.000    pll_inst/inst/clk_in1_p
    AD12                 IBUFDS (Prop_ibufds_I_O)     0.388     0.388 r  pll_inst/inst/clkin1_ibufgds/O
                         net (fo=1, routed)           1.083     1.471    pll_inst/inst/clk_in1_pll_buf
    BUFGCTRL_X0Y3        BUFG (Prop_bufg_I_O)         0.026     1.497 r  pll_inst/inst/clkin1_bufg1/O
                         net (fo=1, routed)           0.767     2.264    pll_inst/inst/clk_in1_pll
    PLLE2_ADV_X1Y0       PLLE2_ADV (Prop_plle2_adv_CLKIN1_CLKOUT0)
                                                     -1.938     0.326 r  pll_inst/inst/plle2_adv_inst/CLKOUT0
                         net (fo=1, routed)           1.145     1.471    pll_inst/inst/clk_out1_pll
    BUFGCTRL_X0Y1        BUFG (Prop_bufg_I_O)         0.026     1.497 r  pll_inst/inst/clkout1_buf/O
                         net (fo=434, routed)         0.643     2.140    student_top_inst/bridge_inst/CLK
    SLICE_X15Y146        FDCE                                         r  student_top_inst/bridge_inst/LED_cnt_reg[5]/C
  -------------------------------------------------------------------    -------------------
    SLICE_X15Y146        FDCE (Prop_fdce_C_Q)         0.100     2.240 r  student_top_inst/bridge_inst/LED_cnt_reg[5]/Q
                         net (fo=2, routed)           0.933     3.173    virtual_led_OBUF[5]
    H30                  OBUF (Prop_obuf_I_O)         0.957     4.130 r  virtual_led_OBUF[5]_inst/O
                         net (fo=0)                   0.000     4.130    virtual_led[5]
    H30                                                               r  virtual_led[5] (OUT)
  -------------------------------------------------------------------    -------------------

Slack:                    inf
  Source:                 student_top_inst/bridge_inst/LED_cnt_reg[6]/C
                            (rising edge-triggered cell FDCE clocked by clk_out1_pll  {rise@0.000ns fall@10.000ns period=20.000ns})
  Destination:            virtual_led[6]
                            (output port)
  Path Group:             (none)
  Path Type:              Min at Fast Process Corner
  Data Path Delay:        2.040ns  (logic 1.058ns (51.887%)  route 0.981ns (48.113%))
  Logic Levels:           1  (OBUF=1)
  Clock Uncertainty:      0.150ns  ((TSJ^2 + DJ^2)^1/2) / 2 + PE
    Total System Jitter     (TSJ):    0.050ns
    Discrete Jitter          (DJ):    0.124ns
    Phase Error              (PE):    0.083ns

    Location             Delay type                Incr(ns)  Path(ns)    Netlist Resource(s)
  -------------------------------------------------------------------    -------------------
                         (clock clk_out1_pll rise edge)
                                                      0.000     0.000 r  
    AD12                                              0.000     0.000 r  i_sys_clk_p (IN)
                         net (fo=0)                   0.000     0.000    pll_inst/inst/clk_in1_p
    AD12                 IBUFDS (Prop_ibufds_I_O)     0.388     0.388 r  pll_inst/inst/clkin1_ibufgds/O
                         net (fo=1, routed)           1.083     1.471    pll_inst/inst/clk_in1_pll_buf
    BUFGCTRL_X0Y3        BUFG (Prop_bufg_I_O)         0.026     1.497 r  pll_inst/inst/clkin1_bufg1/O
                         net (fo=1, routed)           0.767     2.264    pll_inst/inst/clk_in1_pll
    PLLE2_ADV_X1Y0       PLLE2_ADV (Prop_plle2_adv_CLKIN1_CLKOUT0)
                                                     -1.938     0.326 r  pll_inst/inst/plle2_adv_inst/CLKOUT0
                         net (fo=1, routed)           1.145     1.471    pll_inst/inst/clk_out1_pll
    BUFGCTRL_X0Y1        BUFG (Prop_bufg_I_O)         0.026     1.497 r  pll_inst/inst/clkout1_buf/O
                         net (fo=434, routed)         0.643     2.140    student_top_inst/bridge_inst/CLK
    SLICE_X13Y146        FDCE                                         r  student_top_inst/bridge_inst/LED_cnt_reg[6]/C
  -------------------------------------------------------------------    -------------------
    SLICE_X13Y146        FDCE (Prop_fdce_C_Q)         0.100     2.240 r  student_top_inst/bridge_inst/LED_cnt_reg[6]/Q
                         net (fo=2, routed)           0.981     3.222    virtual_led_OBUF[6]
    E30                  OBUF (Prop_obuf_I_O)         0.958     4.180 r  virtual_led_OBUF[6]_inst/O
                         net (fo=0)                   0.000     4.180    virtual_led[6]
    E30                                                               r  virtual_led[6] (OUT)
  -------------------------------------------------------------------    -------------------

Slack:                    inf
  Source:                 student_top_inst/bridge_inst/LED_cnt_reg[4]/C
                            (rising edge-triggered cell FDCE clocked by clk_out1_pll  {rise@0.000ns fall@10.000ns period=20.000ns})
  Destination:            virtual_led[4]
                            (output port)
  Path Group:             (none)
  Path Type:              Min at Fast Process Corner
  Data Path Delay:        2.060ns  (logic 1.049ns (50.945%)  route 1.011ns (49.055%))
  Logic Levels:           1  (OBUF=1)
  Clock Uncertainty:      0.150ns  ((TSJ^2 + DJ^2)^1/2) / 2 + PE
    Total System Jitter     (TSJ):    0.050ns
    Discrete Jitter          (DJ):    0.124ns
    Phase Error              (PE):    0.083ns

    Location             Delay type                Incr(ns)  Path(ns)    Netlist Resource(s)
  -------------------------------------------------------------------    -------------------
                         (clock clk_out1_pll rise edge)
                                                      0.000     0.000 r  
    AD12                                              0.000     0.000 r  i_sys_clk_p (IN)
                         net (fo=0)                   0.000     0.000    pll_inst/inst/clk_in1_p
    AD12                 IBUFDS (Prop_ibufds_I_O)     0.388     0.388 r  pll_inst/inst/clkin1_ibufgds/O
                         net (fo=1, routed)           1.083     1.471    pll_inst/inst/clk_in1_pll_buf
    BUFGCTRL_X0Y3        BUFG (Prop_bufg_I_O)         0.026     1.497 r  pll_inst/inst/clkin1_bufg1/O
                         net (fo=1, routed)           0.767     2.264    pll_inst/inst/clk_in1_pll
    PLLE2_ADV_X1Y0       PLLE2_ADV (Prop_plle2_adv_CLKIN1_CLKOUT0)
                                                     -1.938     0.326 r  pll_inst/inst/plle2_adv_inst/CLKOUT0
                         net (fo=1, routed)           1.145     1.471    pll_inst/inst/clk_out1_pll
    BUFGCTRL_X0Y1        BUFG (Prop_bufg_I_O)         0.026     1.497 r  pll_inst/inst/clkout1_buf/O
                         net (fo=434, routed)         0.644     2.141    student_top_inst/bridge_inst/CLK
    SLICE_X15Y147        FDCE                                         r  student_top_inst/bridge_inst/LED_cnt_reg[4]/C
  -------------------------------------------------------------------    -------------------
    SLICE_X15Y147        FDCE (Prop_fdce_C_Q)         0.100     2.241 r  student_top_inst/bridge_inst/LED_cnt_reg[4]/Q
                         net (fo=2, routed)           1.011     3.252    virtual_led_OBUF[4]
    G30                  OBUF (Prop_obuf_I_O)         0.949     4.201 r  virtual_led_OBUF[4]_inst/O
                         net (fo=0)                   0.000     4.201    virtual_led[4]
    G30                                                               r  virtual_led[4] (OUT)
  -------------------------------------------------------------------    -------------------

Slack:                    inf
  Source:                 student_top_inst/bridge_inst/LED_cnt_reg[10]/C
                            (rising edge-triggered cell FDCE clocked by clk_out1_pll  {rise@0.000ns fall@10.000ns period=20.000ns})
  Destination:            virtual_led[10]
                            (output port)
  Path Group:             (none)
  Path Type:              Min at Fast Process Corner
  Data Path Delay:        2.062ns  (logic 1.083ns (52.513%)  route 0.979ns (47.487%))
  Logic Levels:           1  (OBUF=1)
  Clock Uncertainty:      0.150ns  ((TSJ^2 + DJ^2)^1/2) / 2 + PE
    Total System Jitter     (TSJ):    0.050ns
    Discrete Jitter          (DJ):    0.124ns
    Phase Error              (PE):    0.083ns

    Location             Delay type                Incr(ns)  Path(ns)    Netlist Resource(s)
  -------------------------------------------------------------------    -------------------
                         (clock clk_out1_pll rise edge)
                                                      0.000     0.000 r  
    AD12                                              0.000     0.000 r  i_sys_clk_p (IN)
                         net (fo=0)                   0.000     0.000    pll_inst/inst/clk_in1_p
    AD12                 IBUFDS (Prop_ibufds_I_O)     0.388     0.388 r  pll_inst/inst/clkin1_ibufgds/O
                         net (fo=1, routed)           1.083     1.471    pll_inst/inst/clk_in1_pll_buf
    BUFGCTRL_X0Y3        BUFG (Prop_bufg_I_O)         0.026     1.497 r  pll_inst/inst/clkin1_bufg1/O
                         net (fo=1, routed)           0.767     2.264    pll_inst/inst/clk_in1_pll
    PLLE2_ADV_X1Y0       PLLE2_ADV (Prop_plle2_adv_CLKIN1_CLKOUT0)
                                                     -1.938     0.326 r  pll_inst/inst/plle2_adv_inst/CLKOUT0
                         net (fo=1, routed)           1.145     1.471    pll_inst/inst/clk_out1_pll
    BUFGCTRL_X0Y1        BUFG (Prop_bufg_I_O)         0.026     1.497 r  pll_inst/inst/clkout1_buf/O
                         net (fo=434, routed)         0.644     2.141    student_top_inst/bridge_inst/CLK
    SLICE_X13Y147        FDCE                                         r  student_top_inst/bridge_inst/LED_cnt_reg[10]/C
  -------------------------------------------------------------------    -------------------
    SLICE_X13Y147        FDCE (Prop_fdce_C_Q)         0.100     2.241 r  student_top_inst/bridge_inst/LED_cnt_reg[10]/Q
                         net (fo=2, routed)           0.979     3.221    virtual_led_OBUF[10]
    A30                  OBUF (Prop_obuf_I_O)         0.983     4.204 r  virtual_led_OBUF[10]_inst/O
                         net (fo=0)                   0.000     4.204    virtual_led[10]
    A30                                                               r  virtual_led[10] (OUT)
  -------------------------------------------------------------------    -------------------

Slack:                    inf
  Source:                 student_top_inst/bridge_inst/LED_cnt_reg[13]/C
                            (rising edge-triggered cell FDCE clocked by clk_out1_pll  {rise@0.000ns fall@10.000ns period=20.000ns})
  Destination:            virtual_led[13]
                            (output port)
  Path Group:             (none)
  Path Type:              Min at Fast Process Corner
  Data Path Delay:        2.065ns  (logic 1.065ns (51.585%)  route 1.000ns (48.415%))
  Logic Levels:           1  (OBUF=1)
  Clock Uncertainty:      0.150ns  ((TSJ^2 + DJ^2)^1/2) / 2 + PE
    Total System Jitter     (TSJ):    0.050ns
    Discrete Jitter          (DJ):    0.124ns
    Phase Error              (PE):    0.083ns

    Location             Delay type                Incr(ns)  Path(ns)    Netlist Resource(s)
  -------------------------------------------------------------------    -------------------
                         (clock clk_out1_pll rise edge)
                                                      0.000     0.000 r  
    AD12                                              0.000     0.000 r  i_sys_clk_p (IN)
                         net (fo=0)                   0.000     0.000    pll_inst/inst/clk_in1_p
    AD12                 IBUFDS (Prop_ibufds_I_O)     0.388     0.388 r  pll_inst/inst/clkin1_ibufgds/O
                         net (fo=1, routed)           1.083     1.471    pll_inst/inst/clk_in1_pll_buf
    BUFGCTRL_X0Y3        BUFG (Prop_bufg_I_O)         0.026     1.497 r  pll_inst/inst/clkin1_bufg1/O
                         net (fo=1, routed)           0.767     2.264    pll_inst/inst/clk_in1_pll
    PLLE2_ADV_X1Y0       PLLE2_ADV (Prop_plle2_adv_CLKIN1_CLKOUT0)
                                                     -1.938     0.326 r  pll_inst/inst/plle2_adv_inst/CLKOUT0
                         net (fo=1, routed)           1.145     1.471    pll_inst/inst/clk_out1_pll
    BUFGCTRL_X0Y1        BUFG (Prop_bufg_I_O)         0.026     1.497 r  pll_inst/inst/clkout1_buf/O
                         net (fo=434, routed)         0.644     2.141    student_top_inst/bridge_inst/CLK
    SLICE_X13Y148        FDCE                                         r  student_top_inst/bridge_inst/LED_cnt_reg[13]/C
  -------------------------------------------------------------------    -------------------
    SLICE_X13Y148        FDCE (Prop_fdce_C_Q)         0.100     2.241 r  student_top_inst/bridge_inst/LED_cnt_reg[13]/Q
                         net (fo=2, routed)           1.000     3.241    virtual_led_OBUF[13]
    D29                  OBUF (Prop_obuf_I_O)         0.965     4.206 r  virtual_led_OBUF[13]_inst/O
                         net (fo=0)                   0.000     4.206    virtual_led[13]
    D29                                                               r  virtual_led[13] (OUT)
  -------------------------------------------------------------------    -------------------

Slack:                    inf
  Source:                 student_top_inst/bridge_inst/LED_cnt_reg[11]/C
                            (rising edge-triggered cell FDCE clocked by clk_out1_pll  {rise@0.000ns fall@10.000ns period=20.000ns})
  Destination:            virtual_led[11]
                            (output port)
  Path Group:             (none)
  Path Type:              Min at Fast Process Corner
  Data Path Delay:        2.097ns  (logic 1.100ns (52.436%)  route 0.998ns (47.564%))
  Logic Levels:           1  (OBUF=1)
  Clock Uncertainty:      0.150ns  ((TSJ^2 + DJ^2)^1/2) / 2 + PE
    Total System Jitter     (TSJ):    0.050ns
    Discrete Jitter          (DJ):    0.124ns
    Phase Error              (PE):    0.083ns

    Location             Delay type                Incr(ns)  Path(ns)    Netlist Resource(s)
  -------------------------------------------------------------------    -------------------
                         (clock clk_out1_pll rise edge)
                                                      0.000     0.000 r  
    AD12                                              0.000     0.000 r  i_sys_clk_p (IN)
                         net (fo=0)                   0.000     0.000    pll_inst/inst/clk_in1_p
    AD12                 IBUFDS (Prop_ibufds_I_O)     0.388     0.388 r  pll_inst/inst/clkin1_ibufgds/O
                         net (fo=1, routed)           1.083     1.471    pll_inst/inst/clk_in1_pll_buf
    BUFGCTRL_X0Y3        BUFG (Prop_bufg_I_O)         0.026     1.497 r  pll_inst/inst/clkin1_bufg1/O
                         net (fo=1, routed)           0.767     2.264    pll_inst/inst/clk_in1_pll
    PLLE2_ADV_X1Y0       PLLE2_ADV (Prop_plle2_adv_CLKIN1_CLKOUT0)
                                                     -1.938     0.326 r  pll_inst/inst/plle2_adv_inst/CLKOUT0
                         net (fo=1, routed)           1.145     1.471    pll_inst/inst/clk_out1_pll
    BUFGCTRL_X0Y1        BUFG (Prop_bufg_I_O)         0.026     1.497 r  pll_inst/inst/clkout1_buf/O
                         net (fo=434, routed)         0.644     2.141    student_top_inst/bridge_inst/CLK
    SLICE_X12Y147        FDCE                                         r  student_top_inst/bridge_inst/LED_cnt_reg[11]/C
  -------------------------------------------------------------------    -------------------
    SLICE_X12Y147        FDCE (Prop_fdce_C_Q)         0.118     2.259 r  student_top_inst/bridge_inst/LED_cnt_reg[11]/Q
                         net (fo=2, routed)           0.998     3.257    virtual_led_OBUF[11]
    B30                  OBUF (Prop_obuf_I_O)         0.982     4.239 r  virtual_led_OBUF[11]_inst/O
                         net (fo=0)                   0.000     4.239    virtual_led[11]
    B30                                                               r  virtual_led[11] (OUT)
  -------------------------------------------------------------------    -------------------

Slack:                    inf
  Source:                 student_top_inst/bridge_inst/seg_driver/count_reg[4]/C
                            (rising edge-triggered cell FDCE clocked by clk_out1_pll  {rise@0.000ns fall@10.000ns period=20.000ns})
  Destination:            virtual_seg[38]
                            (output port)
  Path Group:             (none)
  Path Type:              Min at Fast Process Corner
  Data Path Delay:        2.072ns  (logic 1.518ns (73.291%)  route 0.553ns (26.709%))
  Logic Levels:           1  (OBUF=1)
  Clock Uncertainty:      0.150ns  ((TSJ^2 + DJ^2)^1/2) / 2 + PE
    Total System Jitter     (TSJ):    0.050ns
    Discrete Jitter          (DJ):    0.124ns
    Phase Error              (PE):    0.083ns

    Location             Delay type                Incr(ns)  Path(ns)    Netlist Resource(s)
  -------------------------------------------------------------------    -------------------
                         (clock clk_out1_pll rise edge)
                                                      0.000     0.000 r  
    AD12                                              0.000     0.000 r  i_sys_clk_p (IN)
                         net (fo=0)                   0.000     0.000    pll_inst/inst/clk_in1_p
    AD12                 IBUFDS (Prop_ibufds_I_O)     0.388     0.388 r  pll_inst/inst/clkin1_ibufgds/O
                         net (fo=1, routed)           1.083     1.471    pll_inst/inst/clk_in1_pll_buf
    BUFGCTRL_X0Y3        BUFG (Prop_bufg_I_O)         0.026     1.497 r  pll_inst/inst/clkin1_bufg1/O
                         net (fo=1, routed)           0.767     2.264    pll_inst/inst/clk_in1_pll
    PLLE2_ADV_X1Y0       PLLE2_ADV (Prop_plle2_adv_CLKIN1_CLKOUT0)
                                                     -1.938     0.326 r  pll_inst/inst/plle2_adv_inst/CLKOUT0
                         net (fo=1, routed)           1.145     1.471    pll_inst/inst/clk_out1_pll
    BUFGCTRL_X0Y1        BUFG (Prop_bufg_I_O)         0.026     1.497 r  pll_inst/inst/clkout1_buf/O
                         net (fo=434, routed)         0.672     2.169    student_top_inst/bridge_inst/seg_driver/CLK
    SLICE_X2Y136         FDCE                                         r  student_top_inst/bridge_inst/seg_driver/count_reg[4]/C
  -------------------------------------------------------------------    -------------------
    SLICE_X2Y136         FDCE (Prop_fdce_C_Q)         0.107     2.276 r  student_top_inst/bridge_inst/seg_driver/count_reg[4]/Q
                         net (fo=48, routed)          0.553     2.830    virtual_seg_OBUF[8]
    T25                  OBUF (Prop_obuf_I_O)         1.411     4.241 r  virtual_seg_OBUF[38]_inst/O
                         net (fo=0)                   0.000     4.241    virtual_seg[38]
    T25                                                               r  virtual_seg[38] (OUT)
  -------------------------------------------------------------------    -------------------

Slack:                    inf
  Source:                 student_top_inst/bridge_inst/seg_driver/count_reg[4]/C
                            (rising edge-triggered cell FDCE clocked by clk_out1_pll  {rise@0.000ns fall@10.000ns period=20.000ns})
  Destination:            virtual_seg[28]
                            (output port)
  Path Group:             (none)
  Path Type:              Min at Fast Process Corner
  Data Path Delay:        2.111ns  (logic 1.516ns (71.840%)  route 0.594ns (28.160%))
  Logic Levels:           1  (OBUF=1)
  Clock Uncertainty:      0.150ns  ((TSJ^2 + DJ^2)^1/2) / 2 + PE
    Total System Jitter     (TSJ):    0.050ns
    Discrete Jitter          (DJ):    0.124ns
    Phase Error              (PE):    0.083ns

    Location             Delay type                Incr(ns)  Path(ns)    Netlist Resource(s)
  -------------------------------------------------------------------    -------------------
                         (clock clk_out1_pll rise edge)
                                                      0.000     0.000 r  
    AD12                                              0.000     0.000 r  i_sys_clk_p (IN)
                         net (fo=0)                   0.000     0.000    pll_inst/inst/clk_in1_p
    AD12                 IBUFDS (Prop_ibufds_I_O)     0.388     0.388 r  pll_inst/inst/clkin1_ibufgds/O
                         net (fo=1, routed)           1.083     1.471    pll_inst/inst/clk_in1_pll_buf
    BUFGCTRL_X0Y3        BUFG (Prop_bufg_I_O)         0.026     1.497 r  pll_inst/inst/clkin1_bufg1/O
                         net (fo=1, routed)           0.767     2.264    pll_inst/inst/clk_in1_pll
    PLLE2_ADV_X1Y0       PLLE2_ADV (Prop_plle2_adv_CLKIN1_CLKOUT0)
                                                     -1.938     0.326 r  pll_inst/inst/plle2_adv_inst/CLKOUT0
                         net (fo=1, routed)           1.145     1.471    pll_inst/inst/clk_out1_pll
    BUFGCTRL_X0Y1        BUFG (Prop_bufg_I_O)         0.026     1.497 r  pll_inst/inst/clkout1_buf/O
                         net (fo=434, routed)         0.672     2.169    student_top_inst/bridge_inst/seg_driver/CLK
    SLICE_X2Y136         FDCE                                         r  student_top_inst/bridge_inst/seg_driver/count_reg[4]/C
  -------------------------------------------------------------------    -------------------
    SLICE_X2Y136         FDCE (Prop_fdce_C_Q)         0.107     2.276 r  student_top_inst/bridge_inst/seg_driver/count_reg[4]/Q
                         net (fo=48, routed)          0.594     2.871    virtual_seg_OBUF[8]
    U25                  OBUF (Prop_obuf_I_O)         1.409     4.280 r  virtual_seg_OBUF[28]_inst/O
                         net (fo=0)                   0.000     4.280    virtual_seg[28]
    U25                                                               r  virtual_seg[28] (OUT)
  -------------------------------------------------------------------    -------------------

Slack:                    inf
  Source:                 student_top_inst/bridge_inst/seg_wdata_cnt_reg[17]/C
                            (rising edge-triggered cell FDCE clocked by clk_out1_pll  {rise@0.000ns fall@10.000ns period=20.000ns})
  Destination:            virtual_seg[22]
                            (output port)
  Path Group:             (none)
  Path Type:              Min at Fast Process Corner
  Data Path Delay:        2.146ns  (logic 1.467ns (68.349%)  route 0.679ns (31.651%))
  Logic Levels:           2  (LUT6=1 OBUF=1)
  Clock Uncertainty:      0.150ns  ((TSJ^2 + DJ^2)^1/2) / 2 + PE
    Total System Jitter     (TSJ):    0.050ns
    Discrete Jitter          (DJ):    0.124ns
    Phase Error              (PE):    0.083ns

    Location             Delay type                Incr(ns)  Path(ns)    Netlist Resource(s)
  -------------------------------------------------------------------    -------------------
                         (clock clk_out1_pll rise edge)
                                                      0.000     0.000 r  
    AD12                                              0.000     0.000 r  i_sys_clk_p (IN)
                         net (fo=0)                   0.000     0.000    pll_inst/inst/clk_in1_p
    AD12                 IBUFDS (Prop_ibufds_I_O)     0.388     0.388 r  pll_inst/inst/clkin1_ibufgds/O
                         net (fo=1, routed)           1.083     1.471    pll_inst/inst/clk_in1_pll_buf
    BUFGCTRL_X0Y3        BUFG (Prop_bufg_I_O)         0.026     1.497 r  pll_inst/inst/clkin1_bufg1/O
                         net (fo=1, routed)           0.767     2.264    pll_inst/inst/clk_in1_pll
    PLLE2_ADV_X1Y0       PLLE2_ADV (Prop_plle2_adv_CLKIN1_CLKOUT0)
                                                     -1.938     0.326 r  pll_inst/inst/plle2_adv_inst/CLKOUT0
                         net (fo=1, routed)           1.145     1.471    pll_inst/inst/clk_out1_pll
    BUFGCTRL_X0Y1        BUFG (Prop_bufg_I_O)         0.026     1.497 r  pll_inst/inst/clkout1_buf/O
                         net (fo=434, routed)         0.639     2.136    student_top_inst/bridge_inst/CLK
    SLICE_X21Y139        FDCE                                         r  student_top_inst/bridge_inst/seg_wdata_cnt_reg[17]/C
  -------------------------------------------------------------------    -------------------
    SLICE_X21Y139        FDCE (Prop_fdce_C_Q)         0.100     2.236 f  student_top_inst/bridge_inst/seg_wdata_cnt_reg[17]/Q
                         net (fo=7, routed)           0.237     2.473    student_top_inst/bridge_inst/seg_driver/status_buffer_reg[4][4][17]
    SLICE_X10Y139        LUT6 (Prop_lut6_I3_O)        0.028     2.501 r  student_top_inst/bridge_inst/seg_driver/virtual_seg_OBUF[22]_inst_i_1/O
                         net (fo=2, routed)           0.442     2.944    virtual_seg_OBUF[22]
    T22                  OBUF (Prop_obuf_I_O)         1.339     4.282 r  virtual_seg_OBUF[22]_inst/O
                         net (fo=0)                   0.000     4.282    virtual_seg[22]
    T22                                                               r  virtual_seg[22] (OUT)
  -------------------------------------------------------------------    -------------------

Slack:                    inf
  Source:                 uart_inst/tx_reg/C
                            (rising edge-triggered cell FDPE clocked by clk_out1_pll  {rise@0.000ns fall@10.000ns period=20.000ns})
  Destination:            o_uart_tx
                            (output port)
  Path Group:             (none)
  Path Type:              Min at Fast Process Corner
  Data Path Delay:        2.122ns  (logic 1.033ns (48.668%)  route 1.089ns (51.332%))
  Logic Levels:           1  (OBUF=1)
  Clock Uncertainty:      0.150ns  ((TSJ^2 + DJ^2)^1/2) / 2 + PE
    Total System Jitter     (TSJ):    0.050ns
    Discrete Jitter          (DJ):    0.124ns
    Phase Error              (PE):    0.083ns

    Location             Delay type                Incr(ns)  Path(ns)    Netlist Resource(s)
  -------------------------------------------------------------------    -------------------
                         (clock clk_out1_pll rise edge)
                                                      0.000     0.000 r  
    AD12                                              0.000     0.000 r  i_sys_clk_p (IN)
                         net (fo=0)                   0.000     0.000    pll_inst/inst/clk_in1_p
    AD12                 IBUFDS (Prop_ibufds_I_O)     0.388     0.388 r  pll_inst/inst/clkin1_ibufgds/O
                         net (fo=1, routed)           1.083     1.471    pll_inst/inst/clk_in1_pll_buf
    BUFGCTRL_X0Y3        BUFG (Prop_bufg_I_O)         0.026     1.497 r  pll_inst/inst/clkin1_bufg1/O
                         net (fo=1, routed)           0.767     2.264    pll_inst/inst/clk_in1_pll
    PLLE2_ADV_X1Y0       PLLE2_ADV (Prop_plle2_adv_CLKIN1_CLKOUT0)
                                                     -1.938     0.326 r  pll_inst/inst/plle2_adv_inst/CLKOUT0
                         net (fo=1, routed)           1.145     1.471    pll_inst/inst/clk_out1_pll
    BUFGCTRL_X0Y1        BUFG (Prop_bufg_I_O)         0.026     1.497 r  pll_inst/inst/clkout1_buf/O
                         net (fo=434, routed)         0.673     2.170    uart_inst/clk_out1
    SLICE_X6Y141         FDPE                                         r  uart_inst/tx_reg/C
  -------------------------------------------------------------------    -------------------
    SLICE_X6Y141         FDPE (Prop_fdpe_C_Q)         0.118     2.288 r  uart_inst/tx_reg/Q
                         net (fo=1, routed)           1.089     3.378    o_uart_tx_OBUF
    E23                  OBUF (Prop_obuf_I_O)         0.915     4.293 r  o_uart_tx_OBUF_inst/O
                         net (fo=0)                   0.000     4.293    o_uart_tx
    E23                                                               r  o_uart_tx (OUT)
  -------------------------------------------------------------------    -------------------





--------------------------------------------------------------------------------------
Path Group:  (none)
From Clock:  
  To Clock:  clk_out1_pll

Max Delay             1 Endpoint
Min Delay             1 Endpoint
--------------------------------------------------------------------------------------


Max Delay Paths
--------------------------------------------------------------------------------------
Slack:                    inf
  Source:                 i_uart_rx
                            (input port)
  Destination:            uart_inst/rx_d0_reg/D
                            (rising edge-triggered cell FDPE clocked by clk_out1_pll  {rise@0.000ns fall@10.000ns period=20.000ns})
  Path Group:             (none)
  Path Type:              Setup (Max at Slow Process Corner)
  Data Path Delay:        3.818ns  (logic 1.027ns (26.892%)  route 2.791ns (73.108%))
  Logic Levels:           1  (IBUF=1)
  Clock Path Skew:        4.448ns (DCD - SCD + CPR)
    Destination Clock Delay (DCD):    4.448ns
    Source Clock Delay      (SCD):    0.000ns
    Clock Pessimism Removal (CPR):    0.000ns
  Clock Uncertainty:      0.150ns  ((TSJ^2 + DJ^2)^1/2) / 2 + PE
    Total System Jitter     (TSJ):    0.050ns
    Discrete Jitter          (DJ):    0.124ns
    Phase Error              (PE):    0.083ns

    Location             Delay type                Incr(ns)  Path(ns)    Netlist Resource(s)
  -------------------------------------------------------------------    -------------------
    D23                                               0.000     0.000 r  i_uart_rx (IN)
                         net (fo=0)                   0.000     0.000    i_uart_rx
    D23                  IBUF (Prop_ibuf_I_O)         1.027     1.027 r  i_uart_rx_IBUF_inst/O
                         net (fo=1, routed)           2.791     3.818    uart_inst/i_uart_rx_IBUF
    SLICE_X5Y141         FDPE                                         r  uart_inst/rx_d0_reg/D
  -------------------------------------------------------------------    -------------------

                         (clock clk_out1_pll rise edge)
                                                      0.000     0.000 r  
    AD12                                              0.000     0.000 r  i_sys_clk_p (IN)
                         net (fo=0)                   0.000     0.000    pll_inst/inst/clk_in1_p
    AD12                 IBUFDS (Prop_ibufds_I_O)     0.803     0.803 r  pll_inst/inst/clkin1_ibufgds/O
                         net (fo=1, routed)           2.173     2.976    pll_inst/inst/clk_in1_pll_buf
    BUFGCTRL_X0Y3        BUFG (Prop_bufg_I_O)         0.083     3.059 r  pll_inst/inst/clkin1_bufg1/O
                         net (fo=1, routed)           1.796     4.855    pll_inst/inst/clk_in1_pll
    PLLE2_ADV_X1Y0       PLLE2_ADV (Prop_plle2_adv_CLKIN1_CLKOUT0)
                                                     -4.213     0.642 r  pll_inst/inst/plle2_adv_inst/CLKOUT0
                         net (fo=1, routed)           2.334     2.976    pll_inst/inst/clk_out1_pll
    BUFGCTRL_X0Y1        BUFG (Prop_bufg_I_O)         0.083     3.059 r  pll_inst/inst/clkout1_buf/O
                         net (fo=434, routed)         1.389     4.448    uart_inst/clk_out1
    SLICE_X5Y141         FDPE                                         r  uart_inst/rx_d0_reg/C





Min Delay Paths
--------------------------------------------------------------------------------------
Slack:                    inf
  Source:                 i_uart_rx
                            (input port)
  Destination:            uart_inst/rx_d0_reg/D
                            (rising edge-triggered cell FDPE clocked by clk_out1_pll  {rise@0.000ns fall@10.000ns period=20.000ns})
  Path Group:             (none)
  Path Type:              Hold (Min at Fast Process Corner)
  Data Path Delay:        1.720ns  (logic 0.186ns (10.842%)  route 1.533ns (89.158%))
  Logic Levels:           1  (IBUF=1)
  Clock Path Skew:        2.548ns (DCD - SCD - CPR)
    Destination Clock Delay (DCD):    2.548ns
    Source Clock Delay      (SCD):    0.000ns
    Clock Pessimism Removal (CPR):    -0.000ns

    Location             Delay type                Incr(ns)  Path(ns)    Netlist Resource(s)
  -------------------------------------------------------------------    -------------------
    D23                                               0.000     0.000 r  i_uart_rx (IN)
                         net (fo=0)                   0.000     0.000    i_uart_rx
    D23                  IBUF (Prop_ibuf_I_O)         0.186     0.186 r  i_uart_rx_IBUF_inst/O
                         net (fo=1, routed)           1.533     1.720    uart_inst/i_uart_rx_IBUF
    SLICE_X5Y141         FDPE                                         r  uart_inst/rx_d0_reg/D
  -------------------------------------------------------------------    -------------------

                         (clock clk_out1_pll rise edge)
                                                      0.000     0.000 r  
    AD12                                              0.000     0.000 r  i_sys_clk_p (IN)
                         net (fo=0)                   0.000     0.000    pll_inst/inst/clk_in1_p
    AD12                 IBUFDS (Prop_ibufds_I_O)     0.470     0.470 r  pll_inst/inst/clkin1_ibufgds/O
                         net (fo=1, routed)           1.154     1.624    pll_inst/inst/clk_in1_pll_buf
    BUFGCTRL_X0Y3        BUFG (Prop_bufg_I_O)         0.030     1.654 r  pll_inst/inst/clkin1_bufg1/O
                         net (fo=1, routed)           1.037     2.691    pll_inst/inst/clk_in1_pll
    PLLE2_ADV_X1Y0       PLLE2_ADV (Prop_plle2_adv_CLKIN1_CLKOUT0)
                                                     -2.283     0.408 r  pll_inst/inst/plle2_adv_inst/CLKOUT0
                         net (fo=1, routed)           1.216     1.624    pll_inst/inst/clk_out1_pll
    BUFGCTRL_X0Y1        BUFG (Prop_bufg_I_O)         0.030     1.654 r  pll_inst/inst/clkout1_buf/O
                         net (fo=434, routed)         0.894     2.548    uart_inst/clk_out1
    SLICE_X5Y141         FDPE                                         r  uart_inst/rx_d0_reg/C





