Copyright 1986-2022 Xilinx, Inc. All Rights Reserved. Copyright 2022-2026 Advanced Micro Devices, Inc. All Rights Reserved.
-----------------------------------------------------------------------------------------------------------------------------------------------------------------------------------------------------------------
| Tool Version : Vivado v.2025.2.1 (lin64) Build 6403652 Thu Mar 19 13:47:00 MDT 2026
| Date         : Fri Jul 17 17:11:22 2026
| Host         : localhost.localdomain running 64-bit openSUSE Tumbleweed
| Command      : report_timing_summary -max_paths 10 -routable_nets -report_unconstrained -file fpga_top_timing_summary_routed.rpt -pb fpga_top_timing_summary_routed.pb -rpx fpga_top_timing_summary_routed.rpx
| Design       : fpga_top
| Device       : 7k325t-ffg900
| Speed File   : -2  PRODUCTION 1.12 2017-02-17
| Design State : Routed
-----------------------------------------------------------------------------------------------------------------------------------------------------------------------------------------------------------------

Timing Summary Report

------------------------------------------------------------------------------------------------
| Timer Settings
| --------------
------------------------------------------------------------------------------------------------

  Enable Multi Corner Analysis               :  Yes
  Enable Pessimism Removal                   :  Yes
  Pessimism Removal Resolution               :  Nearest Common Node
  Enable Input Delay Default Clock           :  No
  Enable Preset / Clear Arcs                 :  No
  Disable Flight Delays                      :  No
  Ignore I/O Paths                           :  No
  Timing Early Launch at Borrowing Latches   :  No
  Borrow Time for Max Delay Exceptions       :  Yes
  Merge Timing Exceptions                    :  Yes
  Inter-SLR Compensation                     :  Conservative

  Corner  Analyze    Analyze    
  Name    Max Paths  Min Paths  
  ------  ---------  ---------  
  Slow    Yes        Yes        
  Fast    Yes        Yes        


------------------------------------------------------------------------------------------------
| Report Methodology
| ------------------
------------------------------------------------------------------------------------------------

Rule      Severity  Description                                                Violations  
--------  --------  ---------------------------------------------------------  ----------  
SYNTH-5   Warning   Mapped onto distributed RAM because of timing constraints  4           
SYNTH-6   Warning   Timing of a RAM block might be sub-optimal                 16          
SYNTH-10  Warning   Wide multiplier                                            4           
SYNTH-15  Warning   Byte wide write enable not inferred                        16          

Note: This report is based on the most recent report_methodology run and may not be up-to-date. Run report_methodology on the current design for the latest report.



check_timing report

Table of Contents
-----------------
1. checking no_clock (0)
2. checking constant_clock (0)
3. checking pulse_width_clock (0)
4. checking unconstrained_internal_endpoints (0)
5. checking no_input_delay (1)
6. checking no_output_delay (5)
7. checking multiple_clock (0)
8. checking generated_clocks (0)
9. checking loops (0)
10. checking partial_input_delay (0)
11. checking partial_output_delay (0)
12. checking latch_loops (0)

1. checking no_clock (0)
------------------------
 There are 0 register/latch pins with no clock.


2. checking constant_clock (0)
------------------------------
 There are 0 register/latch pins with constant_clock.


3. checking pulse_width_clock (0)
---------------------------------
 There are 0 register/latch pins which need pulse_width check


4. checking unconstrained_internal_endpoints (0)
------------------------------------------------
 There are 0 pins that are not constrained for maximum delay.

 There are 0 pins that are not constrained for maximum delay due to constant clock.


5. checking no_input_delay (1)
------------------------------
 There are 0 input ports with no input delay specified.

 There is 1 input port with no input delay but user has a false path constraint. (MEDIUM)


6. checking no_output_delay (5)
-------------------------------
 There are 0 ports with no output delay specified.

 There are 5 ports with no output delay but user has a false path constraint (MEDIUM)

 There are 0 ports with no output delay but with a timing clock defined on it or propagating through it


7. checking multiple_clock (0)
------------------------------
 There are 0 register/latch pins with multiple clocks.


8. checking generated_clocks (0)
--------------------------------
 There are 0 generated clocks that are not connected to a clock source.


9. checking loops (0)
---------------------
 There are 0 combinational loops in the design.


10. checking partial_input_delay (0)
------------------------------------
 There are 0 input ports with partial input delay specified.


11. checking partial_output_delay (0)
-------------------------------------
 There are 0 ports with partial output delay specified.


12. checking latch_loops (0)
----------------------------
 There are 0 combinational latch loops in the design through latch input



------------------------------------------------------------------------------------------------
| Design Timing Summary
| ---------------------
------------------------------------------------------------------------------------------------

    WNS(ns)      TNS(ns)  TNS Failing Endpoints  TNS Total Endpoints      WHS(ns)      THS(ns)  THS Failing Endpoints  THS Total Endpoints     WPWS(ns)     TPWS(ns)  TPWS Failing Endpoints  TPWS Total Endpoints  
    -------      -------  ---------------------  -------------------      -------      -------  ---------------------  -------------------     --------     --------  ----------------------  --------------------  
      0.283        0.000                      0                 7782        0.085        0.000                      0                 7782        1.100        0.000                       0                  2182  


All user specified timing constraints are met.


------------------------------------------------------------------------------------------------
| Clock Summary
| -------------
------------------------------------------------------------------------------------------------

Clock       Waveform(ns)         Period(ns)      Frequency(MHz)
-----       ------------         ----------      --------------
sys_clk     {0.000 2.500}        5.000           200.000         
  clk_fb    {0.000 2.500}        5.000           200.000         
  clk_out0  {0.000 2.500}        5.000           200.000         


------------------------------------------------------------------------------------------------
| Intra Clock Table
| -----------------
------------------------------------------------------------------------------------------------

Clock             WNS(ns)      TNS(ns)  TNS Failing Endpoints  TNS Total Endpoints      WHS(ns)      THS(ns)  THS Failing Endpoints  THS Total Endpoints     WPWS(ns)     TPWS(ns)  TPWS Failing Endpoints  TPWS Total Endpoints  
-----             -------      -------  ---------------------  -------------------      -------      -------  ---------------------  -------------------     --------     --------  ----------------------  --------------------  
sys_clk                                                                                                                                                         1.100        0.000                       0                     1  
  clk_fb                                                                                                                                                        3.929        0.000                       0                     2  
  clk_out0          0.283        0.000                      0                 7782        0.085        0.000                      0                 7782        1.732        0.000                       0                  2179  


------------------------------------------------------------------------------------------------
| Inter Clock Table
| -----------------
------------------------------------------------------------------------------------------------

From Clock    To Clock          WNS(ns)      TNS(ns)  TNS Failing Endpoints  TNS Total Endpoints      WHS(ns)      THS(ns)  THS Failing Endpoints  THS Total Endpoints  
----------    --------          -------      -------  ---------------------  -------------------      -------      -------  ---------------------  -------------------  


------------------------------------------------------------------------------------------------
| Other Path Groups Table
| -----------------------
------------------------------------------------------------------------------------------------

Path Group    From Clock    To Clock          WNS(ns)      TNS(ns)  TNS Failing Endpoints  TNS Total Endpoints      WHS(ns)      THS(ns)  THS Failing Endpoints  THS Total Endpoints  
----------    ----------    --------          -------      -------  ---------------------  -------------------      -------      -------  ---------------------  -------------------  


------------------------------------------------------------------------------------------------
| User Ignored Path Table
| -----------------------
------------------------------------------------------------------------------------------------

Path Group    From Clock    To Clock    
----------    ----------    --------    
(none)        clk_out0                    
(none)                      clk_out0      


------------------------------------------------------------------------------------------------
| Unconstrained Path Table
| ------------------------
------------------------------------------------------------------------------------------------

Path Group    From Clock    To Clock    
----------    ----------    --------    


------------------------------------------------------------------------------------------------
| Timing Details
| --------------
------------------------------------------------------------------------------------------------


---------------------------------------------------------------------------------------------------
From Clock:  sys_clk
  To Clock:  sys_clk

Setup :           NA  Failing Endpoints,  Worst Slack           NA  ,  Total Violation           NA
Hold  :           NA  Failing Endpoints,  Worst Slack           NA  ,  Total Violation           NA
PW    :            0  Failing Endpoints,  Worst Slack        1.100ns,  Total Violation        0.000ns
---------------------------------------------------------------------------------------------------


Pulse Width Checks
--------------------------------------------------------------------------------------
Clock Name:         sys_clk
Waveform(ns):       { 0.000 2.500 }
Period(ns):         5.000
Sources:            { sys_clk_p }

Check Type        Corner  Lib Pin            Reference Pin  Required(ns)  Actual(ns)  Slack(ns)  Location         Pin
Min Period        n/a     MMCME2_ADV/CLKIN1  n/a            1.071         5.000       3.929      MMCME2_ADV_X1Y1  u_mmcm/CLKIN1
Max Period        n/a     MMCME2_ADV/CLKIN1  n/a            100.000       5.000       95.000     MMCME2_ADV_X1Y1  u_mmcm/CLKIN1
Low Pulse Width   Slow    MMCME2_ADV/CLKIN1  n/a            1.400         2.500       1.100      MMCME2_ADV_X1Y1  u_mmcm/CLKIN1
Low Pulse Width   Fast    MMCME2_ADV/CLKIN1  n/a            1.400         2.500       1.100      MMCME2_ADV_X1Y1  u_mmcm/CLKIN1
High Pulse Width  Slow    MMCME2_ADV/CLKIN1  n/a            1.400         2.500       1.100      MMCME2_ADV_X1Y1  u_mmcm/CLKIN1
High Pulse Width  Fast    MMCME2_ADV/CLKIN1  n/a            1.400         2.500       1.100      MMCME2_ADV_X1Y1  u_mmcm/CLKIN1



---------------------------------------------------------------------------------------------------
From Clock:  clk_fb
  To Clock:  clk_fb

Setup :           NA  Failing Endpoints,  Worst Slack           NA  ,  Total Violation           NA
Hold  :           NA  Failing Endpoints,  Worst Slack           NA  ,  Total Violation           NA
PW    :            0  Failing Endpoints,  Worst Slack        3.929ns,  Total Violation        0.000ns
---------------------------------------------------------------------------------------------------


Pulse Width Checks
--------------------------------------------------------------------------------------
Clock Name:         clk_fb
Waveform(ns):       { 0.000 2.500 }
Period(ns):         5.000
Sources:            { u_mmcm/CLKFBOUT }

Check Type  Corner  Lib Pin              Reference Pin  Required(ns)  Actual(ns)  Slack(ns)  Location         Pin
Min Period  n/a     MMCME2_ADV/CLKFBOUT  n/a            1.071         5.000       3.929      MMCME2_ADV_X1Y1  u_mmcm/CLKFBOUT
Min Period  n/a     MMCME2_ADV/CLKFBIN   n/a            1.071         5.000       3.929      MMCME2_ADV_X1Y1  u_mmcm/CLKFBIN
Max Period  n/a     MMCME2_ADV/CLKFBIN   n/a            100.000       5.000       95.000     MMCME2_ADV_X1Y1  u_mmcm/CLKFBIN
Max Period  n/a     MMCME2_ADV/CLKFBOUT  n/a            213.360       5.000       208.360    MMCME2_ADV_X1Y1  u_mmcm/CLKFBOUT



---------------------------------------------------------------------------------------------------
From Clock:  clk_out0
  To Clock:  clk_out0

Setup :            0  Failing Endpoints,  Worst Slack        0.283ns,  Total Violation        0.000ns
Hold  :            0  Failing Endpoints,  Worst Slack        0.085ns,  Total Violation        0.000ns
PW    :            0  Failing Endpoints,  Worst Slack        1.732ns,  Total Violation        0.000ns
---------------------------------------------------------------------------------------------------


Max Delay Paths
--------------------------------------------------------------------------------------
Slack (MET) :             0.283ns  (required time - arrival time)
  Source:                 u_core/fs_rs2_e0_reg[5]/C
                            (rising edge-triggered cell FDRE clocked by clk_out0  {rise@0.000ns fall@2.500ns period=5.000ns})
  Destination:            u_core/alu_m0_reg[28]/D
                            (rising edge-triggered cell FDRE clocked by clk_out0  {rise@0.000ns fall@2.500ns period=5.000ns})
  Path Group:             clk_out0
  Path Type:              Setup (Max at Slow Process Corner)
  Requirement:            5.000ns  (clk_out0 rise@5.000ns - clk_out0 rise@0.000ns)
  Data Path Delay:        4.606ns  (logic 0.875ns (18.995%)  route 3.731ns (81.005%))
  Logic Levels:           10  (LUT3=1 LUT5=1 LUT6=6 MUXF7=2)
  Clock Path Skew:        -0.103ns (DCD - SCD + CPR)
    Destination Clock Delay (DCD):    5.211ns = ( 10.211 - 5.000 ) 
    Source Clock Delay      (SCD):    5.739ns
    Clock Pessimism Removal (CPR):    0.424ns
  Clock Uncertainty:      0.056ns  ((TSJ^2 + DJ^2)^1/2) / 2 + PE
    Total System Jitter     (TSJ):    0.071ns
    Discrete Jitter          (DJ):    0.086ns
    Phase Error              (PE):    0.000ns

    Location             Delay type                Incr(ns)  Path(ns)    Netlist Resource(s)
  -------------------------------------------------------------------    -------------------
                         (clock clk_out0 rise edge)
                                                      0.000     0.000 r  
    AD12                                              0.000     0.000 r  sys_clk_p (IN)
                         net (fo=0)                   0.000     0.000    sys_clk_p
    AD12                 IBUFDS (Prop_ibufds_I_O)     0.906     0.906 r  u_ibufds/O
                         net (fo=1, routed)           1.081     1.987    sys_clk_ibuf
    MMCME2_ADV_X1Y1      MMCME2_ADV (Prop_mmcme2_adv_CLKIN1_CLKOUT0)
                                                      0.077     2.064 r  u_mmcm/CLKOUT0
                         net (fo=1, routed)           2.130     4.194    clk_out0
    BUFGCTRL_X0Y0        BUFG (Prop_bufg_I_O)         0.093     4.287 r  u_bufg/O
                         net (fo=2179, routed)        1.452     5.739    u_core/clk_core
    SLICE_X48Y141        FDRE                                         r  u_core/fs_rs2_e0_reg[5]/C
  -------------------------------------------------------------------    -------------------
    SLICE_X48Y141        FDRE (Prop_fdre_C_Q)         0.223     5.962 f  u_core/fs_rs2_e0_reg[5]/Q
                         net (fo=33, routed)          0.640     6.602    u_core/u_md/prod_r_reg__0_0[5]
    SLICE_X49Y140        LUT6 (Prop_lut6_I3_O)        0.043     6.645 f  u_core/u_md/prod_r0_i_80/O
                         net (fo=42, routed)          0.315     6.960    u_core/u_md/prod_r0_i_80_n_0
    SLICE_X48Y141        LUT6 (Prop_lut6_I0_O)        0.043     7.003 r  u_core/u_md/i_2_LOPT_REMAP_22/O
                         net (fo=1, routed)           0.379     7.382    u_core/u_md/i_2/O_n_22
    SLICE_X50Y141        LUT6 (Prop_lut6_I0_O)        0.043     7.425 r  u_core/u_md/i_0_LOPT_REMAP_22/O
                         net (fo=19, routed)          0.215     7.640    u_core/fwd_mux0_return[3]
    SLICE_X52Y141        LUT3 (Prop_lut3_I2_O)        0.043     7.683 r  u_core/alu_m0[3]_i_10/O
                         net (fo=115, routed)         0.864     8.548    u_core/alu_b0[3]
    SLICE_X60Y145        LUT5 (Prop_lut5_I1_O)        0.043     8.591 r  u_core/alu_m0[28]_i_25/O
                         net (fo=4, routed)           0.455     9.046    u_core/alu_m0[28]_i_25_n_0
    SLICE_X60Y146        LUT6 (Prop_lut6_I0_O)        0.043     9.089 r  u_core/alu_m0[28]_i_14/O
                         net (fo=2, routed)           0.358     9.447    u_core/alu_m0[28]_i_14_n_0
    SLICE_X65Y146        LUT6 (Prop_lut6_I0_O)        0.043     9.490 r  u_core/alu_m0[28]_i_10/O
                         net (fo=1, routed)           0.000     9.490    u_core/alu_m0[28]_i_10_n_0
    SLICE_X65Y146        MUXF7 (Prop_muxf7_I0_O)      0.107     9.597 r  u_core/alu_m0_reg[28]_i_5/O
                         net (fo=1, routed)           0.504    10.101    u_core/alu_m0_reg[28]_i_5_n_0
    SLICE_X51Y146        LUT6 (Prop_lut6_I4_O)        0.124    10.225 r  u_core/alu_m0[28]_i_2/O
                         net (fo=1, routed)           0.000    10.225    u_core/u_md/alu_m0_reg[28]
    SLICE_X51Y146        MUXF7 (Prop_muxf7_I0_O)      0.120    10.345 r  u_core/u_md/alu_m0_reg[28]_i_1/O
                         net (fo=1, routed)           0.000    10.345    u_core/u_md_n_355
    SLICE_X51Y146        FDRE                                         r  u_core/alu_m0_reg[28]/D
  -------------------------------------------------------------------    -------------------

                         (clock clk_out0 rise edge)
                                                      5.000     5.000 r  
    AD12                                              0.000     5.000 r  sys_clk_p (IN)
                         net (fo=0)                   0.000     5.000    sys_clk_p
    AD12                 IBUFDS (Prop_ibufds_I_O)     0.803     5.803 r  u_ibufds/O
                         net (fo=1, routed)           0.986     6.789    sys_clk_ibuf
    MMCME2_ADV_X1Y1      MMCME2_ADV (Prop_mmcme2_adv_CLKIN1_CLKOUT0)
                                                      0.073     6.862 r  u_mmcm/CLKOUT0
                         net (fo=1, routed)           2.005     8.867    clk_out0
    BUFGCTRL_X0Y0        BUFG (Prop_bufg_I_O)         0.083     8.950 r  u_bufg/O
                         net (fo=2179, routed)        1.261    10.211    u_core/clk_core
    SLICE_X51Y146        FDRE                                         r  u_core/alu_m0_reg[28]/C
                         clock pessimism              0.424    10.636    
                         clock uncertainty           -0.056    10.580    
    SLICE_X51Y146        FDRE (Setup_fdre_C_D)        0.048    10.628    u_core/alu_m0_reg[28]
  -------------------------------------------------------------------
                         required time                         10.628    
                         arrival time                         -10.345    
  -------------------------------------------------------------------
                         slack                                  0.283    

Slack (MET) :             0.316ns  (required time - arrival time)
  Source:                 u_core/alu_m1_reg[14]/C
                            (rising edge-triggered cell FDRE clocked by clk_out0  {rise@0.000ns fall@2.500ns period=5.000ns})
  Destination:            u_core/alu_m0_reg[0]/D
                            (rising edge-triggered cell FDRE clocked by clk_out0  {rise@0.000ns fall@2.500ns period=5.000ns})
  Path Group:             clk_out0
  Path Type:              Setup (Max at Slow Process Corner)
  Requirement:            5.000ns  (clk_out0 rise@5.000ns - clk_out0 rise@0.000ns)
  Data Path Delay:        4.545ns  (logic 0.820ns (18.043%)  route 3.725ns (81.957%))
  Logic Levels:           10  (CARRY4=3 LUT3=1 LUT4=1 LUT5=1 LUT6=4)
  Clock Path Skew:        -0.117ns (DCD - SCD + CPR)
    Destination Clock Delay (DCD):    5.211ns = ( 10.211 - 5.000 ) 
    Source Clock Delay      (SCD):    5.753ns
    Clock Pessimism Removal (CPR):    0.424ns
  Clock Uncertainty:      0.056ns  ((TSJ^2 + DJ^2)^1/2) / 2 + PE
    Total System Jitter     (TSJ):    0.071ns
    Discrete Jitter          (DJ):    0.086ns
    Phase Error              (PE):    0.000ns

    Location             Delay type                Incr(ns)  Path(ns)    Netlist Resource(s)
  -------------------------------------------------------------------    -------------------
                         (clock clk_out0 rise edge)
                                                      0.000     0.000 r  
    AD12                                              0.000     0.000 r  sys_clk_p (IN)
                         net (fo=0)                   0.000     0.000    sys_clk_p
    AD12                 IBUFDS (Prop_ibufds_I_O)     0.906     0.906 r  u_ibufds/O
                         net (fo=1, routed)           1.081     1.987    sys_clk_ibuf
    MMCME2_ADV_X1Y1      MMCME2_ADV (Prop_mmcme2_adv_CLKIN1_CLKOUT0)
                                                      0.077     2.064 r  u_mmcm/CLKOUT0
                         net (fo=1, routed)           2.130     4.194    clk_out0
    BUFGCTRL_X0Y0        BUFG (Prop_bufg_I_O)         0.093     4.287 r  u_bufg/O
                         net (fo=2179, routed)        1.466     5.753    u_core/clk_core
    SLICE_X23Y139        FDRE                                         r  u_core/alu_m1_reg[14]/C
  -------------------------------------------------------------------    -------------------
    SLICE_X23Y139        FDRE (Prop_fdre_C_Q)         0.223     5.976 r  u_core/alu_m1_reg[14]/Q
                         net (fo=5, routed)           0.933     6.908    u_core/u_md/alu_m1[14]
    SLICE_X50Y140        LUT4 (Prop_lut4_I2_O)        0.043     6.951 r  u_core/u_md/divisor[14]_i_4/O
                         net (fo=2, routed)           0.373     7.325    u_core/u_md/divisor[14]_i_4_n_0
    SLICE_X50Y140        LUT5 (Prop_lut5_I3_O)        0.043     7.368 r  u_core/u_md/divisor[14]_i_2/O
                         net (fo=17, routed)          0.452     7.820    u_core/u_md_n_14
    SLICE_X50Y145        LUT3 (Prop_lut3_I0_O)        0.043     7.863 r  u_core/alu_m0[14]_i_9/O
                         net (fo=7, routed)           0.654     8.517    u_core/alu_b0[14]
    SLICE_X59Y140        LUT6 (Prop_lut6_I0_O)        0.043     8.560 r  u_core/alu_m0[0]_i_60/O
                         net (fo=2, routed)           0.395     8.955    u_core/alu_m0[0]_i_60_n_0
    SLICE_X59Y142        CARRY4 (Prop_carry4_DI[3]_CO[3])
                                                      0.190     9.145 r  u_core/alu_m0_reg[0]_i_52/CO[3]
                         net (fo=1, routed)           0.000     9.145    u_core/alu_m0_reg[0]_i_52_n_0
    SLICE_X59Y143        CARRY4 (Prop_carry4_CI_CO[3])
                                                      0.053     9.198 r  u_core/alu_m0_reg[0]_i_25/CO[3]
                         net (fo=1, routed)           0.000     9.198    u_core/alu_m0_reg[0]_i_25_n_0
    SLICE_X59Y144        CARRY4 (Prop_carry4_CI_CO[3])
                                                      0.053     9.251 r  u_core/alu_m0_reg[0]_i_10/CO[3]
                         net (fo=1, routed)           0.439     9.690    u_core/u_md/lopt_25
    SLICE_X55Y144        LUT6 (Prop_lut6_I5_O)        0.043     9.733 r  u_core/u_md/i_9_LOPT_REMAP_1/O
                         net (fo=1, routed)           0.328    10.062    u_core/u_md/i_9/O_n_1
    SLICE_X53Y143        LUT6 (Prop_lut6_I1_O)        0.043    10.105 r  u_core/u_md/i_1_LOPT_REMAP_28/O
                         net (fo=1, routed)           0.150    10.254    u_core/u_md/i_1/O_n_28
    SLICE_X53Y143        LUT6 (Prop_lut6_I3_O)        0.043    10.297 r  u_core/u_md/i_0_LOPT_REMAP_28/O
                         net (fo=1, routed)           0.000    10.297    u_core/u_md_n_383
    SLICE_X53Y143        FDRE                                         r  u_core/alu_m0_reg[0]/D
  -------------------------------------------------------------------    -------------------

                         (clock clk_out0 rise edge)
                                                      5.000     5.000 r  
    AD12                                              0.000     5.000 r  sys_clk_p (IN)
                         net (fo=0)                   0.000     5.000    sys_clk_p
    AD12                 IBUFDS (Prop_ibufds_I_O)     0.803     5.803 r  u_ibufds/O
                         net (fo=1, routed)           0.986     6.789    sys_clk_ibuf
    MMCME2_ADV_X1Y1      MMCME2_ADV (Prop_mmcme2_adv_CLKIN1_CLKOUT0)
                                                      0.073     6.862 r  u_mmcm/CLKOUT0
                         net (fo=1, routed)           2.005     8.867    clk_out0
    BUFGCTRL_X0Y0        BUFG (Prop_bufg_I_O)         0.083     8.950 r  u_bufg/O
                         net (fo=2179, routed)        1.261    10.211    u_core/clk_core
    SLICE_X53Y143        FDRE                                         r  u_core/alu_m0_reg[0]/C
                         clock pessimism              0.424    10.636    
                         clock uncertainty           -0.056    10.580    
    SLICE_X53Y143        FDRE (Setup_fdre_C_D)        0.034    10.614    u_core/alu_m0_reg[0]
  -------------------------------------------------------------------
                         required time                         10.614    
                         arrival time                         -10.297    
  -------------------------------------------------------------------
                         slack                                  0.316    

Slack (MET) :             0.326ns  (required time - arrival time)
  Source:                 u_core/fs_rs2_e0_reg[5]/C
                            (rising edge-triggered cell FDRE clocked by clk_out0  {rise@0.000ns fall@2.500ns period=5.000ns})
  Destination:            u_core/alu_m0_reg[11]/D
                            (rising edge-triggered cell FDRE clocked by clk_out0  {rise@0.000ns fall@2.500ns period=5.000ns})
  Path Group:             clk_out0
  Path Type:              Setup (Max at Slow Process Corner)
  Requirement:            5.000ns  (clk_out0 rise@5.000ns - clk_out0 rise@0.000ns)
  Data Path Delay:        4.564ns  (logic 0.857ns (18.779%)  route 3.707ns (81.221%))
  Logic Levels:           10  (LUT3=1 LUT4=1 LUT6=6 MUXF7=2)
  Clock Path Skew:        -0.103ns (DCD - SCD + CPR)
    Destination Clock Delay (DCD):    5.211ns = ( 10.211 - 5.000 ) 
    Source Clock Delay      (SCD):    5.739ns
    Clock Pessimism Removal (CPR):    0.424ns
  Clock Uncertainty:      0.056ns  ((TSJ^2 + DJ^2)^1/2) / 2 + PE
    Total System Jitter     (TSJ):    0.071ns
    Discrete Jitter          (DJ):    0.086ns
    Phase Error              (PE):    0.000ns

    Location             Delay type                Incr(ns)  Path(ns)    Netlist Resource(s)
  -------------------------------------------------------------------    -------------------
                         (clock clk_out0 rise edge)
                                                      0.000     0.000 r  
    AD12                                              0.000     0.000 r  sys_clk_p (IN)
                         net (fo=0)                   0.000     0.000    sys_clk_p
    AD12                 IBUFDS (Prop_ibufds_I_O)     0.906     0.906 r  u_ibufds/O
                         net (fo=1, routed)           1.081     1.987    sys_clk_ibuf
    MMCME2_ADV_X1Y1      MMCME2_ADV (Prop_mmcme2_adv_CLKIN1_CLKOUT0)
                                                      0.077     2.064 r  u_mmcm/CLKOUT0
                         net (fo=1, routed)           2.130     4.194    clk_out0
    BUFGCTRL_X0Y0        BUFG (Prop_bufg_I_O)         0.093     4.287 r  u_bufg/O
                         net (fo=2179, routed)        1.452     5.739    u_core/clk_core
    SLICE_X48Y141        FDRE                                         r  u_core/fs_rs2_e0_reg[5]/C
  -------------------------------------------------------------------    -------------------
    SLICE_X48Y141        FDRE (Prop_fdre_C_Q)         0.223     5.962 r  u_core/fs_rs2_e0_reg[5]/Q
                         net (fo=33, routed)          0.640     6.602    u_core/u_md/prod_r_reg__0_0[5]
    SLICE_X49Y140        LUT6 (Prop_lut6_I3_O)        0.043     6.645 r  u_core/u_md/prod_r0_i_80/O
                         net (fo=42, routed)          0.376     7.021    u_core/u_md/prod_r0_i_80_n_0
    SLICE_X44Y140        LUT6 (Prop_lut6_I0_O)        0.043     7.064 f  u_core/u_md/i_2_LOPT_REMAP_21/O
                         net (fo=1, routed)           0.105     7.169    u_core/u_md/i_2/O_n_21
    SLICE_X44Y140        LUT6 (Prop_lut6_I0_O)        0.043     7.212 f  u_core/u_md/i_0_LOPT_REMAP_21/O
                         net (fo=19, routed)          0.379     7.591    u_core/fwd_mux0_return[4]
    SLICE_X52Y140        LUT3 (Prop_lut3_I2_O)        0.043     7.634 f  u_core/alu_m0[4]_i_9/O
                         net (fo=115, routed)         0.855     8.489    u_core/alu_b0[4]
    SLICE_X64Y147        LUT4 (Prop_lut4_I3_O)        0.043     8.532 r  u_core/alu_m0[18]_i_18/O
                         net (fo=4, routed)           0.519     9.051    u_core/alu_m0[18]_i_18_n_0
    SLICE_X65Y144        LUT6 (Prop_lut6_I0_O)        0.043     9.094 r  u_core/alu_m0[12]_i_16/O
                         net (fo=2, routed)           0.327     9.421    u_core/alu_m0[12]_i_16_n_0
    SLICE_X62Y144        LUT6 (Prop_lut6_I3_O)        0.043     9.464 r  u_core/alu_m0[11]_i_14/O
                         net (fo=1, routed)           0.000     9.464    u_core/alu_m0[11]_i_14_n_0
    SLICE_X62Y144        MUXF7 (Prop_muxf7_I1_O)      0.103     9.567 r  u_core/alu_m0_reg[11]_i_5/O
                         net (fo=1, routed)           0.505    10.072    u_core/alu_m0_reg[11]_i_5_n_0
    SLICE_X53Y143        LUT6 (Prop_lut6_I4_O)        0.123    10.195 r  u_core/alu_m0[11]_i_2/O
                         net (fo=1, routed)           0.000    10.195    u_core/u_md/alu_m0_reg[11]_0
    SLICE_X53Y143        MUXF7 (Prop_muxf7_I0_O)      0.107    10.302 r  u_core/u_md/alu_m0_reg[11]_i_1/O
                         net (fo=1, routed)           0.000    10.302    u_core/u_md_n_372
    SLICE_X53Y143        FDRE                                         r  u_core/alu_m0_reg[11]/D
  -------------------------------------------------------------------    -------------------

                         (clock clk_out0 rise edge)
                                                      5.000     5.000 r  
    AD12                                              0.000     5.000 r  sys_clk_p (IN)
                         net (fo=0)                   0.000     5.000    sys_clk_p
    AD12                 IBUFDS (Prop_ibufds_I_O)     0.803     5.803 r  u_ibufds/O
                         net (fo=1, routed)           0.986     6.789    sys_clk_ibuf
    MMCME2_ADV_X1Y1      MMCME2_ADV (Prop_mmcme2_adv_CLKIN1_CLKOUT0)
                                                      0.073     6.862 r  u_mmcm/CLKOUT0
                         net (fo=1, routed)           2.005     8.867    clk_out0
    BUFGCTRL_X0Y0        BUFG (Prop_bufg_I_O)         0.083     8.950 r  u_bufg/O
                         net (fo=2179, routed)        1.261    10.211    u_core/clk_core
    SLICE_X53Y143        FDRE                                         r  u_core/alu_m0_reg[11]/C
                         clock pessimism              0.424    10.636    
                         clock uncertainty           -0.056    10.580    
    SLICE_X53Y143        FDRE (Setup_fdre_C_D)        0.048    10.628    u_core/alu_m0_reg[11]
  -------------------------------------------------------------------
                         required time                         10.628    
                         arrival time                         -10.302    
  -------------------------------------------------------------------
                         slack                                  0.326    

Slack (MET) :             0.351ns  (required time - arrival time)
  Source:                 u_core/q_instr_reg[1][0]/C
                            (rising edge-triggered cell FDRE clocked by clk_out0  {rise@0.000ns fall@2.500ns period=5.000ns})
  Destination:            u_core/q_instr_reg[3][11]/CE
                            (rising edge-triggered cell FDRE clocked by clk_out0  {rise@0.000ns fall@2.500ns period=5.000ns})
  Path Group:             clk_out0
  Path Type:              Setup (Max at Slow Process Corner)
  Requirement:            5.000ns  (clk_out0 rise@5.000ns - clk_out0 rise@0.000ns)
  Data Path Delay:        4.345ns  (logic 0.646ns (14.868%)  route 3.699ns (85.132%))
  Logic Levels:           9  (LUT2=1 LUT4=1 LUT5=3 LUT6=4)
  Clock Path Skew:        -0.047ns (DCD - SCD + CPR)
    Destination Clock Delay (DCD):    5.272ns = ( 10.272 - 5.000 ) 
    Source Clock Delay      (SCD):    5.744ns
    Clock Pessimism Removal (CPR):    0.424ns
  Clock Uncertainty:      0.056ns  ((TSJ^2 + DJ^2)^1/2) / 2 + PE
    Total System Jitter     (TSJ):    0.071ns
    Discrete Jitter          (DJ):    0.086ns
    Phase Error              (PE):    0.000ns

    Location             Delay type                Incr(ns)  Path(ns)    Netlist Resource(s)
  -------------------------------------------------------------------    -------------------
                         (clock clk_out0 rise edge)
                                                      0.000     0.000 r  
    AD12                                              0.000     0.000 r  sys_clk_p (IN)
                         net (fo=0)                   0.000     0.000    sys_clk_p
    AD12                 IBUFDS (Prop_ibufds_I_O)     0.906     0.906 r  u_ibufds/O
                         net (fo=1, routed)           1.081     1.987    sys_clk_ibuf
    MMCME2_ADV_X1Y1      MMCME2_ADV (Prop_mmcme2_adv_CLKIN1_CLKOUT0)
                                                      0.077     2.064 r  u_mmcm/CLKOUT0
                         net (fo=1, routed)           2.130     4.194    clk_out0
    BUFGCTRL_X0Y0        BUFG (Prop_bufg_I_O)         0.093     4.287 r  u_bufg/O
                         net (fo=2179, routed)        1.457     5.744    u_core/clk_core
    SLICE_X10Y128        FDRE                                         r  u_core/q_instr_reg[1][0]/C
  -------------------------------------------------------------------    -------------------
    SLICE_X10Y128        FDRE (Prop_fdre_C_Q)         0.259     6.003 r  u_core/q_instr_reg[1][0]/Q
                         net (fo=6, routed)           0.407     6.410    u_core/q_instr_reg_n_0_[1][0]
    SLICE_X10Y130        LUT2 (Prop_lut2_I0_O)        0.043     6.453 f  u_core/alu_op_e1[3]_i_3/O
                         net (fo=15, routed)          0.392     6.845    u_core/alu_op_e1[3]_i_3_n_0
    SLICE_X10Y130        LUT6 (Prop_lut6_I4_O)        0.043     6.888 r  u_core/fs_rs1_e1[5]_i_4/O
                         net (fo=2, routed)           0.332     7.221    u_core/uses_rs1_1
    SLICE_X15Y135        LUT6 (Prop_lut6_I0_O)        0.043     7.264 r  u_core/fs_rs1_e1[5]_i_2/O
                         net (fo=7, routed)           0.369     7.633    u_core/fs_rs1_e1[5]_i_2_n_0
    SLICE_X15Y135        LUT5 (Prop_lut5_I1_O)        0.043     7.676 r  u_core/q_pc[0][31]_i_10/O
                         net (fo=2, routed)           0.338     8.014    u_core/q_pc[0][31]_i_10_n_0
    SLICE_X16Y133        LUT4 (Prop_lut4_I1_O)        0.043     8.057 r  u_core/i_4_LOPT_REMAP_1/O
                         net (fo=1, routed)           0.233     8.290    u_core/i_4/O_n_1
    SLICE_X17Y133        LUT5 (Prop_lut5_I3_O)        0.043     8.333 r  u_core/i_0_LOPT_REMAP_45/O
                         net (fo=11, routed)          0.460     8.792    u_core/u_md/q_pred_reg[0]
    SLICE_X20Y129        LUT5 (Prop_lut5_I4_O)        0.043     8.835 r  u_core/u_md/q_cnt[1]_i_3/O
                         net (fo=4, routed)           0.349     9.185    u_core/u_md/q_cnt[1]_i_3_n_0
    SLICE_X20Y129        LUT6 (Prop_lut6_I5_O)        0.043     9.228 f  u_core/u_md/q_cnt[2]_i_2/O
                         net (fo=67, routed)          0.181     9.409    u_core/u_md/q_cnt[2]_i_2_n_0
    SLICE_X20Y129        LUT6 (Prop_lut6_I5_O)        0.043     9.452 r  u_core/u_md/q_pc[3][31]_i_1/O
                         net (fo=65, routed)          0.637    10.089    u_core/u_md_n_140
    SLICE_X19Y123        FDRE                                         r  u_core/q_instr_reg[3][11]/CE
  -------------------------------------------------------------------    -------------------

                         (clock clk_out0 rise edge)
                                                      5.000     5.000 r  
    AD12                                              0.000     5.000 r  sys_clk_p (IN)
                         net (fo=0)                   0.000     5.000    sys_clk_p
    AD12                 IBUFDS (Prop_ibufds_I_O)     0.803     5.803 r  u_ibufds/O
                         net (fo=1, routed)           0.986     6.789    sys_clk_ibuf
    MMCME2_ADV_X1Y1      MMCME2_ADV (Prop_mmcme2_adv_CLKIN1_CLKOUT0)
                                                      0.073     6.862 r  u_mmcm/CLKOUT0
                         net (fo=1, routed)           2.005     8.867    clk_out0
    BUFGCTRL_X0Y0        BUFG (Prop_bufg_I_O)         0.083     8.950 r  u_bufg/O
                         net (fo=2179, routed)        1.322    10.272    u_core/clk_core
    SLICE_X19Y123        FDRE                                         r  u_core/q_instr_reg[3][11]/C
                         clock pessimism              0.424    10.697    
                         clock uncertainty           -0.056    10.641    
    SLICE_X19Y123        FDRE (Setup_fdre_C_CE)      -0.201    10.440    u_core/q_instr_reg[3][11]
  -------------------------------------------------------------------
                         required time                         10.440    
                         arrival time                         -10.089    
  -------------------------------------------------------------------
                         slack                                  0.351    

Slack (MET) :             0.374ns  (required time - arrival time)
  Source:                 u_core/q_instr_reg[1][0]/C
                            (rising edge-triggered cell FDRE clocked by clk_out0  {rise@0.000ns fall@2.500ns period=5.000ns})
  Destination:            u_core/q_instr_reg[0][10]/CE
                            (rising edge-triggered cell FDRE clocked by clk_out0  {rise@0.000ns fall@2.500ns period=5.000ns})
  Path Group:             clk_out0
  Path Type:              Setup (Max at Slow Process Corner)
  Requirement:            5.000ns  (clk_out0 rise@5.000ns - clk_out0 rise@0.000ns)
  Data Path Delay:        4.345ns  (logic 0.646ns (14.868%)  route 3.699ns (85.132%))
  Logic Levels:           9  (LUT2=1 LUT4=1 LUT5=3 LUT6=4)
  Clock Path Skew:        -0.024ns (DCD - SCD + CPR)
    Destination Clock Delay (DCD):    5.273ns = ( 10.273 - 5.000 ) 
    Source Clock Delay      (SCD):    5.744ns
    Clock Pessimism Removal (CPR):    0.446ns
  Clock Uncertainty:      0.056ns  ((TSJ^2 + DJ^2)^1/2) / 2 + PE
    Total System Jitter     (TSJ):    0.071ns
    Discrete Jitter          (DJ):    0.086ns
    Phase Error              (PE):    0.000ns

    Location             Delay type                Incr(ns)  Path(ns)    Netlist Resource(s)
  -------------------------------------------------------------------    -------------------
                         (clock clk_out0 rise edge)
                                                      0.000     0.000 r  
    AD12                                              0.000     0.000 r  sys_clk_p (IN)
                         net (fo=0)                   0.000     0.000    sys_clk_p
    AD12                 IBUFDS (Prop_ibufds_I_O)     0.906     0.906 r  u_ibufds/O
                         net (fo=1, routed)           1.081     1.987    sys_clk_ibuf
    MMCME2_ADV_X1Y1      MMCME2_ADV (Prop_mmcme2_adv_CLKIN1_CLKOUT0)
                                                      0.077     2.064 r  u_mmcm/CLKOUT0
                         net (fo=1, routed)           2.130     4.194    clk_out0
    BUFGCTRL_X0Y0        BUFG (Prop_bufg_I_O)         0.093     4.287 r  u_bufg/O
                         net (fo=2179, routed)        1.457     5.744    u_core/clk_core
    SLICE_X10Y128        FDRE                                         r  u_core/q_instr_reg[1][0]/C
  -------------------------------------------------------------------    -------------------
    SLICE_X10Y128        FDRE (Prop_fdre_C_Q)         0.259     6.003 r  u_core/q_instr_reg[1][0]/Q
                         net (fo=6, routed)           0.407     6.410    u_core/q_instr_reg_n_0_[1][0]
    SLICE_X10Y130        LUT2 (Prop_lut2_I0_O)        0.043     6.453 f  u_core/alu_op_e1[3]_i_3/O
                         net (fo=15, routed)          0.392     6.845    u_core/alu_op_e1[3]_i_3_n_0
    SLICE_X10Y130        LUT6 (Prop_lut6_I4_O)        0.043     6.888 r  u_core/fs_rs1_e1[5]_i_4/O
                         net (fo=2, routed)           0.332     7.221    u_core/uses_rs1_1
    SLICE_X15Y135        LUT6 (Prop_lut6_I0_O)        0.043     7.264 r  u_core/fs_rs1_e1[5]_i_2/O
                         net (fo=7, routed)           0.369     7.633    u_core/fs_rs1_e1[5]_i_2_n_0
    SLICE_X15Y135        LUT5 (Prop_lut5_I1_O)        0.043     7.676 r  u_core/q_pc[0][31]_i_10/O
                         net (fo=2, routed)           0.338     8.014    u_core/q_pc[0][31]_i_10_n_0
    SLICE_X16Y133        LUT4 (Prop_lut4_I1_O)        0.043     8.057 r  u_core/i_4_LOPT_REMAP_1/O
                         net (fo=1, routed)           0.233     8.290    u_core/i_4/O_n_1
    SLICE_X17Y133        LUT5 (Prop_lut5_I3_O)        0.043     8.333 r  u_core/i_0_LOPT_REMAP_45/O
                         net (fo=11, routed)          0.379     8.712    u_core/u_md/q_pred_reg[0]
    SLICE_X15Y126        LUT5 (Prop_lut5_I4_O)        0.043     8.755 r  u_core/u_md/q_pc[1][31]_i_4/O
                         net (fo=100, routed)         0.415     9.169    u_core/u_md/q_pc[1][31]_i_4_n_0
    SLICE_X15Y130        LUT6 (Prop_lut6_I1_O)        0.043     9.212 f  u_core/u_md/q_pc[0][31]_i_5/O
                         net (fo=2, routed)           0.182     9.395    u_core/u_md/q_pc[0][31]_i_5_n_0
    SLICE_X13Y130        LUT6 (Prop_lut6_I5_O)        0.043     9.438 r  u_core/u_md/q_pc[0][31]_i_1/O
                         net (fo=65, routed)          0.651    10.089    u_core/q_pc[0]
    SLICE_X11Y126        FDRE                                         r  u_core/q_instr_reg[0][10]/CE
  -------------------------------------------------------------------    -------------------

                         (clock clk_out0 rise edge)
                                                      5.000     5.000 r  
    AD12                                              0.000     5.000 r  sys_clk_p (IN)
                         net (fo=0)                   0.000     5.000    sys_clk_p
    AD12                 IBUFDS (Prop_ibufds_I_O)     0.803     5.803 r  u_ibufds/O
                         net (fo=1, routed)           0.986     6.789    sys_clk_ibuf
    MMCME2_ADV_X1Y1      MMCME2_ADV (Prop_mmcme2_adv_CLKIN1_CLKOUT0)
                                                      0.073     6.862 r  u_mmcm/CLKOUT0
                         net (fo=1, routed)           2.005     8.867    clk_out0
    BUFGCTRL_X0Y0        BUFG (Prop_bufg_I_O)         0.083     8.950 r  u_bufg/O
                         net (fo=2179, routed)        1.323    10.273    u_core/clk_core
    SLICE_X11Y126        FDRE                                         r  u_core/q_instr_reg[0][10]/C
                         clock pessimism              0.446    10.720    
                         clock uncertainty           -0.056    10.664    
    SLICE_X11Y126        FDRE (Setup_fdre_C_CE)      -0.201    10.463    u_core/q_instr_reg[0][10]
  -------------------------------------------------------------------
                         required time                         10.463    
                         arrival time                         -10.089    
  -------------------------------------------------------------------
                         slack                                  0.374    

Slack (MET) :             0.374ns  (required time - arrival time)
  Source:                 u_core/q_instr_reg[1][0]/C
                            (rising edge-triggered cell FDRE clocked by clk_out0  {rise@0.000ns fall@2.500ns period=5.000ns})
  Destination:            u_core/q_instr_reg[0][9]/CE
                            (rising edge-triggered cell FDRE clocked by clk_out0  {rise@0.000ns fall@2.500ns period=5.000ns})
  Path Group:             clk_out0
  Path Type:              Setup (Max at Slow Process Corner)
  Requirement:            5.000ns  (clk_out0 rise@5.000ns - clk_out0 rise@0.000ns)
  Data Path Delay:        4.345ns  (logic 0.646ns (14.868%)  route 3.699ns (85.132%))
  Logic Levels:           9  (LUT2=1 LUT4=1 LUT5=3 LUT6=4)
  Clock Path Skew:        -0.024ns (DCD - SCD + CPR)
    Destination Clock Delay (DCD):    5.273ns = ( 10.273 - 5.000 ) 
    Source Clock Delay      (SCD):    5.744ns
    Clock Pessimism Removal (CPR):    0.446ns
  Clock Uncertainty:      0.056ns  ((TSJ^2 + DJ^2)^1/2) / 2 + PE
    Total System Jitter     (TSJ):    0.071ns
    Discrete Jitter          (DJ):    0.086ns
    Phase Error              (PE):    0.000ns

    Location             Delay type                Incr(ns)  Path(ns)    Netlist Resource(s)
  -------------------------------------------------------------------    -------------------
                         (clock clk_out0 rise edge)
                                                      0.000     0.000 r  
    AD12                                              0.000     0.000 r  sys_clk_p (IN)
                         net (fo=0)                   0.000     0.000    sys_clk_p
    AD12                 IBUFDS (Prop_ibufds_I_O)     0.906     0.906 r  u_ibufds/O
                         net (fo=1, routed)           1.081     1.987    sys_clk_ibuf
    MMCME2_ADV_X1Y1      MMCME2_ADV (Prop_mmcme2_adv_CLKIN1_CLKOUT0)
                                                      0.077     2.064 r  u_mmcm/CLKOUT0
                         net (fo=1, routed)           2.130     4.194    clk_out0
    BUFGCTRL_X0Y0        BUFG (Prop_bufg_I_O)         0.093     4.287 r  u_bufg/O
                         net (fo=2179, routed)        1.457     5.744    u_core/clk_core
    SLICE_X10Y128        FDRE                                         r  u_core/q_instr_reg[1][0]/C
  -------------------------------------------------------------------    -------------------
    SLICE_X10Y128        FDRE (Prop_fdre_C_Q)         0.259     6.003 r  u_core/q_instr_reg[1][0]/Q
                         net (fo=6, routed)           0.407     6.410    u_core/q_instr_reg_n_0_[1][0]
    SLICE_X10Y130        LUT2 (Prop_lut2_I0_O)        0.043     6.453 f  u_core/alu_op_e1[3]_i_3/O
                         net (fo=15, routed)          0.392     6.845    u_core/alu_op_e1[3]_i_3_n_0
    SLICE_X10Y130        LUT6 (Prop_lut6_I4_O)        0.043     6.888 r  u_core/fs_rs1_e1[5]_i_4/O
                         net (fo=2, routed)           0.332     7.221    u_core/uses_rs1_1
    SLICE_X15Y135        LUT6 (Prop_lut6_I0_O)        0.043     7.264 r  u_core/fs_rs1_e1[5]_i_2/O
                         net (fo=7, routed)           0.369     7.633    u_core/fs_rs1_e1[5]_i_2_n_0
    SLICE_X15Y135        LUT5 (Prop_lut5_I1_O)        0.043     7.676 r  u_core/q_pc[0][31]_i_10/O
                         net (fo=2, routed)           0.338     8.014    u_core/q_pc[0][31]_i_10_n_0
    SLICE_X16Y133        LUT4 (Prop_lut4_I1_O)        0.043     8.057 r  u_core/i_4_LOPT_REMAP_1/O
                         net (fo=1, routed)           0.233     8.290    u_core/i_4/O_n_1
    SLICE_X17Y133        LUT5 (Prop_lut5_I3_O)        0.043     8.333 r  u_core/i_0_LOPT_REMAP_45/O
                         net (fo=11, routed)          0.379     8.712    u_core/u_md/q_pred_reg[0]
    SLICE_X15Y126        LUT5 (Prop_lut5_I4_O)        0.043     8.755 r  u_core/u_md/q_pc[1][31]_i_4/O
                         net (fo=100, routed)         0.415     9.169    u_core/u_md/q_pc[1][31]_i_4_n_0
    SLICE_X15Y130        LUT6 (Prop_lut6_I1_O)        0.043     9.212 f  u_core/u_md/q_pc[0][31]_i_5/O
                         net (fo=2, routed)           0.182     9.395    u_core/u_md/q_pc[0][31]_i_5_n_0
    SLICE_X13Y130        LUT6 (Prop_lut6_I5_O)        0.043     9.438 r  u_core/u_md/q_pc[0][31]_i_1/O
                         net (fo=65, routed)          0.651    10.089    u_core/q_pc[0]
    SLICE_X11Y126        FDRE                                         r  u_core/q_instr_reg[0][9]/CE
  -------------------------------------------------------------------    -------------------

                         (clock clk_out0 rise edge)
                                                      5.000     5.000 r  
    AD12                                              0.000     5.000 r  sys_clk_p (IN)
                         net (fo=0)                   0.000     5.000    sys_clk_p
    AD12                 IBUFDS (Prop_ibufds_I_O)     0.803     5.803 r  u_ibufds/O
                         net (fo=1, routed)           0.986     6.789    sys_clk_ibuf
    MMCME2_ADV_X1Y1      MMCME2_ADV (Prop_mmcme2_adv_CLKIN1_CLKOUT0)
                                                      0.073     6.862 r  u_mmcm/CLKOUT0
                         net (fo=1, routed)           2.005     8.867    clk_out0
    BUFGCTRL_X0Y0        BUFG (Prop_bufg_I_O)         0.083     8.950 r  u_bufg/O
                         net (fo=2179, routed)        1.323    10.273    u_core/clk_core
    SLICE_X11Y126        FDRE                                         r  u_core/q_instr_reg[0][9]/C
                         clock pessimism              0.446    10.720    
                         clock uncertainty           -0.056    10.664    
    SLICE_X11Y126        FDRE (Setup_fdre_C_CE)      -0.201    10.463    u_core/q_instr_reg[0][9]
  -------------------------------------------------------------------
                         required time                         10.463    
                         arrival time                         -10.089    
  -------------------------------------------------------------------
                         slack                                  0.374    

Slack (MET) :             0.374ns  (required time - arrival time)
  Source:                 u_core/q_instr_reg[1][0]/C
                            (rising edge-triggered cell FDRE clocked by clk_out0  {rise@0.000ns fall@2.500ns period=5.000ns})
  Destination:            u_core/q_pc_reg[0][12]/CE
                            (rising edge-triggered cell FDRE clocked by clk_out0  {rise@0.000ns fall@2.500ns period=5.000ns})
  Path Group:             clk_out0
  Path Type:              Setup (Max at Slow Process Corner)
  Requirement:            5.000ns  (clk_out0 rise@5.000ns - clk_out0 rise@0.000ns)
  Data Path Delay:        4.345ns  (logic 0.646ns (14.868%)  route 3.699ns (85.132%))
  Logic Levels:           9  (LUT2=1 LUT4=1 LUT5=3 LUT6=4)
  Clock Path Skew:        -0.024ns (DCD - SCD + CPR)
    Destination Clock Delay (DCD):    5.273ns = ( 10.273 - 5.000 ) 
    Source Clock Delay      (SCD):    5.744ns
    Clock Pessimism Removal (CPR):    0.446ns
  Clock Uncertainty:      0.056ns  ((TSJ^2 + DJ^2)^1/2) / 2 + PE
    Total System Jitter     (TSJ):    0.071ns
    Discrete Jitter          (DJ):    0.086ns
    Phase Error              (PE):    0.000ns

    Location             Delay type                Incr(ns)  Path(ns)    Netlist Resource(s)
  -------------------------------------------------------------------    -------------------
                         (clock clk_out0 rise edge)
                                                      0.000     0.000 r  
    AD12                                              0.000     0.000 r  sys_clk_p (IN)
                         net (fo=0)                   0.000     0.000    sys_clk_p
    AD12                 IBUFDS (Prop_ibufds_I_O)     0.906     0.906 r  u_ibufds/O
                         net (fo=1, routed)           1.081     1.987    sys_clk_ibuf
    MMCME2_ADV_X1Y1      MMCME2_ADV (Prop_mmcme2_adv_CLKIN1_CLKOUT0)
                                                      0.077     2.064 r  u_mmcm/CLKOUT0
                         net (fo=1, routed)           2.130     4.194    clk_out0
    BUFGCTRL_X0Y0        BUFG (Prop_bufg_I_O)         0.093     4.287 r  u_bufg/O
                         net (fo=2179, routed)        1.457     5.744    u_core/clk_core
    SLICE_X10Y128        FDRE                                         r  u_core/q_instr_reg[1][0]/C
  -------------------------------------------------------------------    -------------------
    SLICE_X10Y128        FDRE (Prop_fdre_C_Q)         0.259     6.003 r  u_core/q_instr_reg[1][0]/Q
                         net (fo=6, routed)           0.407     6.410    u_core/q_instr_reg_n_0_[1][0]
    SLICE_X10Y130        LUT2 (Prop_lut2_I0_O)        0.043     6.453 f  u_core/alu_op_e1[3]_i_3/O
                         net (fo=15, routed)          0.392     6.845    u_core/alu_op_e1[3]_i_3_n_0
    SLICE_X10Y130        LUT6 (Prop_lut6_I4_O)        0.043     6.888 r  u_core/fs_rs1_e1[5]_i_4/O
                         net (fo=2, routed)           0.332     7.221    u_core/uses_rs1_1
    SLICE_X15Y135        LUT6 (Prop_lut6_I0_O)        0.043     7.264 r  u_core/fs_rs1_e1[5]_i_2/O
                         net (fo=7, routed)           0.369     7.633    u_core/fs_rs1_e1[5]_i_2_n_0
    SLICE_X15Y135        LUT5 (Prop_lut5_I1_O)        0.043     7.676 r  u_core/q_pc[0][31]_i_10/O
                         net (fo=2, routed)           0.338     8.014    u_core/q_pc[0][31]_i_10_n_0
    SLICE_X16Y133        LUT4 (Prop_lut4_I1_O)        0.043     8.057 r  u_core/i_4_LOPT_REMAP_1/O
                         net (fo=1, routed)           0.233     8.290    u_core/i_4/O_n_1
    SLICE_X17Y133        LUT5 (Prop_lut5_I3_O)        0.043     8.333 r  u_core/i_0_LOPT_REMAP_45/O
                         net (fo=11, routed)          0.379     8.712    u_core/u_md/q_pred_reg[0]
    SLICE_X15Y126        LUT5 (Prop_lut5_I4_O)        0.043     8.755 r  u_core/u_md/q_pc[1][31]_i_4/O
                         net (fo=100, routed)         0.415     9.169    u_core/u_md/q_pc[1][31]_i_4_n_0
    SLICE_X15Y130        LUT6 (Prop_lut6_I1_O)        0.043     9.212 f  u_core/u_md/q_pc[0][31]_i_5/O
                         net (fo=2, routed)           0.182     9.395    u_core/u_md/q_pc[0][31]_i_5_n_0
    SLICE_X13Y130        LUT6 (Prop_lut6_I5_O)        0.043     9.438 r  u_core/u_md/q_pc[0][31]_i_1/O
                         net (fo=65, routed)          0.651    10.089    u_core/q_pc[0]
    SLICE_X11Y126        FDRE                                         r  u_core/q_pc_reg[0][12]/CE
  -------------------------------------------------------------------    -------------------

                         (clock clk_out0 rise edge)
                                                      5.000     5.000 r  
    AD12                                              0.000     5.000 r  sys_clk_p (IN)
                         net (fo=0)                   0.000     5.000    sys_clk_p
    AD12                 IBUFDS (Prop_ibufds_I_O)     0.803     5.803 r  u_ibufds/O
                         net (fo=1, routed)           0.986     6.789    sys_clk_ibuf
    MMCME2_ADV_X1Y1      MMCME2_ADV (Prop_mmcme2_adv_CLKIN1_CLKOUT0)
                                                      0.073     6.862 r  u_mmcm/CLKOUT0
                         net (fo=1, routed)           2.005     8.867    clk_out0
    BUFGCTRL_X0Y0        BUFG (Prop_bufg_I_O)         0.083     8.950 r  u_bufg/O
                         net (fo=2179, routed)        1.323    10.273    u_core/clk_core
    SLICE_X11Y126        FDRE                                         r  u_core/q_pc_reg[0][12]/C
                         clock pessimism              0.446    10.720    
                         clock uncertainty           -0.056    10.664    
    SLICE_X11Y126        FDRE (Setup_fdre_C_CE)      -0.201    10.463    u_core/q_pc_reg[0][12]
  -------------------------------------------------------------------
                         required time                         10.463    
                         arrival time                         -10.089    
  -------------------------------------------------------------------
                         slack                                  0.374    

Slack (MET) :             0.386ns  (required time - arrival time)
  Source:                 u_core/fs_rs2_e0_reg[5]/C
                            (rising edge-triggered cell FDRE clocked by clk_out0  {rise@0.000ns fall@2.500ns period=5.000ns})
  Destination:            u_core/alu_m0_reg[30]/D
                            (rising edge-triggered cell FDRE clocked by clk_out0  {rise@0.000ns fall@2.500ns period=5.000ns})
  Path Group:             clk_out0
  Path Type:              Setup (Max at Slow Process Corner)
  Requirement:            5.000ns  (clk_out0 rise@5.000ns - clk_out0 rise@0.000ns)
  Data Path Delay:        4.504ns  (logic 0.868ns (19.273%)  route 3.636ns (80.727%))
  Logic Levels:           10  (LUT3=1 LUT6=7 MUXF7=2)
  Clock Path Skew:        -0.102ns (DCD - SCD + CPR)
    Destination Clock Delay (DCD):    5.212ns = ( 10.212 - 5.000 ) 
    Source Clock Delay      (SCD):    5.739ns
    Clock Pessimism Removal (CPR):    0.424ns
  Clock Uncertainty:      0.056ns  ((TSJ^2 + DJ^2)^1/2) / 2 + PE
    Total System Jitter     (TSJ):    0.071ns
    Discrete Jitter          (DJ):    0.086ns
    Phase Error              (PE):    0.000ns

    Location             Delay type                Incr(ns)  Path(ns)    Netlist Resource(s)
  -------------------------------------------------------------------    -------------------
                         (clock clk_out0 rise edge)
                                                      0.000     0.000 r  
    AD12                                              0.000     0.000 r  sys_clk_p (IN)
                         net (fo=0)                   0.000     0.000    sys_clk_p
    AD12                 IBUFDS (Prop_ibufds_I_O)     0.906     0.906 r  u_ibufds/O
                         net (fo=1, routed)           1.081     1.987    sys_clk_ibuf
    MMCME2_ADV_X1Y1      MMCME2_ADV (Prop_mmcme2_adv_CLKIN1_CLKOUT0)
                                                      0.077     2.064 r  u_mmcm/CLKOUT0
                         net (fo=1, routed)           2.130     4.194    clk_out0
    BUFGCTRL_X0Y0        BUFG (Prop_bufg_I_O)         0.093     4.287 r  u_bufg/O
                         net (fo=2179, routed)        1.452     5.739    u_core/clk_core
    SLICE_X48Y141        FDRE                                         r  u_core/fs_rs2_e0_reg[5]/C
  -------------------------------------------------------------------    -------------------
    SLICE_X48Y141        FDRE (Prop_fdre_C_Q)         0.223     5.962 f  u_core/fs_rs2_e0_reg[5]/Q
                         net (fo=33, routed)          0.640     6.602    u_core/u_md/prod_r_reg__0_0[5]
    SLICE_X49Y140        LUT6 (Prop_lut6_I3_O)        0.043     6.645 f  u_core/u_md/prod_r0_i_80/O
                         net (fo=42, routed)          0.315     6.960    u_core/u_md/prod_r0_i_80_n_0
    SLICE_X48Y141        LUT6 (Prop_lut6_I0_O)        0.043     7.003 r  u_core/u_md/i_2_LOPT_REMAP_22/O
                         net (fo=1, routed)           0.379     7.382    u_core/u_md/i_2/O_n_22
    SLICE_X50Y141        LUT6 (Prop_lut6_I0_O)        0.043     7.425 r  u_core/u_md/i_0_LOPT_REMAP_22/O
                         net (fo=19, routed)          0.215     7.640    u_core/fwd_mux0_return[3]
    SLICE_X52Y141        LUT3 (Prop_lut3_I2_O)        0.043     7.683 r  u_core/alu_m0[3]_i_10/O
                         net (fo=115, routed)         0.767     8.451    u_core/alu_b0[3]
    SLICE_X61Y145        LUT6 (Prop_lut6_I2_O)        0.043     8.494 r  u_core/alu_m0[31]_i_59/O
                         net (fo=3, routed)           0.425     8.919    u_core/alu_m0[31]_i_59_n_0
    SLICE_X63Y146        LUT6 (Prop_lut6_I1_O)        0.043     8.962 r  u_core/alu_m0[30]_i_12/O
                         net (fo=2, routed)           0.554     9.515    u_core/alu_m0[30]_i_12_n_0
    SLICE_X52Y147        LUT6 (Prop_lut6_I2_O)        0.043     9.558 r  u_core/alu_m0[30]_i_10/O
                         net (fo=1, routed)           0.000     9.558    u_core/alu_m0[30]_i_10_n_0
    SLICE_X52Y147        MUXF7 (Prop_muxf7_I0_O)      0.101     9.659 r  u_core/alu_m0_reg[30]_i_5/O
                         net (fo=1, routed)           0.340     9.999    u_core/alu_m0_reg[30]_i_5_n_0
    SLICE_X53Y146        LUT6 (Prop_lut6_I4_O)        0.123    10.122 r  u_core/alu_m0[30]_i_2/O
                         net (fo=1, routed)           0.000    10.122    u_core/u_md/alu_m0_reg[30]
    SLICE_X53Y146        MUXF7 (Prop_muxf7_I0_O)      0.120    10.242 r  u_core/u_md/alu_m0_reg[30]_i_1/O
                         net (fo=1, routed)           0.000    10.242    u_core/u_md_n_353
    SLICE_X53Y146        FDRE                                         r  u_core/alu_m0_reg[30]/D
  -------------------------------------------------------------------    -------------------

                         (clock clk_out0 rise edge)
                                                      5.000     5.000 r  
    AD12                                              0.000     5.000 r  sys_clk_p (IN)
                         net (fo=0)                   0.000     5.000    sys_clk_p
    AD12                 IBUFDS (Prop_ibufds_I_O)     0.803     5.803 r  u_ibufds/O
                         net (fo=1, routed)           0.986     6.789    sys_clk_ibuf
    MMCME2_ADV_X1Y1      MMCME2_ADV (Prop_mmcme2_adv_CLKIN1_CLKOUT0)
                                                      0.073     6.862 r  u_mmcm/CLKOUT0
                         net (fo=1, routed)           2.005     8.867    clk_out0
    BUFGCTRL_X0Y0        BUFG (Prop_bufg_I_O)         0.083     8.950 r  u_bufg/O
                         net (fo=2179, routed)        1.262    10.212    u_core/clk_core
    SLICE_X53Y146        FDRE                                         r  u_core/alu_m0_reg[30]/C
                         clock pessimism              0.424    10.637    
                         clock uncertainty           -0.056    10.581    
    SLICE_X53Y146        FDRE (Setup_fdre_C_D)        0.048    10.629    u_core/alu_m0_reg[30]
  -------------------------------------------------------------------
                         required time                         10.629    
                         arrival time                         -10.242    
  -------------------------------------------------------------------
                         slack                                  0.386    

Slack (MET) :             0.390ns  (required time - arrival time)
  Source:                 u_core/fs_rs1_e1_reg[4]/C
                            (rising edge-triggered cell FDRE clocked by clk_out0  {rise@0.000ns fall@2.500ns period=5.000ns})
  Destination:            u_core/alu_m1_reg[20]/D
                            (rising edge-triggered cell FDRE clocked by clk_out0  {rise@0.000ns fall@2.500ns period=5.000ns})
  Path Group:             clk_out0
  Path Type:              Setup (Max at Slow Process Corner)
  Requirement:            5.000ns  (clk_out0 rise@5.000ns - clk_out0 rise@0.000ns)
  Data Path Delay:        4.285ns  (logic 0.588ns (13.722%)  route 3.697ns (86.278%))
  Logic Levels:           7  (LUT3=1 LUT4=1 LUT5=2 LUT6=3)
  Clock Path Skew:        -0.302ns (DCD - SCD + CPR)
    Destination Clock Delay (DCD):    5.104ns = ( 10.104 - 5.000 ) 
    Source Clock Delay      (SCD):    5.756ns
    Clock Pessimism Removal (CPR):    0.349ns
  Clock Uncertainty:      0.056ns  ((TSJ^2 + DJ^2)^1/2) / 2 + PE
    Total System Jitter     (TSJ):    0.071ns
    Discrete Jitter          (DJ):    0.086ns
    Phase Error              (PE):    0.000ns

    Location             Delay type                Incr(ns)  Path(ns)    Netlist Resource(s)
  -------------------------------------------------------------------    -------------------
                         (clock clk_out0 rise edge)
                                                      0.000     0.000 r  
    AD12                                              0.000     0.000 r  sys_clk_p (IN)
                         net (fo=0)                   0.000     0.000    sys_clk_p
    AD12                 IBUFDS (Prop_ibufds_I_O)     0.906     0.906 r  u_ibufds/O
                         net (fo=1, routed)           1.081     1.987    sys_clk_ibuf
    MMCME2_ADV_X1Y1      MMCME2_ADV (Prop_mmcme2_adv_CLKIN1_CLKOUT0)
                                                      0.077     2.064 r  u_mmcm/CLKOUT0
                         net (fo=1, routed)           2.130     4.194    clk_out0
    BUFGCTRL_X0Y0        BUFG (Prop_bufg_I_O)         0.093     4.287 r  u_bufg/O
                         net (fo=2179, routed)        1.469     5.756    u_core/clk_core
    SLICE_X23Y144        FDRE                                         r  u_core/fs_rs1_e1_reg[4]/C
  -------------------------------------------------------------------    -------------------
    SLICE_X23Y144        FDRE (Prop_fdre_C_Q)         0.204     5.960 r  u_core/fs_rs1_e1_reg[4]/Q
                         net (fo=33, routed)          0.789     6.749    u_core/fs_rs1_e1[4]
    SLICE_X36Y139        LUT4 (Prop_lut4_I1_O)        0.126     6.875 r  u_core/i_2_LOPT_REMAP_2/O
                         net (fo=1, routed)           0.586     7.461    u_core/i_2/O_n_2
    SLICE_X23Y138        LUT6 (Prop_lut6_I1_O)        0.043     7.504 r  u_core/i_0_LOPT_REMAP_13/O
                         net (fo=19, routed)          0.752     8.256    u_core/alu_a1[1]
    SLICE_X18Y150        LUT5 (Prop_lut5_I2_O)        0.043     8.299 r  u_core/alu_m1[24]_i_15/O
                         net (fo=3, routed)           0.376     8.675    u_core/alu_m1[24]_i_15_n_0
    SLICE_X19Y153        LUT6 (Prop_lut6_I5_O)        0.043     8.718 r  u_core/alu_m1[20]_i_15/O
                         net (fo=2, routed)           0.434     9.153    u_core/alu_m1[20]_i_15_n_0
    SLICE_X20Y154        LUT3 (Prop_lut3_I0_O)        0.043     9.196 r  u_core/alu_m1[20]_i_9/O
                         net (fo=2, routed)           0.523     9.719    u_core/alu_m1[20]_i_9_n_0
    SLICE_X37Y154        LUT6 (Prop_lut6_I2_O)        0.043     9.762 r  u_core/alu_m1[20]_i_3/O
                         net (fo=1, routed)           0.236     9.998    u_core/alu_m1[20]_i_3_n_0
    SLICE_X39Y154        LUT5 (Prop_lut5_I2_O)        0.043    10.041 r  u_core/alu_m1[20]_i_1/O
                         net (fo=1, routed)           0.000    10.041    u_core/alu_m1[20]_i_1_n_0
    SLICE_X39Y154        FDRE                                         r  u_core/alu_m1_reg[20]/D
  -------------------------------------------------------------------    -------------------

                         (clock clk_out0 rise edge)
                                                      5.000     5.000 r  
    AD12                                              0.000     5.000 r  sys_clk_p (IN)
                         net (fo=0)                   0.000     5.000    sys_clk_p
    AD12                 IBUFDS (Prop_ibufds_I_O)     0.803     5.803 r  u_ibufds/O
                         net (fo=1, routed)           0.986     6.789    sys_clk_ibuf
    MMCME2_ADV_X1Y1      MMCME2_ADV (Prop_mmcme2_adv_CLKIN1_CLKOUT0)
                                                      0.073     6.862 r  u_mmcm/CLKOUT0
                         net (fo=1, routed)           2.005     8.867    clk_out0
    BUFGCTRL_X0Y0        BUFG (Prop_bufg_I_O)         0.083     8.950 r  u_bufg/O
                         net (fo=2179, routed)        1.154    10.104    u_core/clk_core
    SLICE_X39Y154        FDRE                                         r  u_core/alu_m1_reg[20]/C
                         clock pessimism              0.349    10.454    
                         clock uncertainty           -0.056    10.398    
    SLICE_X39Y154        FDRE (Setup_fdre_C_D)        0.033    10.431    u_core/alu_m1_reg[20]
  -------------------------------------------------------------------
                         required time                         10.431    
                         arrival time                         -10.041    
  -------------------------------------------------------------------
                         slack                                  0.390    

Slack (MET) :             0.391ns  (required time - arrival time)
  Source:                 u_core/fs_rs2_e0_reg[5]/C
                            (rising edge-triggered cell FDRE clocked by clk_out0  {rise@0.000ns fall@2.500ns period=5.000ns})
  Destination:            u_core/alu_m0_reg[16]/D
                            (rising edge-triggered cell FDRE clocked by clk_out0  {rise@0.000ns fall@2.500ns period=5.000ns})
  Path Group:             clk_out0
  Path Type:              Setup (Max at Slow Process Corner)
  Requirement:            5.000ns  (clk_out0 rise@5.000ns - clk_out0 rise@0.000ns)
  Data Path Delay:        4.498ns  (logic 0.857ns (19.053%)  route 3.641ns (80.947%))
  Logic Levels:           10  (LUT3=1 LUT4=1 LUT6=6 MUXF7=2)
  Clock Path Skew:        -0.103ns (DCD - SCD + CPR)
    Destination Clock Delay (DCD):    5.211ns = ( 10.211 - 5.000 ) 
    Source Clock Delay      (SCD):    5.739ns
    Clock Pessimism Removal (CPR):    0.424ns
  Clock Uncertainty:      0.056ns  ((TSJ^2 + DJ^2)^1/2) / 2 + PE
    Total System Jitter     (TSJ):    0.071ns
    Discrete Jitter          (DJ):    0.086ns
    Phase Error              (PE):    0.000ns

    Location             Delay type                Incr(ns)  Path(ns)    Netlist Resource(s)
  -------------------------------------------------------------------    -------------------
                         (clock clk_out0 rise edge)
                                                      0.000     0.000 r  
    AD12                                              0.000     0.000 r  sys_clk_p (IN)
                         net (fo=0)                   0.000     0.000    sys_clk_p
    AD12                 IBUFDS (Prop_ibufds_I_O)     0.906     0.906 r  u_ibufds/O
                         net (fo=1, routed)           1.081     1.987    sys_clk_ibuf
    MMCME2_ADV_X1Y1      MMCME2_ADV (Prop_mmcme2_adv_CLKIN1_CLKOUT0)
                                                      0.077     2.064 r  u_mmcm/CLKOUT0
                         net (fo=1, routed)           2.130     4.194    clk_out0
    BUFGCTRL_X0Y0        BUFG (Prop_bufg_I_O)         0.093     4.287 r  u_bufg/O
                         net (fo=2179, routed)        1.452     5.739    u_core/clk_core
    SLICE_X48Y141        FDRE                                         r  u_core/fs_rs2_e0_reg[5]/C
  -------------------------------------------------------------------    -------------------
    SLICE_X48Y141        FDRE (Prop_fdre_C_Q)         0.223     5.962 f  u_core/fs_rs2_e0_reg[5]/Q
                         net (fo=33, routed)          0.640     6.602    u_core/u_md/prod_r_reg__0_0[5]
    SLICE_X49Y140        LUT6 (Prop_lut6_I3_O)        0.043     6.645 f  u_core/u_md/prod_r0_i_80/O
                         net (fo=42, routed)          0.315     6.960    u_core/u_md/prod_r0_i_80_n_0
    SLICE_X48Y141        LUT6 (Prop_lut6_I0_O)        0.043     7.003 r  u_core/u_md/i_2_LOPT_REMAP_22/O
                         net (fo=1, routed)           0.379     7.382    u_core/u_md/i_2/O_n_22
    SLICE_X50Y141        LUT6 (Prop_lut6_I0_O)        0.043     7.425 r  u_core/u_md/i_0_LOPT_REMAP_22/O
                         net (fo=19, routed)          0.215     7.640    u_core/fwd_mux0_return[3]
    SLICE_X52Y141        LUT3 (Prop_lut3_I2_O)        0.043     7.683 r  u_core/alu_m0[3]_i_10/O
                         net (fo=115, routed)         0.820     8.503    u_core/alu_b0[3]
    SLICE_X66Y143        LUT4 (Prop_lut4_I0_O)        0.043     8.546 r  u_core/alu_m0[19]_i_37/O
                         net (fo=2, routed)           0.466     9.013    u_core/alu_m0[19]_i_37_n_0
    SLICE_X66Y145        LUT6 (Prop_lut6_I0_O)        0.043     9.056 r  u_core/alu_m0[17]_i_13/O
                         net (fo=2, routed)           0.464     9.519    u_core/alu_m0[17]_i_13_n_0
    SLICE_X62Y146        LUT6 (Prop_lut6_I0_O)        0.043     9.562 r  u_core/alu_m0[16]_i_11/O
                         net (fo=1, routed)           0.000     9.562    u_core/alu_m0[16]_i_11_n_0
    SLICE_X62Y146        MUXF7 (Prop_muxf7_I1_O)      0.103     9.665 r  u_core/alu_m0_reg[16]_i_5/O
                         net (fo=1, routed)           0.341    10.007    u_core/alu_m0_reg[16]_i_5_n_0
    SLICE_X55Y147        LUT6 (Prop_lut6_I4_O)        0.123    10.130 r  u_core/alu_m0[16]_i_2/O
                         net (fo=1, routed)           0.000    10.130    u_core/u_md/alu_m0_reg[16]_0
    SLICE_X55Y147        MUXF7 (Prop_muxf7_I0_O)      0.107    10.237 r  u_core/u_md/alu_m0_reg[16]_i_1/O
                         net (fo=1, routed)           0.000    10.237    u_core/u_md_n_367
    SLICE_X55Y147        FDRE                                         r  u_core/alu_m0_reg[16]/D
  -------------------------------------------------------------------    -------------------

                         (clock clk_out0 rise edge)
                                                      5.000     5.000 r  
    AD12                                              0.000     5.000 r  sys_clk_p (IN)
                         net (fo=0)                   0.000     5.000    sys_clk_p
    AD12                 IBUFDS (Prop_ibufds_I_O)     0.803     5.803 r  u_ibufds/O
                         net (fo=1, routed)           0.986     6.789    sys_clk_ibuf
    MMCME2_ADV_X1Y1      MMCME2_ADV (Prop_mmcme2_adv_CLKIN1_CLKOUT0)
                                                      0.073     6.862 r  u_mmcm/CLKOUT0
                         net (fo=1, routed)           2.005     8.867    clk_out0
    BUFGCTRL_X0Y0        BUFG (Prop_bufg_I_O)         0.083     8.950 r  u_bufg/O
                         net (fo=2179, routed)        1.261    10.211    u_core/clk_core
    SLICE_X55Y147        FDRE                                         r  u_core/alu_m0_reg[16]/C
                         clock pessimism              0.424    10.636    
                         clock uncertainty           -0.056    10.580    
    SLICE_X55Y147        FDRE (Setup_fdre_C_D)        0.048    10.628    u_core/alu_m0_reg[16]
  -------------------------------------------------------------------
                         required time                         10.628    
                         arrival time                         -10.237    
  -------------------------------------------------------------------
                         slack                                  0.391    





Min Delay Paths
--------------------------------------------------------------------------------------
Slack (MET) :             0.085ns  (arrival time - required time)
  Source:                 u_core/pc_e0_reg[0]/C
                            (rising edge-triggered cell FDRE clocked by clk_out0  {rise@0.000ns fall@2.500ns period=5.000ns})
  Destination:            u_core/ras_reg_0_7_0_5/RAMA/I
                            (rising edge-triggered cell RAMD32 clocked by clk_out0  {rise@0.000ns fall@2.500ns period=5.000ns})
  Path Group:             clk_out0
  Path Type:              Hold (Min at Fast Process Corner)
  Requirement:            0.000ns  (clk_out0 rise@0.000ns - clk_out0 rise@0.000ns)
  Data Path Delay:        0.229ns  (logic 0.118ns (51.454%)  route 0.111ns (48.546%))
  Logic Levels:           0  
  Clock Path Skew:        0.013ns (DCD - SCD - CPR)
    Destination Clock Delay (DCD):    2.948ns
    Source Clock Delay      (SCD):    2.524ns
    Clock Pessimism Removal (CPR):    0.410ns

    Location             Delay type                Incr(ns)  Path(ns)    Netlist Resource(s)
  -------------------------------------------------------------------    -------------------
                         (clock clk_out0 rise edge)
                                                      0.000     0.000 r  
    AD12                                              0.000     0.000 r  sys_clk_p (IN)
                         net (fo=0)                   0.000     0.000    sys_clk_p
    AD12                 IBUFDS (Prop_ibufds_I_O)     0.388     0.388 r  u_ibufds/O
                         net (fo=1, routed)           0.503     0.891    sys_clk_ibuf
    MMCME2_ADV_X1Y1      MMCME2_ADV (Prop_mmcme2_adv_CLKIN1_CLKOUT0)
                                                      0.050     0.941 r  u_mmcm/CLKOUT0
                         net (fo=1, routed)           0.940     1.881    clk_out0
    BUFGCTRL_X0Y0        BUFG (Prop_bufg_I_O)         0.026     1.907 r  u_bufg/O
                         net (fo=2179, routed)        0.617     2.524    u_core/clk_core
    SLICE_X46Y127        FDRE                                         r  u_core/pc_e0_reg[0]/C
  -------------------------------------------------------------------    -------------------
    SLICE_X46Y127        FDRE (Prop_fdre_C_Q)         0.118     2.642 r  u_core/pc_e0_reg[0]/Q
                         net (fo=10, routed)          0.111     2.754    u_core/ras_reg_0_7_0_5/DIA0
    SLICE_X46Y128        RAMD32                                       r  u_core/ras_reg_0_7_0_5/RAMA/I
  -------------------------------------------------------------------    -------------------

                         (clock clk_out0 rise edge)
                                                      0.000     0.000 r  
    AD12                                              0.000     0.000 r  sys_clk_p (IN)
                         net (fo=0)                   0.000     0.000    sys_clk_p
    AD12                 IBUFDS (Prop_ibufds_I_O)     0.470     0.470 r  u_ibufds/O
                         net (fo=1, routed)           0.553     1.023    sys_clk_ibuf
    MMCME2_ADV_X1Y1      MMCME2_ADV (Prop_mmcme2_adv_CLKIN1_CLKOUT0)
                                                      0.053     1.076 r  u_mmcm/CLKOUT0
                         net (fo=1, routed)           1.007     2.083    clk_out0
    BUFGCTRL_X0Y0        BUFG (Prop_bufg_I_O)         0.030     2.113 r  u_bufg/O
                         net (fo=2179, routed)        0.835     2.948    u_core/ras_reg_0_7_0_5/WCLK
    SLICE_X46Y128        RAMD32                                       r  u_core/ras_reg_0_7_0_5/RAMA/CLK
                         clock pessimism             -0.410     2.537    
    SLICE_X46Y128        RAMD32 (Hold_ramd32_CLK_I)
                                                      0.131     2.668    u_core/ras_reg_0_7_0_5/RAMA
  -------------------------------------------------------------------
                         required time                         -2.668    
                         arrival time                           2.754    
  -------------------------------------------------------------------
                         slack                                  0.085    

Slack (MET) :             0.086ns  (arrival time - required time)
  Source:                 u_uart/shifter_reg[1]/C
                            (rising edge-triggered cell FDSE clocked by clk_out0  {rise@0.000ns fall@2.500ns period=5.000ns})
  Destination:            u_uart/shifter_reg[0]/D
                            (rising edge-triggered cell FDSE clocked by clk_out0  {rise@0.000ns fall@2.500ns period=5.000ns})
  Path Group:             clk_out0
  Path Type:              Hold (Min at Fast Process Corner)
  Requirement:            0.000ns  (clk_out0 rise@0.000ns - clk_out0 rise@0.000ns)
  Data Path Delay:        0.184ns  (logic 0.128ns (69.743%)  route 0.056ns (30.257%))
  Logic Levels:           1  (LUT6=1)
  Clock Path Skew:        0.011ns (DCD - SCD - CPR)
    Destination Clock Delay (DCD):    2.976ns
    Source Clock Delay      (SCD):    2.549ns
    Clock Pessimism Removal (CPR):    0.415ns

    Location             Delay type                Incr(ns)  Path(ns)    Netlist Resource(s)
  -------------------------------------------------------------------    -------------------
                         (clock clk_out0 rise edge)
                                                      0.000     0.000 r  
    AD12                                              0.000     0.000 r  sys_clk_p (IN)
                         net (fo=0)                   0.000     0.000    sys_clk_p
    AD12                 IBUFDS (Prop_ibufds_I_O)     0.388     0.388 r  u_ibufds/O
                         net (fo=1, routed)           0.503     0.891    sys_clk_ibuf
    MMCME2_ADV_X1Y1      MMCME2_ADV (Prop_mmcme2_adv_CLKIN1_CLKOUT0)
                                                      0.050     0.941 r  u_mmcm/CLKOUT0
                         net (fo=1, routed)           0.940     1.881    clk_out0
    BUFGCTRL_X0Y0        BUFG (Prop_bufg_I_O)         0.026     1.907 r  u_bufg/O
                         net (fo=2179, routed)        0.642     2.549    u_uart/clk_core
    SLICE_X11Y107        FDSE                                         r  u_uart/shifter_reg[1]/C
  -------------------------------------------------------------------    -------------------
    SLICE_X11Y107        FDSE (Prop_fdse_C_Q)         0.100     2.649 r  u_uart/shifter_reg[1]/Q
                         net (fo=1, routed)           0.056     2.705    u_uart/shifter_reg_n_0_[1]
    SLICE_X10Y107        LUT6 (Prop_lut6_I1_O)        0.028     2.733 r  u_uart/shifter[0]_i_1/O
                         net (fo=1, routed)           0.000     2.733    u_uart/shifter[0]_i_1_n_0
    SLICE_X10Y107        FDSE                                         r  u_uart/shifter_reg[0]/D
  -------------------------------------------------------------------    -------------------

                         (clock clk_out0 rise edge)
                                                      0.000     0.000 r  
    AD12                                              0.000     0.000 r  sys_clk_p (IN)
                         net (fo=0)                   0.000     0.000    sys_clk_p
    AD12                 IBUFDS (Prop_ibufds_I_O)     0.470     0.470 r  u_ibufds/O
                         net (fo=1, routed)           0.553     1.023    sys_clk_ibuf
    MMCME2_ADV_X1Y1      MMCME2_ADV (Prop_mmcme2_adv_CLKIN1_CLKOUT0)
                                                      0.053     1.076 r  u_mmcm/CLKOUT0
                         net (fo=1, routed)           1.007     2.083    clk_out0
    BUFGCTRL_X0Y0        BUFG (Prop_bufg_I_O)         0.030     2.113 r  u_bufg/O
                         net (fo=2179, routed)        0.863     2.976    u_uart/clk_core
    SLICE_X10Y107        FDSE                                         r  u_uart/shifter_reg[0]/C
                         clock pessimism             -0.415     2.560    
    SLICE_X10Y107        FDSE (Hold_fdse_C_D)         0.087     2.647    u_uart/shifter_reg[0]
  -------------------------------------------------------------------
                         required time                         -2.647    
                         arrival time                           2.733    
  -------------------------------------------------------------------
                         slack                                  0.086    

Slack (MET) :             0.096ns  (arrival time - required time)
  Source:                 u_core/upd_idx_r_reg[2]/C
                            (rising edge-triggered cell FDRE clocked by clk_out0  {rise@0.000ns fall@2.500ns period=5.000ns})
  Destination:            u_core/pht_reg_0_127_0_0/DP.HIGH/WADR2
                            (rising edge-triggered cell RAMD64E clocked by clk_out0  {rise@0.000ns fall@2.500ns period=5.000ns})
  Path Group:             clk_out0
  Path Type:              Hold (Min at Fast Process Corner)
  Requirement:            0.000ns  (clk_out0 rise@0.000ns - clk_out0 rise@0.000ns)
  Data Path Delay:        0.349ns  (logic 0.118ns (33.787%)  route 0.231ns (66.213%))
  Logic Levels:           0  
  Clock Path Skew:        0.012ns (DCD - SCD - CPR)
    Destination Clock Delay (DCD):    2.971ns
    Source Clock Delay      (SCD):    2.546ns
    Clock Pessimism Removal (CPR):    0.412ns

    Location             Delay type                Incr(ns)  Path(ns)    Netlist Resource(s)
  -------------------------------------------------------------------    -------------------
                         (clock clk_out0 rise edge)
                                                      0.000     0.000 r  
    AD12                                              0.000     0.000 r  sys_clk_p (IN)
                         net (fo=0)                   0.000     0.000    sys_clk_p
    AD12                 IBUFDS (Prop_ibufds_I_O)     0.388     0.388 r  u_ibufds/O
                         net (fo=1, routed)           0.503     0.891    sys_clk_ibuf
    MMCME2_ADV_X1Y1      MMCME2_ADV (Prop_mmcme2_adv_CLKIN1_CLKOUT0)
                                                      0.050     0.941 r  u_mmcm/CLKOUT0
                         net (fo=1, routed)           0.940     1.881    clk_out0
    BUFGCTRL_X0Y0        BUFG (Prop_bufg_I_O)         0.026     1.907 r  u_bufg/O
                         net (fo=2179, routed)        0.639     2.546    u_core/clk_core
    SLICE_X10Y136        FDRE                                         r  u_core/upd_idx_r_reg[2]/C
  -------------------------------------------------------------------    -------------------
    SLICE_X10Y136        FDRE (Prop_fdre_C_Q)         0.118     2.664 r  u_core/upd_idx_r_reg[2]/Q
                         net (fo=24, routed)          0.231     2.896    u_core/pht_reg_0_127_0_0/A2
    SLICE_X10Y134        RAMD64E                                      r  u_core/pht_reg_0_127_0_0/DP.HIGH/WADR2
  -------------------------------------------------------------------    -------------------

                         (clock clk_out0 rise edge)
                                                      0.000     0.000 r  
    AD12                                              0.000     0.000 r  sys_clk_p (IN)
                         net (fo=0)                   0.000     0.000    sys_clk_p
    AD12                 IBUFDS (Prop_ibufds_I_O)     0.470     0.470 r  u_ibufds/O
                         net (fo=1, routed)           0.553     1.023    sys_clk_ibuf
    MMCME2_ADV_X1Y1      MMCME2_ADV (Prop_mmcme2_adv_CLKIN1_CLKOUT0)
                                                      0.053     1.076 r  u_mmcm/CLKOUT0
                         net (fo=1, routed)           1.007     2.083    clk_out0
    BUFGCTRL_X0Y0        BUFG (Prop_bufg_I_O)         0.030     2.113 r  u_bufg/O
                         net (fo=2179, routed)        0.858     2.971    u_core/pht_reg_0_127_0_0/WCLK
    SLICE_X10Y134        RAMD64E                                      r  u_core/pht_reg_0_127_0_0/DP.HIGH/CLK
                         clock pessimism             -0.412     2.558    
    SLICE_X10Y134        RAMD64E (Hold_ramd64e_CLK_WADR2)
                                                      0.241     2.799    u_core/pht_reg_0_127_0_0/DP.HIGH
  -------------------------------------------------------------------
                         required time                         -2.799    
                         arrival time                           2.896    
  -------------------------------------------------------------------
                         slack                                  0.096    

Slack (MET) :             0.096ns  (arrival time - required time)
  Source:                 u_core/upd_idx_r_reg[2]/C
                            (rising edge-triggered cell FDRE clocked by clk_out0  {rise@0.000ns fall@2.500ns period=5.000ns})
  Destination:            u_core/pht_reg_0_127_0_0/DP.LOW/WADR2
                            (rising edge-triggered cell RAMD64E clocked by clk_out0  {rise@0.000ns fall@2.500ns period=5.000ns})
  Path Group:             clk_out0
  Path Type:              Hold (Min at Fast Process Corner)
  Requirement:            0.000ns  (clk_out0 rise@0.000ns - clk_out0 rise@0.000ns)
  Data Path Delay:        0.349ns  (logic 0.118ns (33.787%)  route 0.231ns (66.213%))
  Logic Levels:           0  
  Clock Path Skew:        0.012ns (DCD - SCD - CPR)
    Destination Clock Delay (DCD):    2.971ns
    Source Clock Delay      (SCD):    2.546ns
    Clock Pessimism Removal (CPR):    0.412ns

    Location             Delay type                Incr(ns)  Path(ns)    Netlist Resource(s)
  -------------------------------------------------------------------    -------------------
                         (clock clk_out0 rise edge)
                                                      0.000     0.000 r  
    AD12                                              0.000     0.000 r  sys_clk_p (IN)
                         net (fo=0)                   0.000     0.000    sys_clk_p
    AD12                 IBUFDS (Prop_ibufds_I_O)     0.388     0.388 r  u_ibufds/O
                         net (fo=1, routed)           0.503     0.891    sys_clk_ibuf
    MMCME2_ADV_X1Y1      MMCME2_ADV (Prop_mmcme2_adv_CLKIN1_CLKOUT0)
                                                      0.050     0.941 r  u_mmcm/CLKOUT0
                         net (fo=1, routed)           0.940     1.881    clk_out0
    BUFGCTRL_X0Y0        BUFG (Prop_bufg_I_O)         0.026     1.907 r  u_bufg/O
                         net (fo=2179, routed)        0.639     2.546    u_core/clk_core
    SLICE_X10Y136        FDRE                                         r  u_core/upd_idx_r_reg[2]/C
  -------------------------------------------------------------------    -------------------
    SLICE_X10Y136        FDRE (Prop_fdre_C_Q)         0.118     2.664 r  u_core/upd_idx_r_reg[2]/Q
                         net (fo=24, routed)          0.231     2.896    u_core/pht_reg_0_127_0_0/A2
    SLICE_X10Y134        RAMD64E                                      r  u_core/pht_reg_0_127_0_0/DP.LOW/WADR2
  -------------------------------------------------------------------    -------------------

                         (clock clk_out0 rise edge)
                                                      0.000     0.000 r  
    AD12                                              0.000     0.000 r  sys_clk_p (IN)
                         net (fo=0)                   0.000     0.000    sys_clk_p
    AD12                 IBUFDS (Prop_ibufds_I_O)     0.470     0.470 r  u_ibufds/O
                         net (fo=1, routed)           0.553     1.023    sys_clk_ibuf
    MMCME2_ADV_X1Y1      MMCME2_ADV (Prop_mmcme2_adv_CLKIN1_CLKOUT0)
                                                      0.053     1.076 r  u_mmcm/CLKOUT0
                         net (fo=1, routed)           1.007     2.083    clk_out0
    BUFGCTRL_X0Y0        BUFG (Prop_bufg_I_O)         0.030     2.113 r  u_bufg/O
                         net (fo=2179, routed)        0.858     2.971    u_core/pht_reg_0_127_0_0/WCLK
    SLICE_X10Y134        RAMD64E                                      r  u_core/pht_reg_0_127_0_0/DP.LOW/CLK
                         clock pessimism             -0.412     2.558    
    SLICE_X10Y134        RAMD64E (Hold_ramd64e_CLK_WADR2)
                                                      0.241     2.799    u_core/pht_reg_0_127_0_0/DP.LOW
  -------------------------------------------------------------------
                         required time                         -2.799    
                         arrival time                           2.896    
  -------------------------------------------------------------------
                         slack                                  0.096    

Slack (MET) :             0.096ns  (arrival time - required time)
  Source:                 u_core/upd_idx_r_reg[2]/C
                            (rising edge-triggered cell FDRE clocked by clk_out0  {rise@0.000ns fall@2.500ns period=5.000ns})
  Destination:            u_core/pht_reg_0_127_0_0/SP.HIGH/WADR2
                            (rising edge-triggered cell RAMD64E clocked by clk_out0  {rise@0.000ns fall@2.500ns period=5.000ns})
  Path Group:             clk_out0
  Path Type:              Hold (Min at Fast Process Corner)
  Requirement:            0.000ns  (clk_out0 rise@0.000ns - clk_out0 rise@0.000ns)
  Data Path Delay:        0.349ns  (logic 0.118ns (33.787%)  route 0.231ns (66.213%))
  Logic Levels:           0  
  Clock Path Skew:        0.012ns (DCD - SCD - CPR)
    Destination Clock Delay (DCD):    2.971ns
    Source Clock Delay      (SCD):    2.546ns
    Clock Pessimism Removal (CPR):    0.412ns

    Location             Delay type                Incr(ns)  Path(ns)    Netlist Resource(s)
  -------------------------------------------------------------------    -------------------
                         (clock clk_out0 rise edge)
                                                      0.000     0.000 r  
    AD12                                              0.000     0.000 r  sys_clk_p (IN)
                         net (fo=0)                   0.000     0.000    sys_clk_p
    AD12                 IBUFDS (Prop_ibufds_I_O)     0.388     0.388 r  u_ibufds/O
                         net (fo=1, routed)           0.503     0.891    sys_clk_ibuf
    MMCME2_ADV_X1Y1      MMCME2_ADV (Prop_mmcme2_adv_CLKIN1_CLKOUT0)
                                                      0.050     0.941 r  u_mmcm/CLKOUT0
                         net (fo=1, routed)           0.940     1.881    clk_out0
    BUFGCTRL_X0Y0        BUFG (Prop_bufg_I_O)         0.026     1.907 r  u_bufg/O
                         net (fo=2179, routed)        0.639     2.546    u_core/clk_core
    SLICE_X10Y136        FDRE                                         r  u_core/upd_idx_r_reg[2]/C
  -------------------------------------------------------------------    -------------------
    SLICE_X10Y136        FDRE (Prop_fdre_C_Q)         0.118     2.664 r  u_core/upd_idx_r_reg[2]/Q
                         net (fo=24, routed)          0.231     2.896    u_core/pht_reg_0_127_0_0/A2
    SLICE_X10Y134        RAMD64E                                      r  u_core/pht_reg_0_127_0_0/SP.HIGH/WADR2
  -------------------------------------------------------------------    -------------------

                         (clock clk_out0 rise edge)
                                                      0.000     0.000 r  
    AD12                                              0.000     0.000 r  sys_clk_p (IN)
                         net (fo=0)                   0.000     0.000    sys_clk_p
    AD12                 IBUFDS (Prop_ibufds_I_O)     0.470     0.470 r  u_ibufds/O
                         net (fo=1, routed)           0.553     1.023    sys_clk_ibuf
    MMCME2_ADV_X1Y1      MMCME2_ADV (Prop_mmcme2_adv_CLKIN1_CLKOUT0)
                                                      0.053     1.076 r  u_mmcm/CLKOUT0
                         net (fo=1, routed)           1.007     2.083    clk_out0
    BUFGCTRL_X0Y0        BUFG (Prop_bufg_I_O)         0.030     2.113 r  u_bufg/O
                         net (fo=2179, routed)        0.858     2.971    u_core/pht_reg_0_127_0_0/WCLK
    SLICE_X10Y134        RAMD64E                                      r  u_core/pht_reg_0_127_0_0/SP.HIGH/CLK
                         clock pessimism             -0.412     2.558    
    SLICE_X10Y134        RAMD64E (Hold_ramd64e_CLK_WADR2)
                                                      0.241     2.799    u_core/pht_reg_0_127_0_0/SP.HIGH
  -------------------------------------------------------------------
                         required time                         -2.799    
                         arrival time                           2.896    
  -------------------------------------------------------------------
                         slack                                  0.096    

Slack (MET) :             0.096ns  (arrival time - required time)
  Source:                 u_core/upd_idx_r_reg[2]/C
                            (rising edge-triggered cell FDRE clocked by clk_out0  {rise@0.000ns fall@2.500ns period=5.000ns})
  Destination:            u_core/pht_reg_0_127_0_0/SP.LOW/WADR2
                            (rising edge-triggered cell RAMD64E clocked by clk_out0  {rise@0.000ns fall@2.500ns period=5.000ns})
  Path Group:             clk_out0
  Path Type:              Hold (Min at Fast Process Corner)
  Requirement:            0.000ns  (clk_out0 rise@0.000ns - clk_out0 rise@0.000ns)
  Data Path Delay:        0.349ns  (logic 0.118ns (33.787%)  route 0.231ns (66.213%))
  Logic Levels:           0  
  Clock Path Skew:        0.012ns (DCD - SCD - CPR)
    Destination Clock Delay (DCD):    2.971ns
    Source Clock Delay      (SCD):    2.546ns
    Clock Pessimism Removal (CPR):    0.412ns

    Location             Delay type                Incr(ns)  Path(ns)    Netlist Resource(s)
  -------------------------------------------------------------------    -------------------
                         (clock clk_out0 rise edge)
                                                      0.000     0.000 r  
    AD12                                              0.000     0.000 r  sys_clk_p (IN)
                         net (fo=0)                   0.000     0.000    sys_clk_p
    AD12                 IBUFDS (Prop_ibufds_I_O)     0.388     0.388 r  u_ibufds/O
                         net (fo=1, routed)           0.503     0.891    sys_clk_ibuf
    MMCME2_ADV_X1Y1      MMCME2_ADV (Prop_mmcme2_adv_CLKIN1_CLKOUT0)
                                                      0.050     0.941 r  u_mmcm/CLKOUT0
                         net (fo=1, routed)           0.940     1.881    clk_out0
    BUFGCTRL_X0Y0        BUFG (Prop_bufg_I_O)         0.026     1.907 r  u_bufg/O
                         net (fo=2179, routed)        0.639     2.546    u_core/clk_core
    SLICE_X10Y136        FDRE                                         r  u_core/upd_idx_r_reg[2]/C
  -------------------------------------------------------------------    -------------------
    SLICE_X10Y136        FDRE (Prop_fdre_C_Q)         0.118     2.664 r  u_core/upd_idx_r_reg[2]/Q
                         net (fo=24, routed)          0.231     2.896    u_core/pht_reg_0_127_0_0/A2
    SLICE_X10Y134        RAMD64E                                      r  u_core/pht_reg_0_127_0_0/SP.LOW/WADR2
  -------------------------------------------------------------------    -------------------

                         (clock clk_out0 rise edge)
                                                      0.000     0.000 r  
    AD12                                              0.000     0.000 r  sys_clk_p (IN)
                         net (fo=0)                   0.000     0.000    sys_clk_p
    AD12                 IBUFDS (Prop_ibufds_I_O)     0.470     0.470 r  u_ibufds/O
                         net (fo=1, routed)           0.553     1.023    sys_clk_ibuf
    MMCME2_ADV_X1Y1      MMCME2_ADV (Prop_mmcme2_adv_CLKIN1_CLKOUT0)
                                                      0.053     1.076 r  u_mmcm/CLKOUT0
                         net (fo=1, routed)           1.007     2.083    clk_out0
    BUFGCTRL_X0Y0        BUFG (Prop_bufg_I_O)         0.030     2.113 r  u_bufg/O
                         net (fo=2179, routed)        0.858     2.971    u_core/pht_reg_0_127_0_0/WCLK
    SLICE_X10Y134        RAMD64E                                      r  u_core/pht_reg_0_127_0_0/SP.LOW/CLK
                         clock pessimism             -0.412     2.558    
    SLICE_X10Y134        RAMD64E (Hold_ramd64e_CLK_WADR2)
                                                      0.241     2.799    u_core/pht_reg_0_127_0_0/SP.LOW
  -------------------------------------------------------------------
                         required time                         -2.799    
                         arrival time                           2.896    
  -------------------------------------------------------------------
                         slack                                  0.096    

Slack (MET) :             0.098ns  (arrival time - required time)
  Source:                 u_core/rd_w1_reg[2]/C
                            (rising edge-triggered cell FDRE clocked by clk_out0  {rise@0.000ns fall@2.500ns period=5.000ns})
  Destination:            u_core/u_rf/rfb_reg_r4_0_31_6_11/RAMA/WADR2
                            (rising edge-triggered cell RAMD32 clocked by clk_out0  {rise@0.000ns fall@2.500ns period=5.000ns})
  Path Group:             clk_out0
  Path Type:              Hold (Min at Fast Process Corner)
  Requirement:            0.000ns  (clk_out0 rise@0.000ns - clk_out0 rise@0.000ns)
  Data Path Delay:        0.354ns  (logic 0.118ns (33.365%)  route 0.236ns (66.635%))
  Logic Levels:           0  
  Clock Path Skew:        0.015ns (DCD - SCD - CPR)
    Destination Clock Delay (DCD):    2.976ns
    Source Clock Delay      (SCD):    2.548ns
    Clock Pessimism Removal (CPR):    0.412ns

    Location             Delay type                Incr(ns)  Path(ns)    Netlist Resource(s)
  -------------------------------------------------------------------    -------------------
                         (clock clk_out0 rise edge)
                                                      0.000     0.000 r  
    AD12                                              0.000     0.000 r  sys_clk_p (IN)
                         net (fo=0)                   0.000     0.000    sys_clk_p
    AD12                 IBUFDS (Prop_ibufds_I_O)     0.388     0.388 r  u_ibufds/O
                         net (fo=1, routed)           0.503     0.891    sys_clk_ibuf
    MMCME2_ADV_X1Y1      MMCME2_ADV (Prop_mmcme2_adv_CLKIN1_CLKOUT0)
                                                      0.050     0.941 r  u_mmcm/CLKOUT0
                         net (fo=1, routed)           0.940     1.881    clk_out0
    BUFGCTRL_X0Y0        BUFG (Prop_bufg_I_O)         0.026     1.907 r  u_bufg/O
                         net (fo=2179, routed)        0.641     2.548    u_core/clk_core
    SLICE_X10Y139        FDRE                                         r  u_core/rd_w1_reg[2]/C
  -------------------------------------------------------------------    -------------------
    SLICE_X10Y139        FDRE (Prop_fdre_C_Q)         0.118     2.666 r  u_core/rd_w1_reg[2]/Q
                         net (fo=220, routed)         0.236     2.902    u_core/u_rf/rfb_reg_r4_0_31_6_11/ADDRD2
    SLICE_X10Y142        RAMD32                                       r  u_core/u_rf/rfb_reg_r4_0_31_6_11/RAMA/WADR2
  -------------------------------------------------------------------    -------------------

                         (clock clk_out0 rise edge)
                                                      0.000     0.000 r  
    AD12                                              0.000     0.000 r  sys_clk_p (IN)
                         net (fo=0)                   0.000     0.000    sys_clk_p
    AD12                 IBUFDS (Prop_ibufds_I_O)     0.470     0.470 r  u_ibufds/O
                         net (fo=1, routed)           0.553     1.023    sys_clk_ibuf
    MMCME2_ADV_X1Y1      MMCME2_ADV (Prop_mmcme2_adv_CLKIN1_CLKOUT0)
                                                      0.053     1.076 r  u_mmcm/CLKOUT0
                         net (fo=1, routed)           1.007     2.083    clk_out0
    BUFGCTRL_X0Y0        BUFG (Prop_bufg_I_O)         0.030     2.113 r  u_bufg/O
                         net (fo=2179, routed)        0.863     2.976    u_core/u_rf/rfb_reg_r4_0_31_6_11/WCLK
    SLICE_X10Y142        RAMD32                                       r  u_core/u_rf/rfb_reg_r4_0_31_6_11/RAMA/CLK
                         clock pessimism             -0.412     2.563    
    SLICE_X10Y142        RAMD32 (Hold_ramd32_CLK_WADR2)
                                                      0.241     2.804    u_core/u_rf/rfb_reg_r4_0_31_6_11/RAMA
  -------------------------------------------------------------------
                         required time                         -2.804    
                         arrival time                           2.902    
  -------------------------------------------------------------------
                         slack                                  0.098    

Slack (MET) :             0.098ns  (arrival time - required time)
  Source:                 u_core/rd_w1_reg[2]/C
                            (rising edge-triggered cell FDRE clocked by clk_out0  {rise@0.000ns fall@2.500ns period=5.000ns})
  Destination:            u_core/u_rf/rfb_reg_r4_0_31_6_11/RAMA_D1/WADR2
                            (rising edge-triggered cell RAMD32 clocked by clk_out0  {rise@0.000ns fall@2.500ns period=5.000ns})
  Path Group:             clk_out0
  Path Type:              Hold (Min at Fast Process Corner)
  Requirement:            0.000ns  (clk_out0 rise@0.000ns - clk_out0 rise@0.000ns)
  Data Path Delay:        0.354ns  (logic 0.118ns (33.365%)  route 0.236ns (66.635%))
  Logic Levels:           0  
  Clock Path Skew:        0.015ns (DCD - SCD - CPR)
    Destination Clock Delay (DCD):    2.976ns
    Source Clock Delay      (SCD):    2.548ns
    Clock Pessimism Removal (CPR):    0.412ns

    Location             Delay type                Incr(ns)  Path(ns)    Netlist Resource(s)
  -------------------------------------------------------------------    -------------------
                         (clock clk_out0 rise edge)
                                                      0.000     0.000 r  
    AD12                                              0.000     0.000 r  sys_clk_p (IN)
                         net (fo=0)                   0.000     0.000    sys_clk_p
    AD12                 IBUFDS (Prop_ibufds_I_O)     0.388     0.388 r  u_ibufds/O
                         net (fo=1, routed)           0.503     0.891    sys_clk_ibuf
    MMCME2_ADV_X1Y1      MMCME2_ADV (Prop_mmcme2_adv_CLKIN1_CLKOUT0)
                                                      0.050     0.941 r  u_mmcm/CLKOUT0
                         net (fo=1, routed)           0.940     1.881    clk_out0
    BUFGCTRL_X0Y0        BUFG (Prop_bufg_I_O)         0.026     1.907 r  u_bufg/O
                         net (fo=2179, routed)        0.641     2.548    u_core/clk_core
    SLICE_X10Y139        FDRE                                         r  u_core/rd_w1_reg[2]/C
  -------------------------------------------------------------------    -------------------
    SLICE_X10Y139        FDRE (Prop_fdre_C_Q)         0.118     2.666 r  u_core/rd_w1_reg[2]/Q
                         net (fo=220, routed)         0.236     2.902    u_core/u_rf/rfb_reg_r4_0_31_6_11/ADDRD2
    SLICE_X10Y142        RAMD32                                       r  u_core/u_rf/rfb_reg_r4_0_31_6_11/RAMA_D1/WADR2
  -------------------------------------------------------------------    -------------------

                         (clock clk_out0 rise edge)
                                                      0.000     0.000 r  
    AD12                                              0.000     0.000 r  sys_clk_p (IN)
                         net (fo=0)                   0.000     0.000    sys_clk_p
    AD12                 IBUFDS (Prop_ibufds_I_O)     0.470     0.470 r  u_ibufds/O
                         net (fo=1, routed)           0.553     1.023    sys_clk_ibuf
    MMCME2_ADV_X1Y1      MMCME2_ADV (Prop_mmcme2_adv_CLKIN1_CLKOUT0)
                                                      0.053     1.076 r  u_mmcm/CLKOUT0
                         net (fo=1, routed)           1.007     2.083    clk_out0
    BUFGCTRL_X0Y0        BUFG (Prop_bufg_I_O)         0.030     2.113 r  u_bufg/O
                         net (fo=2179, routed)        0.863     2.976    u_core/u_rf/rfb_reg_r4_0_31_6_11/WCLK
    SLICE_X10Y142        RAMD32                                       r  u_core/u_rf/rfb_reg_r4_0_31_6_11/RAMA_D1/CLK
                         clock pessimism             -0.412     2.563    
    SLICE_X10Y142        RAMD32 (Hold_ramd32_CLK_WADR2)
                                                      0.241     2.804    u_core/u_rf/rfb_reg_r4_0_31_6_11/RAMA_D1
  -------------------------------------------------------------------
                         required time                         -2.804    
                         arrival time                           2.902    
  -------------------------------------------------------------------
                         slack                                  0.098    

Slack (MET) :             0.098ns  (arrival time - required time)
  Source:                 u_core/rd_w1_reg[2]/C
                            (rising edge-triggered cell FDRE clocked by clk_out0  {rise@0.000ns fall@2.500ns period=5.000ns})
  Destination:            u_core/u_rf/rfb_reg_r4_0_31_6_11/RAMB/WADR2
                            (rising edge-triggered cell RAMD32 clocked by clk_out0  {rise@0.000ns fall@2.500ns period=5.000ns})
  Path Group:             clk_out0
  Path Type:              Hold (Min at Fast Process Corner)
  Requirement:            0.000ns  (clk_out0 rise@0.000ns - clk_out0 rise@0.000ns)
  Data Path Delay:        0.354ns  (logic 0.118ns (33.365%)  route 0.236ns (66.635%))
  Logic Levels:           0  
  Clock Path Skew:        0.015ns (DCD - SCD - CPR)
    Destination Clock Delay (DCD):    2.976ns
    Source Clock Delay      (SCD):    2.548ns
    Clock Pessimism Removal (CPR):    0.412ns

    Location             Delay type                Incr(ns)  Path(ns)    Netlist Resource(s)
  -------------------------------------------------------------------    -------------------
                         (clock clk_out0 rise edge)
                                                      0.000     0.000 r  
    AD12                                              0.000     0.000 r  sys_clk_p (IN)
                         net (fo=0)                   0.000     0.000    sys_clk_p
    AD12                 IBUFDS (Prop_ibufds_I_O)     0.388     0.388 r  u_ibufds/O
                         net (fo=1, routed)           0.503     0.891    sys_clk_ibuf
    MMCME2_ADV_X1Y1      MMCME2_ADV (Prop_mmcme2_adv_CLKIN1_CLKOUT0)
                                                      0.050     0.941 r  u_mmcm/CLKOUT0
                         net (fo=1, routed)           0.940     1.881    clk_out0
    BUFGCTRL_X0Y0        BUFG (Prop_bufg_I_O)         0.026     1.907 r  u_bufg/O
                         net (fo=2179, routed)        0.641     2.548    u_core/clk_core
    SLICE_X10Y139        FDRE                                         r  u_core/rd_w1_reg[2]/C
  -------------------------------------------------------------------    -------------------
    SLICE_X10Y139        FDRE (Prop_fdre_C_Q)         0.118     2.666 r  u_core/rd_w1_reg[2]/Q
                         net (fo=220, routed)         0.236     2.902    u_core/u_rf/rfb_reg_r4_0_31_6_11/ADDRD2
    SLICE_X10Y142        RAMD32                                       r  u_core/u_rf/rfb_reg_r4_0_31_6_11/RAMB/WADR2
  -------------------------------------------------------------------    -------------------

                         (clock clk_out0 rise edge)
                                                      0.000     0.000 r  
    AD12                                              0.000     0.000 r  sys_clk_p (IN)
                         net (fo=0)                   0.000     0.000    sys_clk_p
    AD12                 IBUFDS (Prop_ibufds_I_O)     0.470     0.470 r  u_ibufds/O
                         net (fo=1, routed)           0.553     1.023    sys_clk_ibuf
    MMCME2_ADV_X1Y1      MMCME2_ADV (Prop_mmcme2_adv_CLKIN1_CLKOUT0)
                                                      0.053     1.076 r  u_mmcm/CLKOUT0
                         net (fo=1, routed)           1.007     2.083    clk_out0
    BUFGCTRL_X0Y0        BUFG (Prop_bufg_I_O)         0.030     2.113 r  u_bufg/O
                         net (fo=2179, routed)        0.863     2.976    u_core/u_rf/rfb_reg_r4_0_31_6_11/WCLK
    SLICE_X10Y142        RAMD32                                       r  u_core/u_rf/rfb_reg_r4_0_31_6_11/RAMB/CLK
                         clock pessimism             -0.412     2.563    
    SLICE_X10Y142        RAMD32 (Hold_ramd32_CLK_WADR2)
                                                      0.241     2.804    u_core/u_rf/rfb_reg_r4_0_31_6_11/RAMB
  -------------------------------------------------------------------
                         required time                         -2.804    
                         arrival time                           2.902    
  -------------------------------------------------------------------
                         slack                                  0.098    

Slack (MET) :             0.098ns  (arrival time - required time)
  Source:                 u_core/rd_w1_reg[2]/C
                            (rising edge-triggered cell FDRE clocked by clk_out0  {rise@0.000ns fall@2.500ns period=5.000ns})
  Destination:            u_core/u_rf/rfb_reg_r4_0_31_6_11/RAMB_D1/WADR2
                            (rising edge-triggered cell RAMD32 clocked by clk_out0  {rise@0.000ns fall@2.500ns period=5.000ns})
  Path Group:             clk_out0
  Path Type:              Hold (Min at Fast Process Corner)
  Requirement:            0.000ns  (clk_out0 rise@0.000ns - clk_out0 rise@0.000ns)
  Data Path Delay:        0.354ns  (logic 0.118ns (33.365%)  route 0.236ns (66.635%))
  Logic Levels:           0  
  Clock Path Skew:        0.015ns (DCD - SCD - CPR)
    Destination Clock Delay (DCD):    2.976ns
    Source Clock Delay      (SCD):    2.548ns
    Clock Pessimism Removal (CPR):    0.412ns

    Location             Delay type                Incr(ns)  Path(ns)    Netlist Resource(s)
  -------------------------------------------------------------------    -------------------
                         (clock clk_out0 rise edge)
                                                      0.000     0.000 r  
    AD12                                              0.000     0.000 r  sys_clk_p (IN)
                         net (fo=0)                   0.000     0.000    sys_clk_p
    AD12                 IBUFDS (Prop_ibufds_I_O)     0.388     0.388 r  u_ibufds/O
                         net (fo=1, routed)           0.503     0.891    sys_clk_ibuf
    MMCME2_ADV_X1Y1      MMCME2_ADV (Prop_mmcme2_adv_CLKIN1_CLKOUT0)
                                                      0.050     0.941 r  u_mmcm/CLKOUT0
                         net (fo=1, routed)           0.940     1.881    clk_out0
    BUFGCTRL_X0Y0        BUFG (Prop_bufg_I_O)         0.026     1.907 r  u_bufg/O
                         net (fo=2179, routed)        0.641     2.548    u_core/clk_core
    SLICE_X10Y139        FDRE                                         r  u_core/rd_w1_reg[2]/C
  -------------------------------------------------------------------    -------------------
    SLICE_X10Y139        FDRE (Prop_fdre_C_Q)         0.118     2.666 r  u_core/rd_w1_reg[2]/Q
                         net (fo=220, routed)         0.236     2.902    u_core/u_rf/rfb_reg_r4_0_31_6_11/ADDRD2
    SLICE_X10Y142        RAMD32                                       r  u_core/u_rf/rfb_reg_r4_0_31_6_11/RAMB_D1/WADR2
  -------------------------------------------------------------------    -------------------

                         (clock clk_out0 rise edge)
                                                      0.000     0.000 r  
    AD12                                              0.000     0.000 r  sys_clk_p (IN)
                         net (fo=0)                   0.000     0.000    sys_clk_p
    AD12                 IBUFDS (Prop_ibufds_I_O)     0.470     0.470 r  u_ibufds/O
                         net (fo=1, routed)           0.553     1.023    sys_clk_ibuf
    MMCME2_ADV_X1Y1      MMCME2_ADV (Prop_mmcme2_adv_CLKIN1_CLKOUT0)
                                                      0.053     1.076 r  u_mmcm/CLKOUT0
                         net (fo=1, routed)           1.007     2.083    clk_out0
    BUFGCTRL_X0Y0        BUFG (Prop_bufg_I_O)         0.030     2.113 r  u_bufg/O
                         net (fo=2179, routed)        0.863     2.976    u_core/u_rf/rfb_reg_r4_0_31_6_11/WCLK
    SLICE_X10Y142        RAMD32                                       r  u_core/u_rf/rfb_reg_r4_0_31_6_11/RAMB_D1/CLK
                         clock pessimism             -0.412     2.563    
    SLICE_X10Y142        RAMD32 (Hold_ramd32_CLK_WADR2)
                                                      0.241     2.804    u_core/u_rf/rfb_reg_r4_0_31_6_11/RAMB_D1
  -------------------------------------------------------------------
                         required time                         -2.804    
                         arrival time                           2.902    
  -------------------------------------------------------------------
                         slack                                  0.098    





Pulse Width Checks
--------------------------------------------------------------------------------------
Clock Name:         clk_out0
Waveform(ns):       { 0.000 2.500 }
Period(ns):         5.000
Sources:            { u_mmcm/CLKOUT0 }

Check Type        Corner  Lib Pin             Reference Pin  Required(ns)  Actual(ns)  Slack(ns)  Location         Pin
Min Period        n/a     DSP48E1/CLK         n/a            2.772         5.000       2.228      DSP48_X2Y55      u_core/u_md/prod_r_reg/CLK
Min Period        n/a     DSP48E1/CLK         n/a            2.772         5.000       2.228      DSP48_X2Y57      u_core/u_md/prod_r_reg__0/CLK
Min Period        n/a     RAMB36E1/CLKARDCLK  n/a            2.095         5.000       2.905      RAMB36_X0Y24     mem0_reg_0_0/CLKARDCLK
Min Period        n/a     RAMB36E1/CLKARDCLK  n/a            2.095         5.000       2.905      RAMB36_X0Y22     mem0_reg_0_1/CLKARDCLK
Min Period        n/a     RAMB36E1/CLKARDCLK  n/a            2.095         5.000       2.905      RAMB36_X1Y19     mem0_reg_1_0/CLKARDCLK
Min Period        n/a     RAMB36E1/CLKARDCLK  n/a            2.095         5.000       2.905      RAMB36_X1Y23     mem0_reg_1_1/CLKARDCLK
Min Period        n/a     RAMB36E1/CLKARDCLK  n/a            2.095         5.000       2.905      RAMB36_X1Y26     mem0_reg_2_0/CLKARDCLK
Min Period        n/a     RAMB36E1/CLKARDCLK  n/a            2.095         5.000       2.905      RAMB36_X1Y25     mem0_reg_2_1/CLKARDCLK
Min Period        n/a     RAMB36E1/CLKARDCLK  n/a            2.095         5.000       2.905      RAMB36_X1Y22     mem0_reg_3_0/CLKARDCLK
Min Period        n/a     RAMB36E1/CLKARDCLK  n/a            2.095         5.000       2.905      RAMB36_X1Y24     mem0_reg_3_1/CLKARDCLK
Max Period        n/a     MMCME2_ADV/CLKOUT0  n/a            213.360       5.000       208.360    MMCME2_ADV_X1Y1  u_mmcm/CLKOUT0
Low Pulse Width   Slow    RAMD64E/CLK         n/a            0.768         2.500       1.732      SLICE_X46Y118    u_core/btb_tag_reg_r1_0_63_0_2/RAMA/CLK
Low Pulse Width   Fast    RAMD64E/CLK         n/a            0.768         2.500       1.732      SLICE_X46Y118    u_core/btb_tag_reg_r1_0_63_0_2/RAMA/CLK
Low Pulse Width   Slow    RAMD64E/CLK         n/a            0.768         2.500       1.732      SLICE_X46Y118    u_core/btb_tag_reg_r1_0_63_0_2/RAMB/CLK
Low Pulse Width   Fast    RAMD64E/CLK         n/a            0.768         2.500       1.732      SLICE_X46Y118    u_core/btb_tag_reg_r1_0_63_0_2/RAMB/CLK
Low Pulse Width   Slow    RAMD64E/CLK         n/a            0.768         2.500       1.732      SLICE_X46Y118    u_core/btb_tag_reg_r1_0_63_0_2/RAMC/CLK
Low Pulse Width   Fast    RAMD64E/CLK         n/a            0.768         2.500       1.732      SLICE_X46Y118    u_core/btb_tag_reg_r1_0_63_0_2/RAMC/CLK
Low Pulse Width   Slow    RAMD64E/CLK         n/a            0.768         2.500       1.732      SLICE_X46Y118    u_core/btb_tag_reg_r1_0_63_0_2/RAMD/CLK
Low Pulse Width   Fast    RAMD64E/CLK         n/a            0.768         2.500       1.732      SLICE_X46Y118    u_core/btb_tag_reg_r1_0_63_0_2/RAMD/CLK
Low Pulse Width   Slow    RAMD64E/CLK         n/a            0.768         2.500       1.732      SLICE_X50Y117    u_core/btb_tag_reg_r1_0_63_3_5/RAMA/CLK
Low Pulse Width   Fast    RAMD64E/CLK         n/a            0.768         2.500       1.732      SLICE_X50Y117    u_core/btb_tag_reg_r1_0_63_3_5/RAMA/CLK
High Pulse Width  Slow    RAMD64E/CLK         n/a            0.768         2.500       1.732      SLICE_X46Y118    u_core/btb_tag_reg_r1_0_63_0_2/RAMA/CLK
High Pulse Width  Fast    RAMD64E/CLK         n/a            0.768         2.500       1.732      SLICE_X46Y118    u_core/btb_tag_reg_r1_0_63_0_2/RAMA/CLK
High Pulse Width  Slow    RAMD64E/CLK         n/a            0.768         2.500       1.732      SLICE_X46Y118    u_core/btb_tag_reg_r1_0_63_0_2/RAMB/CLK
High Pulse Width  Fast    RAMD64E/CLK         n/a            0.768         2.500       1.732      SLICE_X46Y118    u_core/btb_tag_reg_r1_0_63_0_2/RAMB/CLK
High Pulse Width  Slow    RAMD64E/CLK         n/a            0.768         2.500       1.732      SLICE_X46Y118    u_core/btb_tag_reg_r1_0_63_0_2/RAMC/CLK
High Pulse Width  Fast    RAMD64E/CLK         n/a            0.768         2.500       1.732      SLICE_X46Y118    u_core/btb_tag_reg_r1_0_63_0_2/RAMC/CLK
High Pulse Width  Slow    RAMD64E/CLK         n/a            0.768         2.500       1.732      SLICE_X46Y118    u_core/btb_tag_reg_r1_0_63_0_2/RAMD/CLK
High Pulse Width  Fast    RAMD64E/CLK         n/a            0.768         2.500       1.732      SLICE_X46Y118    u_core/btb_tag_reg_r1_0_63_0_2/RAMD/CLK
High Pulse Width  Slow    RAMD64E/CLK         n/a            0.768         2.500       1.732      SLICE_X50Y117    u_core/btb_tag_reg_r1_0_63_3_5/RAMA/CLK
High Pulse Width  Fast    RAMD64E/CLK         n/a            0.768         2.500       1.732      SLICE_X50Y117    u_core/btb_tag_reg_r1_0_63_3_5/RAMA/CLK



--------------------------------------------------------------------------------------
Path Group:  (none)
From Clock:  clk_out0
  To Clock:  

Max Delay             5 Endpoints
Min Delay             5 Endpoints
--------------------------------------------------------------------------------------


Max Delay Paths
--------------------------------------------------------------------------------------
Slack:                    inf
  Source:                 u_uart/txd_reg/C
                            (rising edge-triggered cell FDSE clocked by clk_out0  {rise@0.000ns fall@2.500ns period=5.000ns})
  Destination:            uart_txd
                            (output port)
  Path Group:             (none)
  Path Type:              Max at Slow Process Corner
  Data Path Delay:        5.576ns  (logic 3.506ns (62.874%)  route 2.070ns (37.126%))
  Logic Levels:           1  (OBUF=1)
  Clock Uncertainty:      0.126ns  ((TSJ^2 + DJ^2)^1/2) / 2 + PE
    Total System Jitter     (TSJ):    0.050ns
    Discrete Jitter          (DJ):    0.086ns
    Phase Error              (PE):    0.076ns
  Timing Exception:       False Path

    Location             Delay type                Incr(ns)  Path(ns)    Netlist Resource(s)
  -------------------------------------------------------------------    -------------------
                         (clock clk_out0 rise edge)
                                                      0.000     0.000 r  
    AD12                                              0.000     0.000 r  sys_clk_p (IN)
                         net (fo=0)                   0.000     0.000    sys_clk_p
    AD12                 IBUFDS (Prop_ibufds_I_O)     0.906     0.906 r  u_ibufds/O
                         net (fo=1, routed)           1.081     1.987    sys_clk_ibuf
    MMCME2_ADV_X1Y1      MMCME2_ADV (Prop_mmcme2_adv_CLKIN1_CLKOUT0)
                                                      0.077     2.064 r  u_mmcm/CLKOUT0
                         net (fo=1, routed)           2.130     4.194    clk_out0
    BUFGCTRL_X0Y0        BUFG (Prop_bufg_I_O)         0.093     4.287 r  u_bufg/O
                         net (fo=2179, routed)        1.471     5.758    u_uart/clk_core
    SLICE_X10Y106        FDSE                                         r  u_uart/txd_reg/C
  -------------------------------------------------------------------    -------------------
    SLICE_X10Y106        FDSE (Prop_fdse_C_Q)         0.259     6.017 r  u_uart/txd_reg/Q
                         net (fo=1, routed)           2.070     8.087    uart_txd_OBUF
    Y23                  OBUF (Prop_obuf_I_O)         3.247    11.333 r  uart_txd_OBUF_inst/O
                         net (fo=0)                   0.000    11.333    uart_txd
    Y23                                                               r  uart_txd (OUT)
  -------------------------------------------------------------------    -------------------

Slack:                    inf
  Source:                 led_r_reg[0]_lopt_replica/C
                            (rising edge-triggered cell FDRE clocked by clk_out0  {rise@0.000ns fall@2.500ns period=5.000ns})
  Destination:            led[0]
                            (output port)
  Path Group:             (none)
  Path Type:              Max at Slow Process Corner
  Data Path Delay:        5.399ns  (logic 3.551ns (65.769%)  route 1.848ns (34.231%))
  Logic Levels:           1  (OBUF=1)
  Clock Uncertainty:      0.126ns  ((TSJ^2 + DJ^2)^1/2) / 2 + PE
    Total System Jitter     (TSJ):    0.050ns
    Discrete Jitter          (DJ):    0.086ns
    Phase Error              (PE):    0.076ns
  Timing Exception:       False Path

    Location             Delay type                Incr(ns)  Path(ns)    Netlist Resource(s)
  -------------------------------------------------------------------    -------------------
                         (clock clk_out0 rise edge)
                                                      0.000     0.000 r  
    AD12                                              0.000     0.000 r  sys_clk_p (IN)
                         net (fo=0)                   0.000     0.000    sys_clk_p
    AD12                 IBUFDS (Prop_ibufds_I_O)     0.906     0.906 r  u_ibufds/O
                         net (fo=1, routed)           1.081     1.987    sys_clk_ibuf
    MMCME2_ADV_X1Y1      MMCME2_ADV (Prop_mmcme2_adv_CLKIN1_CLKOUT0)
                                                      0.077     2.064 r  u_mmcm/CLKOUT0
                         net (fo=1, routed)           2.130     4.194    clk_out0
    BUFGCTRL_X0Y0        BUFG (Prop_bufg_I_O)         0.093     4.287 r  u_bufg/O
                         net (fo=2179, routed)        1.470     5.757    clk_core
    SLICE_X12Y108        FDRE                                         r  led_r_reg[0]_lopt_replica/C
  -------------------------------------------------------------------    -------------------
    SLICE_X12Y108        FDRE (Prop_fdre_C_Q)         0.259     6.016 r  led_r_reg[0]_lopt_replica/Q
                         net (fo=1, routed)           1.848     7.864    led_r_reg[0]_lopt_replica_1
    T28                  OBUF (Prop_obuf_I_O)         3.292    11.156 r  led_OBUF[0]_inst/O
                         net (fo=0)                   0.000    11.156    led[0]
    T28                                                               r  led[0] (OUT)
  -------------------------------------------------------------------    -------------------

Slack:                    inf
  Source:                 led_r_reg[3]_lopt_replica/C
                            (rising edge-triggered cell FDRE clocked by clk_out0  {rise@0.000ns fall@2.500ns period=5.000ns})
  Destination:            led[3]
                            (output port)
  Path Group:             (none)
  Path Type:              Max at Slow Process Corner
  Data Path Delay:        5.163ns  (logic 3.557ns (68.891%)  route 1.606ns (31.109%))
  Logic Levels:           1  (OBUF=1)
  Clock Uncertainty:      0.126ns  ((TSJ^2 + DJ^2)^1/2) / 2 + PE
    Total System Jitter     (TSJ):    0.050ns
    Discrete Jitter          (DJ):    0.086ns
    Phase Error              (PE):    0.076ns
  Timing Exception:       False Path

    Location             Delay type                Incr(ns)  Path(ns)    Netlist Resource(s)
  -------------------------------------------------------------------    -------------------
                         (clock clk_out0 rise edge)
                                                      0.000     0.000 r  
    AD12                                              0.000     0.000 r  sys_clk_p (IN)
                         net (fo=0)                   0.000     0.000    sys_clk_p
    AD12                 IBUFDS (Prop_ibufds_I_O)     0.906     0.906 r  u_ibufds/O
                         net (fo=1, routed)           1.081     1.987    sys_clk_ibuf
    MMCME2_ADV_X1Y1      MMCME2_ADV (Prop_mmcme2_adv_CLKIN1_CLKOUT0)
                                                      0.077     2.064 r  u_mmcm/CLKOUT0
                         net (fo=1, routed)           2.130     4.194    clk_out0
    BUFGCTRL_X0Y0        BUFG (Prop_bufg_I_O)         0.093     4.287 r  u_bufg/O
                         net (fo=2179, routed)        1.470     5.757    clk_core
    SLICE_X12Y108        FDRE                                         r  led_r_reg[3]_lopt_replica/C
  -------------------------------------------------------------------    -------------------
    SLICE_X12Y108        FDRE (Prop_fdre_C_Q)         0.259     6.016 r  led_r_reg[3]_lopt_replica/Q
                         net (fo=1, routed)           1.606     7.622    led_r_reg[3]_lopt_replica_1
    U29                  OBUF (Prop_obuf_I_O)         3.298    10.919 r  led_OBUF[3]_inst/O
                         net (fo=0)                   0.000    10.919    led[3]
    U29                                                               r  led[3] (OUT)
  -------------------------------------------------------------------    -------------------

Slack:                    inf
  Source:                 led_r_reg[2]_lopt_replica/C
                            (rising edge-triggered cell FDRE clocked by clk_out0  {rise@0.000ns fall@2.500ns period=5.000ns})
  Destination:            led[2]
                            (output port)
  Path Group:             (none)
  Path Type:              Max at Slow Process Corner
  Data Path Delay:        5.144ns  (logic 3.559ns (69.179%)  route 1.585ns (30.821%))
  Logic Levels:           1  (OBUF=1)
  Clock Uncertainty:      0.126ns  ((TSJ^2 + DJ^2)^1/2) / 2 + PE
    Total System Jitter     (TSJ):    0.050ns
    Discrete Jitter          (DJ):    0.086ns
    Phase Error              (PE):    0.076ns
  Timing Exception:       False Path

    Location             Delay type                Incr(ns)  Path(ns)    Netlist Resource(s)
  -------------------------------------------------------------------    -------------------
                         (clock clk_out0 rise edge)
                                                      0.000     0.000 r  
    AD12                                              0.000     0.000 r  sys_clk_p (IN)
                         net (fo=0)                   0.000     0.000    sys_clk_p
    AD12                 IBUFDS (Prop_ibufds_I_O)     0.906     0.906 r  u_ibufds/O
                         net (fo=1, routed)           1.081     1.987    sys_clk_ibuf
    MMCME2_ADV_X1Y1      MMCME2_ADV (Prop_mmcme2_adv_CLKIN1_CLKOUT0)
                                                      0.077     2.064 r  u_mmcm/CLKOUT0
                         net (fo=1, routed)           2.130     4.194    clk_out0
    BUFGCTRL_X0Y0        BUFG (Prop_bufg_I_O)         0.093     4.287 r  u_bufg/O
                         net (fo=2179, routed)        1.470     5.757    clk_core
    SLICE_X12Y108        FDRE                                         r  led_r_reg[2]_lopt_replica/C
  -------------------------------------------------------------------    -------------------
    SLICE_X12Y108        FDRE (Prop_fdre_C_Q)         0.259     6.016 r  led_r_reg[2]_lopt_replica/Q
                         net (fo=1, routed)           1.585     7.601    led_r_reg[2]_lopt_replica_1
    U30                  OBUF (Prop_obuf_I_O)         3.300    10.901 r  led_OBUF[2]_inst/O
                         net (fo=0)                   0.000    10.901    led[2]
    U30                                                               r  led[2] (OUT)
  -------------------------------------------------------------------    -------------------

Slack:                    inf
  Source:                 led_r_reg[1]_lopt_replica/C
                            (rising edge-triggered cell FDRE clocked by clk_out0  {rise@0.000ns fall@2.500ns period=5.000ns})
  Destination:            led[1]
                            (output port)
  Path Group:             (none)
  Path Type:              Max at Slow Process Corner
  Data Path Delay:        4.911ns  (logic 3.477ns (70.794%)  route 1.434ns (29.206%))
  Logic Levels:           1  (OBUF=1)
  Clock Uncertainty:      0.126ns  ((TSJ^2 + DJ^2)^1/2) / 2 + PE
    Total System Jitter     (TSJ):    0.050ns
    Discrete Jitter          (DJ):    0.086ns
    Phase Error              (PE):    0.076ns
  Timing Exception:       False Path

    Location             Delay type                Incr(ns)  Path(ns)    Netlist Resource(s)
  -------------------------------------------------------------------    -------------------
                         (clock clk_out0 rise edge)
                                                      0.000     0.000 r  
    AD12                                              0.000     0.000 r  sys_clk_p (IN)
                         net (fo=0)                   0.000     0.000    sys_clk_p
    AD12                 IBUFDS (Prop_ibufds_I_O)     0.906     0.906 r  u_ibufds/O
                         net (fo=1, routed)           1.081     1.987    sys_clk_ibuf
    MMCME2_ADV_X1Y1      MMCME2_ADV (Prop_mmcme2_adv_CLKIN1_CLKOUT0)
                                                      0.077     2.064 r  u_mmcm/CLKOUT0
                         net (fo=1, routed)           2.130     4.194    clk_out0
    BUFGCTRL_X0Y0        BUFG (Prop_bufg_I_O)         0.093     4.287 r  u_bufg/O
                         net (fo=2179, routed)        1.470     5.757    clk_core
    SLICE_X12Y108        FDRE                                         r  led_r_reg[1]_lopt_replica/C
  -------------------------------------------------------------------    -------------------
    SLICE_X12Y108        FDRE (Prop_fdre_C_Q)         0.259     6.016 r  led_r_reg[1]_lopt_replica/Q
                         net (fo=1, routed)           1.434     7.450    led_r_reg[1]_lopt_replica_1
    V19                  OBUF (Prop_obuf_I_O)         3.218    10.668 r  led_OBUF[1]_inst/O
                         net (fo=0)                   0.000    10.668    led[1]
    V19                                                               r  led[1] (OUT)
  -------------------------------------------------------------------    -------------------





Min Delay Paths
--------------------------------------------------------------------------------------
Slack:                    inf
  Source:                 led_r_reg[1]_lopt_replica/C
                            (rising edge-triggered cell FDRE clocked by clk_out0  {rise@0.000ns fall@2.500ns period=5.000ns})
  Destination:            led[1]
                            (output port)
  Path Group:             (none)
  Path Type:              Min at Fast Process Corner
  Data Path Delay:        1.955ns  (logic 1.444ns (73.891%)  route 0.510ns (26.109%))
  Logic Levels:           1  (OBUF=1)
  Clock Uncertainty:      0.126ns  ((TSJ^2 + DJ^2)^1/2) / 2 + PE
    Total System Jitter     (TSJ):    0.050ns
    Discrete Jitter          (DJ):    0.086ns
    Phase Error              (PE):    0.076ns
  Timing Exception:       False Path

    Location             Delay type                Incr(ns)  Path(ns)    Netlist Resource(s)
  -------------------------------------------------------------------    -------------------
                         (clock clk_out0 rise edge)
                                                      0.000     0.000 r  
    AD12                                              0.000     0.000 r  sys_clk_p (IN)
                         net (fo=0)                   0.000     0.000    sys_clk_p
    AD12                 IBUFDS (Prop_ibufds_I_O)     0.388     0.388 r  u_ibufds/O
                         net (fo=1, routed)           0.503     0.891    sys_clk_ibuf
    MMCME2_ADV_X1Y1      MMCME2_ADV (Prop_mmcme2_adv_CLKIN1_CLKOUT0)
                                                      0.050     0.941 r  u_mmcm/CLKOUT0
                         net (fo=1, routed)           0.940     1.881    clk_out0
    BUFGCTRL_X0Y0        BUFG (Prop_bufg_I_O)         0.026     1.907 r  u_bufg/O
                         net (fo=2179, routed)        0.642     2.549    clk_core
    SLICE_X12Y108        FDRE                                         r  led_r_reg[1]_lopt_replica/C
  -------------------------------------------------------------------    -------------------
    SLICE_X12Y108        FDRE (Prop_fdre_C_Q)         0.118     2.667 r  led_r_reg[1]_lopt_replica/Q
                         net (fo=1, routed)           0.510     3.178    led_r_reg[1]_lopt_replica_1
    V19                  OBUF (Prop_obuf_I_O)         1.326     4.504 r  led_OBUF[1]_inst/O
                         net (fo=0)                   0.000     4.504    led[1]
    V19                                                               r  led[1] (OUT)
  -------------------------------------------------------------------    -------------------

Slack:                    inf
  Source:                 led_r_reg[2]_lopt_replica/C
                            (rising edge-triggered cell FDRE clocked by clk_out0  {rise@0.000ns fall@2.500ns period=5.000ns})
  Destination:            led[2]
                            (output port)
  Path Group:             (none)
  Path Type:              Min at Fast Process Corner
  Data Path Delay:        2.119ns  (logic 1.525ns (71.993%)  route 0.593ns (28.007%))
  Logic Levels:           1  (OBUF=1)
  Clock Uncertainty:      0.126ns  ((TSJ^2 + DJ^2)^1/2) / 2 + PE
    Total System Jitter     (TSJ):    0.050ns
    Discrete Jitter          (DJ):    0.086ns
    Phase Error              (PE):    0.076ns
  Timing Exception:       False Path

    Location             Delay type                Incr(ns)  Path(ns)    Netlist Resource(s)
  -------------------------------------------------------------------    -------------------
                         (clock clk_out0 rise edge)
                                                      0.000     0.000 r  
    AD12                                              0.000     0.000 r  sys_clk_p (IN)
                         net (fo=0)                   0.000     0.000    sys_clk_p
    AD12                 IBUFDS (Prop_ibufds_I_O)     0.388     0.388 r  u_ibufds/O
                         net (fo=1, routed)           0.503     0.891    sys_clk_ibuf
    MMCME2_ADV_X1Y1      MMCME2_ADV (Prop_mmcme2_adv_CLKIN1_CLKOUT0)
                                                      0.050     0.941 r  u_mmcm/CLKOUT0
                         net (fo=1, routed)           0.940     1.881    clk_out0
    BUFGCTRL_X0Y0        BUFG (Prop_bufg_I_O)         0.026     1.907 r  u_bufg/O
                         net (fo=2179, routed)        0.642     2.549    clk_core
    SLICE_X12Y108        FDRE                                         r  led_r_reg[2]_lopt_replica/C
  -------------------------------------------------------------------    -------------------
    SLICE_X12Y108        FDRE (Prop_fdre_C_Q)         0.118     2.667 r  led_r_reg[2]_lopt_replica/Q
                         net (fo=1, routed)           0.593     3.261    led_r_reg[2]_lopt_replica_1
    U30                  OBUF (Prop_obuf_I_O)         1.407     4.668 r  led_OBUF[2]_inst/O
                         net (fo=0)                   0.000     4.668    led[2]
    U30                                                               r  led[2] (OUT)
  -------------------------------------------------------------------    -------------------

Slack:                    inf
  Source:                 led_r_reg[3]_lopt_replica/C
                            (rising edge-triggered cell FDRE clocked by clk_out0  {rise@0.000ns fall@2.500ns period=5.000ns})
  Destination:            led[3]
                            (output port)
  Path Group:             (none)
  Path Type:              Min at Fast Process Corner
  Data Path Delay:        2.137ns  (logic 1.523ns (71.272%)  route 0.614ns (28.728%))
  Logic Levels:           1  (OBUF=1)
  Clock Uncertainty:      0.126ns  ((TSJ^2 + DJ^2)^1/2) / 2 + PE
    Total System Jitter     (TSJ):    0.050ns
    Discrete Jitter          (DJ):    0.086ns
    Phase Error              (PE):    0.076ns
  Timing Exception:       False Path

    Location             Delay type                Incr(ns)  Path(ns)    Netlist Resource(s)
  -------------------------------------------------------------------    -------------------
                         (clock clk_out0 rise edge)
                                                      0.000     0.000 r  
    AD12                                              0.000     0.000 r  sys_clk_p (IN)
                         net (fo=0)                   0.000     0.000    sys_clk_p
    AD12                 IBUFDS (Prop_ibufds_I_O)     0.388     0.388 r  u_ibufds/O
                         net (fo=1, routed)           0.503     0.891    sys_clk_ibuf
    MMCME2_ADV_X1Y1      MMCME2_ADV (Prop_mmcme2_adv_CLKIN1_CLKOUT0)
                                                      0.050     0.941 r  u_mmcm/CLKOUT0
                         net (fo=1, routed)           0.940     1.881    clk_out0
    BUFGCTRL_X0Y0        BUFG (Prop_bufg_I_O)         0.026     1.907 r  u_bufg/O
                         net (fo=2179, routed)        0.642     2.549    clk_core
    SLICE_X12Y108        FDRE                                         r  led_r_reg[3]_lopt_replica/C
  -------------------------------------------------------------------    -------------------
    SLICE_X12Y108        FDRE (Prop_fdre_C_Q)         0.118     2.667 r  led_r_reg[3]_lopt_replica/Q
                         net (fo=1, routed)           0.614     3.281    led_r_reg[3]_lopt_replica_1
    U29                  OBUF (Prop_obuf_I_O)         1.405     4.687 r  led_OBUF[3]_inst/O
                         net (fo=0)                   0.000     4.687    led[3]
    U29                                                               r  led[3] (OUT)
  -------------------------------------------------------------------    -------------------

Slack:                    inf
  Source:                 led_r_reg[0]_lopt_replica/C
                            (rising edge-triggered cell FDRE clocked by clk_out0  {rise@0.000ns fall@2.500ns period=5.000ns})
  Destination:            led[0]
                            (output port)
  Path Group:             (none)
  Path Type:              Min at Fast Process Corner
  Data Path Delay:        2.261ns  (logic 1.518ns (67.131%)  route 0.743ns (32.869%))
  Logic Levels:           1  (OBUF=1)
  Clock Uncertainty:      0.126ns  ((TSJ^2 + DJ^2)^1/2) / 2 + PE
    Total System Jitter     (TSJ):    0.050ns
    Discrete Jitter          (DJ):    0.086ns
    Phase Error              (PE):    0.076ns
  Timing Exception:       False Path

    Location             Delay type                Incr(ns)  Path(ns)    Netlist Resource(s)
  -------------------------------------------------------------------    -------------------
                         (clock clk_out0 rise edge)
                                                      0.000     0.000 r  
    AD12                                              0.000     0.000 r  sys_clk_p (IN)
                         net (fo=0)                   0.000     0.000    sys_clk_p
    AD12                 IBUFDS (Prop_ibufds_I_O)     0.388     0.388 r  u_ibufds/O
                         net (fo=1, routed)           0.503     0.891    sys_clk_ibuf
    MMCME2_ADV_X1Y1      MMCME2_ADV (Prop_mmcme2_adv_CLKIN1_CLKOUT0)
                                                      0.050     0.941 r  u_mmcm/CLKOUT0
                         net (fo=1, routed)           0.940     1.881    clk_out0
    BUFGCTRL_X0Y0        BUFG (Prop_bufg_I_O)         0.026     1.907 r  u_bufg/O
                         net (fo=2179, routed)        0.642     2.549    clk_core
    SLICE_X12Y108        FDRE                                         r  led_r_reg[0]_lopt_replica/C
  -------------------------------------------------------------------    -------------------
    SLICE_X12Y108        FDRE (Prop_fdre_C_Q)         0.118     2.667 r  led_r_reg[0]_lopt_replica/Q
                         net (fo=1, routed)           0.743     3.411    led_r_reg[0]_lopt_replica_1
    T28                  OBUF (Prop_obuf_I_O)         1.400     4.811 r  led_OBUF[0]_inst/O
                         net (fo=0)                   0.000     4.811    led[0]
    T28                                                               r  led[0] (OUT)
  -------------------------------------------------------------------    -------------------

Slack:                    inf
  Source:                 u_uart/txd_reg/C
                            (rising edge-triggered cell FDSE clocked by clk_out0  {rise@0.000ns fall@2.500ns period=5.000ns})
  Destination:            uart_txd
                            (output port)
  Path Group:             (none)
  Path Type:              Min at Fast Process Corner
  Data Path Delay:        2.301ns  (logic 1.473ns (64.016%)  route 0.828ns (35.984%))
  Logic Levels:           1  (OBUF=1)
  Clock Uncertainty:      0.126ns  ((TSJ^2 + DJ^2)^1/2) / 2 + PE
    Total System Jitter     (TSJ):    0.050ns
    Discrete Jitter          (DJ):    0.086ns
    Phase Error              (PE):    0.076ns
  Timing Exception:       False Path

    Location             Delay type                Incr(ns)  Path(ns)    Netlist Resource(s)
  -------------------------------------------------------------------    -------------------
                         (clock clk_out0 rise edge)
                                                      0.000     0.000 r  
    AD12                                              0.000     0.000 r  sys_clk_p (IN)
                         net (fo=0)                   0.000     0.000    sys_clk_p
    AD12                 IBUFDS (Prop_ibufds_I_O)     0.388     0.388 r  u_ibufds/O
                         net (fo=1, routed)           0.503     0.891    sys_clk_ibuf
    MMCME2_ADV_X1Y1      MMCME2_ADV (Prop_mmcme2_adv_CLKIN1_CLKOUT0)
                                                      0.050     0.941 r  u_mmcm/CLKOUT0
                         net (fo=1, routed)           0.940     1.881    clk_out0
    BUFGCTRL_X0Y0        BUFG (Prop_bufg_I_O)         0.026     1.907 r  u_bufg/O
                         net (fo=2179, routed)        0.643     2.550    u_uart/clk_core
    SLICE_X10Y106        FDSE                                         r  u_uart/txd_reg/C
  -------------------------------------------------------------------    -------------------
    SLICE_X10Y106        FDSE (Prop_fdse_C_Q)         0.118     2.668 r  u_uart/txd_reg/Q
                         net (fo=1, routed)           0.828     3.496    uart_txd_OBUF
    Y23                  OBUF (Prop_obuf_I_O)         1.355     4.851 r  uart_txd_OBUF_inst/O
                         net (fo=0)                   0.000     4.851    uart_txd
    Y23                                                               r  uart_txd (OUT)
  -------------------------------------------------------------------    -------------------





--------------------------------------------------------------------------------------
Path Group:  (none)
From Clock:  
  To Clock:  clk_out0

Max Delay             2 Endpoints
Min Delay             2 Endpoints
--------------------------------------------------------------------------------------


Max Delay Paths
--------------------------------------------------------------------------------------
Slack:                    inf
  Source:                 sys_rst_n
                            (input port)
  Destination:            rst_sync_reg[0]/PRE
                            (recovery check against rising-edge clock clk_out0  {rise@0.000ns fall@2.500ns period=5.000ns})
  Path Group:             (none)
  Path Type:              Recovery (Max at Slow Process Corner)
  Data Path Delay:        3.964ns  (logic 1.492ns (37.640%)  route 2.472ns (62.360%))
  Logic Levels:           2  (IBUF=1 LUT1=1)
  Clock Path Skew:        5.257ns (DCD - SCD + CPR)
    Destination Clock Delay (DCD):    5.257ns
    Source Clock Delay      (SCD):    0.000ns
    Clock Pessimism Removal (CPR):    0.000ns
  Clock Uncertainty:      0.126ns  ((TSJ^2 + DJ^2)^1/2) / 2 + PE
    Total System Jitter     (TSJ):    0.050ns
    Discrete Jitter          (DJ):    0.086ns
    Phase Error              (PE):    0.076ns
  Timing Exception:       False Path

    Location             Delay type                Incr(ns)  Path(ns)    Netlist Resource(s)
  -------------------------------------------------------------------    -------------------
    R19                                               0.000     0.000 r  sys_rst_n (IN)
                         net (fo=0)                   0.000     0.000    sys_rst_n
    R19                  IBUF (Prop_ibuf_I_O)         1.449     1.449 r  sys_rst_n_IBUF_inst/O
                         net (fo=1, routed)           2.237     3.686    sys_rst_n_IBUF
    SLICE_X49Y122        LUT1 (Prop_lut1_I0_O)        0.043     3.729 f  rst_sync[1]_i_1/O
                         net (fo=2, routed)           0.235     3.964    rst_sync[1]_i_1_n_0
    SLICE_X49Y122        FDPE                                         f  rst_sync_reg[0]/PRE
  -------------------------------------------------------------------    -------------------

                         (clock clk_out0 rise edge)
                                                      0.000     0.000 r  
    AD12                                              0.000     0.000 r  sys_clk_p (IN)
                         net (fo=0)                   0.000     0.000    sys_clk_p
    AD12                 IBUFDS (Prop_ibufds_I_O)     0.803     0.803 r  u_ibufds/O
                         net (fo=1, routed)           0.986     1.789    sys_clk_ibuf
    MMCME2_ADV_X1Y1      MMCME2_ADV (Prop_mmcme2_adv_CLKIN1_CLKOUT0)
                                                      0.073     1.862 r  u_mmcm/CLKOUT0
                         net (fo=1, routed)           2.005     3.867    clk_out0
    BUFGCTRL_X0Y0        BUFG (Prop_bufg_I_O)         0.083     3.950 r  u_bufg/O
                         net (fo=2179, routed)        1.307     5.257    clk_core
    SLICE_X49Y122        FDPE                                         r  rst_sync_reg[0]/C

Slack:                    inf
  Source:                 sys_rst_n
                            (input port)
  Destination:            rst_sync_reg[1]/PRE
                            (recovery check against rising-edge clock clk_out0  {rise@0.000ns fall@2.500ns period=5.000ns})
  Path Group:             (none)
  Path Type:              Recovery (Max at Slow Process Corner)
  Data Path Delay:        3.964ns  (logic 1.492ns (37.640%)  route 2.472ns (62.360%))
  Logic Levels:           2  (IBUF=1 LUT1=1)
  Clock Path Skew:        5.257ns (DCD - SCD + CPR)
    Destination Clock Delay (DCD):    5.257ns
    Source Clock Delay      (SCD):    0.000ns
    Clock Pessimism Removal (CPR):    0.000ns
  Clock Uncertainty:      0.126ns  ((TSJ^2 + DJ^2)^1/2) / 2 + PE
    Total System Jitter     (TSJ):    0.050ns
    Discrete Jitter          (DJ):    0.086ns
    Phase Error              (PE):    0.076ns
  Timing Exception:       False Path

    Location             Delay type                Incr(ns)  Path(ns)    Netlist Resource(s)
  -------------------------------------------------------------------    -------------------
    R19                                               0.000     0.000 r  sys_rst_n (IN)
                         net (fo=0)                   0.000     0.000    sys_rst_n
    R19                  IBUF (Prop_ibuf_I_O)         1.449     1.449 r  sys_rst_n_IBUF_inst/O
                         net (fo=1, routed)           2.237     3.686    sys_rst_n_IBUF
    SLICE_X49Y122        LUT1 (Prop_lut1_I0_O)        0.043     3.729 f  rst_sync[1]_i_1/O
                         net (fo=2, routed)           0.235     3.964    rst_sync[1]_i_1_n_0
    SLICE_X49Y122        FDPE                                         f  rst_sync_reg[1]/PRE
  -------------------------------------------------------------------    -------------------

                         (clock clk_out0 rise edge)
                                                      0.000     0.000 r  
    AD12                                              0.000     0.000 r  sys_clk_p (IN)
                         net (fo=0)                   0.000     0.000    sys_clk_p
    AD12                 IBUFDS (Prop_ibufds_I_O)     0.803     0.803 r  u_ibufds/O
                         net (fo=1, routed)           0.986     1.789    sys_clk_ibuf
    MMCME2_ADV_X1Y1      MMCME2_ADV (Prop_mmcme2_adv_CLKIN1_CLKOUT0)
                                                      0.073     1.862 r  u_mmcm/CLKOUT0
                         net (fo=1, routed)           2.005     3.867    clk_out0
    BUFGCTRL_X0Y0        BUFG (Prop_bufg_I_O)         0.083     3.950 r  u_bufg/O
                         net (fo=2179, routed)        1.307     5.257    clk_core
    SLICE_X49Y122        FDPE                                         r  rst_sync_reg[1]/C





Min Delay Paths
--------------------------------------------------------------------------------------
Slack:                    inf
  Source:                 sys_rst_n
                            (input port)
  Destination:            rst_sync_reg[0]/PRE
                            (removal check against rising-edge clock clk_out0  {rise@0.000ns fall@2.500ns period=5.000ns})
  Path Group:             (none)
  Path Type:              Removal (Min at Fast Process Corner)
  Data Path Delay:        1.837ns  (logic 0.403ns (21.923%)  route 1.434ns (78.077%))
  Logic Levels:           2  (IBUF=1 LUT1=1)
  Clock Path Skew:        2.947ns (DCD - SCD - CPR)
    Destination Clock Delay (DCD):    2.947ns
    Source Clock Delay      (SCD):    0.000ns
    Clock Pessimism Removal (CPR):    -0.000ns
  Timing Exception:       False Path

    Location             Delay type                Incr(ns)  Path(ns)    Netlist Resource(s)
  -------------------------------------------------------------------    -------------------
    R19                                               0.000     0.000 r  sys_rst_n (IN)
                         net (fo=0)                   0.000     0.000    sys_rst_n
    R19                  IBUF (Prop_ibuf_I_O)         0.375     0.375 r  sys_rst_n_IBUF_inst/O
                         net (fo=1, routed)           1.333     1.708    sys_rst_n_IBUF
    SLICE_X49Y122        LUT1 (Prop_lut1_I0_O)        0.028     1.736 f  rst_sync[1]_i_1/O
                         net (fo=2, routed)           0.101     1.837    rst_sync[1]_i_1_n_0
    SLICE_X49Y122        FDPE                                         f  rst_sync_reg[0]/PRE
  -------------------------------------------------------------------    -------------------

                         (clock clk_out0 rise edge)
                                                      0.000     0.000 r  
    AD12                                              0.000     0.000 r  sys_clk_p (IN)
                         net (fo=0)                   0.000     0.000    sys_clk_p
    AD12                 IBUFDS (Prop_ibufds_I_O)     0.470     0.470 r  u_ibufds/O
                         net (fo=1, routed)           0.553     1.023    sys_clk_ibuf
    MMCME2_ADV_X1Y1      MMCME2_ADV (Prop_mmcme2_adv_CLKIN1_CLKOUT0)
                                                      0.053     1.076 r  u_mmcm/CLKOUT0
                         net (fo=1, routed)           1.007     2.083    clk_out0
    BUFGCTRL_X0Y0        BUFG (Prop_bufg_I_O)         0.030     2.113 r  u_bufg/O
                         net (fo=2179, routed)        0.834     2.947    clk_core
    SLICE_X49Y122        FDPE                                         r  rst_sync_reg[0]/C

Slack:                    inf
  Source:                 sys_rst_n
                            (input port)
  Destination:            rst_sync_reg[1]/PRE
                            (removal check against rising-edge clock clk_out0  {rise@0.000ns fall@2.500ns period=5.000ns})
  Path Group:             (none)
  Path Type:              Removal (Min at Fast Process Corner)
  Data Path Delay:        1.837ns  (logic 0.403ns (21.923%)  route 1.434ns (78.077%))
  Logic Levels:           2  (IBUF=1 LUT1=1)
  Clock Path Skew:        2.947ns (DCD - SCD - CPR)
    Destination Clock Delay (DCD):    2.947ns
    Source Clock Delay      (SCD):    0.000ns
    Clock Pessimism Removal (CPR):    -0.000ns
  Timing Exception:       False Path

    Location             Delay type                Incr(ns)  Path(ns)    Netlist Resource(s)
  -------------------------------------------------------------------    -------------------
    R19                                               0.000     0.000 r  sys_rst_n (IN)
                         net (fo=0)                   0.000     0.000    sys_rst_n
    R19                  IBUF (Prop_ibuf_I_O)         0.375     0.375 r  sys_rst_n_IBUF_inst/O
                         net (fo=1, routed)           1.333     1.708    sys_rst_n_IBUF
    SLICE_X49Y122        LUT1 (Prop_lut1_I0_O)        0.028     1.736 f  rst_sync[1]_i_1/O
                         net (fo=2, routed)           0.101     1.837    rst_sync[1]_i_1_n_0
    SLICE_X49Y122        FDPE                                         f  rst_sync_reg[1]/PRE
  -------------------------------------------------------------------    -------------------

                         (clock clk_out0 rise edge)
                                                      0.000     0.000 r  
    AD12                                              0.000     0.000 r  sys_clk_p (IN)
                         net (fo=0)                   0.000     0.000    sys_clk_p
    AD12                 IBUFDS (Prop_ibufds_I_O)     0.470     0.470 r  u_ibufds/O
                         net (fo=1, routed)           0.553     1.023    sys_clk_ibuf
    MMCME2_ADV_X1Y1      MMCME2_ADV (Prop_mmcme2_adv_CLKIN1_CLKOUT0)
                                                      0.053     1.076 r  u_mmcm/CLKOUT0
                         net (fo=1, routed)           1.007     2.083    clk_out0
    BUFGCTRL_X0Y0        BUFG (Prop_bufg_I_O)         0.030     2.113 r  u_bufg/O
                         net (fo=2179, routed)        0.834     2.947    clk_core
    SLICE_X49Y122        FDPE                                         r  rst_sync_reg[1]/C





